nohup: ignoring input
[2026-04-22 10:20:38] >>> Runner signature: RUN_EXPERIMENTS_V2_LOSO_GUARDED | file=/root/work/MulitiModal/run_experiments.py | mtime=2026-04-22 10:20:26
[2026-04-22 10:20:40] >>> Loading WESAD dataset from /root/work/MulitiModal/data/wesad
Subject S10: Age=28.0, Gender=1, BMI=24.0, HR=64.2
Subject S11: Age=26.0, Gender=0, BMI=18.5, HR=63.9
Subject S13: Age=28.0, Gender=1, BMI=25.0, HR=65.6
Subject S14: Age=27.0, Gender=1, BMI=24.7, HR=64.9
Subject S15: Age=28.0, Gender=1, BMI=24.0, HR=66.7
Subject S16: Age=24.0, Gender=1, BMI=20.4, HR=63.5
Subject S17: Age=29.0, Gender=0, BMI=20.2, HR=61.3
Subject S2: Age=27.0, Gender=1, BMI=26.1, HR=64.6
Subject S3: Age=27.0, Gender=1, BMI=23.1, HR=58.7
Subject S4: Age=25.0, Gender=1, BMI=29.4, HR=60.0
Subject S5: Age=35.0, Gender=1, BMI=22.4, HR=62.6
Subject S6: Age=27.0, Gender=1, BMI=22.8, HR=62.9
Subject S7: Age=28.0, Gender=1, BMI=21.9, HR=62.3
Subject S8: Age=27.0, Gender=0, BMI=21.6, HR=64.3
Subject S9: Age=26.0, Gender=1, BMI=22.9, HR=68.1
[2026-04-22 10:21:31] >>> WESAD loaded. total_windows=46324
[2026-04-22 10:21:31] >>> Gate scales: gate_a_scale=0.600, gate_b_scale=0.350
[2026-04-22 10:21:31] >>> LOSO driver mode: 15 folds
[2026-04-22 10:21:31] >>> LOSO fold holdout=S10
[2026-04-22 10:21:34] >>> Runner signature: RUN_EXPERIMENTS_V2_LOSO_GUARDED | file=/root/work/MulitiModal/run_experiments.py | mtime=2026-04-22 10:20:26
[2026-04-22 10:21:34] >>> Loading WESAD dataset from /root/work/MulitiModal/data/wesad
Subject S10: Age=28.0, Gender=1, BMI=24.0, HR=64.2
Subject S11: Age=26.0, Gender=0, BMI=18.5, HR=63.9
Subject S13: Age=28.0, Gender=1, BMI=25.0, HR=65.6
Subject S14: Age=27.0, Gender=1, BMI=24.7, HR=64.9
Subject S15: Age=28.0, Gender=1, BMI=24.0, HR=66.7
Subject S16: Age=24.0, Gender=1, BMI=20.4, HR=63.5
Subject S17: Age=29.0, Gender=0, BMI=20.2, HR=61.3
Subject S2: Age=27.0, Gender=1, BMI=26.1, HR=64.6
Subject S3: Age=27.0, Gender=1, BMI=23.1, HR=58.7
Subject S4: Age=25.0, Gender=1, BMI=29.4, HR=60.0
Subject S5: Age=35.0, Gender=1, BMI=22.4, HR=62.6
Subject S6: Age=27.0, Gender=1, BMI=22.8, HR=62.9
Subject S7: Age=28.0, Gender=1, BMI=21.9, HR=62.3
Subject S8: Age=27.0, Gender=0, BMI=21.6, HR=64.3
Subject S9: Age=26.0, Gender=1, BMI=22.9, HR=68.1
[2026-04-22 10:22:26] >>> WESAD loaded. total_windows=46324
[2026-04-22 10:22:26] >>> Gate scales: gate_a_scale=0.600, gate_b_scale=0.350
[2026-04-22 10:22:26] >>> Split ready (protocol=loso): train_windows=43141 val_windows=3183 train_subjects=14 val_subjects=1
[2026-04-22 10:22:26] >>> TCM checkpoint resolved to: /root/work/MulitiModal/checkpoints/best_model.pth
[2026-04-22 10:22:26] >>> TCM scaler resolved to: /root/work/MulitiModal/tcm_ft_transformer/scaler_params.npz
/usr/local/miniconda3/envs/py312/lib/python3.12/site-packages/torch/nn/modules/transformer.py:392: UserWarning: enable_nested_tensor is True, but self.use_nested_tensor is False because encoder_layer.norm_first was True
  warnings.warn(
[2026-04-22 10:22:26] >>> Stage 1 skipped (fixed_encoder=inceptiontime)
[2026-04-22 10:22:26] >>> Stage 2: hyper-parameter reset/tuning for encoder=inceptiontime
[2026-04-22 10:22:26] >>> Using override params: HyperParams(lr=0.0005, weight_decay=1e-05, batch_size=32)
[2026-04-22 10:22:26] >>> Running Step8-focused sweep (epochs=20)
[2026-04-22 10:22:32] Sweep-Step8-gb0.100-lm0.500 | Epoch 1/20 train_loss=0.169828 val_mse=0.247023 best_val=0.247023 patience=0/10
[2026-04-22 10:22:36] Sweep-Step8-gb0.100-lm0.500 | Epoch 2/20 train_loss=0.140030 val_mse=0.282333 best_val=0.247023 patience=1/10
[2026-04-22 10:22:41] Sweep-Step8-gb0.100-lm0.500 | Epoch 3/20 train_loss=0.134324 val_mse=0.254795 best_val=0.247023 patience=2/10
[2026-04-22 10:22:45] Sweep-Step8-gb0.100-lm0.500 | Epoch 4/20 train_loss=0.130136 val_mse=0.234899 best_val=0.234899 patience=0/10
[2026-04-22 10:22:49] Sweep-Step8-gb0.100-lm0.500 | Epoch 5/20 train_loss=0.127252 val_mse=0.245863 best_val=0.234899 patience=1/10
[2026-04-22 10:22:54] Sweep-Step8-gb0.100-lm0.500 | Epoch 6/20 train_loss=0.126373 val_mse=0.260194 best_val=0.234899 patience=2/10
[2026-04-22 10:22:58] Sweep-Step8-gb0.100-lm0.500 | Epoch 7/20 train_loss=0.122404 val_mse=0.231048 best_val=0.231048 patience=0/10
[2026-04-22 10:23:02] Sweep-Step8-gb0.100-lm0.500 | Epoch 8/20 train_loss=0.121357 val_mse=0.259995 best_val=0.231048 patience=1/10
[2026-04-22 10:23:07] Sweep-Step8-gb0.100-lm0.500 | Epoch 9/20 train_loss=0.119766 val_mse=0.232471 best_val=0.231048 patience=2/10
[2026-04-22 10:23:11] Sweep-Step8-gb0.100-lm0.500 | Epoch 10/20 train_loss=0.117920 val_mse=0.254870 best_val=0.231048 patience=3/10
[2026-04-22 10:23:16] Sweep-Step8-gb0.100-lm0.500 | Epoch 11/20 train_loss=0.116210 val_mse=0.246210 best_val=0.231048 patience=4/10
[2026-04-22 10:23:20] Sweep-Step8-gb0.100-lm0.500 | Epoch 12/20 train_loss=0.115316 val_mse=0.252291 best_val=0.231048 patience=5/10
[2026-04-22 10:23:24] Sweep-Step8-gb0.100-lm0.500 | Epoch 13/20 train_loss=0.113603 val_mse=0.259547 best_val=0.231048 patience=6/10
[2026-04-22 10:23:29] Sweep-Step8-gb0.100-lm0.500 | Epoch 14/20 train_loss=0.111923 val_mse=0.242588 best_val=0.231048 patience=7/10
[2026-04-22 10:23:33] Sweep-Step8-gb0.100-lm0.500 | Epoch 15/20 train_loss=0.111316 val_mse=0.249083 best_val=0.231048 patience=8/10
[2026-04-22 10:23:37] Sweep-Step8-gb0.100-lm0.500 | Epoch 16/20 train_loss=0.110837 val_mse=0.225547 best_val=0.225547 patience=0/10
[2026-04-22 10:23:42] Sweep-Step8-gb0.100-lm0.500 | Epoch 17/20 train_loss=0.109644 val_mse=0.261717 best_val=0.225547 patience=1/10
[2026-04-22 10:23:46] Sweep-Step8-gb0.100-lm0.500 | Epoch 18/20 train_loss=0.109504 val_mse=0.234867 best_val=0.225547 patience=2/10
[2026-04-22 10:23:50] Sweep-Step8-gb0.100-lm0.500 | Epoch 19/20 train_loss=0.107880 val_mse=0.238760 best_val=0.225547 patience=3/10
[2026-04-22 10:23:55] Sweep-Step8-gb0.100-lm0.500 | Epoch 20/20 train_loss=0.108223 val_mse=0.270370 best_val=0.225547 patience=4/10
[2026-04-22 10:23:55] Sweep-Step8-gb0.100-lm0.500 DONE | MSE=0.225547 RMSE=0.474918 MAE=0.385003 Pearson=-0.043313 [best_epoch=16]
[2026-04-22 10:23:59] Sweep-Step8-gb0.100-lm0.700 | Epoch 1/20 train_loss=0.162260 val_mse=0.252902 best_val=0.252902 patience=0/10
[2026-04-22 10:24:04] Sweep-Step8-gb0.100-lm0.700 | Epoch 2/20 train_loss=0.136523 val_mse=0.251602 best_val=0.251602 patience=0/10
[2026-04-22 10:24:08] Sweep-Step8-gb0.100-lm0.700 | Epoch 3/20 train_loss=0.131067 val_mse=0.262778 best_val=0.251602 patience=1/10
[2026-04-22 10:24:12] Sweep-Step8-gb0.100-lm0.700 | Epoch 4/20 train_loss=0.127443 val_mse=0.242570 best_val=0.242570 patience=0/10
[2026-04-22 10:24:17] Sweep-Step8-gb0.100-lm0.700 | Epoch 5/20 train_loss=0.124601 val_mse=0.255696 best_val=0.242570 patience=1/10
[2026-04-22 10:24:21] Sweep-Step8-gb0.100-lm0.700 | Epoch 6/20 train_loss=0.124166 val_mse=0.255262 best_val=0.242570 patience=2/10
[2026-04-22 10:24:26] Sweep-Step8-gb0.100-lm0.700 | Epoch 7/20 train_loss=0.122428 val_mse=0.263877 best_val=0.242570 patience=3/10
[2026-04-22 10:24:30] Sweep-Step8-gb0.100-lm0.700 | Epoch 8/20 train_loss=0.120220 val_mse=0.245394 best_val=0.242570 patience=4/10
[2026-04-22 10:24:34] Sweep-Step8-gb0.100-lm0.700 | Epoch 9/20 train_loss=0.119421 val_mse=0.254762 best_val=0.242570 patience=5/10
[2026-04-22 10:24:39] Sweep-Step8-gb0.100-lm0.700 | Epoch 10/20 train_loss=0.116653 val_mse=0.226871 best_val=0.226871 patience=0/10
[2026-04-22 10:24:43] Sweep-Step8-gb0.100-lm0.700 | Epoch 11/20 train_loss=0.116783 val_mse=0.257736 best_val=0.226871 patience=1/10
[2026-04-22 10:24:48] Sweep-Step8-gb0.100-lm0.700 | Epoch 12/20 train_loss=0.114448 val_mse=0.219665 best_val=0.219665 patience=0/10
[2026-04-22 10:24:52] Sweep-Step8-gb0.100-lm0.700 | Epoch 13/20 train_loss=0.113779 val_mse=0.221391 best_val=0.219665 patience=1/10
[2026-04-22 10:24:56] Sweep-Step8-gb0.100-lm0.700 | Epoch 14/20 train_loss=0.112136 val_mse=0.218379 best_val=0.218379 patience=0/10
[2026-04-22 10:25:01] Sweep-Step8-gb0.100-lm0.700 | Epoch 15/20 train_loss=0.110246 val_mse=0.241277 best_val=0.218379 patience=1/10
[2026-04-22 10:25:05] Sweep-Step8-gb0.100-lm0.700 | Epoch 16/20 train_loss=0.108695 val_mse=0.219292 best_val=0.218379 patience=2/10
[2026-04-22 10:25:09] Sweep-Step8-gb0.100-lm0.700 | Epoch 17/20 train_loss=0.106515 val_mse=0.242172 best_val=0.218379 patience=3/10
[2026-04-22 10:25:14] Sweep-Step8-gb0.100-lm0.700 | Epoch 18/20 train_loss=0.105270 val_mse=0.252517 best_val=0.218379 patience=4/10
[2026-04-22 10:25:18] Sweep-Step8-gb0.100-lm0.700 | Epoch 19/20 train_loss=0.104436 val_mse=0.200196 best_val=0.200196 patience=0/10
[2026-04-22 10:25:23] Sweep-Step8-gb0.100-lm0.700 | Epoch 20/20 train_loss=0.102616 val_mse=0.275115 best_val=0.200196 patience=1/10
[2026-04-22 10:25:23] Sweep-Step8-gb0.100-lm0.700 DONE | MSE=0.200196 RMSE=0.447432 MAE=0.350546 Pearson=0.455775 [best_epoch=19]
[2026-04-22 10:25:27] Sweep-Step8-gb0.350-lm0.500 | Epoch 1/20 train_loss=0.172351 val_mse=0.224667 best_val=0.224667 patience=0/10
[2026-04-22 10:25:31] Sweep-Step8-gb0.350-lm0.500 | Epoch 2/20 train_loss=0.139402 val_mse=0.249135 best_val=0.224667 patience=1/10
[2026-04-22 10:25:36] Sweep-Step8-gb0.350-lm0.500 | Epoch 3/20 train_loss=0.134504 val_mse=0.263756 best_val=0.224667 patience=2/10
[2026-04-22 10:25:40] Sweep-Step8-gb0.350-lm0.500 | Epoch 4/20 train_loss=0.131940 val_mse=0.259974 best_val=0.224667 patience=3/10
[2026-04-22 10:25:45] Sweep-Step8-gb0.350-lm0.500 | Epoch 5/20 train_loss=0.128877 val_mse=0.260965 best_val=0.224667 patience=4/10
[2026-04-22 10:25:49] Sweep-Step8-gb0.350-lm0.500 | Epoch 6/20 train_loss=0.127769 val_mse=0.252880 best_val=0.224667 patience=5/10
[2026-04-22 10:25:53] Sweep-Step8-gb0.350-lm0.500 | Epoch 7/20 train_loss=0.125021 val_mse=0.267593 best_val=0.224667 patience=6/10
[2026-04-22 10:25:58] Sweep-Step8-gb0.350-lm0.500 | Epoch 8/20 train_loss=0.123002 val_mse=0.259966 best_val=0.224667 patience=7/10
[2026-04-22 10:26:02] Sweep-Step8-gb0.350-lm0.500 | Epoch 9/20 train_loss=0.120580 val_mse=0.245586 best_val=0.224667 patience=8/10
[2026-04-22 10:26:06] Sweep-Step8-gb0.350-lm0.500 | Epoch 10/20 train_loss=0.118983 val_mse=0.288566 best_val=0.224667 patience=9/10
[2026-04-22 10:26:11] Sweep-Step8-gb0.350-lm0.500 | Epoch 11/20 train_loss=0.117630 val_mse=0.249821 best_val=0.224667 patience=10/10
[2026-04-22 10:26:11] Sweep-Step8-gb0.350-lm0.500 | Early stop at epoch 11, best=1
[2026-04-22 10:26:11] Sweep-Step8-gb0.350-lm0.500 DONE | MSE=0.224667 RMSE=0.473991 MAE=0.372450 Pearson=0.899584 [best_epoch=1]
[2026-04-22 10:26:15] Sweep-Step8-gb0.350-lm0.700 | Epoch 1/20 train_loss=0.173492 val_mse=0.245582 best_val=0.245582 patience=0/10
[2026-04-22 10:26:20] Sweep-Step8-gb0.350-lm0.700 | Epoch 2/20 train_loss=0.141265 val_mse=0.253847 best_val=0.245582 patience=1/10
[2026-04-22 10:26:24] Sweep-Step8-gb0.350-lm0.700 | Epoch 3/20 train_loss=0.134320 val_mse=0.239808 best_val=0.239808 patience=0/10
[2026-04-22 10:26:29] Sweep-Step8-gb0.350-lm0.700 | Epoch 4/20 train_loss=0.130067 val_mse=0.239746 best_val=0.239746 patience=0/10
[2026-04-22 10:26:33] Sweep-Step8-gb0.350-lm0.700 | Epoch 5/20 train_loss=0.127173 val_mse=0.229194 best_val=0.229194 patience=0/10
[2026-04-22 10:26:37] Sweep-Step8-gb0.350-lm0.700 | Epoch 6/20 train_loss=0.125374 val_mse=0.230063 best_val=0.229194 patience=1/10
[2026-04-22 10:26:42] Sweep-Step8-gb0.350-lm0.700 | Epoch 7/20 train_loss=0.120962 val_mse=0.222724 best_val=0.222724 patience=0/10
[2026-04-22 10:26:46] Sweep-Step8-gb0.350-lm0.700 | Epoch 8/20 train_loss=0.120148 val_mse=0.193178 best_val=0.193178 patience=0/10
[2026-04-22 10:26:50] Sweep-Step8-gb0.350-lm0.700 | Epoch 9/20 train_loss=0.117807 val_mse=0.202803 best_val=0.193178 patience=1/10
[2026-04-22 10:26:55] Sweep-Step8-gb0.350-lm0.700 | Epoch 10/20 train_loss=0.115471 val_mse=0.204191 best_val=0.193178 patience=2/10
[2026-04-22 10:26:59] Sweep-Step8-gb0.350-lm0.700 | Epoch 11/20 train_loss=0.114201 val_mse=0.249597 best_val=0.193178 patience=3/10
[2026-04-22 10:27:04] Sweep-Step8-gb0.350-lm0.700 | Epoch 12/20 train_loss=0.112839 val_mse=0.225587 best_val=0.193178 patience=4/10
[2026-04-22 10:27:08] Sweep-Step8-gb0.350-lm0.700 | Epoch 13/20 train_loss=0.110211 val_mse=0.202693 best_val=0.193178 patience=5/10
[2026-04-22 10:27:12] Sweep-Step8-gb0.350-lm0.700 | Epoch 14/20 train_loss=0.109309 val_mse=0.233149 best_val=0.193178 patience=6/10
[2026-04-22 10:27:17] Sweep-Step8-gb0.350-lm0.700 | Epoch 15/20 train_loss=0.108556 val_mse=0.231910 best_val=0.193178 patience=7/10
[2026-04-22 10:27:21] Sweep-Step8-gb0.350-lm0.700 | Epoch 16/20 train_loss=0.107225 val_mse=0.218839 best_val=0.193178 patience=8/10
[2026-04-22 10:27:25] Sweep-Step8-gb0.350-lm0.700 | Epoch 17/20 train_loss=0.105857 val_mse=0.244676 best_val=0.193178 patience=9/10
[2026-04-22 10:27:30] Sweep-Step8-gb0.350-lm0.700 | Epoch 18/20 train_loss=0.103726 val_mse=0.197081 best_val=0.193178 patience=10/10
[2026-04-22 10:27:30] Sweep-Step8-gb0.350-lm0.700 | Early stop at epoch 18, best=8
[2026-04-22 10:27:30] Sweep-Step8-gb0.350-lm0.700 DONE | MSE=0.193178 RMSE=0.439520 MAE=0.355371 Pearson=0.433574 [best_epoch=8]
[2026-04-22 10:27:30] >>> Sweep best: gate_b_scale=0.350, final_lr_mult=0.700, mse=0.193178
[2026-04-22 10:27:30] >>> Stage 3: running 9-step matrix with fixed best params
[2026-04-22 10:27:34] Step1-BaselineA-Weak | Epoch 1/50 train_loss=0.184076 val_mse=0.236396 best_val=0.236396 patience=0/10
[2026-04-22 10:27:37] Step1-BaselineA-Weak | Epoch 2/50 train_loss=0.170563 val_mse=0.274532 best_val=0.236396 patience=1/10
[2026-04-22 10:27:41] Step1-BaselineA-Weak | Epoch 3/50 train_loss=0.167949 val_mse=0.297917 best_val=0.236396 patience=2/10
[2026-04-22 10:27:45] Step1-BaselineA-Weak | Epoch 4/50 train_loss=0.166033 val_mse=0.328887 best_val=0.236396 patience=3/10
[2026-04-22 10:27:48] Step1-BaselineA-Weak | Epoch 5/50 train_loss=0.165403 val_mse=0.323560 best_val=0.236396 patience=4/10
[2026-04-22 10:27:52] Step1-BaselineA-Weak | Epoch 6/50 train_loss=0.164633 val_mse=0.301810 best_val=0.236396 patience=5/10
[2026-04-22 10:27:55] Step1-BaselineA-Weak | Epoch 7/50 train_loss=0.163148 val_mse=0.314992 best_val=0.236396 patience=6/10
[2026-04-22 10:27:59] Step1-BaselineA-Weak | Epoch 8/50 train_loss=0.162265 val_mse=0.306161 best_val=0.236396 patience=7/10
[2026-04-22 10:28:03] Step1-BaselineA-Weak | Epoch 9/50 train_loss=0.160128 val_mse=0.275709 best_val=0.236396 patience=8/10
[2026-04-22 10:28:06] Step1-BaselineA-Weak | Epoch 10/50 train_loss=0.159801 val_mse=0.309541 best_val=0.236396 patience=9/10
[2026-04-22 10:28:10] Step1-BaselineA-Weak | Epoch 11/50 train_loss=0.157631 val_mse=0.312638 best_val=0.236396 patience=10/10
[2026-04-22 10:28:10] Step1-BaselineA-Weak | Early stop at epoch 11, best=1
[2026-04-22 10:28:10] Step1-BaselineA-Weak DONE | MSE=0.236396 RMSE=0.486206 MAE=0.364090 Pearson=0.818885 [best_epoch=1]
[2026-04-22 10:28:14] Step2-BaselineB-Strong | Epoch 1/50 train_loss=0.188053 val_mse=0.247246 best_val=0.247246 patience=0/10
[2026-04-22 10:28:17] Step2-BaselineB-Strong | Epoch 2/50 train_loss=0.171586 val_mse=0.250515 best_val=0.247246 patience=1/10
[2026-04-22 10:28:21] Step2-BaselineB-Strong | Epoch 3/50 train_loss=0.169070 val_mse=0.268901 best_val=0.247246 patience=2/10
[2026-04-22 10:28:25] Step2-BaselineB-Strong | Epoch 4/50 train_loss=0.168468 val_mse=0.285439 best_val=0.247246 patience=3/10
[2026-04-22 10:28:28] Step2-BaselineB-Strong | Epoch 5/50 train_loss=0.167161 val_mse=0.272228 best_val=0.247246 patience=4/10
[2026-04-22 10:28:32] Step2-BaselineB-Strong | Epoch 6/50 train_loss=0.167470 val_mse=0.265361 best_val=0.247246 patience=5/10
[2026-04-22 10:28:36] Step2-BaselineB-Strong | Epoch 7/50 train_loss=0.166166 val_mse=0.265802 best_val=0.247246 patience=6/10
[2026-04-22 10:28:40] Step2-BaselineB-Strong | Epoch 8/50 train_loss=0.165825 val_mse=0.275706 best_val=0.247246 patience=7/10
[2026-04-22 10:28:43] Step2-BaselineB-Strong | Epoch 9/50 train_loss=0.165325 val_mse=0.279294 best_val=0.247246 patience=8/10
[2026-04-22 10:28:47] Step2-BaselineB-Strong | Epoch 10/50 train_loss=0.164834 val_mse=0.285377 best_val=0.247246 patience=9/10
[2026-04-22 10:28:51] Step2-BaselineB-Strong | Epoch 11/50 train_loss=0.164614 val_mse=0.292663 best_val=0.247246 patience=10/10
[2026-04-22 10:28:51] Step2-BaselineB-Strong | Early stop at epoch 11, best=1
[2026-04-22 10:28:51] Step2-BaselineB-Strong DONE | MSE=0.247246 RMSE=0.497239 MAE=0.351918 Pearson=0.891734 [best_epoch=1]
[2026-04-22 10:28:55] Step3-Ours-TCN | Epoch 1/50 train_loss=0.188915 val_mse=0.221251 best_val=0.221251 patience=0/10
[2026-04-22 10:28:59] Step3-Ours-TCN | Epoch 2/50 train_loss=0.173270 val_mse=0.226914 best_val=0.221251 patience=1/10
[2026-04-22 10:29:04] Step3-Ours-TCN | Epoch 3/50 train_loss=0.169669 val_mse=0.263515 best_val=0.221251 patience=2/10
[2026-04-22 10:29:08] Step3-Ours-TCN | Epoch 4/50 train_loss=0.167661 val_mse=0.243774 best_val=0.221251 patience=3/10
[2026-04-22 10:29:12] Step3-Ours-TCN | Epoch 5/50 train_loss=0.166504 val_mse=0.262031 best_val=0.221251 patience=4/10
[2026-04-22 10:29:16] Step3-Ours-TCN | Epoch 6/50 train_loss=0.166048 val_mse=0.243079 best_val=0.221251 patience=5/10
[2026-04-22 10:29:20] Step3-Ours-TCN | Epoch 7/50 train_loss=0.165931 val_mse=0.262635 best_val=0.221251 patience=6/10
[2026-04-22 10:29:24] Step3-Ours-TCN | Epoch 8/50 train_loss=0.164876 val_mse=0.261254 best_val=0.221251 patience=7/10
[2026-04-22 10:29:28] Step3-Ours-TCN | Epoch 9/50 train_loss=0.164157 val_mse=0.287345 best_val=0.221251 patience=8/10
[2026-04-22 10:29:32] Step3-Ours-TCN | Epoch 10/50 train_loss=0.163849 val_mse=0.281240 best_val=0.221251 patience=9/10
[2026-04-22 10:29:36] Step3-Ours-TCN | Epoch 11/50 train_loss=0.163350 val_mse=0.312469 best_val=0.221251 patience=10/10
[2026-04-22 10:29:36] Step3-Ours-TCN | Early stop at epoch 11, best=1
[2026-04-22 10:29:36] Step3-Ours-TCN DONE | MSE=0.221251 RMSE=0.470374 MAE=0.325630 Pearson=0.945195 [best_epoch=1]
[2026-04-22 10:29:40] Step5-Ablation1-woDualGating | Epoch 1/50 train_loss=0.153107 val_mse=0.254864 best_val=0.254864 patience=0/10
[2026-04-22 10:29:45] Step5-Ablation1-woDualGating | Epoch 2/50 train_loss=0.135860 val_mse=0.249710 best_val=0.249710 patience=0/10
[2026-04-22 10:29:49] Step5-Ablation1-woDualGating | Epoch 3/50 train_loss=0.129331 val_mse=0.249152 best_val=0.249152 patience=0/10
[2026-04-22 10:29:53] Step5-Ablation1-woDualGating | Epoch 4/50 train_loss=0.123807 val_mse=0.227559 best_val=0.227559 patience=0/10
[2026-04-22 10:29:57] Step5-Ablation1-woDualGating | Epoch 5/50 train_loss=0.118500 val_mse=0.240466 best_val=0.227559 patience=1/10
[2026-04-22 10:30:01] Step5-Ablation1-woDualGating | Epoch 6/50 train_loss=0.114470 val_mse=0.232018 best_val=0.227559 patience=2/10
[2026-04-22 10:30:05] Step5-Ablation1-woDualGating | Epoch 7/50 train_loss=0.111702 val_mse=0.213018 best_val=0.213018 patience=0/10
[2026-04-22 10:30:09] Step5-Ablation1-woDualGating | Epoch 8/50 train_loss=0.107897 val_mse=0.230338 best_val=0.213018 patience=1/10
[2026-04-22 10:30:13] Step5-Ablation1-woDualGating | Epoch 9/50 train_loss=0.105023 val_mse=0.232657 best_val=0.213018 patience=2/10
[2026-04-22 10:30:17] Step5-Ablation1-woDualGating | Epoch 10/50 train_loss=0.103164 val_mse=0.206334 best_val=0.206334 patience=0/10
[2026-04-22 10:30:21] Step5-Ablation1-woDualGating | Epoch 11/50 train_loss=0.101328 val_mse=0.221300 best_val=0.206334 patience=1/10
[2026-04-22 10:30:26] Step5-Ablation1-woDualGating | Epoch 12/50 train_loss=0.098249 val_mse=0.224082 best_val=0.206334 patience=2/10
[2026-04-22 10:30:30] Step5-Ablation1-woDualGating | Epoch 13/50 train_loss=0.098389 val_mse=0.227248 best_val=0.206334 patience=3/10
[2026-04-22 10:30:34] Step5-Ablation1-woDualGating | Epoch 14/50 train_loss=0.095608 val_mse=0.236771 best_val=0.206334 patience=4/10
[2026-04-22 10:30:38] Step5-Ablation1-woDualGating | Epoch 15/50 train_loss=0.094993 val_mse=0.236489 best_val=0.206334 patience=5/10
[2026-04-22 10:30:42] Step5-Ablation1-woDualGating | Epoch 16/50 train_loss=0.093772 val_mse=0.237777 best_val=0.206334 patience=6/10
[2026-04-22 10:30:46] Step5-Ablation1-woDualGating | Epoch 17/50 train_loss=0.093423 val_mse=0.239405 best_val=0.206334 patience=7/10
[2026-04-22 10:30:50] Step5-Ablation1-woDualGating | Epoch 18/50 train_loss=0.092963 val_mse=0.287116 best_val=0.206334 patience=8/10
[2026-04-22 10:30:54] Step5-Ablation1-woDualGating | Epoch 19/50 train_loss=0.092071 val_mse=0.251116 best_val=0.206334 patience=9/10
[2026-04-22 10:30:58] Step5-Ablation1-woDualGating | Epoch 20/50 train_loss=0.091164 val_mse=0.300874 best_val=0.206334 patience=10/10
[2026-04-22 10:30:58] Step5-Ablation1-woDualGating | Early stop at epoch 20, best=10
[2026-04-22 10:30:58] Step5-Ablation1-woDualGating DONE | MSE=0.206334 RMSE=0.454240 MAE=0.367684 Pearson=0.548173 [best_epoch=10]
[2026-04-22 10:31:02] Step6-Ablation2-woTCMPrior | Epoch 1/50 train_loss=0.161826 val_mse=0.248481 best_val=0.248481 patience=0/10
[2026-04-22 10:31:06] Step6-Ablation2-woTCMPrior | Epoch 2/50 train_loss=0.138219 val_mse=0.227098 best_val=0.227098 patience=0/10
[2026-04-22 10:31:10] Step6-Ablation2-woTCMPrior | Epoch 3/50 train_loss=0.133256 val_mse=0.228101 best_val=0.227098 patience=1/10
[2026-04-22 10:31:14] Step6-Ablation2-woTCMPrior | Epoch 4/50 train_loss=0.129318 val_mse=0.210702 best_val=0.210702 patience=0/10
[2026-04-22 10:31:18] Step6-Ablation2-woTCMPrior | Epoch 5/50 train_loss=0.127203 val_mse=0.219734 best_val=0.210702 patience=1/10
[2026-04-22 10:31:23] Step6-Ablation2-woTCMPrior | Epoch 6/50 train_loss=0.124797 val_mse=0.188652 best_val=0.188652 patience=0/10
[2026-04-22 10:31:27] Step6-Ablation2-woTCMPrior | Epoch 7/50 train_loss=0.124265 val_mse=0.209336 best_val=0.188652 patience=1/10
[2026-04-22 10:31:31] Step6-Ablation2-woTCMPrior | Epoch 8/50 train_loss=0.121953 val_mse=0.184918 best_val=0.184918 patience=0/10
[2026-04-22 10:31:35] Step6-Ablation2-woTCMPrior | Epoch 9/50 train_loss=0.120550 val_mse=0.214697 best_val=0.184918 patience=1/10
[2026-04-22 10:31:39] Step6-Ablation2-woTCMPrior | Epoch 10/50 train_loss=0.118696 val_mse=0.185453 best_val=0.184918 patience=2/10
[2026-04-22 10:31:43] Step6-Ablation2-woTCMPrior | Epoch 11/50 train_loss=0.119031 val_mse=0.190029 best_val=0.184918 patience=3/10
[2026-04-22 10:31:47] Step6-Ablation2-woTCMPrior | Epoch 12/50 train_loss=0.117391 val_mse=0.199297 best_val=0.184918 patience=4/10
[2026-04-22 10:31:51] Step6-Ablation2-woTCMPrior | Epoch 13/50 train_loss=0.114795 val_mse=0.203552 best_val=0.184918 patience=5/10
[2026-04-22 10:31:55] Step6-Ablation2-woTCMPrior | Epoch 14/50 train_loss=0.115388 val_mse=0.215677 best_val=0.184918 patience=6/10
[2026-04-22 10:31:59] Step6-Ablation2-woTCMPrior | Epoch 15/50 train_loss=0.114680 val_mse=0.198232 best_val=0.184918 patience=7/10
[2026-04-22 10:32:03] Step6-Ablation2-woTCMPrior | Epoch 16/50 train_loss=0.113766 val_mse=0.218435 best_val=0.184918 patience=8/10
[2026-04-22 10:32:07] Step6-Ablation2-woTCMPrior | Epoch 17/50 train_loss=0.114006 val_mse=0.231182 best_val=0.184918 patience=9/10
[2026-04-22 10:32:11] Step6-Ablation2-woTCMPrior | Epoch 18/50 train_loss=0.112240 val_mse=0.207091 best_val=0.184918 patience=10/10
[2026-04-22 10:32:11] Step6-Ablation2-woTCMPrior | Early stop at epoch 18, best=8
[2026-04-22 10:32:11] Step6-Ablation2-woTCMPrior DONE | MSE=0.184918 RMSE=0.430020 MAE=0.323304 Pearson=0.563203 [best_epoch=8]
[2026-04-22 10:32:15] Step7-Ablation3-woTCMGate | Epoch 1/50 train_loss=0.152724 val_mse=0.241653 best_val=0.241653 patience=0/10
[2026-04-22 10:32:19] Step7-Ablation3-woTCMGate | Epoch 2/50 train_loss=0.129470 val_mse=0.257234 best_val=0.241653 patience=1/10
[2026-04-22 10:32:24] Step7-Ablation3-woTCMGate | Epoch 3/50 train_loss=0.122361 val_mse=0.285711 best_val=0.241653 patience=2/10
[2026-04-22 10:32:28] Step7-Ablation3-woTCMGate | Epoch 4/50 train_loss=0.118714 val_mse=0.232800 best_val=0.232800 patience=0/10
[2026-04-22 10:32:32] Step7-Ablation3-woTCMGate | Epoch 5/50 train_loss=0.114932 val_mse=0.238079 best_val=0.232800 patience=1/10
[2026-04-22 10:32:36] Step7-Ablation3-woTCMGate | Epoch 6/50 train_loss=0.112503 val_mse=0.212617 best_val=0.212617 patience=0/10
[2026-04-22 10:32:40] Step7-Ablation3-woTCMGate | Epoch 7/50 train_loss=0.109872 val_mse=0.207363 best_val=0.207363 patience=0/10
[2026-04-22 10:32:45] Step7-Ablation3-woTCMGate | Epoch 8/50 train_loss=0.107784 val_mse=0.208194 best_val=0.207363 patience=1/10
[2026-04-22 10:32:49] Step7-Ablation3-woTCMGate | Epoch 9/50 train_loss=0.105112 val_mse=0.233397 best_val=0.207363 patience=2/10
[2026-04-22 10:32:53] Step7-Ablation3-woTCMGate | Epoch 10/50 train_loss=0.102341 val_mse=0.217124 best_val=0.207363 patience=3/10
[2026-04-22 10:32:57] Step7-Ablation3-woTCMGate | Epoch 11/50 train_loss=0.099564 val_mse=0.236365 best_val=0.207363 patience=4/10
[2026-04-22 10:33:01] Step7-Ablation3-woTCMGate | Epoch 12/50 train_loss=0.097881 val_mse=0.225175 best_val=0.207363 patience=5/10
[2026-04-22 10:33:06] Step7-Ablation3-woTCMGate | Epoch 13/50 train_loss=0.095231 val_mse=0.272500 best_val=0.207363 patience=6/10
[2026-04-22 10:33:10] Step7-Ablation3-woTCMGate | Epoch 14/50 train_loss=0.095064 val_mse=0.209207 best_val=0.207363 patience=7/10
[2026-04-22 10:33:14] Step7-Ablation3-woTCMGate | Epoch 15/50 train_loss=0.092749 val_mse=0.200165 best_val=0.200165 patience=0/10
[2026-04-22 10:33:18] Step7-Ablation3-woTCMGate | Epoch 16/50 train_loss=0.092715 val_mse=0.214445 best_val=0.200165 patience=1/10
[2026-04-22 10:33:23] Step7-Ablation3-woTCMGate | Epoch 17/50 train_loss=0.090411 val_mse=0.223184 best_val=0.200165 patience=2/10
[2026-04-22 10:33:27] Step7-Ablation3-woTCMGate | Epoch 18/50 train_loss=0.089835 val_mse=0.232383 best_val=0.200165 patience=3/10
[2026-04-22 10:33:31] Step7-Ablation3-woTCMGate | Epoch 19/50 train_loss=0.088460 val_mse=0.242951 best_val=0.200165 patience=4/10
[2026-04-22 10:33:35] Step7-Ablation3-woTCMGate | Epoch 20/50 train_loss=0.088477 val_mse=0.184359 best_val=0.184359 patience=0/10
[2026-04-22 10:33:39] Step7-Ablation3-woTCMGate | Epoch 21/50 train_loss=0.088231 val_mse=0.203770 best_val=0.184359 patience=1/10
[2026-04-22 10:33:44] Step7-Ablation3-woTCMGate | Epoch 22/50 train_loss=0.087831 val_mse=0.217266 best_val=0.184359 patience=2/10
[2026-04-22 10:33:48] Step7-Ablation3-woTCMGate | Epoch 23/50 train_loss=0.085635 val_mse=0.208141 best_val=0.184359 patience=3/10
[2026-04-22 10:33:52] Step7-Ablation3-woTCMGate | Epoch 24/50 train_loss=0.085954 val_mse=0.263431 best_val=0.184359 patience=4/10
[2026-04-22 10:33:57] Step7-Ablation3-woTCMGate | Epoch 25/50 train_loss=0.084304 val_mse=0.255712 best_val=0.184359 patience=5/10
[2026-04-22 10:34:01] Step7-Ablation3-woTCMGate | Epoch 26/50 train_loss=0.083924 val_mse=0.240782 best_val=0.184359 patience=6/10
[2026-04-22 10:34:05] Step7-Ablation3-woTCMGate | Epoch 27/50 train_loss=0.084576 val_mse=0.226600 best_val=0.184359 patience=7/10
[2026-04-22 10:34:09] Step7-Ablation3-woTCMGate | Epoch 28/50 train_loss=0.084273 val_mse=0.217291 best_val=0.184359 patience=8/10
[2026-04-22 10:34:14] Step7-Ablation3-woTCMGate | Epoch 29/50 train_loss=0.082828 val_mse=0.229944 best_val=0.184359 patience=9/10
[2026-04-22 10:34:18] Step7-Ablation3-woTCMGate | Epoch 30/50 train_loss=0.081446 val_mse=0.221986 best_val=0.184359 patience=10/10
[2026-04-22 10:34:18] Step7-Ablation3-woTCMGate | Early stop at epoch 30, best=20
[2026-04-22 10:34:18] Step7-Ablation3-woTCMGate DONE | MSE=0.184359 RMSE=0.429370 MAE=0.355108 Pearson=0.315819 [best_epoch=20]
[2026-04-22 10:34:18] >>> Final Ours stabilized hparams: HyperParams(lr=0.00035, weight_decay=1e-05, batch_size=32)
[2026-04-22 10:34:22] Step8-FinalOurs | Epoch 1/50 train_loss=0.163107 val_mse=0.242429 best_val=0.242429 patience=0/10
[2026-04-22 10:34:27] Step8-FinalOurs | Epoch 2/50 train_loss=0.134968 val_mse=0.253116 best_val=0.242429 patience=1/10
[2026-04-22 10:34:31] Step8-FinalOurs | Epoch 3/50 train_loss=0.129699 val_mse=0.255108 best_val=0.242429 patience=2/10
[2026-04-22 10:34:35] Step8-FinalOurs | Epoch 4/50 train_loss=0.125788 val_mse=0.239744 best_val=0.239744 patience=0/10
[2026-04-22 10:34:40] Step8-FinalOurs | Epoch 5/50 train_loss=0.122681 val_mse=0.237735 best_val=0.237735 patience=0/10
[2026-04-22 10:34:44] Step8-FinalOurs | Epoch 6/50 train_loss=0.118503 val_mse=0.230295 best_val=0.230295 patience=0/10
[2026-04-22 10:34:49] Step8-FinalOurs | Epoch 7/50 train_loss=0.116994 val_mse=0.218193 best_val=0.218193 patience=0/10
[2026-04-22 10:34:53] Step8-FinalOurs | Epoch 8/50 train_loss=0.113931 val_mse=0.218504 best_val=0.218193 patience=1/10
[2026-04-22 10:34:57] Step8-FinalOurs | Epoch 9/50 train_loss=0.112150 val_mse=0.229082 best_val=0.218193 patience=2/10
[2026-04-22 10:35:02] Step8-FinalOurs | Epoch 10/50 train_loss=0.111161 val_mse=0.224528 best_val=0.218193 patience=3/10
[2026-04-22 10:35:06] Step8-FinalOurs | Epoch 11/50 train_loss=0.108299 val_mse=0.191214 best_val=0.191214 patience=0/10
[2026-04-22 10:35:10] Step8-FinalOurs | Epoch 12/50 train_loss=0.105905 val_mse=0.203312 best_val=0.191214 patience=1/10
[2026-04-22 10:35:15] Step8-FinalOurs | Epoch 13/50 train_loss=0.104042 val_mse=0.270014 best_val=0.191214 patience=2/10
[2026-04-22 10:35:19] Step8-FinalOurs | Epoch 14/50 train_loss=0.101880 val_mse=0.265750 best_val=0.191214 patience=3/10
[2026-04-22 10:35:24] Step8-FinalOurs | Epoch 15/50 train_loss=0.101986 val_mse=0.201991 best_val=0.191214 patience=4/10
[2026-04-22 10:35:28] Step8-FinalOurs | Epoch 16/50 train_loss=0.099716 val_mse=0.208409 best_val=0.191214 patience=5/10
[2026-04-22 10:35:32] Step8-FinalOurs | Epoch 17/50 train_loss=0.097148 val_mse=0.219333 best_val=0.191214 patience=6/10
[2026-04-22 10:35:37] Step8-FinalOurs | Epoch 18/50 train_loss=0.097072 val_mse=0.254514 best_val=0.191214 patience=7/10
[2026-04-22 10:35:41] Step8-FinalOurs | Epoch 19/50 train_loss=0.094822 val_mse=0.206136 best_val=0.191214 patience=8/10
[2026-04-22 10:35:45] Step8-FinalOurs | Epoch 20/50 train_loss=0.094364 val_mse=0.279091 best_val=0.191214 patience=9/10
[2026-04-22 10:35:50] Step8-FinalOurs | Epoch 21/50 train_loss=0.094330 val_mse=0.251581 best_val=0.191214 patience=10/10
[2026-04-22 10:35:50] Step8-FinalOurs | Early stop at epoch 21, best=11
[2026-04-22 10:35:50] Step8-FinalOurs DONE | MSE=0.191214 RMSE=0.437280 MAE=0.373767 Pearson=0.259749 [best_epoch=11]
[2026-04-22 10:35:50] >>> Saved final model to /root/work/MulitiModal/checkpoints/best_model.pth

===== Stage 2 Chosen Hyper-Parameters =====
HyperParams(lr=0.0005, weight_decay=1e-05, batch_size=32)
===========================================

Step8 tuned controls: gate_b_scale=0.350, final_lr_mult=0.700
===== Final 9-Step best_val_mse List =====
Step 1: Baseline A -> best_val_mse=0.23639579117298126
Step 2: Baseline B -> best_val_mse=0.24724619090557098
Step 3: Ours-TCN -> best_val_mse=0.22125136852264404
Step 4: Encoder Selection -> best_val_mse=None
Step 5: w/o Dual Gating -> best_val_mse=0.206334188580513
Step 6: w/o TCM Prior -> best_val_mse=0.18491755425930023
Step 7: w/o TCM_Gate -> best_val_mse=0.18435899913311005
Step 8: Final Ours -> best_val_mse=0.19121383130550385
Step 9: Plotting -> best_val_mse=None
===========================================
[2026-04-22 10:35:51] >>> Experiment flow completed. Summary saved to /root/work/MulitiModal/results/loso_folds/experiments_summary_S10.json
[2026-04-22 10:35:52] >>> LOSO fold holdout=S11
[2026-04-22 10:35:55] >>> Runner signature: RUN_EXPERIMENTS_V2_LOSO_GUARDED | file=/root/work/MulitiModal/run_experiments.py | mtime=2026-04-22 10:20:26
[2026-04-22 10:35:55] >>> Loading WESAD dataset from /root/work/MulitiModal/data/wesad
Subject S10: Age=28.0, Gender=1, BMI=24.0, HR=64.2
Subject S11: Age=26.0, Gender=0, BMI=18.5, HR=63.9
Subject S13: Age=28.0, Gender=1, BMI=25.0, HR=65.6
Subject S14: Age=27.0, Gender=1, BMI=24.7, HR=64.9
Subject S15: Age=28.0, Gender=1, BMI=24.0, HR=66.7
Subject S16: Age=24.0, Gender=1, BMI=20.4, HR=63.5
Subject S17: Age=29.0, Gender=0, BMI=20.2, HR=61.3
Subject S2: Age=27.0, Gender=1, BMI=26.1, HR=64.6
Subject S3: Age=27.0, Gender=1, BMI=23.1, HR=58.7
Subject S4: Age=25.0, Gender=1, BMI=29.4, HR=60.0
Subject S5: Age=35.0, Gender=1, BMI=22.4, HR=62.6
Subject S6: Age=27.0, Gender=1, BMI=22.8, HR=62.9
Subject S7: Age=28.0, Gender=1, BMI=21.9, HR=62.3
Subject S8: Age=27.0, Gender=0, BMI=21.6, HR=64.3
Subject S9: Age=26.0, Gender=1, BMI=22.9, HR=68.1
[2026-04-22 10:36:47] >>> WESAD loaded. total_windows=46324
[2026-04-22 10:36:47] >>> Gate scales: gate_a_scale=0.600, gate_b_scale=0.350
[2026-04-22 10:36:47] >>> Split ready (protocol=loso): train_windows=43211 val_windows=3113 train_subjects=14 val_subjects=1
[2026-04-22 10:36:47] >>> TCM checkpoint resolved to: /root/work/MulitiModal/checkpoints/best_model.pth
[2026-04-22 10:36:47] >>> TCM scaler resolved to: /root/work/MulitiModal/tcm_ft_transformer/scaler_params.npz
/usr/local/miniconda3/envs/py312/lib/python3.12/site-packages/torch/nn/modules/transformer.py:392: UserWarning: enable_nested_tensor is True, but self.use_nested_tensor is False because encoder_layer.norm_first was True
  warnings.warn(
[2026-04-22 10:36:47] >>> Stage 1 skipped (fixed_encoder=inceptiontime)
[2026-04-22 10:36:47] >>> Stage 2: hyper-parameter reset/tuning for encoder=inceptiontime
[2026-04-22 10:36:47] >>> Using override params: HyperParams(lr=0.0005, weight_decay=1e-05, batch_size=32)
[2026-04-22 10:36:47] >>> Running Step8-focused sweep (epochs=20)
[2026-04-22 10:36:53] Sweep-Step8-gb0.100-lm0.500 | Epoch 1/20 train_loss=0.176001 val_mse=0.129359 best_val=0.129359 patience=0/10
[2026-04-22 10:36:57] Sweep-Step8-gb0.100-lm0.500 | Epoch 2/20 train_loss=0.148832 val_mse=0.108511 best_val=0.108511 patience=0/10
[2026-04-22 10:37:02] Sweep-Step8-gb0.100-lm0.500 | Epoch 3/20 train_loss=0.143090 val_mse=0.093318 best_val=0.093318 patience=0/10
[2026-04-22 10:37:06] Sweep-Step8-gb0.100-lm0.500 | Epoch 4/20 train_loss=0.139826 val_mse=0.087438 best_val=0.087438 patience=0/10
[2026-04-22 10:37:10] Sweep-Step8-gb0.100-lm0.500 | Epoch 5/20 train_loss=0.136775 val_mse=0.085074 best_val=0.085074 patience=0/10
[2026-04-22 10:37:15] Sweep-Step8-gb0.100-lm0.500 | Epoch 6/20 train_loss=0.134161 val_mse=0.089854 best_val=0.085074 patience=1/10
[2026-04-22 10:37:19] Sweep-Step8-gb0.100-lm0.500 | Epoch 7/20 train_loss=0.133000 val_mse=0.099284 best_val=0.085074 patience=2/10
[2026-04-22 10:37:23] Sweep-Step8-gb0.100-lm0.500 | Epoch 8/20 train_loss=0.130225 val_mse=0.073513 best_val=0.073513 patience=0/10
[2026-04-22 10:37:27] Sweep-Step8-gb0.100-lm0.500 | Epoch 9/20 train_loss=0.128694 val_mse=0.089412 best_val=0.073513 patience=1/10
[2026-04-22 10:37:32] Sweep-Step8-gb0.100-lm0.500 | Epoch 10/20 train_loss=0.127233 val_mse=0.088499 best_val=0.073513 patience=2/10
[2026-04-22 10:37:36] Sweep-Step8-gb0.100-lm0.500 | Epoch 11/20 train_loss=0.124683 val_mse=0.090054 best_val=0.073513 patience=3/10
[2026-04-22 10:37:40] Sweep-Step8-gb0.100-lm0.500 | Epoch 12/20 train_loss=0.123831 val_mse=0.085208 best_val=0.073513 patience=4/10
[2026-04-22 10:37:45] Sweep-Step8-gb0.100-lm0.500 | Epoch 13/20 train_loss=0.122740 val_mse=0.072763 best_val=0.072763 patience=0/10
[2026-04-22 10:37:49] Sweep-Step8-gb0.100-lm0.500 | Epoch 14/20 train_loss=0.121382 val_mse=0.069873 best_val=0.069873 patience=0/10
[2026-04-22 10:37:53] Sweep-Step8-gb0.100-lm0.500 | Epoch 15/20 train_loss=0.120637 val_mse=0.085686 best_val=0.069873 patience=1/10
[2026-04-22 10:37:57] Sweep-Step8-gb0.100-lm0.500 | Epoch 16/20 train_loss=0.118778 val_mse=0.072140 best_val=0.069873 patience=2/10
[2026-04-22 10:38:02] Sweep-Step8-gb0.100-lm0.500 | Epoch 17/20 train_loss=0.116717 val_mse=0.073255 best_val=0.069873 patience=3/10
[2026-04-22 10:38:06] Sweep-Step8-gb0.100-lm0.500 | Epoch 18/20 train_loss=0.115358 val_mse=0.070061 best_val=0.069873 patience=4/10
[2026-04-22 10:38:10] Sweep-Step8-gb0.100-lm0.500 | Epoch 19/20 train_loss=0.115608 val_mse=0.067478 best_val=0.067478 patience=0/10
[2026-04-22 10:38:15] Sweep-Step8-gb0.100-lm0.500 | Epoch 20/20 train_loss=0.113993 val_mse=0.077568 best_val=0.067478 patience=1/10
[2026-04-22 10:38:15] Sweep-Step8-gb0.100-lm0.500 DONE | MSE=0.067478 RMSE=0.259766 MAE=0.231447 Pearson=0.909015 [best_epoch=19]
[2026-04-22 10:38:19] Sweep-Step8-gb0.100-lm0.700 | Epoch 1/20 train_loss=0.167503 val_mse=0.122705 best_val=0.122705 patience=0/10
[2026-04-22 10:38:23] Sweep-Step8-gb0.100-lm0.700 | Epoch 2/20 train_loss=0.144558 val_mse=0.103878 best_val=0.103878 patience=0/10
[2026-04-22 10:38:28] Sweep-Step8-gb0.100-lm0.700 | Epoch 3/20 train_loss=0.138497 val_mse=0.092414 best_val=0.092414 patience=0/10
[2026-04-22 10:38:32] Sweep-Step8-gb0.100-lm0.700 | Epoch 4/20 train_loss=0.135695 val_mse=0.084132 best_val=0.084132 patience=0/10
[2026-04-22 10:38:36] Sweep-Step8-gb0.100-lm0.700 | Epoch 5/20 train_loss=0.133499 val_mse=0.097659 best_val=0.084132 patience=1/10
[2026-04-22 10:38:41] Sweep-Step8-gb0.100-lm0.700 | Epoch 6/20 train_loss=0.131390 val_mse=0.077874 best_val=0.077874 patience=0/10
[2026-04-22 10:38:45] Sweep-Step8-gb0.100-lm0.700 | Epoch 7/20 train_loss=0.129640 val_mse=0.112425 best_val=0.077874 patience=1/10
[2026-04-22 10:38:49] Sweep-Step8-gb0.100-lm0.700 | Epoch 8/20 train_loss=0.127525 val_mse=0.073056 best_val=0.073056 patience=0/10
[2026-04-22 10:38:53] Sweep-Step8-gb0.100-lm0.700 | Epoch 9/20 train_loss=0.126657 val_mse=0.111217 best_val=0.073056 patience=1/10
[2026-04-22 10:38:58] Sweep-Step8-gb0.100-lm0.700 | Epoch 10/20 train_loss=0.126178 val_mse=0.074994 best_val=0.073056 patience=2/10
[2026-04-22 10:39:02] Sweep-Step8-gb0.100-lm0.700 | Epoch 11/20 train_loss=0.123828 val_mse=0.067226 best_val=0.067226 patience=0/10
[2026-04-22 10:39:06] Sweep-Step8-gb0.100-lm0.700 | Epoch 12/20 train_loss=0.123141 val_mse=0.087900 best_val=0.067226 patience=1/10
[2026-04-22 10:39:11] Sweep-Step8-gb0.100-lm0.700 | Epoch 13/20 train_loss=0.121223 val_mse=0.091501 best_val=0.067226 patience=2/10
[2026-04-22 10:39:15] Sweep-Step8-gb0.100-lm0.700 | Epoch 14/20 train_loss=0.120524 val_mse=0.081136 best_val=0.067226 patience=3/10
[2026-04-22 10:39:19] Sweep-Step8-gb0.100-lm0.700 | Epoch 15/20 train_loss=0.119679 val_mse=0.070807 best_val=0.067226 patience=4/10
[2026-04-22 10:39:24] Sweep-Step8-gb0.100-lm0.700 | Epoch 16/20 train_loss=0.117905 val_mse=0.075649 best_val=0.067226 patience=5/10
[2026-04-22 10:39:28] Sweep-Step8-gb0.100-lm0.700 | Epoch 17/20 train_loss=0.115994 val_mse=0.077926 best_val=0.067226 patience=6/10
[2026-04-22 10:39:32] Sweep-Step8-gb0.100-lm0.700 | Epoch 18/20 train_loss=0.115377 val_mse=0.069603 best_val=0.067226 patience=7/10
[2026-04-22 10:39:36] Sweep-Step8-gb0.100-lm0.700 | Epoch 19/20 train_loss=0.114384 val_mse=0.096780 best_val=0.067226 patience=8/10
[2026-04-22 10:39:41] Sweep-Step8-gb0.100-lm0.700 | Epoch 20/20 train_loss=0.113062 val_mse=0.074548 best_val=0.067226 patience=9/10
[2026-04-22 10:39:41] Sweep-Step8-gb0.100-lm0.700 DONE | MSE=0.067226 RMSE=0.259281 MAE=0.242028 Pearson=0.901860 [best_epoch=11]
[2026-04-22 10:39:45] Sweep-Step8-gb0.350-lm0.500 | Epoch 1/20 train_loss=0.177866 val_mse=0.141714 best_val=0.141714 patience=0/10
[2026-04-22 10:39:49] Sweep-Step8-gb0.350-lm0.500 | Epoch 2/20 train_loss=0.148802 val_mse=0.113379 best_val=0.113379 patience=0/10
[2026-04-22 10:39:54] Sweep-Step8-gb0.350-lm0.500 | Epoch 3/20 train_loss=0.144058 val_mse=0.116778 best_val=0.113379 patience=1/10
[2026-04-22 10:39:58] Sweep-Step8-gb0.350-lm0.500 | Epoch 4/20 train_loss=0.140369 val_mse=0.112175 best_val=0.112175 patience=0/10
[2026-04-22 10:40:02] Sweep-Step8-gb0.350-lm0.500 | Epoch 5/20 train_loss=0.139265 val_mse=0.101194 best_val=0.101194 patience=0/10
[2026-04-22 10:40:07] Sweep-Step8-gb0.350-lm0.500 | Epoch 6/20 train_loss=0.134810 val_mse=0.105377 best_val=0.101194 patience=1/10
[2026-04-22 10:40:11] Sweep-Step8-gb0.350-lm0.500 | Epoch 7/20 train_loss=0.133674 val_mse=0.101936 best_val=0.101194 patience=2/10
[2026-04-22 10:40:15] Sweep-Step8-gb0.350-lm0.500 | Epoch 8/20 train_loss=0.132080 val_mse=0.109330 best_val=0.101194 patience=3/10
[2026-04-22 10:40:20] Sweep-Step8-gb0.350-lm0.500 | Epoch 9/20 train_loss=0.129463 val_mse=0.084870 best_val=0.084870 patience=0/10
[2026-04-22 10:40:24] Sweep-Step8-gb0.350-lm0.500 | Epoch 10/20 train_loss=0.128028 val_mse=0.096735 best_val=0.084870 patience=1/10
[2026-04-22 10:40:28] Sweep-Step8-gb0.350-lm0.500 | Epoch 11/20 train_loss=0.125748 val_mse=0.124057 best_val=0.084870 patience=2/10
[2026-04-22 10:40:32] Sweep-Step8-gb0.350-lm0.500 | Epoch 12/20 train_loss=0.124296 val_mse=0.091241 best_val=0.084870 patience=3/10
[2026-04-22 10:40:37] Sweep-Step8-gb0.350-lm0.500 | Epoch 13/20 train_loss=0.123106 val_mse=0.102652 best_val=0.084870 patience=4/10
[2026-04-22 10:40:41] Sweep-Step8-gb0.350-lm0.500 | Epoch 14/20 train_loss=0.120972 val_mse=0.113351 best_val=0.084870 patience=5/10
[2026-04-22 10:40:45] Sweep-Step8-gb0.350-lm0.500 | Epoch 15/20 train_loss=0.119353 val_mse=0.121903 best_val=0.084870 patience=6/10
[2026-04-22 10:40:50] Sweep-Step8-gb0.350-lm0.500 | Epoch 16/20 train_loss=0.118752 val_mse=0.112994 best_val=0.084870 patience=7/10
[2026-04-22 10:40:54] Sweep-Step8-gb0.350-lm0.500 | Epoch 17/20 train_loss=0.117684 val_mse=0.080155 best_val=0.080155 patience=0/10
[2026-04-22 10:40:58] Sweep-Step8-gb0.350-lm0.500 | Epoch 18/20 train_loss=0.116992 val_mse=0.068873 best_val=0.068873 patience=0/10
[2026-04-22 10:41:03] Sweep-Step8-gb0.350-lm0.500 | Epoch 19/20 train_loss=0.115297 val_mse=0.102185 best_val=0.068873 patience=1/10
[2026-04-22 10:41:07] Sweep-Step8-gb0.350-lm0.500 | Epoch 20/20 train_loss=0.115081 val_mse=0.093350 best_val=0.068873 patience=2/10
[2026-04-22 10:41:07] Sweep-Step8-gb0.350-lm0.500 DONE | MSE=0.068873 RMSE=0.262437 MAE=0.236157 Pearson=0.915006 [best_epoch=18]
[2026-04-22 10:41:12] Sweep-Step8-gb0.350-lm0.700 | Epoch 1/20 train_loss=0.168676 val_mse=0.107334 best_val=0.107334 patience=0/10
[2026-04-22 10:41:16] Sweep-Step8-gb0.350-lm0.700 | Epoch 2/20 train_loss=0.145837 val_mse=0.100834 best_val=0.100834 patience=0/10
[2026-04-22 10:41:20] Sweep-Step8-gb0.350-lm0.700 | Epoch 3/20 train_loss=0.140549 val_mse=0.098850 best_val=0.098850 patience=0/10
[2026-04-22 10:41:25] Sweep-Step8-gb0.350-lm0.700 | Epoch 4/20 train_loss=0.135215 val_mse=0.082684 best_val=0.082684 patience=0/10
[2026-04-22 10:41:29] Sweep-Step8-gb0.350-lm0.700 | Epoch 5/20 train_loss=0.132466 val_mse=0.073744 best_val=0.073744 patience=0/10
[2026-04-22 10:41:33] Sweep-Step8-gb0.350-lm0.700 | Epoch 6/20 train_loss=0.129971 val_mse=0.079317 best_val=0.073744 patience=1/10
[2026-04-22 10:41:38] Sweep-Step8-gb0.350-lm0.700 | Epoch 7/20 train_loss=0.127240 val_mse=0.106159 best_val=0.073744 patience=2/10
[2026-04-22 10:41:42] Sweep-Step8-gb0.350-lm0.700 | Epoch 8/20 train_loss=0.124883 val_mse=0.089610 best_val=0.073744 patience=3/10
[2026-04-22 10:41:46] Sweep-Step8-gb0.350-lm0.700 | Epoch 9/20 train_loss=0.123571 val_mse=0.064981 best_val=0.064981 patience=0/10
[2026-04-22 10:41:50] Sweep-Step8-gb0.350-lm0.700 | Epoch 10/20 train_loss=0.121197 val_mse=0.077856 best_val=0.064981 patience=1/10
[2026-04-22 10:41:55] Sweep-Step8-gb0.350-lm0.700 | Epoch 11/20 train_loss=0.118470 val_mse=0.070240 best_val=0.064981 patience=2/10
[2026-04-22 10:41:59] Sweep-Step8-gb0.350-lm0.700 | Epoch 12/20 train_loss=0.118291 val_mse=0.066106 best_val=0.064981 patience=3/10
[2026-04-22 10:42:03] Sweep-Step8-gb0.350-lm0.700 | Epoch 13/20 train_loss=0.116141 val_mse=0.073105 best_val=0.064981 patience=4/10
[2026-04-22 10:42:07] Sweep-Step8-gb0.350-lm0.700 | Epoch 14/20 train_loss=0.114755 val_mse=0.060965 best_val=0.060965 patience=0/10
[2026-04-22 10:42:12] Sweep-Step8-gb0.350-lm0.700 | Epoch 15/20 train_loss=0.114294 val_mse=0.065990 best_val=0.060965 patience=1/10
[2026-04-22 10:42:16] Sweep-Step8-gb0.350-lm0.700 | Epoch 16/20 train_loss=0.112328 val_mse=0.066961 best_val=0.060965 patience=2/10
[2026-04-22 10:42:20] Sweep-Step8-gb0.350-lm0.700 | Epoch 17/20 train_loss=0.111906 val_mse=0.058646 best_val=0.058646 patience=0/10
[2026-04-22 10:42:25] Sweep-Step8-gb0.350-lm0.700 | Epoch 18/20 train_loss=0.110178 val_mse=0.065313 best_val=0.058646 patience=1/10
[2026-04-22 10:42:29] Sweep-Step8-gb0.350-lm0.700 | Epoch 19/20 train_loss=0.108478 val_mse=0.047006 best_val=0.047006 patience=0/10
[2026-04-22 10:42:33] Sweep-Step8-gb0.350-lm0.700 | Epoch 20/20 train_loss=0.108183 val_mse=0.042564 best_val=0.042564 patience=0/10
[2026-04-22 10:42:33] Sweep-Step8-gb0.350-lm0.700 DONE | MSE=0.042564 RMSE=0.206310 MAE=0.188997 Pearson=0.926320 [best_epoch=20]
[2026-04-22 10:42:33] >>> Sweep best: gate_b_scale=0.350, final_lr_mult=0.700, mse=0.042564
[2026-04-22 10:42:33] >>> Stage 3: running 9-step matrix with fixed best params
[2026-04-22 10:42:37] Step1-BaselineA-Weak | Epoch 1/50 train_loss=0.183942 val_mse=0.190995 best_val=0.190995 patience=0/10
[2026-04-22 10:42:41] Step1-BaselineA-Weak | Epoch 2/50 train_loss=0.174668 val_mse=0.198772 best_val=0.190995 patience=1/10
[2026-04-22 10:42:44] Step1-BaselineA-Weak | Epoch 3/50 train_loss=0.173669 val_mse=0.201121 best_val=0.190995 patience=2/10
[2026-04-22 10:42:48] Step1-BaselineA-Weak | Epoch 4/50 train_loss=0.172600 val_mse=0.199060 best_val=0.190995 patience=3/10
[2026-04-22 10:42:51] Step1-BaselineA-Weak | Epoch 5/50 train_loss=0.172290 val_mse=0.195142 best_val=0.190995 patience=4/10
[2026-04-22 10:42:55] Step1-BaselineA-Weak | Epoch 6/50 train_loss=0.171434 val_mse=0.201756 best_val=0.190995 patience=5/10
[2026-04-22 10:42:59] Step1-BaselineA-Weak | Epoch 7/50 train_loss=0.171233 val_mse=0.194562 best_val=0.190995 patience=6/10
[2026-04-22 10:43:02] Step1-BaselineA-Weak | Epoch 8/50 train_loss=0.170884 val_mse=0.192461 best_val=0.190995 patience=7/10
[2026-04-22 10:43:06] Step1-BaselineA-Weak | Epoch 9/50 train_loss=0.170665 val_mse=0.194161 best_val=0.190995 patience=8/10
[2026-04-22 10:43:10] Step1-BaselineA-Weak | Epoch 10/50 train_loss=0.170298 val_mse=0.196341 best_val=0.190995 patience=9/10
[2026-04-22 10:43:13] Step1-BaselineA-Weak | Epoch 11/50 train_loss=0.169601 val_mse=0.192331 best_val=0.190995 patience=10/10
[2026-04-22 10:43:13] Step1-BaselineA-Weak | Early stop at epoch 11, best=1
[2026-04-22 10:43:13] Step1-BaselineA-Weak DONE | MSE=0.190995 RMSE=0.437030 MAE=0.399297 Pearson=0.851185 [best_epoch=1]
[2026-04-22 10:43:17] Step2-BaselineB-Strong | Epoch 1/50 train_loss=0.184369 val_mse=0.198425 best_val=0.198425 patience=0/10
[2026-04-22 10:43:21] Step2-BaselineB-Strong | Epoch 2/50 train_loss=0.173536 val_mse=0.198927 best_val=0.198425 patience=1/10
[2026-04-22 10:43:25] Step2-BaselineB-Strong | Epoch 3/50 train_loss=0.171749 val_mse=0.200691 best_val=0.198425 patience=2/10
[2026-04-22 10:43:28] Step2-BaselineB-Strong | Epoch 4/50 train_loss=0.170464 val_mse=0.195224 best_val=0.195224 patience=0/10
[2026-04-22 10:43:32] Step2-BaselineB-Strong | Epoch 5/50 train_loss=0.169425 val_mse=0.196234 best_val=0.195224 patience=1/10
[2026-04-22 10:43:36] Step2-BaselineB-Strong | Epoch 6/50 train_loss=0.168616 val_mse=0.197754 best_val=0.195224 patience=2/10
[2026-04-22 10:43:40] Step2-BaselineB-Strong | Epoch 7/50 train_loss=0.168391 val_mse=0.199093 best_val=0.195224 patience=3/10
[2026-04-22 10:43:43] Step2-BaselineB-Strong | Epoch 8/50 train_loss=0.167946 val_mse=0.196025 best_val=0.195224 patience=4/10
[2026-04-22 10:43:47] Step2-BaselineB-Strong | Epoch 9/50 train_loss=0.167593 val_mse=0.198917 best_val=0.195224 patience=5/10
[2026-04-22 10:43:51] Step2-BaselineB-Strong | Epoch 10/50 train_loss=0.167586 val_mse=0.200721 best_val=0.195224 patience=6/10
[2026-04-22 10:43:54] Step2-BaselineB-Strong | Epoch 11/50 train_loss=0.167845 val_mse=0.192510 best_val=0.192510 patience=0/10
[2026-04-22 10:43:58] Step2-BaselineB-Strong | Epoch 12/50 train_loss=0.168410 val_mse=0.193468 best_val=0.192510 patience=1/10
[2026-04-22 10:44:02] Step2-BaselineB-Strong | Epoch 13/50 train_loss=0.168235 val_mse=0.193518 best_val=0.192510 patience=2/10
[2026-04-22 10:44:05] Step2-BaselineB-Strong | Epoch 14/50 train_loss=0.167319 val_mse=0.189405 best_val=0.189405 patience=0/10
[2026-04-22 10:44:09] Step2-BaselineB-Strong | Epoch 15/50 train_loss=0.166899 val_mse=0.195308 best_val=0.189405 patience=1/10
[2026-04-22 10:44:13] Step2-BaselineB-Strong | Epoch 16/50 train_loss=0.166804 val_mse=0.189510 best_val=0.189405 patience=2/10
[2026-04-22 10:44:17] Step2-BaselineB-Strong | Epoch 17/50 train_loss=0.166931 val_mse=0.190581 best_val=0.189405 patience=3/10
[2026-04-22 10:44:20] Step2-BaselineB-Strong | Epoch 18/50 train_loss=0.166604 val_mse=0.194341 best_val=0.189405 patience=4/10
[2026-04-22 10:44:24] Step2-BaselineB-Strong | Epoch 19/50 train_loss=0.165940 val_mse=0.193987 best_val=0.189405 patience=5/10
[2026-04-22 10:44:28] Step2-BaselineB-Strong | Epoch 20/50 train_loss=0.165579 val_mse=0.194493 best_val=0.189405 patience=6/10
[2026-04-22 10:44:32] Step2-BaselineB-Strong | Epoch 21/50 train_loss=0.166201 val_mse=0.194406 best_val=0.189405 patience=7/10
[2026-04-22 10:44:35] Step2-BaselineB-Strong | Epoch 22/50 train_loss=0.165809 val_mse=0.195072 best_val=0.189405 patience=8/10
[2026-04-22 10:44:39] Step2-BaselineB-Strong | Epoch 23/50 train_loss=0.166045 val_mse=0.194254 best_val=0.189405 patience=9/10
[2026-04-22 10:44:43] Step2-BaselineB-Strong | Epoch 24/50 train_loss=0.165748 val_mse=0.191750 best_val=0.189405 patience=10/10
[2026-04-22 10:44:43] Step2-BaselineB-Strong | Early stop at epoch 24, best=14
[2026-04-22 10:44:43] Step2-BaselineB-Strong DONE | MSE=0.189405 RMSE=0.435207 MAE=0.391988 Pearson=0.873175 [best_epoch=14]
[2026-04-22 10:44:47] Step3-Ours-TCN | Epoch 1/50 train_loss=0.183104 val_mse=0.197823 best_val=0.197823 patience=0/10
[2026-04-22 10:44:51] Step3-Ours-TCN | Epoch 2/50 train_loss=0.173595 val_mse=0.201392 best_val=0.197823 patience=1/10
[2026-04-22 10:44:55] Step3-Ours-TCN | Epoch 3/50 train_loss=0.172888 val_mse=0.199118 best_val=0.197823 patience=2/10
[2026-04-22 10:44:59] Step3-Ours-TCN | Epoch 4/50 train_loss=0.171214 val_mse=0.207663 best_val=0.197823 patience=3/10
[2026-04-22 10:45:03] Step3-Ours-TCN | Epoch 5/50 train_loss=0.170184 val_mse=0.201005 best_val=0.197823 patience=4/10
[2026-04-22 10:45:07] Step3-Ours-TCN | Epoch 6/50 train_loss=0.169902 val_mse=0.199302 best_val=0.197823 patience=5/10
[2026-04-22 10:45:11] Step3-Ours-TCN | Epoch 7/50 train_loss=0.169386 val_mse=0.200235 best_val=0.197823 patience=6/10
[2026-04-22 10:45:15] Step3-Ours-TCN | Epoch 8/50 train_loss=0.169151 val_mse=0.199940 best_val=0.197823 patience=7/10
[2026-04-22 10:45:19] Step3-Ours-TCN | Epoch 9/50 train_loss=0.168643 val_mse=0.197060 best_val=0.197060 patience=0/10
[2026-04-22 10:45:23] Step3-Ours-TCN | Epoch 10/50 train_loss=0.168823 val_mse=0.202661 best_val=0.197060 patience=1/10
[2026-04-22 10:45:27] Step3-Ours-TCN | Epoch 11/50 train_loss=0.168454 val_mse=0.201537 best_val=0.197060 patience=2/10
[2026-04-22 10:45:31] Step3-Ours-TCN | Epoch 12/50 train_loss=0.168369 val_mse=0.196573 best_val=0.196573 patience=0/10
[2026-04-22 10:45:35] Step3-Ours-TCN | Epoch 13/50 train_loss=0.168072 val_mse=0.197316 best_val=0.196573 patience=1/10
[2026-04-22 10:45:39] Step3-Ours-TCN | Epoch 14/50 train_loss=0.168002 val_mse=0.197470 best_val=0.196573 patience=2/10
[2026-04-22 10:45:43] Step3-Ours-TCN | Epoch 15/50 train_loss=0.167651 val_mse=0.199770 best_val=0.196573 patience=3/10
[2026-04-22 10:45:47] Step3-Ours-TCN | Epoch 16/50 train_loss=0.167679 val_mse=0.198170 best_val=0.196573 patience=4/10
[2026-04-22 10:45:51] Step3-Ours-TCN | Epoch 17/50 train_loss=0.167579 val_mse=0.196346 best_val=0.196346 patience=0/10
[2026-04-22 10:45:55] Step3-Ours-TCN | Epoch 18/50 train_loss=0.167484 val_mse=0.200866 best_val=0.196346 patience=1/10
[2026-04-22 10:45:59] Step3-Ours-TCN | Epoch 19/50 train_loss=0.167536 val_mse=0.202148 best_val=0.196346 patience=2/10
[2026-04-22 10:46:03] Step3-Ours-TCN | Epoch 20/50 train_loss=0.167703 val_mse=0.198984 best_val=0.196346 patience=3/10
[2026-04-22 10:46:07] Step3-Ours-TCN | Epoch 21/50 train_loss=0.167684 val_mse=0.201367 best_val=0.196346 patience=4/10
[2026-04-22 10:46:11] Step3-Ours-TCN | Epoch 22/50 train_loss=0.167720 val_mse=0.199569 best_val=0.196346 patience=5/10
[2026-04-22 10:46:15] Step3-Ours-TCN | Epoch 23/50 train_loss=0.167590 val_mse=0.199568 best_val=0.196346 patience=6/10
[2026-04-22 10:46:19] Step3-Ours-TCN | Epoch 24/50 train_loss=0.167706 val_mse=0.200162 best_val=0.196346 patience=7/10
[2026-04-22 10:46:24] Step3-Ours-TCN | Epoch 25/50 train_loss=0.167229 val_mse=0.198051 best_val=0.196346 patience=8/10
[2026-04-22 10:46:28] Step3-Ours-TCN | Epoch 26/50 train_loss=0.167035 val_mse=0.199989 best_val=0.196346 patience=9/10
[2026-04-22 10:46:32] Step3-Ours-TCN | Epoch 27/50 train_loss=0.167018 val_mse=0.198334 best_val=0.196346 patience=10/10
[2026-04-22 10:46:32] Step3-Ours-TCN | Early stop at epoch 27, best=17
[2026-04-22 10:46:32] Step3-Ours-TCN DONE | MSE=0.196346 RMSE=0.443109 MAE=0.401813 Pearson=-0.801754 [best_epoch=17]
[2026-04-22 10:46:36] Step5-Ablation1-woDualGating | Epoch 1/50 train_loss=0.157107 val_mse=0.093381 best_val=0.093381 patience=0/10
[2026-04-22 10:46:40] Step5-Ablation1-woDualGating | Epoch 2/50 train_loss=0.137847 val_mse=0.092626 best_val=0.092626 patience=0/10
[2026-04-22 10:46:45] Step5-Ablation1-woDualGating | Epoch 3/50 train_loss=0.132615 val_mse=0.100891 best_val=0.092626 patience=1/10
[2026-04-22 10:46:49] Step5-Ablation1-woDualGating | Epoch 4/50 train_loss=0.129021 val_mse=0.127846 best_val=0.092626 patience=2/10
[2026-04-22 10:46:53] Step5-Ablation1-woDualGating | Epoch 5/50 train_loss=0.126962 val_mse=0.086888 best_val=0.086888 patience=0/10
[2026-04-22 10:46:57] Step5-Ablation1-woDualGating | Epoch 6/50 train_loss=0.124783 val_mse=0.115009 best_val=0.086888 patience=1/10
[2026-04-22 10:47:01] Step5-Ablation1-woDualGating | Epoch 7/50 train_loss=0.121323 val_mse=0.074091 best_val=0.074091 patience=0/10
[2026-04-22 10:47:05] Step5-Ablation1-woDualGating | Epoch 8/50 train_loss=0.120012 val_mse=0.105386 best_val=0.074091 patience=1/10
[2026-04-22 10:47:09] Step5-Ablation1-woDualGating | Epoch 9/50 train_loss=0.118591 val_mse=0.073240 best_val=0.073240 patience=0/10
[2026-04-22 10:47:13] Step5-Ablation1-woDualGating | Epoch 10/50 train_loss=0.117050 val_mse=0.113957 best_val=0.073240 patience=1/10
[2026-04-22 10:47:17] Step5-Ablation1-woDualGating | Epoch 11/50 train_loss=0.113947 val_mse=0.113966 best_val=0.073240 patience=2/10
[2026-04-22 10:47:21] Step5-Ablation1-woDualGating | Epoch 12/50 train_loss=0.112703 val_mse=0.076605 best_val=0.073240 patience=3/10
[2026-04-22 10:47:25] Step5-Ablation1-woDualGating | Epoch 13/50 train_loss=0.110527 val_mse=0.081148 best_val=0.073240 patience=4/10
[2026-04-22 10:47:29] Step5-Ablation1-woDualGating | Epoch 14/50 train_loss=0.110041 val_mse=0.082040 best_val=0.073240 patience=5/10
[2026-04-22 10:47:33] Step5-Ablation1-woDualGating | Epoch 15/50 train_loss=0.108051 val_mse=0.087230 best_val=0.073240 patience=6/10
[2026-04-22 10:47:37] Step5-Ablation1-woDualGating | Epoch 16/50 train_loss=0.107533 val_mse=0.078394 best_val=0.073240 patience=7/10
[2026-04-22 10:47:41] Step5-Ablation1-woDualGating | Epoch 17/50 train_loss=0.106946 val_mse=0.090246 best_val=0.073240 patience=8/10
[2026-04-22 10:47:45] Step5-Ablation1-woDualGating | Epoch 18/50 train_loss=0.105321 val_mse=0.070918 best_val=0.070918 patience=0/10
[2026-04-22 10:47:49] Step5-Ablation1-woDualGating | Epoch 19/50 train_loss=0.103844 val_mse=0.091683 best_val=0.070918 patience=1/10
[2026-04-22 10:47:53] Step5-Ablation1-woDualGating | Epoch 20/50 train_loss=0.104163 val_mse=0.090808 best_val=0.070918 patience=2/10
[2026-04-22 10:47:57] Step5-Ablation1-woDualGating | Epoch 21/50 train_loss=0.102209 val_mse=0.075148 best_val=0.070918 patience=3/10
[2026-04-22 10:48:01] Step5-Ablation1-woDualGating | Epoch 22/50 train_loss=0.101463 val_mse=0.079031 best_val=0.070918 patience=4/10
[2026-04-22 10:48:05] Step5-Ablation1-woDualGating | Epoch 23/50 train_loss=0.099686 val_mse=0.075919 best_val=0.070918 patience=5/10
[2026-04-22 10:48:09] Step5-Ablation1-woDualGating | Epoch 24/50 train_loss=0.098823 val_mse=0.066035 best_val=0.066035 patience=0/10
[2026-04-22 10:48:13] Step5-Ablation1-woDualGating | Epoch 25/50 train_loss=0.098452 val_mse=0.055670 best_val=0.055670 patience=0/10
[2026-04-22 10:48:17] Step5-Ablation1-woDualGating | Epoch 26/50 train_loss=0.097873 val_mse=0.050576 best_val=0.050576 patience=0/10
[2026-04-22 10:48:21] Step5-Ablation1-woDualGating | Epoch 27/50 train_loss=0.095721 val_mse=0.096166 best_val=0.050576 patience=1/10
[2026-04-22 10:48:25] Step5-Ablation1-woDualGating | Epoch 28/50 train_loss=0.095602 val_mse=0.069473 best_val=0.050576 patience=2/10
[2026-04-22 10:48:29] Step5-Ablation1-woDualGating | Epoch 29/50 train_loss=0.092765 val_mse=0.057591 best_val=0.050576 patience=3/10
[2026-04-22 10:48:33] Step5-Ablation1-woDualGating | Epoch 30/50 train_loss=0.091628 val_mse=0.058616 best_val=0.050576 patience=4/10
[2026-04-22 10:48:37] Step5-Ablation1-woDualGating | Epoch 31/50 train_loss=0.091891 val_mse=0.061540 best_val=0.050576 patience=5/10
[2026-04-22 10:48:41] Step5-Ablation1-woDualGating | Epoch 32/50 train_loss=0.091049 val_mse=0.050914 best_val=0.050576 patience=6/10
[2026-04-22 10:48:45] Step5-Ablation1-woDualGating | Epoch 33/50 train_loss=0.091603 val_mse=0.070508 best_val=0.050576 patience=7/10
[2026-04-22 10:48:49] Step5-Ablation1-woDualGating | Epoch 34/50 train_loss=0.089662 val_mse=0.053784 best_val=0.050576 patience=8/10
[2026-04-22 10:48:53] Step5-Ablation1-woDualGating | Epoch 35/50 train_loss=0.089554 val_mse=0.084405 best_val=0.050576 patience=9/10
[2026-04-22 10:48:57] Step5-Ablation1-woDualGating | Epoch 36/50 train_loss=0.088702 val_mse=0.045918 best_val=0.045918 patience=0/10
[2026-04-22 10:49:02] Step5-Ablation1-woDualGating | Epoch 37/50 train_loss=0.088509 val_mse=0.048745 best_val=0.045918 patience=1/10
[2026-04-22 10:49:05] Step5-Ablation1-woDualGating | Epoch 38/50 train_loss=0.087846 val_mse=0.055720 best_val=0.045918 patience=2/10
[2026-04-22 10:49:10] Step5-Ablation1-woDualGating | Epoch 39/50 train_loss=0.086453 val_mse=0.053757 best_val=0.045918 patience=3/10
[2026-04-22 10:49:13] Step5-Ablation1-woDualGating | Epoch 40/50 train_loss=0.084826 val_mse=0.056963 best_val=0.045918 patience=4/10
[2026-04-22 10:49:18] Step5-Ablation1-woDualGating | Epoch 41/50 train_loss=0.085216 val_mse=0.065898 best_val=0.045918 patience=5/10
[2026-04-22 10:49:22] Step5-Ablation1-woDualGating | Epoch 42/50 train_loss=0.085613 val_mse=0.049122 best_val=0.045918 patience=6/10
[2026-04-22 10:49:26] Step5-Ablation1-woDualGating | Epoch 43/50 train_loss=0.084745 val_mse=0.041451 best_val=0.041451 patience=0/10
[2026-04-22 10:49:30] Step5-Ablation1-woDualGating | Epoch 44/50 train_loss=0.084190 val_mse=0.049143 best_val=0.041451 patience=1/10
[2026-04-22 10:49:34] Step5-Ablation1-woDualGating | Epoch 45/50 train_loss=0.083258 val_mse=0.064405 best_val=0.041451 patience=2/10
[2026-04-22 10:49:38] Step5-Ablation1-woDualGating | Epoch 46/50 train_loss=0.082983 val_mse=0.052989 best_val=0.041451 patience=3/10
[2026-04-22 10:49:42] Step5-Ablation1-woDualGating | Epoch 47/50 train_loss=0.082035 val_mse=0.051820 best_val=0.041451 patience=4/10
[2026-04-22 10:49:46] Step5-Ablation1-woDualGating | Epoch 48/50 train_loss=0.081667 val_mse=0.057472 best_val=0.041451 patience=5/10
[2026-04-22 10:49:50] Step5-Ablation1-woDualGating | Epoch 49/50 train_loss=0.080465 val_mse=0.053138 best_val=0.041451 patience=6/10
[2026-04-22 10:49:54] Step5-Ablation1-woDualGating | Epoch 50/50 train_loss=0.081081 val_mse=0.069596 best_val=0.041451 patience=7/10
[2026-04-22 10:49:54] Step5-Ablation1-woDualGating DONE | MSE=0.041451 RMSE=0.203596 MAE=0.187426 Pearson=0.943966 [best_epoch=43]
[2026-04-22 10:49:58] Step6-Ablation2-woTCMPrior | Epoch 1/50 train_loss=0.171716 val_mse=0.125895 best_val=0.125895 patience=0/10
[2026-04-22 10:50:02] Step6-Ablation2-woTCMPrior | Epoch 2/50 train_loss=0.147274 val_mse=0.087256 best_val=0.087256 patience=0/10
[2026-04-22 10:50:06] Step6-Ablation2-woTCMPrior | Epoch 3/50 train_loss=0.141688 val_mse=0.089102 best_val=0.087256 patience=1/10
[2026-04-22 10:50:10] Step6-Ablation2-woTCMPrior | Epoch 4/50 train_loss=0.136909 val_mse=0.082800 best_val=0.082800 patience=0/10
[2026-04-22 10:50:14] Step6-Ablation2-woTCMPrior | Epoch 5/50 train_loss=0.133422 val_mse=0.091832 best_val=0.082800 patience=1/10
[2026-04-22 10:50:18] Step6-Ablation2-woTCMPrior | Epoch 6/50 train_loss=0.131416 val_mse=0.092417 best_val=0.082800 patience=2/10
[2026-04-22 10:50:22] Step6-Ablation2-woTCMPrior | Epoch 7/50 train_loss=0.129336 val_mse=0.105580 best_val=0.082800 patience=3/10
[2026-04-22 10:50:26] Step6-Ablation2-woTCMPrior | Epoch 8/50 train_loss=0.127556 val_mse=0.085567 best_val=0.082800 patience=4/10
[2026-04-22 10:50:30] Step6-Ablation2-woTCMPrior | Epoch 9/50 train_loss=0.127181 val_mse=0.084772 best_val=0.082800 patience=5/10
[2026-04-22 10:50:34] Step6-Ablation2-woTCMPrior | Epoch 10/50 train_loss=0.125658 val_mse=0.094781 best_val=0.082800 patience=6/10
[2026-04-22 10:50:38] Step6-Ablation2-woTCMPrior | Epoch 11/50 train_loss=0.123837 val_mse=0.102356 best_val=0.082800 patience=7/10
[2026-04-22 10:50:42] Step6-Ablation2-woTCMPrior | Epoch 12/50 train_loss=0.121910 val_mse=0.081619 best_val=0.081619 patience=0/10
[2026-04-22 10:50:46] Step6-Ablation2-woTCMPrior | Epoch 13/50 train_loss=0.121555 val_mse=0.113163 best_val=0.081619 patience=1/10
[2026-04-22 10:50:50] Step6-Ablation2-woTCMPrior | Epoch 14/50 train_loss=0.119678 val_mse=0.077373 best_val=0.077373 patience=0/10
[2026-04-22 10:50:54] Step6-Ablation2-woTCMPrior | Epoch 15/50 train_loss=0.118032 val_mse=0.080583 best_val=0.077373 patience=1/10
[2026-04-22 10:50:58] Step6-Ablation2-woTCMPrior | Epoch 16/50 train_loss=0.117360 val_mse=0.073573 best_val=0.073573 patience=0/10
[2026-04-22 10:51:02] Step6-Ablation2-woTCMPrior | Epoch 17/50 train_loss=0.115903 val_mse=0.068662 best_val=0.068662 patience=0/10
[2026-04-22 10:51:06] Step6-Ablation2-woTCMPrior | Epoch 18/50 train_loss=0.114737 val_mse=0.089567 best_val=0.068662 patience=1/10
[2026-04-22 10:51:10] Step6-Ablation2-woTCMPrior | Epoch 19/50 train_loss=0.114823 val_mse=0.079116 best_val=0.068662 patience=2/10
[2026-04-22 10:51:14] Step6-Ablation2-woTCMPrior | Epoch 20/50 train_loss=0.112860 val_mse=0.065024 best_val=0.065024 patience=0/10
[2026-04-22 10:51:18] Step6-Ablation2-woTCMPrior | Epoch 21/50 train_loss=0.111995 val_mse=0.067092 best_val=0.065024 patience=1/10
[2026-04-22 10:51:22] Step6-Ablation2-woTCMPrior | Epoch 22/50 train_loss=0.112338 val_mse=0.083363 best_val=0.065024 patience=2/10
[2026-04-22 10:51:26] Step6-Ablation2-woTCMPrior | Epoch 23/50 train_loss=0.110861 val_mse=0.084848 best_val=0.065024 patience=3/10
[2026-04-22 10:51:30] Step6-Ablation2-woTCMPrior | Epoch 24/50 train_loss=0.109972 val_mse=0.057167 best_val=0.057167 patience=0/10
[2026-04-22 10:51:34] Step6-Ablation2-woTCMPrior | Epoch 25/50 train_loss=0.110478 val_mse=0.084810 best_val=0.057167 patience=1/10
[2026-04-22 10:51:38] Step6-Ablation2-woTCMPrior | Epoch 26/50 train_loss=0.108710 val_mse=0.063267 best_val=0.057167 patience=2/10
[2026-04-22 10:51:42] Step6-Ablation2-woTCMPrior | Epoch 27/50 train_loss=0.107875 val_mse=0.060425 best_val=0.057167 patience=3/10
[2026-04-22 10:51:46] Step6-Ablation2-woTCMPrior | Epoch 28/50 train_loss=0.107359 val_mse=0.058854 best_val=0.057167 patience=4/10
[2026-04-22 10:51:50] Step6-Ablation2-woTCMPrior | Epoch 29/50 train_loss=0.107317 val_mse=0.070096 best_val=0.057167 patience=5/10
[2026-04-22 10:51:53] Step6-Ablation2-woTCMPrior | Epoch 30/50 train_loss=0.104860 val_mse=0.059452 best_val=0.057167 patience=6/10
[2026-04-22 10:51:57] Step6-Ablation2-woTCMPrior | Epoch 31/50 train_loss=0.105583 val_mse=0.075939 best_val=0.057167 patience=7/10
[2026-04-22 10:52:01] Step6-Ablation2-woTCMPrior | Epoch 32/50 train_loss=0.104822 val_mse=0.070269 best_val=0.057167 patience=8/10
[2026-04-22 10:52:05] Step6-Ablation2-woTCMPrior | Epoch 33/50 train_loss=0.104210 val_mse=0.047331 best_val=0.047331 patience=0/10
[2026-04-22 10:52:09] Step6-Ablation2-woTCMPrior | Epoch 34/50 train_loss=0.103826 val_mse=0.078909 best_val=0.047331 patience=1/10
[2026-04-22 10:52:14] Step6-Ablation2-woTCMPrior | Epoch 35/50 train_loss=0.103449 val_mse=0.059853 best_val=0.047331 patience=2/10
[2026-04-22 10:52:18] Step6-Ablation2-woTCMPrior | Epoch 36/50 train_loss=0.101801 val_mse=0.061422 best_val=0.047331 patience=3/10
[2026-04-22 10:52:22] Step6-Ablation2-woTCMPrior | Epoch 37/50 train_loss=0.102301 val_mse=0.055232 best_val=0.047331 patience=4/10
[2026-04-22 10:52:26] Step6-Ablation2-woTCMPrior | Epoch 38/50 train_loss=0.102425 val_mse=0.064115 best_val=0.047331 patience=5/10
[2026-04-22 10:52:30] Step6-Ablation2-woTCMPrior | Epoch 39/50 train_loss=0.099907 val_mse=0.061005 best_val=0.047331 patience=6/10
[2026-04-22 10:52:33] Step6-Ablation2-woTCMPrior | Epoch 40/50 train_loss=0.100950 val_mse=0.060933 best_val=0.047331 patience=7/10
[2026-04-22 10:52:37] Step6-Ablation2-woTCMPrior | Epoch 41/50 train_loss=0.100356 val_mse=0.062562 best_val=0.047331 patience=8/10
[2026-04-22 10:52:41] Step6-Ablation2-woTCMPrior | Epoch 42/50 train_loss=0.099162 val_mse=0.072052 best_val=0.047331 patience=9/10
[2026-04-22 10:52:45] Step6-Ablation2-woTCMPrior | Epoch 43/50 train_loss=0.098056 val_mse=0.060563 best_val=0.047331 patience=10/10
[2026-04-22 10:52:45] Step6-Ablation2-woTCMPrior | Early stop at epoch 43, best=33
[2026-04-22 10:52:46] Step6-Ablation2-woTCMPrior DONE | MSE=0.047331 RMSE=0.217558 MAE=0.204246 Pearson=0.923591 [best_epoch=33]
[2026-04-22 10:52:50] Step7-Ablation3-woTCMGate | Epoch 1/50 train_loss=0.163230 val_mse=0.111462 best_val=0.111462 patience=0/10
[2026-04-22 10:52:54] Step7-Ablation3-woTCMGate | Epoch 2/50 train_loss=0.139697 val_mse=0.121806 best_val=0.111462 patience=1/10
[2026-04-22 10:52:58] Step7-Ablation3-woTCMGate | Epoch 3/50 train_loss=0.133485 val_mse=0.074199 best_val=0.074199 patience=0/10
[2026-04-22 10:53:02] Step7-Ablation3-woTCMGate | Epoch 4/50 train_loss=0.129703 val_mse=0.079812 best_val=0.074199 patience=1/10
[2026-04-22 10:53:06] Step7-Ablation3-woTCMGate | Epoch 5/50 train_loss=0.126771 val_mse=0.087204 best_val=0.074199 patience=2/10
[2026-04-22 10:53:11] Step7-Ablation3-woTCMGate | Epoch 6/50 train_loss=0.124492 val_mse=0.059071 best_val=0.059071 patience=0/10
[2026-04-22 10:53:15] Step7-Ablation3-woTCMGate | Epoch 7/50 train_loss=0.122458 val_mse=0.102868 best_val=0.059071 patience=1/10
[2026-04-22 10:53:19] Step7-Ablation3-woTCMGate | Epoch 8/50 train_loss=0.120615 val_mse=0.089461 best_val=0.059071 patience=2/10
[2026-04-22 10:53:23] Step7-Ablation3-woTCMGate | Epoch 9/50 train_loss=0.118156 val_mse=0.153187 best_val=0.059071 patience=3/10
[2026-04-22 10:53:27] Step7-Ablation3-woTCMGate | Epoch 10/50 train_loss=0.116215 val_mse=0.091384 best_val=0.059071 patience=4/10
[2026-04-22 10:53:32] Step7-Ablation3-woTCMGate | Epoch 11/50 train_loss=0.115310 val_mse=0.102200 best_val=0.059071 patience=5/10
[2026-04-22 10:53:36] Step7-Ablation3-woTCMGate | Epoch 12/50 train_loss=0.113231 val_mse=0.077812 best_val=0.059071 patience=6/10
[2026-04-22 10:53:40] Step7-Ablation3-woTCMGate | Epoch 13/50 train_loss=0.111524 val_mse=0.088052 best_val=0.059071 patience=7/10
[2026-04-22 10:53:44] Step7-Ablation3-woTCMGate | Epoch 14/50 train_loss=0.111098 val_mse=0.068652 best_val=0.059071 patience=8/10
[2026-04-22 10:53:48] Step7-Ablation3-woTCMGate | Epoch 15/50 train_loss=0.108727 val_mse=0.068620 best_val=0.059071 patience=9/10
[2026-04-22 10:53:52] Step7-Ablation3-woTCMGate | Epoch 16/50 train_loss=0.106933 val_mse=0.079283 best_val=0.059071 patience=10/10
[2026-04-22 10:53:52] Step7-Ablation3-woTCMGate | Early stop at epoch 16, best=6
[2026-04-22 10:53:52] Step7-Ablation3-woTCMGate DONE | MSE=0.059071 RMSE=0.243045 MAE=0.229511 Pearson=0.913971 [best_epoch=6]
[2026-04-22 10:53:52] >>> Final Ours stabilized hparams: HyperParams(lr=0.00035, weight_decay=1e-05, batch_size=32)
[2026-04-22 10:53:57] Step8-FinalOurs | Epoch 1/50 train_loss=0.174236 val_mse=0.147129 best_val=0.147129 patience=0/10
[2026-04-22 10:54:01] Step8-FinalOurs | Epoch 2/50 train_loss=0.149126 val_mse=0.111628 best_val=0.111628 patience=0/10
[2026-04-22 10:54:05] Step8-FinalOurs | Epoch 3/50 train_loss=0.140419 val_mse=0.112698 best_val=0.111628 patience=1/10
[2026-04-22 10:54:10] Step8-FinalOurs | Epoch 4/50 train_loss=0.136715 val_mse=0.099791 best_val=0.099791 patience=0/10
[2026-04-22 10:54:14] Step8-FinalOurs | Epoch 5/50 train_loss=0.132852 val_mse=0.078110 best_val=0.078110 patience=0/10
[2026-04-22 10:54:18] Step8-FinalOurs | Epoch 6/50 train_loss=0.130486 val_mse=0.096137 best_val=0.078110 patience=1/10
[2026-04-22 10:54:23] Step8-FinalOurs | Epoch 7/50 train_loss=0.126301 val_mse=0.071762 best_val=0.071762 patience=0/10
[2026-04-22 10:54:27] Step8-FinalOurs | Epoch 8/50 train_loss=0.125535 val_mse=0.078562 best_val=0.071762 patience=1/10
[2026-04-22 10:54:31] Step8-FinalOurs | Epoch 9/50 train_loss=0.123194 val_mse=0.075258 best_val=0.071762 patience=2/10
[2026-04-22 10:54:35] Step8-FinalOurs | Epoch 10/50 train_loss=0.120982 val_mse=0.094594 best_val=0.071762 patience=3/10
[2026-04-22 10:54:40] Step8-FinalOurs | Epoch 11/50 train_loss=0.119112 val_mse=0.085314 best_val=0.071762 patience=4/10
[2026-04-22 10:54:44] Step8-FinalOurs | Epoch 12/50 train_loss=0.117995 val_mse=0.078889 best_val=0.071762 patience=5/10
[2026-04-22 10:54:48] Step8-FinalOurs | Epoch 13/50 train_loss=0.115515 val_mse=0.081865 best_val=0.071762 patience=6/10
[2026-04-22 10:54:53] Step8-FinalOurs | Epoch 14/50 train_loss=0.115595 val_mse=0.110721 best_val=0.071762 patience=7/10
[2026-04-22 10:54:57] Step8-FinalOurs | Epoch 15/50 train_loss=0.113644 val_mse=0.058108 best_val=0.058108 patience=0/10
[2026-04-22 10:55:01] Step8-FinalOurs | Epoch 16/50 train_loss=0.112054 val_mse=0.054189 best_val=0.054189 patience=0/10
[2026-04-22 10:55:06] Step8-FinalOurs | Epoch 17/50 train_loss=0.109902 val_mse=0.059180 best_val=0.054189 patience=1/10
[2026-04-22 10:55:10] Step8-FinalOurs | Epoch 18/50 train_loss=0.108387 val_mse=0.059761 best_val=0.054189 patience=2/10
[2026-04-22 10:55:14] Step8-FinalOurs | Epoch 19/50 train_loss=0.107702 val_mse=0.040572 best_val=0.040572 patience=0/10
[2026-04-22 10:55:18] Step8-FinalOurs | Epoch 20/50 train_loss=0.105501 val_mse=0.050771 best_val=0.040572 patience=1/10
[2026-04-22 10:55:23] Step8-FinalOurs | Epoch 21/50 train_loss=0.105103 val_mse=0.043348 best_val=0.040572 patience=2/10
[2026-04-22 10:55:27] Step8-FinalOurs | Epoch 22/50 train_loss=0.102777 val_mse=0.061037 best_val=0.040572 patience=3/10
[2026-04-22 10:55:31] Step8-FinalOurs | Epoch 23/50 train_loss=0.102764 val_mse=0.057675 best_val=0.040572 patience=4/10
[2026-04-22 10:55:36] Step8-FinalOurs | Epoch 24/50 train_loss=0.099413 val_mse=0.044552 best_val=0.040572 patience=5/10
[2026-04-22 10:55:40] Step8-FinalOurs | Epoch 25/50 train_loss=0.099654 val_mse=0.037705 best_val=0.037705 patience=0/10
[2026-04-22 10:55:44] Step8-FinalOurs | Epoch 26/50 train_loss=0.098804 val_mse=0.049224 best_val=0.037705 patience=1/10
[2026-04-22 10:55:48] Step8-FinalOurs | Epoch 27/50 train_loss=0.096867 val_mse=0.045011 best_val=0.037705 patience=2/10
[2026-04-22 10:55:53] Step8-FinalOurs | Epoch 28/50 train_loss=0.095061 val_mse=0.050865 best_val=0.037705 patience=3/10
[2026-04-22 10:55:57] Step8-FinalOurs | Epoch 29/50 train_loss=0.093678 val_mse=0.045831 best_val=0.037705 patience=4/10
[2026-04-22 10:56:01] Step8-FinalOurs | Epoch 30/50 train_loss=0.092327 val_mse=0.040428 best_val=0.037705 patience=5/10
[2026-04-22 10:56:05] Step8-FinalOurs | Epoch 31/50 train_loss=0.091703 val_mse=0.077150 best_val=0.037705 patience=6/10
[2026-04-22 10:56:10] Step8-FinalOurs | Epoch 32/50 train_loss=0.091678 val_mse=0.055342 best_val=0.037705 patience=7/10
[2026-04-22 10:56:14] Step8-FinalOurs | Epoch 33/50 train_loss=0.089522 val_mse=0.034503 best_val=0.034503 patience=0/10
[2026-04-22 10:56:18] Step8-FinalOurs | Epoch 34/50 train_loss=0.089536 val_mse=0.044104 best_val=0.034503 patience=1/10
[2026-04-22 10:56:23] Step8-FinalOurs | Epoch 35/50 train_loss=0.088046 val_mse=0.036276 best_val=0.034503 patience=2/10
[2026-04-22 10:56:27] Step8-FinalOurs | Epoch 36/50 train_loss=0.087434 val_mse=0.045077 best_val=0.034503 patience=3/10
[2026-04-22 10:56:31] Step8-FinalOurs | Epoch 37/50 train_loss=0.086250 val_mse=0.050701 best_val=0.034503 patience=4/10
[2026-04-22 10:56:36] Step8-FinalOurs | Epoch 38/50 train_loss=0.085263 val_mse=0.051861 best_val=0.034503 patience=5/10
[2026-04-22 10:56:40] Step8-FinalOurs | Epoch 39/50 train_loss=0.085327 val_mse=0.059886 best_val=0.034503 patience=6/10
[2026-04-22 10:56:44] Step8-FinalOurs | Epoch 40/50 train_loss=0.083613 val_mse=0.038323 best_val=0.034503 patience=7/10
[2026-04-22 10:56:49] Step8-FinalOurs | Epoch 41/50 train_loss=0.083327 val_mse=0.034571 best_val=0.034503 patience=8/10
[2026-04-22 10:56:53] Step8-FinalOurs | Epoch 42/50 train_loss=0.081503 val_mse=0.042258 best_val=0.034503 patience=9/10
[2026-04-22 10:56:57] Step8-FinalOurs | Epoch 43/50 train_loss=0.080133 val_mse=0.049424 best_val=0.034503 patience=10/10
[2026-04-22 10:56:57] Step8-FinalOurs | Early stop at epoch 43, best=33
[2026-04-22 10:56:57] Step8-FinalOurs DONE | MSE=0.034503 RMSE=0.185749 MAE=0.165690 Pearson=0.933759 [best_epoch=33]
[2026-04-22 10:56:57] >>> Saved final model to /root/work/MulitiModal/checkpoints/best_model.pth

===== Stage 2 Chosen Hyper-Parameters =====
HyperParams(lr=0.0005, weight_decay=1e-05, batch_size=32)
===========================================

Step8 tuned controls: gate_b_scale=0.350, final_lr_mult=0.700
===== Final 9-Step best_val_mse List =====
Step 1: Baseline A -> best_val_mse=0.19099515676498413
Step 2: Baseline B -> best_val_mse=0.1894051730632782
Step 3: Ours-TCN -> best_val_mse=0.19634556770324707
Step 4: Encoder Selection -> best_val_mse=None
Step 5: w/o Dual Gating -> best_val_mse=0.041451141238212585
Step 6: w/o TCM Prior -> best_val_mse=0.04733143001794815
Step 7: w/o TCM_Gate -> best_val_mse=0.05907103791832924
Step 8: Final Ours -> best_val_mse=0.034502848982810974
Step 9: Plotting -> best_val_mse=None
===========================================
[2026-04-22 10:56:58] >>> Experiment flow completed. Summary saved to /root/work/MulitiModal/results/loso_folds/experiments_summary_S11.json
[2026-04-22 10:56:59] >>> LOSO fold holdout=S13
[2026-04-22 10:57:02] >>> Runner signature: RUN_EXPERIMENTS_V2_LOSO_GUARDED | file=/root/work/MulitiModal/run_experiments.py | mtime=2026-04-22 10:20:26
[2026-04-22 10:57:03] >>> Loading WESAD dataset from /root/work/MulitiModal/data/wesad
Subject S10: Age=28.0, Gender=1, BMI=24.0, HR=64.2
Subject S11: Age=26.0, Gender=0, BMI=18.5, HR=63.9
Subject S13: Age=28.0, Gender=1, BMI=25.0, HR=65.6
Subject S14: Age=27.0, Gender=1, BMI=24.7, HR=64.9
Subject S15: Age=28.0, Gender=1, BMI=24.0, HR=66.7
Subject S16: Age=24.0, Gender=1, BMI=20.4, HR=63.5
Subject S17: Age=29.0, Gender=0, BMI=20.2, HR=61.3
Subject S2: Age=27.0, Gender=1, BMI=26.1, HR=64.6
Subject S3: Age=27.0, Gender=1, BMI=23.1, HR=58.7
Subject S4: Age=25.0, Gender=1, BMI=29.4, HR=60.0
Subject S5: Age=35.0, Gender=1, BMI=22.4, HR=62.6
Subject S6: Age=27.0, Gender=1, BMI=22.8, HR=62.9
Subject S7: Age=28.0, Gender=1, BMI=21.9, HR=62.3
Subject S8: Age=27.0, Gender=0, BMI=21.6, HR=64.3
Subject S9: Age=26.0, Gender=1, BMI=22.9, HR=68.1
[2026-04-22 10:57:55] >>> WESAD loaded. total_windows=46324
[2026-04-22 10:57:55] >>> Gate scales: gate_a_scale=0.600, gate_b_scale=0.350
[2026-04-22 10:57:55] >>> Split ready (protocol=loso): train_windows=43214 val_windows=3110 train_subjects=14 val_subjects=1
[2026-04-22 10:57:55] >>> TCM checkpoint resolved to: /root/work/MulitiModal/checkpoints/best_model.pth
[2026-04-22 10:57:55] >>> TCM scaler resolved to: /root/work/MulitiModal/tcm_ft_transformer/scaler_params.npz
/usr/local/miniconda3/envs/py312/lib/python3.12/site-packages/torch/nn/modules/transformer.py:392: UserWarning: enable_nested_tensor is True, but self.use_nested_tensor is False because encoder_layer.norm_first was True
  warnings.warn(
[2026-04-22 10:57:55] >>> Stage 1 skipped (fixed_encoder=inceptiontime)
[2026-04-22 10:57:55] >>> Stage 2: hyper-parameter reset/tuning for encoder=inceptiontime
[2026-04-22 10:57:55] >>> Using override params: HyperParams(lr=0.0005, weight_decay=1e-05, batch_size=32)
[2026-04-22 10:57:55] >>> Running Step8-focused sweep (epochs=20)
[2026-04-22 10:58:01] Sweep-Step8-gb0.100-lm0.500 | Epoch 1/20 train_loss=0.171858 val_mse=0.189982 best_val=0.189982 patience=0/10
[2026-04-22 10:58:05] Sweep-Step8-gb0.100-lm0.500 | Epoch 2/20 train_loss=0.143260 val_mse=0.182819 best_val=0.182819 patience=0/10
[2026-04-22 10:58:10] Sweep-Step8-gb0.100-lm0.500 | Epoch 3/20 train_loss=0.137126 val_mse=0.177995 best_val=0.177995 patience=0/10
[2026-04-22 10:58:14] Sweep-Step8-gb0.100-lm0.500 | Epoch 4/20 train_loss=0.134223 val_mse=0.210608 best_val=0.177995 patience=1/10
[2026-04-22 10:58:18] Sweep-Step8-gb0.100-lm0.500 | Epoch 5/20 train_loss=0.131329 val_mse=0.228500 best_val=0.177995 patience=2/10
[2026-04-22 10:58:23] Sweep-Step8-gb0.100-lm0.500 | Epoch 6/20 train_loss=0.128789 val_mse=0.197388 best_val=0.177995 patience=3/10
[2026-04-22 10:58:27] Sweep-Step8-gb0.100-lm0.500 | Epoch 7/20 train_loss=0.127084 val_mse=0.191163 best_val=0.177995 patience=4/10
[2026-04-22 10:58:31] Sweep-Step8-gb0.100-lm0.500 | Epoch 8/20 train_loss=0.125816 val_mse=0.188459 best_val=0.177995 patience=5/10
[2026-04-22 10:58:36] Sweep-Step8-gb0.100-lm0.500 | Epoch 9/20 train_loss=0.124230 val_mse=0.221029 best_val=0.177995 patience=6/10
[2026-04-22 10:58:40] Sweep-Step8-gb0.100-lm0.500 | Epoch 10/20 train_loss=0.121985 val_mse=0.211461 best_val=0.177995 patience=7/10
[2026-04-22 10:58:44] Sweep-Step8-gb0.100-lm0.500 | Epoch 11/20 train_loss=0.120158 val_mse=0.184695 best_val=0.177995 patience=8/10
[2026-04-22 10:58:48] Sweep-Step8-gb0.100-lm0.500 | Epoch 12/20 train_loss=0.121536 val_mse=0.199200 best_val=0.177995 patience=9/10
[2026-04-22 10:58:53] Sweep-Step8-gb0.100-lm0.500 | Epoch 13/20 train_loss=0.118732 val_mse=0.183773 best_val=0.177995 patience=10/10
[2026-04-22 10:58:53] Sweep-Step8-gb0.100-lm0.500 | Early stop at epoch 13, best=3
[2026-04-22 10:58:53] Sweep-Step8-gb0.100-lm0.500 DONE | MSE=0.177995 RMSE=0.421895 MAE=0.363793 Pearson=0.318236 [best_epoch=3]
[2026-04-22 10:58:57] Sweep-Step8-gb0.100-lm0.700 | Epoch 1/20 train_loss=0.163465 val_mse=0.188897 best_val=0.188897 patience=0/10
[2026-04-22 10:59:02] Sweep-Step8-gb0.100-lm0.700 | Epoch 2/20 train_loss=0.143265 val_mse=0.197055 best_val=0.188897 patience=1/10
[2026-04-22 10:59:06] Sweep-Step8-gb0.100-lm0.700 | Epoch 3/20 train_loss=0.136644 val_mse=0.193736 best_val=0.188897 patience=2/10
[2026-04-22 10:59:10] Sweep-Step8-gb0.100-lm0.700 | Epoch 4/20 train_loss=0.131415 val_mse=0.197596 best_val=0.188897 patience=3/10
[2026-04-22 10:59:15] Sweep-Step8-gb0.100-lm0.700 | Epoch 5/20 train_loss=0.128250 val_mse=0.174230 best_val=0.174230 patience=0/10
[2026-04-22 10:59:19] Sweep-Step8-gb0.100-lm0.700 | Epoch 6/20 train_loss=0.126315 val_mse=0.204987 best_val=0.174230 patience=1/10
[2026-04-22 10:59:23] Sweep-Step8-gb0.100-lm0.700 | Epoch 7/20 train_loss=0.123681 val_mse=0.193151 best_val=0.174230 patience=2/10
[2026-04-22 10:59:27] Sweep-Step8-gb0.100-lm0.700 | Epoch 8/20 train_loss=0.121911 val_mse=0.163656 best_val=0.163656 patience=0/10
[2026-04-22 10:59:32] Sweep-Step8-gb0.100-lm0.700 | Epoch 9/20 train_loss=0.120367 val_mse=0.192249 best_val=0.163656 patience=1/10
[2026-04-22 10:59:36] Sweep-Step8-gb0.100-lm0.700 | Epoch 10/20 train_loss=0.118493 val_mse=0.210607 best_val=0.163656 patience=2/10
[2026-04-22 10:59:40] Sweep-Step8-gb0.100-lm0.700 | Epoch 11/20 train_loss=0.117838 val_mse=0.199770 best_val=0.163656 patience=3/10
[2026-04-22 10:59:45] Sweep-Step8-gb0.100-lm0.700 | Epoch 12/20 train_loss=0.115999 val_mse=0.176180 best_val=0.163656 patience=4/10
[2026-04-22 10:59:49] Sweep-Step8-gb0.100-lm0.700 | Epoch 13/20 train_loss=0.114053 val_mse=0.140433 best_val=0.140433 patience=0/10
[2026-04-22 10:59:53] Sweep-Step8-gb0.100-lm0.700 | Epoch 14/20 train_loss=0.112866 val_mse=0.142982 best_val=0.140433 patience=1/10
[2026-04-22 10:59:58] Sweep-Step8-gb0.100-lm0.700 | Epoch 15/20 train_loss=0.111803 val_mse=0.147622 best_val=0.140433 patience=2/10
[2026-04-22 11:00:02] Sweep-Step8-gb0.100-lm0.700 | Epoch 16/20 train_loss=0.111149 val_mse=0.129133 best_val=0.129133 patience=0/10
[2026-04-22 11:00:06] Sweep-Step8-gb0.100-lm0.700 | Epoch 17/20 train_loss=0.110123 val_mse=0.136733 best_val=0.129133 patience=1/10
[2026-04-22 11:00:11] Sweep-Step8-gb0.100-lm0.700 | Epoch 18/20 train_loss=0.108418 val_mse=0.153779 best_val=0.129133 patience=2/10
[2026-04-22 11:00:15] Sweep-Step8-gb0.100-lm0.700 | Epoch 19/20 train_loss=0.107411 val_mse=0.162094 best_val=0.129133 patience=3/10
[2026-04-22 11:00:19] Sweep-Step8-gb0.100-lm0.700 | Epoch 20/20 train_loss=0.105587 val_mse=0.131580 best_val=0.129133 patience=4/10
[2026-04-22 11:00:19] Sweep-Step8-gb0.100-lm0.700 DONE | MSE=0.129133 RMSE=0.359351 MAE=0.314311 Pearson=0.661154 [best_epoch=16]
[2026-04-22 11:00:24] Sweep-Step8-gb0.350-lm0.500 | Epoch 1/20 train_loss=0.177203 val_mse=0.195182 best_val=0.195182 patience=0/10
[2026-04-22 11:00:28] Sweep-Step8-gb0.350-lm0.500 | Epoch 2/20 train_loss=0.143110 val_mse=0.187092 best_val=0.187092 patience=0/10
[2026-04-22 11:00:32] Sweep-Step8-gb0.350-lm0.500 | Epoch 3/20 train_loss=0.136365 val_mse=0.213040 best_val=0.187092 patience=1/10
[2026-04-22 11:00:37] Sweep-Step8-gb0.350-lm0.500 | Epoch 4/20 train_loss=0.132068 val_mse=0.187541 best_val=0.187092 patience=2/10
[2026-04-22 11:00:41] Sweep-Step8-gb0.350-lm0.500 | Epoch 5/20 train_loss=0.129229 val_mse=0.184625 best_val=0.184625 patience=0/10
[2026-04-22 11:00:45] Sweep-Step8-gb0.350-lm0.500 | Epoch 6/20 train_loss=0.126933 val_mse=0.184931 best_val=0.184625 patience=1/10
[2026-04-22 11:00:50] Sweep-Step8-gb0.350-lm0.500 | Epoch 7/20 train_loss=0.124946 val_mse=0.171864 best_val=0.171864 patience=0/10
[2026-04-22 11:00:54] Sweep-Step8-gb0.350-lm0.500 | Epoch 8/20 train_loss=0.124078 val_mse=0.155608 best_val=0.155608 patience=0/10
[2026-04-22 11:00:58] Sweep-Step8-gb0.350-lm0.500 | Epoch 9/20 train_loss=0.121065 val_mse=0.174127 best_val=0.155608 patience=1/10
[2026-04-22 11:01:03] Sweep-Step8-gb0.350-lm0.500 | Epoch 10/20 train_loss=0.120378 val_mse=0.157874 best_val=0.155608 patience=2/10
[2026-04-22 11:01:07] Sweep-Step8-gb0.350-lm0.500 | Epoch 11/20 train_loss=0.118037 val_mse=0.153156 best_val=0.153156 patience=0/10
[2026-04-22 11:01:12] Sweep-Step8-gb0.350-lm0.500 | Epoch 12/20 train_loss=0.118123 val_mse=0.166904 best_val=0.153156 patience=1/10
[2026-04-22 11:01:16] Sweep-Step8-gb0.350-lm0.500 | Epoch 13/20 train_loss=0.115722 val_mse=0.167564 best_val=0.153156 patience=2/10
[2026-04-22 11:01:20] Sweep-Step8-gb0.350-lm0.500 | Epoch 14/20 train_loss=0.117144 val_mse=0.154387 best_val=0.153156 patience=3/10
[2026-04-22 11:01:24] Sweep-Step8-gb0.350-lm0.500 | Epoch 15/20 train_loss=0.113992 val_mse=0.152407 best_val=0.152407 patience=0/10
[2026-04-22 11:01:29] Sweep-Step8-gb0.350-lm0.500 | Epoch 16/20 train_loss=0.113284 val_mse=0.192641 best_val=0.152407 patience=1/10
[2026-04-22 11:01:33] Sweep-Step8-gb0.350-lm0.500 | Epoch 17/20 train_loss=0.111068 val_mse=0.132588 best_val=0.132588 patience=0/10
[2026-04-22 11:01:38] Sweep-Step8-gb0.350-lm0.500 | Epoch 18/20 train_loss=0.112029 val_mse=0.155029 best_val=0.132588 patience=1/10
[2026-04-22 11:01:42] Sweep-Step8-gb0.350-lm0.500 | Epoch 19/20 train_loss=0.111709 val_mse=0.164690 best_val=0.132588 patience=2/10
[2026-04-22 11:01:46] Sweep-Step8-gb0.350-lm0.500 | Epoch 20/20 train_loss=0.109702 val_mse=0.145446 best_val=0.132588 patience=3/10
[2026-04-22 11:01:47] Sweep-Step8-gb0.350-lm0.500 DONE | MSE=0.132588 RMSE=0.364126 MAE=0.305749 Pearson=0.656131 [best_epoch=17]
[2026-04-22 11:01:51] Sweep-Step8-gb0.350-lm0.700 | Epoch 1/20 train_loss=0.165973 val_mse=0.190767 best_val=0.190767 patience=0/10
[2026-04-22 11:01:55] Sweep-Step8-gb0.350-lm0.700 | Epoch 2/20 train_loss=0.137284 val_mse=0.204012 best_val=0.190767 patience=1/10
[2026-04-22 11:01:59] Sweep-Step8-gb0.350-lm0.700 | Epoch 3/20 train_loss=0.130229 val_mse=0.167732 best_val=0.167732 patience=0/10
[2026-04-22 11:02:04] Sweep-Step8-gb0.350-lm0.700 | Epoch 4/20 train_loss=0.127725 val_mse=0.178605 best_val=0.167732 patience=1/10
[2026-04-22 11:02:08] Sweep-Step8-gb0.350-lm0.700 | Epoch 5/20 train_loss=0.124905 val_mse=0.147676 best_val=0.147676 patience=0/10
[2026-04-22 11:02:12] Sweep-Step8-gb0.350-lm0.700 | Epoch 6/20 train_loss=0.122923 val_mse=0.139165 best_val=0.139165 patience=0/10
[2026-04-22 11:02:16] Sweep-Step8-gb0.350-lm0.700 | Epoch 7/20 train_loss=0.119966 val_mse=0.165145 best_val=0.139165 patience=1/10
[2026-04-22 11:02:21] Sweep-Step8-gb0.350-lm0.700 | Epoch 8/20 train_loss=0.119339 val_mse=0.157882 best_val=0.139165 patience=2/10
[2026-04-22 11:02:25] Sweep-Step8-gb0.350-lm0.700 | Epoch 9/20 train_loss=0.116990 val_mse=0.163311 best_val=0.139165 patience=3/10
[2026-04-22 11:02:29] Sweep-Step8-gb0.350-lm0.700 | Epoch 10/20 train_loss=0.115133 val_mse=0.177110 best_val=0.139165 patience=4/10
[2026-04-22 11:02:33] Sweep-Step8-gb0.350-lm0.700 | Epoch 11/20 train_loss=0.113774 val_mse=0.148318 best_val=0.139165 patience=5/10
[2026-04-22 11:02:38] Sweep-Step8-gb0.350-lm0.700 | Epoch 12/20 train_loss=0.112468 val_mse=0.120409 best_val=0.120409 patience=0/10
[2026-04-22 11:02:42] Sweep-Step8-gb0.350-lm0.700 | Epoch 13/20 train_loss=0.109842 val_mse=0.131966 best_val=0.120409 patience=1/10
[2026-04-22 11:02:46] Sweep-Step8-gb0.350-lm0.700 | Epoch 14/20 train_loss=0.109654 val_mse=0.141954 best_val=0.120409 patience=2/10
[2026-04-22 11:02:50] Sweep-Step8-gb0.350-lm0.700 | Epoch 15/20 train_loss=0.107851 val_mse=0.106687 best_val=0.106687 patience=0/10
[2026-04-22 11:02:55] Sweep-Step8-gb0.350-lm0.700 | Epoch 16/20 train_loss=0.105806 val_mse=0.119446 best_val=0.106687 patience=1/10
[2026-04-22 11:02:59] Sweep-Step8-gb0.350-lm0.700 | Epoch 17/20 train_loss=0.104841 val_mse=0.139483 best_val=0.106687 patience=2/10
[2026-04-22 11:03:03] Sweep-Step8-gb0.350-lm0.700 | Epoch 18/20 train_loss=0.104654 val_mse=0.138258 best_val=0.106687 patience=3/10
[2026-04-22 11:03:07] Sweep-Step8-gb0.350-lm0.700 | Epoch 19/20 train_loss=0.101877 val_mse=0.123291 best_val=0.106687 patience=4/10
[2026-04-22 11:03:12] Sweep-Step8-gb0.350-lm0.700 | Epoch 20/20 train_loss=0.102655 val_mse=0.116121 best_val=0.106687 patience=5/10
[2026-04-22 11:03:12] Sweep-Step8-gb0.350-lm0.700 DONE | MSE=0.106687 RMSE=0.326630 MAE=0.276048 Pearson=0.764985 [best_epoch=15]
[2026-04-22 11:03:12] >>> Sweep best: gate_b_scale=0.350, final_lr_mult=0.700, mse=0.106687
[2026-04-22 11:03:12] >>> Stage 3: running 9-step matrix with fixed best params
[2026-04-22 11:03:15] Step1-BaselineA-Weak | Epoch 1/50 train_loss=0.188562 val_mse=0.170879 best_val=0.170879 patience=0/10
[2026-04-22 11:03:19] Step1-BaselineA-Weak | Epoch 2/50 train_loss=0.175452 val_mse=0.165856 best_val=0.165856 patience=0/10
[2026-04-22 11:03:22] Step1-BaselineA-Weak | Epoch 3/50 train_loss=0.174733 val_mse=0.191448 best_val=0.165856 patience=1/10
[2026-04-22 11:03:26] Step1-BaselineA-Weak | Epoch 4/50 train_loss=0.172075 val_mse=0.195595 best_val=0.165856 patience=2/10
[2026-04-22 11:03:29] Step1-BaselineA-Weak | Epoch 5/50 train_loss=0.172826 val_mse=0.189008 best_val=0.165856 patience=3/10
[2026-04-22 11:03:33] Step1-BaselineA-Weak | Epoch 6/50 train_loss=0.171958 val_mse=0.200638 best_val=0.165856 patience=4/10
[2026-04-22 11:03:37] Step1-BaselineA-Weak | Epoch 7/50 train_loss=0.170756 val_mse=0.191547 best_val=0.165856 patience=5/10
[2026-04-22 11:03:40] Step1-BaselineA-Weak | Epoch 8/50 train_loss=0.170007 val_mse=0.195321 best_val=0.165856 patience=6/10
[2026-04-22 11:03:44] Step1-BaselineA-Weak | Epoch 9/50 train_loss=0.169093 val_mse=0.203755 best_val=0.165856 patience=7/10
[2026-04-22 11:03:47] Step1-BaselineA-Weak | Epoch 10/50 train_loss=0.168527 val_mse=0.207443 best_val=0.165856 patience=8/10
[2026-04-22 11:03:51] Step1-BaselineA-Weak | Epoch 11/50 train_loss=0.167958 val_mse=0.195479 best_val=0.165856 patience=9/10
[2026-04-22 11:03:54] Step1-BaselineA-Weak | Epoch 12/50 train_loss=0.166279 val_mse=0.204073 best_val=0.165856 patience=10/10
[2026-04-22 11:03:54] Step1-BaselineA-Weak | Early stop at epoch 12, best=2
[2026-04-22 11:03:55] Step1-BaselineA-Weak DONE | MSE=0.165856 RMSE=0.407255 MAE=0.356606 Pearson=0.870603 [best_epoch=2]
[2026-04-22 11:03:58] Step2-BaselineB-Strong | Epoch 1/50 train_loss=0.193648 val_mse=0.172191 best_val=0.172191 patience=0/10
[2026-04-22 11:04:02] Step2-BaselineB-Strong | Epoch 2/50 train_loss=0.178079 val_mse=0.183854 best_val=0.172191 patience=1/10
[2026-04-22 11:04:06] Step2-BaselineB-Strong | Epoch 3/50 train_loss=0.175974 val_mse=0.195056 best_val=0.172191 patience=2/10
[2026-04-22 11:04:09] Step2-BaselineB-Strong | Epoch 4/50 train_loss=0.175537 val_mse=0.181474 best_val=0.172191 patience=3/10
[2026-04-22 11:04:13] Step2-BaselineB-Strong | Epoch 5/50 train_loss=0.174047 val_mse=0.186358 best_val=0.172191 patience=4/10
[2026-04-22 11:04:17] Step2-BaselineB-Strong | Epoch 6/50 train_loss=0.173444 val_mse=0.197665 best_val=0.172191 patience=5/10
[2026-04-22 11:04:20] Step2-BaselineB-Strong | Epoch 7/50 train_loss=0.173095 val_mse=0.186240 best_val=0.172191 patience=6/10
[2026-04-22 11:04:24] Step2-BaselineB-Strong | Epoch 8/50 train_loss=0.172628 val_mse=0.187338 best_val=0.172191 patience=7/10
[2026-04-22 11:04:28] Step2-BaselineB-Strong | Epoch 9/50 train_loss=0.171905 val_mse=0.178729 best_val=0.172191 patience=8/10
[2026-04-22 11:04:31] Step2-BaselineB-Strong | Epoch 10/50 train_loss=0.171363 val_mse=0.174894 best_val=0.172191 patience=9/10
[2026-04-22 11:04:35] Step2-BaselineB-Strong | Epoch 11/50 train_loss=0.171350 val_mse=0.175481 best_val=0.172191 patience=10/10
[2026-04-22 11:04:35] Step2-BaselineB-Strong | Early stop at epoch 11, best=1
[2026-04-22 11:04:35] Step2-BaselineB-Strong DONE | MSE=0.172191 RMSE=0.414959 MAE=0.374035 Pearson=0.959195 [best_epoch=1]
[2026-04-22 11:04:39] Step3-Ours-TCN | Epoch 1/50 train_loss=0.186109 val_mse=0.154364 best_val=0.154364 patience=0/10
[2026-04-22 11:04:43] Step3-Ours-TCN | Epoch 2/50 train_loss=0.175583 val_mse=0.187414 best_val=0.154364 patience=1/10
[2026-04-22 11:04:47] Step3-Ours-TCN | Epoch 3/50 train_loss=0.173889 val_mse=0.197812 best_val=0.154364 patience=2/10
[2026-04-22 11:04:51] Step3-Ours-TCN | Epoch 4/50 train_loss=0.173529 val_mse=0.176198 best_val=0.154364 patience=3/10
[2026-04-22 11:04:55] Step3-Ours-TCN | Epoch 5/50 train_loss=0.173118 val_mse=0.188285 best_val=0.154364 patience=4/10
[2026-04-22 11:04:59] Step3-Ours-TCN | Epoch 6/50 train_loss=0.172454 val_mse=0.158386 best_val=0.154364 patience=5/10
[2026-04-22 11:05:03] Step3-Ours-TCN | Epoch 7/50 train_loss=0.172528 val_mse=0.185490 best_val=0.154364 patience=6/10
[2026-04-22 11:05:07] Step3-Ours-TCN | Epoch 8/50 train_loss=0.171892 val_mse=0.195527 best_val=0.154364 patience=7/10
[2026-04-22 11:05:11] Step3-Ours-TCN | Epoch 9/50 train_loss=0.172086 val_mse=0.190110 best_val=0.154364 patience=8/10
[2026-04-22 11:05:15] Step3-Ours-TCN | Epoch 10/50 train_loss=0.171845 val_mse=0.166630 best_val=0.154364 patience=9/10
[2026-04-22 11:05:19] Step3-Ours-TCN | Epoch 11/50 train_loss=0.171466 val_mse=0.203015 best_val=0.154364 patience=10/10
[2026-04-22 11:05:19] Step3-Ours-TCN | Early stop at epoch 11, best=1
[2026-04-22 11:05:19] Step3-Ours-TCN DONE | MSE=0.154364 RMSE=0.392892 MAE=0.353157 Pearson=0.942460 [best_epoch=1]
[2026-04-22 11:05:23] Step5-Ablation1-woDualGating | Epoch 1/50 train_loss=0.164643 val_mse=0.201488 best_val=0.201488 patience=0/10
[2026-04-22 11:05:27] Step5-Ablation1-woDualGating | Epoch 2/50 train_loss=0.141586 val_mse=0.186083 best_val=0.186083 patience=0/10
[2026-04-22 11:05:31] Step5-Ablation1-woDualGating | Epoch 3/50 train_loss=0.134647 val_mse=0.178867 best_val=0.178867 patience=0/10
[2026-04-22 11:05:35] Step5-Ablation1-woDualGating | Epoch 4/50 train_loss=0.130546 val_mse=0.191764 best_val=0.178867 patience=1/10
[2026-04-22 11:05:39] Step5-Ablation1-woDualGating | Epoch 5/50 train_loss=0.129097 val_mse=0.192824 best_val=0.178867 patience=2/10
[2026-04-22 11:05:43] Step5-Ablation1-woDualGating | Epoch 6/50 train_loss=0.125826 val_mse=0.178110 best_val=0.178110 patience=0/10
[2026-04-22 11:05:47] Step5-Ablation1-woDualGating | Epoch 7/50 train_loss=0.123808 val_mse=0.198734 best_val=0.178110 patience=1/10
[2026-04-22 11:05:51] Step5-Ablation1-woDualGating | Epoch 8/50 train_loss=0.121322 val_mse=0.225520 best_val=0.178110 patience=2/10
[2026-04-22 11:05:55] Step5-Ablation1-woDualGating | Epoch 9/50 train_loss=0.119529 val_mse=0.182308 best_val=0.178110 patience=3/10
[2026-04-22 11:06:00] Step5-Ablation1-woDualGating | Epoch 10/50 train_loss=0.120040 val_mse=0.155308 best_val=0.155308 patience=0/10
[2026-04-22 11:06:03] Step5-Ablation1-woDualGating | Epoch 11/50 train_loss=0.117421 val_mse=0.137456 best_val=0.137456 patience=0/10
[2026-04-22 11:06:08] Step5-Ablation1-woDualGating | Epoch 12/50 train_loss=0.115951 val_mse=0.171649 best_val=0.137456 patience=1/10
[2026-04-22 11:06:12] Step5-Ablation1-woDualGating | Epoch 13/50 train_loss=0.114720 val_mse=0.154478 best_val=0.137456 patience=2/10
[2026-04-22 11:06:16] Step5-Ablation1-woDualGating | Epoch 14/50 train_loss=0.111929 val_mse=0.143635 best_val=0.137456 patience=3/10
[2026-04-22 11:06:20] Step5-Ablation1-woDualGating | Epoch 15/50 train_loss=0.113264 val_mse=0.147860 best_val=0.137456 patience=4/10
[2026-04-22 11:06:24] Step5-Ablation1-woDualGating | Epoch 16/50 train_loss=0.110179 val_mse=0.158142 best_val=0.137456 patience=5/10
[2026-04-22 11:06:28] Step5-Ablation1-woDualGating | Epoch 17/50 train_loss=0.108871 val_mse=0.134692 best_val=0.134692 patience=0/10
[2026-04-22 11:06:32] Step5-Ablation1-woDualGating | Epoch 18/50 train_loss=0.110973 val_mse=0.142906 best_val=0.134692 patience=1/10
[2026-04-22 11:06:36] Step5-Ablation1-woDualGating | Epoch 19/50 train_loss=0.107428 val_mse=0.137364 best_val=0.134692 patience=2/10
[2026-04-22 11:06:40] Step5-Ablation1-woDualGating | Epoch 20/50 train_loss=0.106045 val_mse=0.151304 best_val=0.134692 patience=3/10
[2026-04-22 11:06:44] Step5-Ablation1-woDualGating | Epoch 21/50 train_loss=0.105327 val_mse=0.125266 best_val=0.125266 patience=0/10
[2026-04-22 11:06:48] Step5-Ablation1-woDualGating | Epoch 22/50 train_loss=0.103725 val_mse=0.135197 best_val=0.125266 patience=1/10
[2026-04-22 11:06:52] Step5-Ablation1-woDualGating | Epoch 23/50 train_loss=0.104241 val_mse=0.123072 best_val=0.123072 patience=0/10
[2026-04-22 11:06:56] Step5-Ablation1-woDualGating | Epoch 24/50 train_loss=0.102806 val_mse=0.119050 best_val=0.119050 patience=0/10
[2026-04-22 11:07:00] Step5-Ablation1-woDualGating | Epoch 25/50 train_loss=0.101136 val_mse=0.152764 best_val=0.119050 patience=1/10
[2026-04-22 11:07:04] Step5-Ablation1-woDualGating | Epoch 26/50 train_loss=0.101385 val_mse=0.117977 best_val=0.117977 patience=0/10
[2026-04-22 11:07:08] Step5-Ablation1-woDualGating | Epoch 27/50 train_loss=0.100751 val_mse=0.127675 best_val=0.117977 patience=1/10
[2026-04-22 11:07:12] Step5-Ablation1-woDualGating | Epoch 28/50 train_loss=0.100791 val_mse=0.119220 best_val=0.117977 patience=2/10
[2026-04-22 11:07:16] Step5-Ablation1-woDualGating | Epoch 29/50 train_loss=0.100311 val_mse=0.126413 best_val=0.117977 patience=3/10
[2026-04-22 11:07:20] Step5-Ablation1-woDualGating | Epoch 30/50 train_loss=0.098180 val_mse=0.115465 best_val=0.115465 patience=0/10
[2026-04-22 11:07:24] Step5-Ablation1-woDualGating | Epoch 31/50 train_loss=0.099265 val_mse=0.105367 best_val=0.105367 patience=0/10
[2026-04-22 11:07:28] Step5-Ablation1-woDualGating | Epoch 32/50 train_loss=0.097664 val_mse=0.111128 best_val=0.105367 patience=1/10
[2026-04-22 11:07:32] Step5-Ablation1-woDualGating | Epoch 33/50 train_loss=0.098754 val_mse=0.108195 best_val=0.105367 patience=2/10
[2026-04-22 11:07:36] Step5-Ablation1-woDualGating | Epoch 34/50 train_loss=0.095653 val_mse=0.109231 best_val=0.105367 patience=3/10
[2026-04-22 11:07:40] Step5-Ablation1-woDualGating | Epoch 35/50 train_loss=0.095998 val_mse=0.111107 best_val=0.105367 patience=4/10
[2026-04-22 11:07:44] Step5-Ablation1-woDualGating | Epoch 36/50 train_loss=0.094793 val_mse=0.143553 best_val=0.105367 patience=5/10
[2026-04-22 11:07:48] Step5-Ablation1-woDualGating | Epoch 37/50 train_loss=0.094826 val_mse=0.106839 best_val=0.105367 patience=6/10
[2026-04-22 11:07:52] Step5-Ablation1-woDualGating | Epoch 38/50 train_loss=0.095280 val_mse=0.115226 best_val=0.105367 patience=7/10
[2026-04-22 11:07:57] Step5-Ablation1-woDualGating | Epoch 39/50 train_loss=0.095668 val_mse=0.132162 best_val=0.105367 patience=8/10
[2026-04-22 11:08:01] Step5-Ablation1-woDualGating | Epoch 40/50 train_loss=0.094365 val_mse=0.116851 best_val=0.105367 patience=9/10
[2026-04-22 11:08:05] Step5-Ablation1-woDualGating | Epoch 41/50 train_loss=0.092412 val_mse=0.124266 best_val=0.105367 patience=10/10
[2026-04-22 11:08:05] Step5-Ablation1-woDualGating | Early stop at epoch 41, best=31
[2026-04-22 11:08:05] Step5-Ablation1-woDualGating DONE | MSE=0.105367 RMSE=0.324602 MAE=0.288920 Pearson=0.789256 [best_epoch=31]
[2026-04-22 11:08:09] Step6-Ablation2-woTCMPrior | Epoch 1/50 train_loss=0.163576 val_mse=0.200092 best_val=0.200092 patience=0/10
[2026-04-22 11:08:13] Step6-Ablation2-woTCMPrior | Epoch 2/50 train_loss=0.141250 val_mse=0.203359 best_val=0.200092 patience=1/10
[2026-04-22 11:08:17] Step6-Ablation2-woTCMPrior | Epoch 3/50 train_loss=0.134686 val_mse=0.194270 best_val=0.194270 patience=0/10
[2026-04-22 11:08:21] Step6-Ablation2-woTCMPrior | Epoch 4/50 train_loss=0.131568 val_mse=0.197797 best_val=0.194270 patience=1/10
[2026-04-22 11:08:25] Step6-Ablation2-woTCMPrior | Epoch 5/50 train_loss=0.129755 val_mse=0.202643 best_val=0.194270 patience=2/10
[2026-04-22 11:08:29] Step6-Ablation2-woTCMPrior | Epoch 6/50 train_loss=0.126872 val_mse=0.210396 best_val=0.194270 patience=3/10
[2026-04-22 11:08:33] Step6-Ablation2-woTCMPrior | Epoch 7/50 train_loss=0.126338 val_mse=0.190061 best_val=0.190061 patience=0/10
[2026-04-22 11:08:37] Step6-Ablation2-woTCMPrior | Epoch 8/50 train_loss=0.124357 val_mse=0.203255 best_val=0.190061 patience=1/10
[2026-04-22 11:08:41] Step6-Ablation2-woTCMPrior | Epoch 9/50 train_loss=0.122277 val_mse=0.155810 best_val=0.155810 patience=0/10
[2026-04-22 11:08:45] Step6-Ablation2-woTCMPrior | Epoch 10/50 train_loss=0.121163 val_mse=0.177750 best_val=0.155810 patience=1/10
[2026-04-22 11:08:49] Step6-Ablation2-woTCMPrior | Epoch 11/50 train_loss=0.118947 val_mse=0.170634 best_val=0.155810 patience=2/10
[2026-04-22 11:08:53] Step6-Ablation2-woTCMPrior | Epoch 12/50 train_loss=0.119379 val_mse=0.204315 best_val=0.155810 patience=3/10
[2026-04-22 11:08:57] Step6-Ablation2-woTCMPrior | Epoch 13/50 train_loss=0.115999 val_mse=0.169185 best_val=0.155810 patience=4/10
[2026-04-22 11:09:00] Step6-Ablation2-woTCMPrior | Epoch 14/50 train_loss=0.115069 val_mse=0.200702 best_val=0.155810 patience=5/10
[2026-04-22 11:09:04] Step6-Ablation2-woTCMPrior | Epoch 15/50 train_loss=0.113866 val_mse=0.205060 best_val=0.155810 patience=6/10
[2026-04-22 11:09:08] Step6-Ablation2-woTCMPrior | Epoch 16/50 train_loss=0.113140 val_mse=0.161877 best_val=0.155810 patience=7/10
[2026-04-22 11:09:12] Step6-Ablation2-woTCMPrior | Epoch 17/50 train_loss=0.110743 val_mse=0.188943 best_val=0.155810 patience=8/10
[2026-04-22 11:09:16] Step6-Ablation2-woTCMPrior | Epoch 18/50 train_loss=0.111603 val_mse=0.161599 best_val=0.155810 patience=9/10
[2026-04-22 11:09:20] Step6-Ablation2-woTCMPrior | Epoch 19/50 train_loss=0.110101 val_mse=0.199683 best_val=0.155810 patience=10/10
[2026-04-22 11:09:20] Step6-Ablation2-woTCMPrior | Early stop at epoch 19, best=9
[2026-04-22 11:09:20] Step6-Ablation2-woTCMPrior DONE | MSE=0.155810 RMSE=0.394727 MAE=0.316002 Pearson=0.552170 [best_epoch=9]
[2026-04-22 11:09:24] Step7-Ablation3-woTCMGate | Epoch 1/50 train_loss=0.160941 val_mse=0.206717 best_val=0.206717 patience=0/10
[2026-04-22 11:09:29] Step7-Ablation3-woTCMGate | Epoch 2/50 train_loss=0.141962 val_mse=0.227651 best_val=0.206717 patience=1/10
[2026-04-22 11:09:33] Step7-Ablation3-woTCMGate | Epoch 3/50 train_loss=0.137183 val_mse=0.184745 best_val=0.184745 patience=0/10
[2026-04-22 11:09:37] Step7-Ablation3-woTCMGate | Epoch 4/50 train_loss=0.134255 val_mse=0.194916 best_val=0.184745 patience=1/10
[2026-04-22 11:09:41] Step7-Ablation3-woTCMGate | Epoch 5/50 train_loss=0.130397 val_mse=0.170068 best_val=0.170068 patience=0/10
[2026-04-22 11:09:45] Step7-Ablation3-woTCMGate | Epoch 6/50 train_loss=0.129336 val_mse=0.215547 best_val=0.170068 patience=1/10
[2026-04-22 11:09:50] Step7-Ablation3-woTCMGate | Epoch 7/50 train_loss=0.125195 val_mse=0.214090 best_val=0.170068 patience=2/10
[2026-04-22 11:09:54] Step7-Ablation3-woTCMGate | Epoch 8/50 train_loss=0.122830 val_mse=0.196578 best_val=0.170068 patience=3/10
[2026-04-22 11:09:58] Step7-Ablation3-woTCMGate | Epoch 9/50 train_loss=0.121043 val_mse=0.162927 best_val=0.162927 patience=0/10
[2026-04-22 11:10:02] Step7-Ablation3-woTCMGate | Epoch 10/50 train_loss=0.119344 val_mse=0.194305 best_val=0.162927 patience=1/10
[2026-04-22 11:10:06] Step7-Ablation3-woTCMGate | Epoch 11/50 train_loss=0.117556 val_mse=0.176658 best_val=0.162927 patience=2/10
[2026-04-22 11:10:10] Step7-Ablation3-woTCMGate | Epoch 12/50 train_loss=0.116161 val_mse=0.151011 best_val=0.151011 patience=0/10
[2026-04-22 11:10:14] Step7-Ablation3-woTCMGate | Epoch 13/50 train_loss=0.114699 val_mse=0.117338 best_val=0.117338 patience=0/10
[2026-04-22 11:10:19] Step7-Ablation3-woTCMGate | Epoch 14/50 train_loss=0.113624 val_mse=0.154883 best_val=0.117338 patience=1/10
[2026-04-22 11:10:23] Step7-Ablation3-woTCMGate | Epoch 15/50 train_loss=0.111225 val_mse=0.150005 best_val=0.117338 patience=2/10
[2026-04-22 11:10:27] Step7-Ablation3-woTCMGate | Epoch 16/50 train_loss=0.110865 val_mse=0.190314 best_val=0.117338 patience=3/10
[2026-04-22 11:10:31] Step7-Ablation3-woTCMGate | Epoch 17/50 train_loss=0.109880 val_mse=0.123964 best_val=0.117338 patience=4/10
[2026-04-22 11:10:35] Step7-Ablation3-woTCMGate | Epoch 18/50 train_loss=0.108265 val_mse=0.165197 best_val=0.117338 patience=5/10
[2026-04-22 11:10:39] Step7-Ablation3-woTCMGate | Epoch 19/50 train_loss=0.106897 val_mse=0.128802 best_val=0.117338 patience=6/10
[2026-04-22 11:10:43] Step7-Ablation3-woTCMGate | Epoch 20/50 train_loss=0.105304 val_mse=0.156464 best_val=0.117338 patience=7/10
[2026-04-22 11:10:48] Step7-Ablation3-woTCMGate | Epoch 21/50 train_loss=0.105568 val_mse=0.132304 best_val=0.117338 patience=8/10
[2026-04-22 11:10:52] Step7-Ablation3-woTCMGate | Epoch 22/50 train_loss=0.104209 val_mse=0.145475 best_val=0.117338 patience=9/10
[2026-04-22 11:10:56] Step7-Ablation3-woTCMGate | Epoch 23/50 train_loss=0.104911 val_mse=0.141438 best_val=0.117338 patience=10/10
[2026-04-22 11:10:56] Step7-Ablation3-woTCMGate | Early stop at epoch 23, best=13
[2026-04-22 11:10:56] Step7-Ablation3-woTCMGate DONE | MSE=0.117338 RMSE=0.342546 MAE=0.297776 Pearson=0.789775 [best_epoch=13]
[2026-04-22 11:10:56] >>> Final Ours stabilized hparams: HyperParams(lr=0.00035, weight_decay=1e-05, batch_size=32)
[2026-04-22 11:11:00] Step8-FinalOurs | Epoch 1/50 train_loss=0.172235 val_mse=0.192052 best_val=0.192052 patience=0/10
[2026-04-22 11:11:04] Step8-FinalOurs | Epoch 2/50 train_loss=0.144603 val_mse=0.174096 best_val=0.174096 patience=0/10
[2026-04-22 11:11:09] Step8-FinalOurs | Epoch 3/50 train_loss=0.136879 val_mse=0.196326 best_val=0.174096 patience=1/10
[2026-04-22 11:11:13] Step8-FinalOurs | Epoch 4/50 train_loss=0.131941 val_mse=0.209348 best_val=0.174096 patience=2/10
[2026-04-22 11:11:17] Step8-FinalOurs | Epoch 5/50 train_loss=0.128797 val_mse=0.172893 best_val=0.172893 patience=0/10
[2026-04-22 11:11:21] Step8-FinalOurs | Epoch 6/50 train_loss=0.127286 val_mse=0.168008 best_val=0.168008 patience=0/10
[2026-04-22 11:11:26] Step8-FinalOurs | Epoch 7/50 train_loss=0.124233 val_mse=0.142570 best_val=0.142570 patience=0/10
[2026-04-22 11:11:30] Step8-FinalOurs | Epoch 8/50 train_loss=0.123244 val_mse=0.149046 best_val=0.142570 patience=1/10
[2026-04-22 11:11:34] Step8-FinalOurs | Epoch 9/50 train_loss=0.120851 val_mse=0.136074 best_val=0.136074 patience=0/10
[2026-04-22 11:11:39] Step8-FinalOurs | Epoch 10/50 train_loss=0.119804 val_mse=0.136512 best_val=0.136074 patience=1/10
[2026-04-22 11:11:43] Step8-FinalOurs | Epoch 11/50 train_loss=0.118740 val_mse=0.115977 best_val=0.115977 patience=0/10
[2026-04-22 11:11:47] Step8-FinalOurs | Epoch 12/50 train_loss=0.117047 val_mse=0.158686 best_val=0.115977 patience=1/10
[2026-04-22 11:11:52] Step8-FinalOurs | Epoch 13/50 train_loss=0.114644 val_mse=0.130444 best_val=0.115977 patience=2/10
[2026-04-22 11:11:56] Step8-FinalOurs | Epoch 14/50 train_loss=0.112786 val_mse=0.140846 best_val=0.115977 patience=3/10
[2026-04-22 11:12:00] Step8-FinalOurs | Epoch 15/50 train_loss=0.111939 val_mse=0.133108 best_val=0.115977 patience=4/10
[2026-04-22 11:12:04] Step8-FinalOurs | Epoch 16/50 train_loss=0.110333 val_mse=0.103532 best_val=0.103532 patience=0/10
[2026-04-22 11:12:09] Step8-FinalOurs | Epoch 17/50 train_loss=0.108003 val_mse=0.122750 best_val=0.103532 patience=1/10
[2026-04-22 11:12:13] Step8-FinalOurs | Epoch 18/50 train_loss=0.107514 val_mse=0.124739 best_val=0.103532 patience=2/10
[2026-04-22 11:12:17] Step8-FinalOurs | Epoch 19/50 train_loss=0.105928 val_mse=0.090791 best_val=0.090791 patience=0/10
[2026-04-22 11:12:22] Step8-FinalOurs | Epoch 20/50 train_loss=0.104853 val_mse=0.112752 best_val=0.090791 patience=1/10
[2026-04-22 11:12:26] Step8-FinalOurs | Epoch 21/50 train_loss=0.104068 val_mse=0.129888 best_val=0.090791 patience=2/10
[2026-04-22 11:12:30] Step8-FinalOurs | Epoch 22/50 train_loss=0.103312 val_mse=0.116305 best_val=0.090791 patience=3/10
[2026-04-22 11:12:35] Step8-FinalOurs | Epoch 23/50 train_loss=0.102966 val_mse=0.114346 best_val=0.090791 patience=4/10
[2026-04-22 11:12:39] Step8-FinalOurs | Epoch 24/50 train_loss=0.100989 val_mse=0.114257 best_val=0.090791 patience=5/10
[2026-04-22 11:12:43] Step8-FinalOurs | Epoch 25/50 train_loss=0.100493 val_mse=0.112123 best_val=0.090791 patience=6/10
[2026-04-22 11:12:47] Step8-FinalOurs | Epoch 26/50 train_loss=0.100301 val_mse=0.114870 best_val=0.090791 patience=7/10
[2026-04-22 11:12:52] Step8-FinalOurs | Epoch 27/50 train_loss=0.098306 val_mse=0.096431 best_val=0.090791 patience=8/10
[2026-04-22 11:12:56] Step8-FinalOurs | Epoch 28/50 train_loss=0.097763 val_mse=0.116144 best_val=0.090791 patience=9/10
[2026-04-22 11:13:00] Step8-FinalOurs | Epoch 29/50 train_loss=0.098280 val_mse=0.101950 best_val=0.090791 patience=10/10
[2026-04-22 11:13:00] Step8-FinalOurs | Early stop at epoch 29, best=19
[2026-04-22 11:13:01] Step8-FinalOurs DONE | MSE=0.090791 RMSE=0.301316 MAE=0.258762 Pearson=0.878268 [best_epoch=19]
[2026-04-22 11:13:01] >>> Saved final model to /root/work/MulitiModal/checkpoints/best_model.pth

===== Stage 2 Chosen Hyper-Parameters =====
HyperParams(lr=0.0005, weight_decay=1e-05, batch_size=32)
===========================================

Step8 tuned controls: gate_b_scale=0.350, final_lr_mult=0.700
===== Final 9-Step best_val_mse List =====
Step 1: Baseline A -> best_val_mse=0.16585630178451538
Step 2: Baseline B -> best_val_mse=0.17219120264053345
Step 3: Ours-TCN -> best_val_mse=0.15436404943466187
Step 4: Encoder Selection -> best_val_mse=None
Step 5: w/o Dual Gating -> best_val_mse=0.10536673665046692
Step 6: w/o TCM Prior -> best_val_mse=0.15580977499485016
Step 7: w/o TCM_Gate -> best_val_mse=0.11733799427747726
Step 8: Final Ours -> best_val_mse=0.09079144150018692
Step 9: Plotting -> best_val_mse=None
===========================================
[2026-04-22 11:13:02] >>> Experiment flow completed. Summary saved to /root/work/MulitiModal/results/loso_folds/experiments_summary_S13.json
[2026-04-22 11:13:02] >>> LOSO fold holdout=S14
[2026-04-22 11:13:06] >>> Runner signature: RUN_EXPERIMENTS_V2_LOSO_GUARDED | file=/root/work/MulitiModal/run_experiments.py | mtime=2026-04-22 10:20:26
[2026-04-22 11:13:06] >>> Loading WESAD dataset from /root/work/MulitiModal/data/wesad
Subject S10: Age=28.0, Gender=1, BMI=24.0, HR=64.2
Subject S11: Age=26.0, Gender=0, BMI=18.5, HR=63.9
Subject S13: Age=28.0, Gender=1, BMI=25.0, HR=65.6
Subject S14: Age=27.0, Gender=1, BMI=24.7, HR=64.9
Subject S15: Age=28.0, Gender=1, BMI=24.0, HR=66.7
Subject S16: Age=24.0, Gender=1, BMI=20.4, HR=63.5
Subject S17: Age=29.0, Gender=0, BMI=20.2, HR=61.3
Subject S2: Age=27.0, Gender=1, BMI=26.1, HR=64.6
Subject S3: Age=27.0, Gender=1, BMI=23.1, HR=58.7
Subject S4: Age=25.0, Gender=1, BMI=29.4, HR=60.0
Subject S5: Age=35.0, Gender=1, BMI=22.4, HR=62.6
Subject S6: Age=27.0, Gender=1, BMI=22.8, HR=62.9
Subject S7: Age=28.0, Gender=1, BMI=21.9, HR=62.3
Subject S8: Age=27.0, Gender=0, BMI=21.6, HR=64.3
Subject S9: Age=26.0, Gender=1, BMI=22.9, HR=68.1
[2026-04-22 11:13:58] >>> WESAD loaded. total_windows=46324
[2026-04-22 11:13:58] >>> Gate scales: gate_a_scale=0.600, gate_b_scale=0.350
[2026-04-22 11:13:58] >>> Split ready (protocol=loso): train_windows=43212 val_windows=3112 train_subjects=14 val_subjects=1
[2026-04-22 11:13:58] >>> TCM checkpoint resolved to: /root/work/MulitiModal/checkpoints/best_model.pth
[2026-04-22 11:13:58] >>> TCM scaler resolved to: /root/work/MulitiModal/tcm_ft_transformer/scaler_params.npz
/usr/local/miniconda3/envs/py312/lib/python3.12/site-packages/torch/nn/modules/transformer.py:392: UserWarning: enable_nested_tensor is True, but self.use_nested_tensor is False because encoder_layer.norm_first was True
  warnings.warn(
[2026-04-22 11:13:59] >>> Stage 1 skipped (fixed_encoder=inceptiontime)
[2026-04-22 11:13:59] >>> Stage 2: hyper-parameter reset/tuning for encoder=inceptiontime
[2026-04-22 11:13:59] >>> Using override params: HyperParams(lr=0.0005, weight_decay=1e-05, batch_size=32)
[2026-04-22 11:13:59] >>> Running Step8-focused sweep (epochs=20)
[2026-04-22 11:14:05] Sweep-Step8-gb0.100-lm0.500 | Epoch 1/20 train_loss=0.173177 val_mse=0.149137 best_val=0.149137 patience=0/10
[2026-04-22 11:14:09] Sweep-Step8-gb0.100-lm0.500 | Epoch 2/20 train_loss=0.146071 val_mse=0.119706 best_val=0.119706 patience=0/10
[2026-04-22 11:14:13] Sweep-Step8-gb0.100-lm0.500 | Epoch 3/20 train_loss=0.138814 val_mse=0.158843 best_val=0.119706 patience=1/10
[2026-04-22 11:14:18] Sweep-Step8-gb0.100-lm0.500 | Epoch 4/20 train_loss=0.135941 val_mse=0.126350 best_val=0.119706 patience=2/10
[2026-04-22 11:14:22] Sweep-Step8-gb0.100-lm0.500 | Epoch 5/20 train_loss=0.132161 val_mse=0.149270 best_val=0.119706 patience=3/10
[2026-04-22 11:14:26] Sweep-Step8-gb0.100-lm0.500 | Epoch 6/20 train_loss=0.129769 val_mse=0.182992 best_val=0.119706 patience=4/10
[2026-04-22 11:14:31] Sweep-Step8-gb0.100-lm0.500 | Epoch 7/20 train_loss=0.127710 val_mse=0.135280 best_val=0.119706 patience=5/10
[2026-04-22 11:14:35] Sweep-Step8-gb0.100-lm0.500 | Epoch 8/20 train_loss=0.123990 val_mse=0.109407 best_val=0.109407 patience=0/10
[2026-04-22 11:14:40] Sweep-Step8-gb0.100-lm0.500 | Epoch 9/20 train_loss=0.123564 val_mse=0.098169 best_val=0.098169 patience=0/10
[2026-04-22 11:14:44] Sweep-Step8-gb0.100-lm0.500 | Epoch 10/20 train_loss=0.120593 val_mse=0.095439 best_val=0.095439 patience=0/10
[2026-04-22 11:14:48] Sweep-Step8-gb0.100-lm0.500 | Epoch 11/20 train_loss=0.119974 val_mse=0.161067 best_val=0.095439 patience=1/10
[2026-04-22 11:14:52] Sweep-Step8-gb0.100-lm0.500 | Epoch 12/20 train_loss=0.118335 val_mse=0.120474 best_val=0.095439 patience=2/10
[2026-04-22 11:14:57] Sweep-Step8-gb0.100-lm0.500 | Epoch 13/20 train_loss=0.117484 val_mse=0.135124 best_val=0.095439 patience=3/10
[2026-04-22 11:15:01] Sweep-Step8-gb0.100-lm0.500 | Epoch 14/20 train_loss=0.115376 val_mse=0.161940 best_val=0.095439 patience=4/10
[2026-04-22 11:15:05] Sweep-Step8-gb0.100-lm0.500 | Epoch 15/20 train_loss=0.113843 val_mse=0.135752 best_val=0.095439 patience=5/10
[2026-04-22 11:15:10] Sweep-Step8-gb0.100-lm0.500 | Epoch 16/20 train_loss=0.112727 val_mse=0.185910 best_val=0.095439 patience=6/10
[2026-04-22 11:15:14] Sweep-Step8-gb0.100-lm0.500 | Epoch 17/20 train_loss=0.111161 val_mse=0.162805 best_val=0.095439 patience=7/10
[2026-04-22 11:15:18] Sweep-Step8-gb0.100-lm0.500 | Epoch 18/20 train_loss=0.111671 val_mse=0.172685 best_val=0.095439 patience=8/10
[2026-04-22 11:15:23] Sweep-Step8-gb0.100-lm0.500 | Epoch 19/20 train_loss=0.109190 val_mse=0.240648 best_val=0.095439 patience=9/10
[2026-04-22 11:15:27] Sweep-Step8-gb0.100-lm0.500 | Epoch 20/20 train_loss=0.109115 val_mse=0.144761 best_val=0.095439 patience=10/10
[2026-04-22 11:15:27] Sweep-Step8-gb0.100-lm0.500 | Early stop at epoch 20, best=10
[2026-04-22 11:15:27] Sweep-Step8-gb0.100-lm0.500 DONE | MSE=0.095439 RMSE=0.308932 MAE=0.282906 Pearson=0.910299 [best_epoch=10]
[2026-04-22 11:15:32] Sweep-Step8-gb0.100-lm0.700 | Epoch 1/20 train_loss=0.167360 val_mse=0.168917 best_val=0.168917 patience=0/10
[2026-04-22 11:15:36] Sweep-Step8-gb0.100-lm0.700 | Epoch 2/20 train_loss=0.141211 val_mse=0.113608 best_val=0.113608 patience=0/10
[2026-04-22 11:15:40] Sweep-Step8-gb0.100-lm0.700 | Epoch 3/20 train_loss=0.134679 val_mse=0.158011 best_val=0.113608 patience=1/10
[2026-04-22 11:15:44] Sweep-Step8-gb0.100-lm0.700 | Epoch 4/20 train_loss=0.130047 val_mse=0.191638 best_val=0.113608 patience=2/10
[2026-04-22 11:15:49] Sweep-Step8-gb0.100-lm0.700 | Epoch 5/20 train_loss=0.127470 val_mse=0.230971 best_val=0.113608 patience=3/10
[2026-04-22 11:15:53] Sweep-Step8-gb0.100-lm0.700 | Epoch 6/20 train_loss=0.125112 val_mse=0.137618 best_val=0.113608 patience=4/10
[2026-04-22 11:15:57] Sweep-Step8-gb0.100-lm0.700 | Epoch 7/20 train_loss=0.122340 val_mse=0.270258 best_val=0.113608 patience=5/10
[2026-04-22 11:16:01] Sweep-Step8-gb0.100-lm0.700 | Epoch 8/20 train_loss=0.122298 val_mse=0.176109 best_val=0.113608 patience=6/10
[2026-04-22 11:16:06] Sweep-Step8-gb0.100-lm0.700 | Epoch 9/20 train_loss=0.120256 val_mse=0.157039 best_val=0.113608 patience=7/10
[2026-04-22 11:16:10] Sweep-Step8-gb0.100-lm0.700 | Epoch 10/20 train_loss=0.119117 val_mse=0.187892 best_val=0.113608 patience=8/10
[2026-04-22 11:16:14] Sweep-Step8-gb0.100-lm0.700 | Epoch 11/20 train_loss=0.116680 val_mse=0.212769 best_val=0.113608 patience=9/10
[2026-04-22 11:16:19] Sweep-Step8-gb0.100-lm0.700 | Epoch 12/20 train_loss=0.115795 val_mse=0.178733 best_val=0.113608 patience=10/10
[2026-04-22 11:16:19] Sweep-Step8-gb0.100-lm0.700 | Early stop at epoch 12, best=2
[2026-04-22 11:16:19] Sweep-Step8-gb0.100-lm0.700 DONE | MSE=0.113608 RMSE=0.337058 MAE=0.310179 Pearson=0.916096 [best_epoch=2]
[2026-04-22 11:16:23] Sweep-Step8-gb0.350-lm0.500 | Epoch 1/20 train_loss=0.174262 val_mse=0.171091 best_val=0.171091 patience=0/10
[2026-04-22 11:16:27] Sweep-Step8-gb0.350-lm0.500 | Epoch 2/20 train_loss=0.149679 val_mse=0.124137 best_val=0.124137 patience=0/10
[2026-04-22 11:16:32] Sweep-Step8-gb0.350-lm0.500 | Epoch 3/20 train_loss=0.143945 val_mse=0.124040 best_val=0.124040 patience=0/10
[2026-04-22 11:16:36] Sweep-Step8-gb0.350-lm0.500 | Epoch 4/20 train_loss=0.137975 val_mse=0.138675 best_val=0.124040 patience=1/10
[2026-04-22 11:16:40] Sweep-Step8-gb0.350-lm0.500 | Epoch 5/20 train_loss=0.134313 val_mse=0.180686 best_val=0.124040 patience=2/10
[2026-04-22 11:16:44] Sweep-Step8-gb0.350-lm0.500 | Epoch 6/20 train_loss=0.131101 val_mse=0.155716 best_val=0.124040 patience=3/10
[2026-04-22 11:16:49] Sweep-Step8-gb0.350-lm0.500 | Epoch 7/20 train_loss=0.128790 val_mse=0.125252 best_val=0.124040 patience=4/10
[2026-04-22 11:16:53] Sweep-Step8-gb0.350-lm0.500 | Epoch 8/20 train_loss=0.126813 val_mse=0.111907 best_val=0.111907 patience=0/10
[2026-04-22 11:16:57] Sweep-Step8-gb0.350-lm0.500 | Epoch 9/20 train_loss=0.123903 val_mse=0.188365 best_val=0.111907 patience=1/10
[2026-04-22 11:17:02] Sweep-Step8-gb0.350-lm0.500 | Epoch 10/20 train_loss=0.122215 val_mse=0.180305 best_val=0.111907 patience=2/10
[2026-04-22 11:17:06] Sweep-Step8-gb0.350-lm0.500 | Epoch 11/20 train_loss=0.121173 val_mse=0.148564 best_val=0.111907 patience=3/10
[2026-04-22 11:17:10] Sweep-Step8-gb0.350-lm0.500 | Epoch 12/20 train_loss=0.119699 val_mse=0.181984 best_val=0.111907 patience=4/10
[2026-04-22 11:17:15] Sweep-Step8-gb0.350-lm0.500 | Epoch 13/20 train_loss=0.117690 val_mse=0.092068 best_val=0.092068 patience=0/10
[2026-04-22 11:17:19] Sweep-Step8-gb0.350-lm0.500 | Epoch 14/20 train_loss=0.116901 val_mse=0.150536 best_val=0.092068 patience=1/10
[2026-04-22 11:17:23] Sweep-Step8-gb0.350-lm0.500 | Epoch 15/20 train_loss=0.115381 val_mse=0.153608 best_val=0.092068 patience=2/10
[2026-04-22 11:17:27] Sweep-Step8-gb0.350-lm0.500 | Epoch 16/20 train_loss=0.113601 val_mse=0.156294 best_val=0.092068 patience=3/10
[2026-04-22 11:17:32] Sweep-Step8-gb0.350-lm0.500 | Epoch 17/20 train_loss=0.113116 val_mse=0.175703 best_val=0.092068 patience=4/10
[2026-04-22 11:17:36] Sweep-Step8-gb0.350-lm0.500 | Epoch 18/20 train_loss=0.111200 val_mse=0.131609 best_val=0.092068 patience=5/10
[2026-04-22 11:17:40] Sweep-Step8-gb0.350-lm0.500 | Epoch 19/20 train_loss=0.110693 val_mse=0.152280 best_val=0.092068 patience=6/10
[2026-04-22 11:17:44] Sweep-Step8-gb0.350-lm0.500 | Epoch 20/20 train_loss=0.109156 val_mse=0.150759 best_val=0.092068 patience=7/10
[2026-04-22 11:17:45] Sweep-Step8-gb0.350-lm0.500 DONE | MSE=0.092068 RMSE=0.303427 MAE=0.286006 Pearson=0.932570 [best_epoch=13]
[2026-04-22 11:17:49] Sweep-Step8-gb0.350-lm0.700 | Epoch 1/20 train_loss=0.162659 val_mse=0.166350 best_val=0.166350 patience=0/10
[2026-04-22 11:17:53] Sweep-Step8-gb0.350-lm0.700 | Epoch 2/20 train_loss=0.139913 val_mse=0.170455 best_val=0.166350 patience=1/10
[2026-04-22 11:17:57] Sweep-Step8-gb0.350-lm0.700 | Epoch 3/20 train_loss=0.134665 val_mse=0.178824 best_val=0.166350 patience=2/10
[2026-04-22 11:18:01] Sweep-Step8-gb0.350-lm0.700 | Epoch 4/20 train_loss=0.129348 val_mse=0.123121 best_val=0.123121 patience=0/10
[2026-04-22 11:18:06] Sweep-Step8-gb0.350-lm0.700 | Epoch 5/20 train_loss=0.127386 val_mse=0.142137 best_val=0.123121 patience=1/10
[2026-04-22 11:18:10] Sweep-Step8-gb0.350-lm0.700 | Epoch 6/20 train_loss=0.122917 val_mse=0.211096 best_val=0.123121 patience=2/10
[2026-04-22 11:18:14] Sweep-Step8-gb0.350-lm0.700 | Epoch 7/20 train_loss=0.120494 val_mse=0.130172 best_val=0.123121 patience=3/10
[2026-04-22 11:18:19] Sweep-Step8-gb0.350-lm0.700 | Epoch 8/20 train_loss=0.117640 val_mse=0.181477 best_val=0.123121 patience=4/10
[2026-04-22 11:18:23] Sweep-Step8-gb0.350-lm0.700 | Epoch 9/20 train_loss=0.116021 val_mse=0.142140 best_val=0.123121 patience=5/10
[2026-04-22 11:18:27] Sweep-Step8-gb0.350-lm0.700 | Epoch 10/20 train_loss=0.113544 val_mse=0.189616 best_val=0.123121 patience=6/10
[2026-04-22 11:18:31] Sweep-Step8-gb0.350-lm0.700 | Epoch 11/20 train_loss=0.112893 val_mse=0.163328 best_val=0.123121 patience=7/10
[2026-04-22 11:18:36] Sweep-Step8-gb0.350-lm0.700 | Epoch 12/20 train_loss=0.109624 val_mse=0.194695 best_val=0.123121 patience=8/10
[2026-04-22 11:18:40] Sweep-Step8-gb0.350-lm0.700 | Epoch 13/20 train_loss=0.108027 val_mse=0.279406 best_val=0.123121 patience=9/10
[2026-04-22 11:18:44] Sweep-Step8-gb0.350-lm0.700 | Epoch 14/20 train_loss=0.106497 val_mse=0.213840 best_val=0.123121 patience=10/10
[2026-04-22 11:18:44] Sweep-Step8-gb0.350-lm0.700 | Early stop at epoch 14, best=4
[2026-04-22 11:18:44] Sweep-Step8-gb0.350-lm0.700 DONE | MSE=0.123121 RMSE=0.350886 MAE=0.328617 Pearson=0.920595 [best_epoch=4]
[2026-04-22 11:18:44] >>> Sweep best: gate_b_scale=0.350, final_lr_mult=0.500, mse=0.092068
[2026-04-22 11:18:44] >>> Stage 3: running 9-step matrix with fixed best params
[2026-04-22 11:18:48] Step1-BaselineA-Weak | Epoch 1/50 train_loss=0.186053 val_mse=0.187910 best_val=0.187910 patience=0/10
[2026-04-22 11:18:51] Step1-BaselineA-Weak | Epoch 2/50 train_loss=0.175023 val_mse=0.189871 best_val=0.187910 patience=1/10
[2026-04-22 11:18:55] Step1-BaselineA-Weak | Epoch 3/50 train_loss=0.172542 val_mse=0.194195 best_val=0.187910 patience=2/10
[2026-04-22 11:18:58] Step1-BaselineA-Weak | Epoch 4/50 train_loss=0.172296 val_mse=0.193626 best_val=0.187910 patience=3/10
[2026-04-22 11:19:02] Step1-BaselineA-Weak | Epoch 5/50 train_loss=0.171066 val_mse=0.185285 best_val=0.185285 patience=0/10
[2026-04-22 11:19:06] Step1-BaselineA-Weak | Epoch 6/50 train_loss=0.171554 val_mse=0.178552 best_val=0.178552 patience=0/10
[2026-04-22 11:19:09] Step1-BaselineA-Weak | Epoch 7/50 train_loss=0.170334 val_mse=0.192380 best_val=0.178552 patience=1/10
[2026-04-22 11:19:13] Step1-BaselineA-Weak | Epoch 8/50 train_loss=0.170372 val_mse=0.183694 best_val=0.178552 patience=2/10
[2026-04-22 11:19:16] Step1-BaselineA-Weak | Epoch 9/50 train_loss=0.169756 val_mse=0.186940 best_val=0.178552 patience=3/10
[2026-04-22 11:19:20] Step1-BaselineA-Weak | Epoch 10/50 train_loss=0.169715 val_mse=0.186403 best_val=0.178552 patience=4/10
[2026-04-22 11:19:23] Step1-BaselineA-Weak | Epoch 11/50 train_loss=0.169270 val_mse=0.197839 best_val=0.178552 patience=5/10
[2026-04-22 11:19:27] Step1-BaselineA-Weak | Epoch 12/50 train_loss=0.168987 val_mse=0.184977 best_val=0.178552 patience=6/10
[2026-04-22 11:19:30] Step1-BaselineA-Weak | Epoch 13/50 train_loss=0.168723 val_mse=0.196887 best_val=0.178552 patience=7/10
[2026-04-22 11:19:34] Step1-BaselineA-Weak | Epoch 14/50 train_loss=0.168445 val_mse=0.191399 best_val=0.178552 patience=8/10
[2026-04-22 11:19:37] Step1-BaselineA-Weak | Epoch 15/50 train_loss=0.167755 val_mse=0.166490 best_val=0.166490 patience=0/10
[2026-04-22 11:19:41] Step1-BaselineA-Weak | Epoch 16/50 train_loss=0.167401 val_mse=0.206483 best_val=0.166490 patience=1/10
[2026-04-22 11:19:44] Step1-BaselineA-Weak | Epoch 17/50 train_loss=0.166679 val_mse=0.198092 best_val=0.166490 patience=2/10
[2026-04-22 11:19:48] Step1-BaselineA-Weak | Epoch 18/50 train_loss=0.166330 val_mse=0.182583 best_val=0.166490 patience=3/10
[2026-04-22 11:19:51] Step1-BaselineA-Weak | Epoch 19/50 train_loss=0.165832 val_mse=0.170157 best_val=0.166490 patience=4/10
[2026-04-22 11:19:55] Step1-BaselineA-Weak | Epoch 20/50 train_loss=0.165947 val_mse=0.177478 best_val=0.166490 patience=5/10
[2026-04-22 11:19:59] Step1-BaselineA-Weak | Epoch 21/50 train_loss=0.165694 val_mse=0.194519 best_val=0.166490 patience=6/10
[2026-04-22 11:20:02] Step1-BaselineA-Weak | Epoch 22/50 train_loss=0.165373 val_mse=0.175538 best_val=0.166490 patience=7/10
[2026-04-22 11:20:06] Step1-BaselineA-Weak | Epoch 23/50 train_loss=0.165190 val_mse=0.188838 best_val=0.166490 patience=8/10
[2026-04-22 11:20:09] Step1-BaselineA-Weak | Epoch 24/50 train_loss=0.165267 val_mse=0.196183 best_val=0.166490 patience=9/10
[2026-04-22 11:20:13] Step1-BaselineA-Weak | Epoch 25/50 train_loss=0.165030 val_mse=0.209839 best_val=0.166490 patience=10/10
[2026-04-22 11:20:13] Step1-BaselineA-Weak | Early stop at epoch 25, best=15
[2026-04-22 11:20:13] Step1-BaselineA-Weak DONE | MSE=0.166490 RMSE=0.408031 MAE=0.372985 Pearson=0.858016 [best_epoch=15]
[2026-04-22 11:20:17] Step2-BaselineB-Strong | Epoch 1/50 train_loss=0.185501 val_mse=0.187426 best_val=0.187426 patience=0/10
[2026-04-22 11:20:20] Step2-BaselineB-Strong | Epoch 2/50 train_loss=0.174937 val_mse=0.184573 best_val=0.184573 patience=0/10
[2026-04-22 11:20:24] Step2-BaselineB-Strong | Epoch 3/50 train_loss=0.172702 val_mse=0.192811 best_val=0.184573 patience=1/10
[2026-04-22 11:20:28] Step2-BaselineB-Strong | Epoch 4/50 train_loss=0.171209 val_mse=0.185691 best_val=0.184573 patience=2/10
[2026-04-22 11:20:31] Step2-BaselineB-Strong | Epoch 5/50 train_loss=0.171640 val_mse=0.185462 best_val=0.184573 patience=3/10
[2026-04-22 11:20:35] Step2-BaselineB-Strong | Epoch 6/50 train_loss=0.170757 val_mse=0.190869 best_val=0.184573 patience=4/10
[2026-04-22 11:20:38] Step2-BaselineB-Strong | Epoch 7/50 train_loss=0.170320 val_mse=0.183959 best_val=0.183959 patience=0/10
[2026-04-22 11:20:42] Step2-BaselineB-Strong | Epoch 8/50 train_loss=0.170504 val_mse=0.191561 best_val=0.183959 patience=1/10
[2026-04-22 11:20:46] Step2-BaselineB-Strong | Epoch 9/50 train_loss=0.169891 val_mse=0.182507 best_val=0.182507 patience=0/10
[2026-04-22 11:20:49] Step2-BaselineB-Strong | Epoch 10/50 train_loss=0.169131 val_mse=0.189975 best_val=0.182507 patience=1/10
[2026-04-22 11:20:53] Step2-BaselineB-Strong | Epoch 11/50 train_loss=0.169111 val_mse=0.183547 best_val=0.182507 patience=2/10
[2026-04-22 11:20:57] Step2-BaselineB-Strong | Epoch 12/50 train_loss=0.168905 val_mse=0.183230 best_val=0.182507 patience=3/10
[2026-04-22 11:21:00] Step2-BaselineB-Strong | Epoch 13/50 train_loss=0.168704 val_mse=0.186225 best_val=0.182507 patience=4/10
[2026-04-22 11:21:04] Step2-BaselineB-Strong | Epoch 14/50 train_loss=0.168631 val_mse=0.192160 best_val=0.182507 patience=5/10
[2026-04-22 11:21:08] Step2-BaselineB-Strong | Epoch 15/50 train_loss=0.168469 val_mse=0.185482 best_val=0.182507 patience=6/10
[2026-04-22 11:21:11] Step2-BaselineB-Strong | Epoch 16/50 train_loss=0.168068 val_mse=0.182149 best_val=0.182149 patience=0/10
[2026-04-22 11:21:15] Step2-BaselineB-Strong | Epoch 17/50 train_loss=0.167833 val_mse=0.194783 best_val=0.182149 patience=1/10
[2026-04-22 11:21:19] Step2-BaselineB-Strong | Epoch 18/50 train_loss=0.167268 val_mse=0.200868 best_val=0.182149 patience=2/10
[2026-04-22 11:21:22] Step2-BaselineB-Strong | Epoch 19/50 train_loss=0.166952 val_mse=0.194240 best_val=0.182149 patience=3/10
[2026-04-22 11:21:26] Step2-BaselineB-Strong | Epoch 20/50 train_loss=0.166674 val_mse=0.200242 best_val=0.182149 patience=4/10
[2026-04-22 11:21:30] Step2-BaselineB-Strong | Epoch 21/50 train_loss=0.165899 val_mse=0.175423 best_val=0.175423 patience=0/10
[2026-04-22 11:21:33] Step2-BaselineB-Strong | Epoch 22/50 train_loss=0.165876 val_mse=0.181983 best_val=0.175423 patience=1/10
[2026-04-22 11:21:37] Step2-BaselineB-Strong | Epoch 23/50 train_loss=0.166124 val_mse=0.174137 best_val=0.174137 patience=0/10
[2026-04-22 11:21:40] Step2-BaselineB-Strong | Epoch 24/50 train_loss=0.165950 val_mse=0.208176 best_val=0.174137 patience=1/10
[2026-04-22 11:21:44] Step2-BaselineB-Strong | Epoch 25/50 train_loss=0.165487 val_mse=0.199154 best_val=0.174137 patience=2/10
[2026-04-22 11:21:48] Step2-BaselineB-Strong | Epoch 26/50 train_loss=0.165634 val_mse=0.200007 best_val=0.174137 patience=3/10
[2026-04-22 11:21:51] Step2-BaselineB-Strong | Epoch 27/50 train_loss=0.165358 val_mse=0.194581 best_val=0.174137 patience=4/10
[2026-04-22 11:21:55] Step2-BaselineB-Strong | Epoch 28/50 train_loss=0.165577 val_mse=0.193144 best_val=0.174137 patience=5/10
[2026-04-22 11:21:59] Step2-BaselineB-Strong | Epoch 29/50 train_loss=0.165012 val_mse=0.190174 best_val=0.174137 patience=6/10
[2026-04-22 11:22:02] Step2-BaselineB-Strong | Epoch 30/50 train_loss=0.166162 val_mse=0.180855 best_val=0.174137 patience=7/10
[2026-04-22 11:22:06] Step2-BaselineB-Strong | Epoch 31/50 train_loss=0.165310 val_mse=0.184340 best_val=0.174137 patience=8/10
[2026-04-22 11:22:10] Step2-BaselineB-Strong | Epoch 32/50 train_loss=0.164128 val_mse=0.191580 best_val=0.174137 patience=9/10
[2026-04-22 11:22:13] Step2-BaselineB-Strong | Epoch 33/50 train_loss=0.165237 val_mse=0.206570 best_val=0.174137 patience=10/10
[2026-04-22 11:22:13] Step2-BaselineB-Strong | Early stop at epoch 33, best=23
[2026-04-22 11:22:13] Step2-BaselineB-Strong DONE | MSE=0.174137 RMSE=0.417297 MAE=0.387915 Pearson=0.727361 [best_epoch=23]
[2026-04-22 11:22:17] Step3-Ours-TCN | Epoch 1/50 train_loss=0.186777 val_mse=0.185092 best_val=0.185092 patience=0/10
[2026-04-22 11:22:21] Step3-Ours-TCN | Epoch 2/50 train_loss=0.173671 val_mse=0.190990 best_val=0.185092 patience=1/10
[2026-04-22 11:22:25] Step3-Ours-TCN | Epoch 3/50 train_loss=0.172637 val_mse=0.194198 best_val=0.185092 patience=2/10
[2026-04-22 11:22:29] Step3-Ours-TCN | Epoch 4/50 train_loss=0.171572 val_mse=0.182251 best_val=0.182251 patience=0/10
[2026-04-22 11:22:33] Step3-Ours-TCN | Epoch 5/50 train_loss=0.171565 val_mse=0.203551 best_val=0.182251 patience=1/10
[2026-04-22 11:22:37] Step3-Ours-TCN | Epoch 6/50 train_loss=0.170949 val_mse=0.197628 best_val=0.182251 patience=2/10
[2026-04-22 11:22:41] Step3-Ours-TCN | Epoch 7/50 train_loss=0.170903 val_mse=0.191372 best_val=0.182251 patience=3/10
[2026-04-22 11:22:45] Step3-Ours-TCN | Epoch 8/50 train_loss=0.169916 val_mse=0.178950 best_val=0.178950 patience=0/10
[2026-04-22 11:22:49] Step3-Ours-TCN | Epoch 9/50 train_loss=0.169937 val_mse=0.200952 best_val=0.178950 patience=1/10
[2026-04-22 11:22:53] Step3-Ours-TCN | Epoch 10/50 train_loss=0.169824 val_mse=0.186760 best_val=0.178950 patience=2/10
[2026-04-22 11:22:57] Step3-Ours-TCN | Epoch 11/50 train_loss=0.169135 val_mse=0.189073 best_val=0.178950 patience=3/10
[2026-04-22 11:23:01] Step3-Ours-TCN | Epoch 12/50 train_loss=0.168712 val_mse=0.200131 best_val=0.178950 patience=4/10
[2026-04-22 11:23:05] Step3-Ours-TCN | Epoch 13/50 train_loss=0.168837 val_mse=0.204157 best_val=0.178950 patience=5/10
[2026-04-22 11:23:09] Step3-Ours-TCN | Epoch 14/50 train_loss=0.168251 val_mse=0.185107 best_val=0.178950 patience=6/10
[2026-04-22 11:23:13] Step3-Ours-TCN | Epoch 15/50 train_loss=0.167632 val_mse=0.183866 best_val=0.178950 patience=7/10
[2026-04-22 11:23:17] Step3-Ours-TCN | Epoch 16/50 train_loss=0.167976 val_mse=0.194818 best_val=0.178950 patience=8/10
[2026-04-22 11:23:21] Step3-Ours-TCN | Epoch 17/50 train_loss=0.167426 val_mse=0.178836 best_val=0.178836 patience=0/10
[2026-04-22 11:23:25] Step3-Ours-TCN | Epoch 18/50 train_loss=0.167188 val_mse=0.184022 best_val=0.178836 patience=1/10
[2026-04-22 11:23:29] Step3-Ours-TCN | Epoch 19/50 train_loss=0.166470 val_mse=0.182446 best_val=0.178836 patience=2/10
[2026-04-22 11:23:33] Step3-Ours-TCN | Epoch 20/50 train_loss=0.165960 val_mse=0.193566 best_val=0.178836 patience=3/10
[2026-04-22 11:23:37] Step3-Ours-TCN | Epoch 21/50 train_loss=0.165279 val_mse=0.175301 best_val=0.175301 patience=0/10
[2026-04-22 11:23:41] Step3-Ours-TCN | Epoch 22/50 train_loss=0.164916 val_mse=0.189465 best_val=0.175301 patience=1/10
[2026-04-22 11:23:45] Step3-Ours-TCN | Epoch 23/50 train_loss=0.164505 val_mse=0.213393 best_val=0.175301 patience=2/10
[2026-04-22 11:23:49] Step3-Ours-TCN | Epoch 24/50 train_loss=0.164575 val_mse=0.191519 best_val=0.175301 patience=3/10
[2026-04-22 11:23:53] Step3-Ours-TCN | Epoch 25/50 train_loss=0.164072 val_mse=0.198737 best_val=0.175301 patience=4/10
[2026-04-22 11:23:57] Step3-Ours-TCN | Epoch 26/50 train_loss=0.164306 val_mse=0.196251 best_val=0.175301 patience=5/10
[2026-04-22 11:24:01] Step3-Ours-TCN | Epoch 27/50 train_loss=0.164465 val_mse=0.191869 best_val=0.175301 patience=6/10
[2026-04-22 11:24:05] Step3-Ours-TCN | Epoch 28/50 train_loss=0.163527 val_mse=0.213500 best_val=0.175301 patience=7/10
[2026-04-22 11:24:09] Step3-Ours-TCN | Epoch 29/50 train_loss=0.162739 val_mse=0.175868 best_val=0.175301 patience=8/10
[2026-04-22 11:24:13] Step3-Ours-TCN | Epoch 30/50 train_loss=0.163741 val_mse=0.209267 best_val=0.175301 patience=9/10
[2026-04-22 11:24:17] Step3-Ours-TCN | Epoch 31/50 train_loss=0.163961 val_mse=0.203239 best_val=0.175301 patience=10/10
[2026-04-22 11:24:17] Step3-Ours-TCN | Early stop at epoch 31, best=21
[2026-04-22 11:24:17] Step3-Ours-TCN DONE | MSE=0.175301 RMSE=0.418690 MAE=0.386574 Pearson=0.802741 [best_epoch=21]
[2026-04-22 11:24:21] Step5-Ablation1-woDualGating | Epoch 1/50 train_loss=0.159374 val_mse=0.114272 best_val=0.114272 patience=0/10
[2026-04-22 11:24:25] Step5-Ablation1-woDualGating | Epoch 2/50 train_loss=0.137776 val_mse=0.213585 best_val=0.114272 patience=1/10
[2026-04-22 11:24:29] Step5-Ablation1-woDualGating | Epoch 3/50 train_loss=0.133486 val_mse=0.177106 best_val=0.114272 patience=2/10
[2026-04-22 11:24:33] Step5-Ablation1-woDualGating | Epoch 4/50 train_loss=0.128141 val_mse=0.130856 best_val=0.114272 patience=3/10
[2026-04-22 11:24:37] Step5-Ablation1-woDualGating | Epoch 5/50 train_loss=0.124878 val_mse=0.151137 best_val=0.114272 patience=4/10
[2026-04-22 11:24:41] Step5-Ablation1-woDualGating | Epoch 6/50 train_loss=0.123549 val_mse=0.127524 best_val=0.114272 patience=5/10
[2026-04-22 11:24:45] Step5-Ablation1-woDualGating | Epoch 7/50 train_loss=0.119685 val_mse=0.236045 best_val=0.114272 patience=6/10
[2026-04-22 11:24:49] Step5-Ablation1-woDualGating | Epoch 8/50 train_loss=0.116728 val_mse=0.231470 best_val=0.114272 patience=7/10
[2026-04-22 11:24:53] Step5-Ablation1-woDualGating | Epoch 9/50 train_loss=0.115351 val_mse=0.132916 best_val=0.114272 patience=8/10
[2026-04-22 11:24:57] Step5-Ablation1-woDualGating | Epoch 10/50 train_loss=0.112449 val_mse=0.177537 best_val=0.114272 patience=9/10
[2026-04-22 11:25:01] Step5-Ablation1-woDualGating | Epoch 11/50 train_loss=0.110909 val_mse=0.206323 best_val=0.114272 patience=10/10
[2026-04-22 11:25:01] Step5-Ablation1-woDualGating | Early stop at epoch 11, best=1
[2026-04-22 11:25:01] Step5-Ablation1-woDualGating DONE | MSE=0.114272 RMSE=0.338041 MAE=0.317430 Pearson=0.922065 [best_epoch=1]
[2026-04-22 11:25:05] Step6-Ablation2-woTCMPrior | Epoch 1/50 train_loss=0.168849 val_mse=0.193493 best_val=0.193493 patience=0/10
[2026-04-22 11:25:09] Step6-Ablation2-woTCMPrior | Epoch 2/50 train_loss=0.148490 val_mse=0.143541 best_val=0.143541 patience=0/10
[2026-04-22 11:25:13] Step6-Ablation2-woTCMPrior | Epoch 3/50 train_loss=0.140412 val_mse=0.149539 best_val=0.143541 patience=1/10
[2026-04-22 11:25:17] Step6-Ablation2-woTCMPrior | Epoch 4/50 train_loss=0.136829 val_mse=0.148071 best_val=0.143541 patience=2/10
[2026-04-22 11:25:21] Step6-Ablation2-woTCMPrior | Epoch 5/50 train_loss=0.133478 val_mse=0.110128 best_val=0.110128 patience=0/10
[2026-04-22 11:25:25] Step6-Ablation2-woTCMPrior | Epoch 6/50 train_loss=0.132383 val_mse=0.120180 best_val=0.110128 patience=1/10
[2026-04-22 11:25:29] Step6-Ablation2-woTCMPrior | Epoch 7/50 train_loss=0.130228 val_mse=0.175559 best_val=0.110128 patience=2/10
[2026-04-22 11:25:33] Step6-Ablation2-woTCMPrior | Epoch 8/50 train_loss=0.128810 val_mse=0.226083 best_val=0.110128 patience=3/10
[2026-04-22 11:25:37] Step6-Ablation2-woTCMPrior | Epoch 9/50 train_loss=0.128295 val_mse=0.203780 best_val=0.110128 patience=4/10
[2026-04-22 11:25:40] Step6-Ablation2-woTCMPrior | Epoch 10/50 train_loss=0.127061 val_mse=0.162524 best_val=0.110128 patience=5/10
[2026-04-22 11:25:44] Step6-Ablation2-woTCMPrior | Epoch 11/50 train_loss=0.126673 val_mse=0.110127 best_val=0.110127 patience=0/10
[2026-04-22 11:25:48] Step6-Ablation2-woTCMPrior | Epoch 12/50 train_loss=0.124491 val_mse=0.213929 best_val=0.110127 patience=1/10
[2026-04-22 11:25:52] Step6-Ablation2-woTCMPrior | Epoch 13/50 train_loss=0.124858 val_mse=0.151624 best_val=0.110127 patience=2/10
[2026-04-22 11:25:56] Step6-Ablation2-woTCMPrior | Epoch 14/50 train_loss=0.124191 val_mse=0.145723 best_val=0.110127 patience=3/10
[2026-04-22 11:26:00] Step6-Ablation2-woTCMPrior | Epoch 15/50 train_loss=0.123706 val_mse=0.098196 best_val=0.098196 patience=0/10
[2026-04-22 11:26:04] Step6-Ablation2-woTCMPrior | Epoch 16/50 train_loss=0.122965 val_mse=0.211770 best_val=0.098196 patience=1/10
[2026-04-22 11:26:08] Step6-Ablation2-woTCMPrior | Epoch 17/50 train_loss=0.122576 val_mse=0.209645 best_val=0.098196 patience=2/10
[2026-04-22 11:26:12] Step6-Ablation2-woTCMPrior | Epoch 18/50 train_loss=0.121677 val_mse=0.199093 best_val=0.098196 patience=3/10
[2026-04-22 11:26:16] Step6-Ablation2-woTCMPrior | Epoch 19/50 train_loss=0.122452 val_mse=0.133238 best_val=0.098196 patience=4/10
[2026-04-22 11:26:20] Step6-Ablation2-woTCMPrior | Epoch 20/50 train_loss=0.120120 val_mse=0.126268 best_val=0.098196 patience=5/10
[2026-04-22 11:26:24] Step6-Ablation2-woTCMPrior | Epoch 21/50 train_loss=0.121502 val_mse=0.161374 best_val=0.098196 patience=6/10
[2026-04-22 11:26:28] Step6-Ablation2-woTCMPrior | Epoch 22/50 train_loss=0.120669 val_mse=0.146736 best_val=0.098196 patience=7/10
[2026-04-22 11:26:32] Step6-Ablation2-woTCMPrior | Epoch 23/50 train_loss=0.119411 val_mse=0.159344 best_val=0.098196 patience=8/10
[2026-04-22 11:26:36] Step6-Ablation2-woTCMPrior | Epoch 24/50 train_loss=0.119726 val_mse=0.106928 best_val=0.098196 patience=9/10
[2026-04-22 11:26:40] Step6-Ablation2-woTCMPrior | Epoch 25/50 train_loss=0.118574 val_mse=0.145859 best_val=0.098196 patience=10/10
[2026-04-22 11:26:40] Step6-Ablation2-woTCMPrior | Early stop at epoch 25, best=15
[2026-04-22 11:26:40] Step6-Ablation2-woTCMPrior DONE | MSE=0.098196 RMSE=0.313362 MAE=0.289581 Pearson=0.932233 [best_epoch=15]
[2026-04-22 11:26:44] Step7-Ablation3-woTCMGate | Epoch 1/50 train_loss=0.156283 val_mse=0.137996 best_val=0.137996 patience=0/10
[2026-04-22 11:26:48] Step7-Ablation3-woTCMGate | Epoch 2/50 train_loss=0.134604 val_mse=0.135902 best_val=0.135902 patience=0/10
[2026-04-22 11:26:52] Step7-Ablation3-woTCMGate | Epoch 3/50 train_loss=0.128228 val_mse=0.169136 best_val=0.135902 patience=1/10
[2026-04-22 11:26:56] Step7-Ablation3-woTCMGate | Epoch 4/50 train_loss=0.123708 val_mse=0.139085 best_val=0.135902 patience=2/10
[2026-04-22 11:27:00] Step7-Ablation3-woTCMGate | Epoch 5/50 train_loss=0.120045 val_mse=0.214522 best_val=0.135902 patience=3/10
[2026-04-22 11:27:05] Step7-Ablation3-woTCMGate | Epoch 6/50 train_loss=0.115637 val_mse=0.298419 best_val=0.135902 patience=4/10
[2026-04-22 11:27:09] Step7-Ablation3-woTCMGate | Epoch 7/50 train_loss=0.112655 val_mse=0.147544 best_val=0.135902 patience=5/10
[2026-04-22 11:27:13] Step7-Ablation3-woTCMGate | Epoch 8/50 train_loss=0.111376 val_mse=0.205642 best_val=0.135902 patience=6/10
[2026-04-22 11:27:17] Step7-Ablation3-woTCMGate | Epoch 9/50 train_loss=0.107613 val_mse=0.112181 best_val=0.112181 patience=0/10
[2026-04-22 11:27:21] Step7-Ablation3-woTCMGate | Epoch 10/50 train_loss=0.106264 val_mse=0.148094 best_val=0.112181 patience=1/10
[2026-04-22 11:27:25] Step7-Ablation3-woTCMGate | Epoch 11/50 train_loss=0.104398 val_mse=0.181159 best_val=0.112181 patience=2/10
[2026-04-22 11:27:29] Step7-Ablation3-woTCMGate | Epoch 12/50 train_loss=0.101931 val_mse=0.207521 best_val=0.112181 patience=3/10
[2026-04-22 11:27:33] Step7-Ablation3-woTCMGate | Epoch 13/50 train_loss=0.100620 val_mse=0.196646 best_val=0.112181 patience=4/10
[2026-04-22 11:27:37] Step7-Ablation3-woTCMGate | Epoch 14/50 train_loss=0.099050 val_mse=0.190069 best_val=0.112181 patience=5/10
[2026-04-22 11:27:41] Step7-Ablation3-woTCMGate | Epoch 15/50 train_loss=0.098103 val_mse=0.157297 best_val=0.112181 patience=6/10
[2026-04-22 11:27:46] Step7-Ablation3-woTCMGate | Epoch 16/50 train_loss=0.095852 val_mse=0.187514 best_val=0.112181 patience=7/10
[2026-04-22 11:27:50] Step7-Ablation3-woTCMGate | Epoch 17/50 train_loss=0.096380 val_mse=0.298803 best_val=0.112181 patience=8/10
[2026-04-22 11:27:54] Step7-Ablation3-woTCMGate | Epoch 18/50 train_loss=0.094429 val_mse=0.133503 best_val=0.112181 patience=9/10
[2026-04-22 11:27:58] Step7-Ablation3-woTCMGate | Epoch 19/50 train_loss=0.094255 val_mse=0.238426 best_val=0.112181 patience=10/10
[2026-04-22 11:27:58] Step7-Ablation3-woTCMGate | Early stop at epoch 19, best=9
[2026-04-22 11:27:58] Step7-Ablation3-woTCMGate DONE | MSE=0.112181 RMSE=0.334934 MAE=0.302075 Pearson=0.924457 [best_epoch=9]
[2026-04-22 11:27:58] >>> Final Ours stabilized hparams: HyperParams(lr=0.00025, weight_decay=1e-05, batch_size=32)
[2026-04-22 11:28:02] Step8-FinalOurs | Epoch 1/50 train_loss=0.171129 val_mse=0.140168 best_val=0.140168 patience=0/10
[2026-04-22 11:28:06] Step8-FinalOurs | Epoch 2/50 train_loss=0.141534 val_mse=0.160045 best_val=0.140168 patience=1/10
[2026-04-22 11:28:11] Step8-FinalOurs | Epoch 3/50 train_loss=0.133476 val_mse=0.183632 best_val=0.140168 patience=2/10
[2026-04-22 11:28:15] Step8-FinalOurs | Epoch 4/50 train_loss=0.129289 val_mse=0.160546 best_val=0.140168 patience=3/10
[2026-04-22 11:28:19] Step8-FinalOurs | Epoch 5/50 train_loss=0.124799 val_mse=0.240061 best_val=0.140168 patience=4/10
[2026-04-22 11:28:23] Step8-FinalOurs | Epoch 6/50 train_loss=0.122697 val_mse=0.207263 best_val=0.140168 patience=5/10
[2026-04-22 11:28:28] Step8-FinalOurs | Epoch 7/50 train_loss=0.122387 val_mse=0.139735 best_val=0.139735 patience=0/10
[2026-04-22 11:28:32] Step8-FinalOurs | Epoch 8/50 train_loss=0.120192 val_mse=0.110960 best_val=0.110960 patience=0/10
[2026-04-22 11:28:37] Step8-FinalOurs | Epoch 9/50 train_loss=0.118683 val_mse=0.154749 best_val=0.110960 patience=1/10
[2026-04-22 11:28:41] Step8-FinalOurs | Epoch 10/50 train_loss=0.116973 val_mse=0.165134 best_val=0.110960 patience=2/10
[2026-04-22 11:28:45] Step8-FinalOurs | Epoch 11/50 train_loss=0.115151 val_mse=0.219724 best_val=0.110960 patience=3/10
[2026-04-22 11:28:49] Step8-FinalOurs | Epoch 12/50 train_loss=0.114555 val_mse=0.154579 best_val=0.110960 patience=4/10
[2026-04-22 11:28:54] Step8-FinalOurs | Epoch 13/50 train_loss=0.113362 val_mse=0.239260 best_val=0.110960 patience=5/10
[2026-04-22 11:28:58] Step8-FinalOurs | Epoch 14/50 train_loss=0.113342 val_mse=0.262190 best_val=0.110960 patience=6/10
[2026-04-22 11:29:02] Step8-FinalOurs | Epoch 15/50 train_loss=0.111461 val_mse=0.223084 best_val=0.110960 patience=7/10
[2026-04-22 11:29:06] Step8-FinalOurs | Epoch 16/50 train_loss=0.109615 val_mse=0.160979 best_val=0.110960 patience=8/10
[2026-04-22 11:29:11] Step8-FinalOurs | Epoch 17/50 train_loss=0.108552 val_mse=0.188543 best_val=0.110960 patience=9/10
[2026-04-22 11:29:15] Step8-FinalOurs | Epoch 18/50 train_loss=0.107403 val_mse=0.146161 best_val=0.110960 patience=10/10
[2026-04-22 11:29:15] Step8-FinalOurs | Early stop at epoch 18, best=8
[2026-04-22 11:29:15] Step8-FinalOurs DONE | MSE=0.110960 RMSE=0.333107 MAE=0.300420 Pearson=0.931983 [best_epoch=8]
[2026-04-22 11:29:15] >>> Saved final model to /root/work/MulitiModal/checkpoints/best_model.pth

===== Stage 2 Chosen Hyper-Parameters =====
HyperParams(lr=0.0005, weight_decay=1e-05, batch_size=32)
===========================================

Step8 tuned controls: gate_b_scale=0.350, final_lr_mult=0.500
===== Final 9-Step best_val_mse List =====
Step 1: Baseline A -> best_val_mse=0.16648966073989868
Step 2: Baseline B -> best_val_mse=0.17413678765296936
Step 3: Ours-TCN -> best_val_mse=0.1753014475107193
Step 4: Encoder Selection -> best_val_mse=None
Step 5: w/o Dual Gating -> best_val_mse=0.11427181959152222
Step 6: w/o TCM Prior -> best_val_mse=0.09819576889276505
Step 7: w/o TCM_Gate -> best_val_mse=0.11218097805976868
Step 8: Final Ours -> best_val_mse=0.1109604611992836
Step 9: Plotting -> best_val_mse=None
===========================================
[2026-04-22 11:29:16] >>> Experiment flow completed. Summary saved to /root/work/MulitiModal/results/loso_folds/experiments_summary_S14.json
[2026-04-22 11:29:17] >>> LOSO fold holdout=S15
[2026-04-22 11:29:20] >>> Runner signature: RUN_EXPERIMENTS_V2_LOSO_GUARDED | file=/root/work/MulitiModal/run_experiments.py | mtime=2026-04-22 10:20:26
[2026-04-22 11:29:20] >>> Loading WESAD dataset from /root/work/MulitiModal/data/wesad
Subject S10: Age=28.0, Gender=1, BMI=24.0, HR=64.2
Subject S11: Age=26.0, Gender=0, BMI=18.5, HR=63.9
Subject S13: Age=28.0, Gender=1, BMI=25.0, HR=65.6
Subject S14: Age=27.0, Gender=1, BMI=24.7, HR=64.9
Subject S15: Age=28.0, Gender=1, BMI=24.0, HR=66.7
Subject S16: Age=24.0, Gender=1, BMI=20.4, HR=63.5
Subject S17: Age=29.0, Gender=0, BMI=20.2, HR=61.3
Subject S2: Age=27.0, Gender=1, BMI=26.1, HR=64.6
Subject S3: Age=27.0, Gender=1, BMI=23.1, HR=58.7
Subject S4: Age=25.0, Gender=1, BMI=29.4, HR=60.0
Subject S5: Age=35.0, Gender=1, BMI=22.4, HR=62.6
Subject S6: Age=27.0, Gender=1, BMI=22.8, HR=62.9
Subject S7: Age=28.0, Gender=1, BMI=21.9, HR=62.3
Subject S8: Age=27.0, Gender=0, BMI=21.6, HR=64.3
Subject S9: Age=26.0, Gender=1, BMI=22.9, HR=68.1
[2026-04-22 11:30:12] >>> WESAD loaded. total_windows=46324
[2026-04-22 11:30:12] >>> Gate scales: gate_a_scale=0.600, gate_b_scale=0.350
[2026-04-22 11:30:12] >>> Split ready (protocol=loso): train_windows=43203 val_windows=3121 train_subjects=14 val_subjects=1
[2026-04-22 11:30:12] >>> TCM checkpoint resolved to: /root/work/MulitiModal/checkpoints/best_model.pth
[2026-04-22 11:30:12] >>> TCM scaler resolved to: /root/work/MulitiModal/tcm_ft_transformer/scaler_params.npz
/usr/local/miniconda3/envs/py312/lib/python3.12/site-packages/torch/nn/modules/transformer.py:392: UserWarning: enable_nested_tensor is True, but self.use_nested_tensor is False because encoder_layer.norm_first was True
  warnings.warn(
[2026-04-22 11:30:12] >>> Stage 1 skipped (fixed_encoder=inceptiontime)
[2026-04-22 11:30:12] >>> Stage 2: hyper-parameter reset/tuning for encoder=inceptiontime
[2026-04-22 11:30:12] >>> Using override params: HyperParams(lr=0.0005, weight_decay=1e-05, batch_size=32)
[2026-04-22 11:30:12] >>> Running Step8-focused sweep (epochs=20)
[2026-04-22 11:30:18] Sweep-Step8-gb0.100-lm0.500 | Epoch 1/20 train_loss=0.176024 val_mse=0.136373 best_val=0.136373 patience=0/10
[2026-04-22 11:30:23] Sweep-Step8-gb0.100-lm0.500 | Epoch 2/20 train_loss=0.147728 val_mse=0.126436 best_val=0.126436 patience=0/10
[2026-04-22 11:30:27] Sweep-Step8-gb0.100-lm0.500 | Epoch 3/20 train_loss=0.141612 val_mse=0.141241 best_val=0.126436 patience=1/10
[2026-04-22 11:30:31] Sweep-Step8-gb0.100-lm0.500 | Epoch 4/20 train_loss=0.138350 val_mse=0.119495 best_val=0.119495 patience=0/10
[2026-04-22 11:30:36] Sweep-Step8-gb0.100-lm0.500 | Epoch 5/20 train_loss=0.136093 val_mse=0.129990 best_val=0.119495 patience=1/10
[2026-04-22 11:30:40] Sweep-Step8-gb0.100-lm0.500 | Epoch 6/20 train_loss=0.133350 val_mse=0.184294 best_val=0.119495 patience=2/10
[2026-04-22 11:30:44] Sweep-Step8-gb0.100-lm0.500 | Epoch 7/20 train_loss=0.130533 val_mse=0.123523 best_val=0.119495 patience=3/10
[2026-04-22 11:30:49] Sweep-Step8-gb0.100-lm0.500 | Epoch 8/20 train_loss=0.128151 val_mse=0.107243 best_val=0.107243 patience=0/10
[2026-04-22 11:30:53] Sweep-Step8-gb0.100-lm0.500 | Epoch 9/20 train_loss=0.127219 val_mse=0.107795 best_val=0.107243 patience=1/10
[2026-04-22 11:30:58] Sweep-Step8-gb0.100-lm0.500 | Epoch 10/20 train_loss=0.124494 val_mse=0.123080 best_val=0.107243 patience=2/10
[2026-04-22 11:31:02] Sweep-Step8-gb0.100-lm0.500 | Epoch 11/20 train_loss=0.123011 val_mse=0.120176 best_val=0.107243 patience=3/10
[2026-04-22 11:31:06] Sweep-Step8-gb0.100-lm0.500 | Epoch 12/20 train_loss=0.123611 val_mse=0.099539 best_val=0.099539 patience=0/10
[2026-04-22 11:31:10] Sweep-Step8-gb0.100-lm0.500 | Epoch 13/20 train_loss=0.119562 val_mse=0.131869 best_val=0.099539 patience=1/10
[2026-04-22 11:31:15] Sweep-Step8-gb0.100-lm0.500 | Epoch 14/20 train_loss=0.119357 val_mse=0.108726 best_val=0.099539 patience=2/10
[2026-04-22 11:31:19] Sweep-Step8-gb0.100-lm0.500 | Epoch 15/20 train_loss=0.117752 val_mse=0.097481 best_val=0.097481 patience=0/10
[2026-04-22 11:31:23] Sweep-Step8-gb0.100-lm0.500 | Epoch 16/20 train_loss=0.116318 val_mse=0.107919 best_val=0.097481 patience=1/10
[2026-04-22 11:31:28] Sweep-Step8-gb0.100-lm0.500 | Epoch 17/20 train_loss=0.115600 val_mse=0.095573 best_val=0.095573 patience=0/10
[2026-04-22 11:31:32] Sweep-Step8-gb0.100-lm0.500 | Epoch 18/20 train_loss=0.114894 val_mse=0.102761 best_val=0.095573 patience=1/10
[2026-04-22 11:31:36] Sweep-Step8-gb0.100-lm0.500 | Epoch 19/20 train_loss=0.114128 val_mse=0.088706 best_val=0.088706 patience=0/10
[2026-04-22 11:31:41] Sweep-Step8-gb0.100-lm0.500 | Epoch 20/20 train_loss=0.112732 val_mse=0.117739 best_val=0.088706 patience=1/10
[2026-04-22 11:31:41] Sweep-Step8-gb0.100-lm0.500 DONE | MSE=0.088706 RMSE=0.297836 MAE=0.256349 Pearson=0.933289 [best_epoch=19]
[2026-04-22 11:31:45] Sweep-Step8-gb0.100-lm0.700 | Epoch 1/20 train_loss=0.168879 val_mse=0.132463 best_val=0.132463 patience=0/10
[2026-04-22 11:31:50] Sweep-Step8-gb0.100-lm0.700 | Epoch 2/20 train_loss=0.144347 val_mse=0.106242 best_val=0.106242 patience=0/10
[2026-04-22 11:31:54] Sweep-Step8-gb0.100-lm0.700 | Epoch 3/20 train_loss=0.138129 val_mse=0.131002 best_val=0.106242 patience=1/10
[2026-04-22 11:31:58] Sweep-Step8-gb0.100-lm0.700 | Epoch 4/20 train_loss=0.134062 val_mse=0.120765 best_val=0.106242 patience=2/10
[2026-04-22 11:32:02] Sweep-Step8-gb0.100-lm0.700 | Epoch 5/20 train_loss=0.131685 val_mse=0.112161 best_val=0.106242 patience=3/10
[2026-04-22 11:32:07] Sweep-Step8-gb0.100-lm0.700 | Epoch 6/20 train_loss=0.130662 val_mse=0.110600 best_val=0.106242 patience=4/10
[2026-04-22 11:32:11] Sweep-Step8-gb0.100-lm0.700 | Epoch 7/20 train_loss=0.128306 val_mse=0.126769 best_val=0.106242 patience=5/10
[2026-04-22 11:32:15] Sweep-Step8-gb0.100-lm0.700 | Epoch 8/20 train_loss=0.127191 val_mse=0.143761 best_val=0.106242 patience=6/10
[2026-04-22 11:32:20] Sweep-Step8-gb0.100-lm0.700 | Epoch 9/20 train_loss=0.125124 val_mse=0.158404 best_val=0.106242 patience=7/10
[2026-04-22 11:32:24] Sweep-Step8-gb0.100-lm0.700 | Epoch 10/20 train_loss=0.123048 val_mse=0.114858 best_val=0.106242 patience=8/10
[2026-04-22 11:32:28] Sweep-Step8-gb0.100-lm0.700 | Epoch 11/20 train_loss=0.120954 val_mse=0.152848 best_val=0.106242 patience=9/10
[2026-04-22 11:32:32] Sweep-Step8-gb0.100-lm0.700 | Epoch 12/20 train_loss=0.121391 val_mse=0.123299 best_val=0.106242 patience=10/10
[2026-04-22 11:32:32] Sweep-Step8-gb0.100-lm0.700 | Early stop at epoch 12, best=2
[2026-04-22 11:32:33] Sweep-Step8-gb0.100-lm0.700 DONE | MSE=0.106242 RMSE=0.325948 MAE=0.279647 Pearson=0.928022 [best_epoch=2]
[2026-04-22 11:32:37] Sweep-Step8-gb0.350-lm0.500 | Epoch 1/20 train_loss=0.176980 val_mse=0.129555 best_val=0.129555 patience=0/10
[2026-04-22 11:32:41] Sweep-Step8-gb0.350-lm0.500 | Epoch 2/20 train_loss=0.151918 val_mse=0.132785 best_val=0.129555 patience=1/10
[2026-04-22 11:32:46] Sweep-Step8-gb0.350-lm0.500 | Epoch 3/20 train_loss=0.146255 val_mse=0.101755 best_val=0.101755 patience=0/10
[2026-04-22 11:32:50] Sweep-Step8-gb0.350-lm0.500 | Epoch 4/20 train_loss=0.140284 val_mse=0.131394 best_val=0.101755 patience=1/10
[2026-04-22 11:32:54] Sweep-Step8-gb0.350-lm0.500 | Epoch 5/20 train_loss=0.137409 val_mse=0.156478 best_val=0.101755 patience=2/10
[2026-04-22 11:32:58] Sweep-Step8-gb0.350-lm0.500 | Epoch 6/20 train_loss=0.134662 val_mse=0.139429 best_val=0.101755 patience=3/10
[2026-04-22 11:33:03] Sweep-Step8-gb0.350-lm0.500 | Epoch 7/20 train_loss=0.133023 val_mse=0.120251 best_val=0.101755 patience=4/10
[2026-04-22 11:33:07] Sweep-Step8-gb0.350-lm0.500 | Epoch 8/20 train_loss=0.130459 val_mse=0.134964 best_val=0.101755 patience=5/10
[2026-04-22 11:33:12] Sweep-Step8-gb0.350-lm0.500 | Epoch 9/20 train_loss=0.129308 val_mse=0.121713 best_val=0.101755 patience=6/10
[2026-04-22 11:33:16] Sweep-Step8-gb0.350-lm0.500 | Epoch 10/20 train_loss=0.126683 val_mse=0.122067 best_val=0.101755 patience=7/10
[2026-04-22 11:33:21] Sweep-Step8-gb0.350-lm0.500 | Epoch 11/20 train_loss=0.125286 val_mse=0.088454 best_val=0.088454 patience=0/10
[2026-04-22 11:33:25] Sweep-Step8-gb0.350-lm0.500 | Epoch 12/20 train_loss=0.123289 val_mse=0.106743 best_val=0.088454 patience=1/10
[2026-04-22 11:33:29] Sweep-Step8-gb0.350-lm0.500 | Epoch 13/20 train_loss=0.122271 val_mse=0.153775 best_val=0.088454 patience=2/10
[2026-04-22 11:33:33] Sweep-Step8-gb0.350-lm0.500 | Epoch 14/20 train_loss=0.120045 val_mse=0.107958 best_val=0.088454 patience=3/10
[2026-04-22 11:33:38] Sweep-Step8-gb0.350-lm0.500 | Epoch 15/20 train_loss=0.119304 val_mse=0.129710 best_val=0.088454 patience=4/10
[2026-04-22 11:33:42] Sweep-Step8-gb0.350-lm0.500 | Epoch 16/20 train_loss=0.117052 val_mse=0.123809 best_val=0.088454 patience=5/10
[2026-04-22 11:33:46] Sweep-Step8-gb0.350-lm0.500 | Epoch 17/20 train_loss=0.117789 val_mse=0.118414 best_val=0.088454 patience=6/10
[2026-04-22 11:33:51] Sweep-Step8-gb0.350-lm0.500 | Epoch 18/20 train_loss=0.115527 val_mse=0.166025 best_val=0.088454 patience=7/10
[2026-04-22 11:33:55] Sweep-Step8-gb0.350-lm0.500 | Epoch 19/20 train_loss=0.115030 val_mse=0.118727 best_val=0.088454 patience=8/10
[2026-04-22 11:33:59] Sweep-Step8-gb0.350-lm0.500 | Epoch 20/20 train_loss=0.113478 val_mse=0.151636 best_val=0.088454 patience=9/10
[2026-04-22 11:34:00] Sweep-Step8-gb0.350-lm0.500 DONE | MSE=0.088454 RMSE=0.297412 MAE=0.242980 Pearson=0.944590 [best_epoch=11]
[2026-04-22 11:34:04] Sweep-Step8-gb0.350-lm0.700 | Epoch 1/20 train_loss=0.166950 val_mse=0.119959 best_val=0.119959 patience=0/10
[2026-04-22 11:34:08] Sweep-Step8-gb0.350-lm0.700 | Epoch 2/20 train_loss=0.142736 val_mse=0.141218 best_val=0.119959 patience=1/10
[2026-04-22 11:34:13] Sweep-Step8-gb0.350-lm0.700 | Epoch 3/20 train_loss=0.138180 val_mse=0.100080 best_val=0.100080 patience=0/10
[2026-04-22 11:34:17] Sweep-Step8-gb0.350-lm0.700 | Epoch 4/20 train_loss=0.133839 val_mse=0.093829 best_val=0.093829 patience=0/10
[2026-04-22 11:34:21] Sweep-Step8-gb0.350-lm0.700 | Epoch 5/20 train_loss=0.130092 val_mse=0.119858 best_val=0.093829 patience=1/10
[2026-04-22 11:34:26] Sweep-Step8-gb0.350-lm0.700 | Epoch 6/20 train_loss=0.126799 val_mse=0.102342 best_val=0.093829 patience=2/10
[2026-04-22 11:34:30] Sweep-Step8-gb0.350-lm0.700 | Epoch 7/20 train_loss=0.123593 val_mse=0.087507 best_val=0.087507 patience=0/10
[2026-04-22 11:34:34] Sweep-Step8-gb0.350-lm0.700 | Epoch 8/20 train_loss=0.121876 val_mse=0.100769 best_val=0.087507 patience=1/10
[2026-04-22 11:34:38] Sweep-Step8-gb0.350-lm0.700 | Epoch 9/20 train_loss=0.119754 val_mse=0.143807 best_val=0.087507 patience=2/10
[2026-04-22 11:34:43] Sweep-Step8-gb0.350-lm0.700 | Epoch 10/20 train_loss=0.118245 val_mse=0.101267 best_val=0.087507 patience=3/10
[2026-04-22 11:34:47] Sweep-Step8-gb0.350-lm0.700 | Epoch 11/20 train_loss=0.115637 val_mse=0.112009 best_val=0.087507 patience=4/10
[2026-04-22 11:34:51] Sweep-Step8-gb0.350-lm0.700 | Epoch 12/20 train_loss=0.113735 val_mse=0.104891 best_val=0.087507 patience=5/10
[2026-04-22 11:34:56] Sweep-Step8-gb0.350-lm0.700 | Epoch 13/20 train_loss=0.113019 val_mse=0.113503 best_val=0.087507 patience=6/10
[2026-04-22 11:35:00] Sweep-Step8-gb0.350-lm0.700 | Epoch 14/20 train_loss=0.110158 val_mse=0.162878 best_val=0.087507 patience=7/10
[2026-04-22 11:35:04] Sweep-Step8-gb0.350-lm0.700 | Epoch 15/20 train_loss=0.109693 val_mse=0.139150 best_val=0.087507 patience=8/10
[2026-04-22 11:35:09] Sweep-Step8-gb0.350-lm0.700 | Epoch 16/20 train_loss=0.108048 val_mse=0.099848 best_val=0.087507 patience=9/10
[2026-04-22 11:35:13] Sweep-Step8-gb0.350-lm0.700 | Epoch 17/20 train_loss=0.107857 val_mse=0.103938 best_val=0.087507 patience=10/10
[2026-04-22 11:35:13] Sweep-Step8-gb0.350-lm0.700 | Early stop at epoch 17, best=7
[2026-04-22 11:35:13] Sweep-Step8-gb0.350-lm0.700 DONE | MSE=0.087507 RMSE=0.295816 MAE=0.250908 Pearson=0.942930 [best_epoch=7]
[2026-04-22 11:35:13] >>> Sweep best: gate_b_scale=0.350, final_lr_mult=0.700, mse=0.087507
[2026-04-22 11:35:13] >>> Stage 3: running 9-step matrix with fixed best params
[2026-04-22 11:35:17] Step1-BaselineA-Weak | Epoch 1/50 train_loss=0.188749 val_mse=0.154629 best_val=0.154629 patience=0/10
[2026-04-22 11:35:20] Step1-BaselineA-Weak | Epoch 2/50 train_loss=0.178772 val_mse=0.141747 best_val=0.141747 patience=0/10
[2026-04-22 11:35:24] Step1-BaselineA-Weak | Epoch 3/50 train_loss=0.177089 val_mse=0.140680 best_val=0.140680 patience=0/10
[2026-04-22 11:35:28] Step1-BaselineA-Weak | Epoch 4/50 train_loss=0.175950 val_mse=0.138453 best_val=0.138453 patience=0/10
[2026-04-22 11:35:31] Step1-BaselineA-Weak | Epoch 5/50 train_loss=0.174575 val_mse=0.147775 best_val=0.138453 patience=1/10
[2026-04-22 11:35:35] Step1-BaselineA-Weak | Epoch 6/50 train_loss=0.174193 val_mse=0.149839 best_val=0.138453 patience=2/10
[2026-04-22 11:35:39] Step1-BaselineA-Weak | Epoch 7/50 train_loss=0.173611 val_mse=0.132614 best_val=0.132614 patience=0/10
[2026-04-22 11:35:42] Step1-BaselineA-Weak | Epoch 8/50 train_loss=0.172589 val_mse=0.136620 best_val=0.132614 patience=1/10
[2026-04-22 11:35:46] Step1-BaselineA-Weak | Epoch 9/50 train_loss=0.171836 val_mse=0.134779 best_val=0.132614 patience=2/10
[2026-04-22 11:35:49] Step1-BaselineA-Weak | Epoch 10/50 train_loss=0.170688 val_mse=0.145372 best_val=0.132614 patience=3/10
[2026-04-22 11:35:53] Step1-BaselineA-Weak | Epoch 11/50 train_loss=0.169366 val_mse=0.143950 best_val=0.132614 patience=4/10
[2026-04-22 11:35:56] Step1-BaselineA-Weak | Epoch 12/50 train_loss=0.168323 val_mse=0.149923 best_val=0.132614 patience=5/10
[2026-04-22 11:36:00] Step1-BaselineA-Weak | Epoch 13/50 train_loss=0.167410 val_mse=0.140689 best_val=0.132614 patience=6/10
[2026-04-22 11:36:03] Step1-BaselineA-Weak | Epoch 14/50 train_loss=0.164276 val_mse=0.147883 best_val=0.132614 patience=7/10
[2026-04-22 11:36:07] Step1-BaselineA-Weak | Epoch 15/50 train_loss=0.162578 val_mse=0.142020 best_val=0.132614 patience=8/10
[2026-04-22 11:36:11] Step1-BaselineA-Weak | Epoch 16/50 train_loss=0.161097 val_mse=0.132462 best_val=0.132462 patience=0/10
[2026-04-22 11:36:14] Step1-BaselineA-Weak | Epoch 17/50 train_loss=0.160134 val_mse=0.124018 best_val=0.124018 patience=0/10
[2026-04-22 11:36:18] Step1-BaselineA-Weak | Epoch 18/50 train_loss=0.158025 val_mse=0.120467 best_val=0.120467 patience=0/10
[2026-04-22 11:36:21] Step1-BaselineA-Weak | Epoch 19/50 train_loss=0.163635 val_mse=0.136907 best_val=0.120467 patience=1/10
[2026-04-22 11:36:25] Step1-BaselineA-Weak | Epoch 20/50 train_loss=0.161526 val_mse=0.166759 best_val=0.120467 patience=2/10
[2026-04-22 11:36:28] Step1-BaselineA-Weak | Epoch 21/50 train_loss=0.162683 val_mse=0.136670 best_val=0.120467 patience=3/10
[2026-04-22 11:36:32] Step1-BaselineA-Weak | Epoch 22/50 train_loss=0.161325 val_mse=0.154910 best_val=0.120467 patience=4/10
[2026-04-22 11:36:35] Step1-BaselineA-Weak | Epoch 23/50 train_loss=0.162586 val_mse=0.130290 best_val=0.120467 patience=5/10
[2026-04-22 11:36:39] Step1-BaselineA-Weak | Epoch 24/50 train_loss=0.160486 val_mse=0.124584 best_val=0.120467 patience=6/10
[2026-04-22 11:36:42] Step1-BaselineA-Weak | Epoch 25/50 train_loss=0.159656 val_mse=0.123134 best_val=0.120467 patience=7/10
[2026-04-22 11:36:46] Step1-BaselineA-Weak | Epoch 26/50 train_loss=0.158549 val_mse=0.114845 best_val=0.114845 patience=0/10
[2026-04-22 11:36:50] Step1-BaselineA-Weak | Epoch 27/50 train_loss=0.158025 val_mse=0.135535 best_val=0.114845 patience=1/10
[2026-04-22 11:36:53] Step1-BaselineA-Weak | Epoch 28/50 train_loss=0.157665 val_mse=0.132351 best_val=0.114845 patience=2/10
[2026-04-22 11:36:57] Step1-BaselineA-Weak | Epoch 29/50 train_loss=0.158081 val_mse=0.124822 best_val=0.114845 patience=3/10
[2026-04-22 11:37:00] Step1-BaselineA-Weak | Epoch 30/50 train_loss=0.156847 val_mse=0.103267 best_val=0.103267 patience=0/10
[2026-04-22 11:37:04] Step1-BaselineA-Weak | Epoch 31/50 train_loss=0.157115 val_mse=0.114613 best_val=0.103267 patience=1/10
[2026-04-22 11:37:07] Step1-BaselineA-Weak | Epoch 32/50 train_loss=0.156423 val_mse=0.110095 best_val=0.103267 patience=2/10
[2026-04-22 11:37:11] Step1-BaselineA-Weak | Epoch 33/50 train_loss=0.156695 val_mse=0.118222 best_val=0.103267 patience=3/10
[2026-04-22 11:37:15] Step1-BaselineA-Weak | Epoch 34/50 train_loss=0.157385 val_mse=0.115691 best_val=0.103267 patience=4/10
[2026-04-22 11:37:18] Step1-BaselineA-Weak | Epoch 35/50 train_loss=0.156971 val_mse=0.100750 best_val=0.100750 patience=0/10
[2026-04-22 11:37:22] Step1-BaselineA-Weak | Epoch 36/50 train_loss=0.170562 val_mse=0.141223 best_val=0.100750 patience=1/10
[2026-04-22 11:37:26] Step1-BaselineA-Weak | Epoch 37/50 train_loss=0.169594 val_mse=0.155677 best_val=0.100750 patience=2/10
[2026-04-22 11:37:29] Step1-BaselineA-Weak | Epoch 38/50 train_loss=0.169446 val_mse=0.165376 best_val=0.100750 patience=3/10
[2026-04-22 11:37:33] Step1-BaselineA-Weak | Epoch 39/50 train_loss=0.169369 val_mse=0.136050 best_val=0.100750 patience=4/10
[2026-04-22 11:37:36] Step1-BaselineA-Weak | Epoch 40/50 train_loss=0.168668 val_mse=0.155010 best_val=0.100750 patience=5/10
[2026-04-22 11:37:40] Step1-BaselineA-Weak | Epoch 41/50 train_loss=0.169500 val_mse=0.167724 best_val=0.100750 patience=6/10
[2026-04-22 11:37:44] Step1-BaselineA-Weak | Epoch 42/50 train_loss=0.169285 val_mse=0.133828 best_val=0.100750 patience=7/10
[2026-04-22 11:37:47] Step1-BaselineA-Weak | Epoch 43/50 train_loss=0.169162 val_mse=0.152308 best_val=0.100750 patience=8/10
[2026-04-22 11:37:51] Step1-BaselineA-Weak | Epoch 44/50 train_loss=0.168817 val_mse=0.159992 best_val=0.100750 patience=9/10
[2026-04-22 11:37:54] Step1-BaselineA-Weak | Epoch 45/50 train_loss=0.168381 val_mse=0.152170 best_val=0.100750 patience=10/10
[2026-04-22 11:37:54] Step1-BaselineA-Weak | Early stop at epoch 45, best=35
[2026-04-22 11:37:54] Step1-BaselineA-Weak DONE | MSE=0.100750 RMSE=0.317411 MAE=0.297000 Pearson=0.923165 [best_epoch=35]
[2026-04-22 11:37:58] Step2-BaselineB-Strong | Epoch 1/50 train_loss=0.190834 val_mse=0.149578 best_val=0.149578 patience=0/10
[2026-04-22 11:38:02] Step2-BaselineB-Strong | Epoch 2/50 train_loss=0.179397 val_mse=0.148439 best_val=0.148439 patience=0/10
[2026-04-22 11:38:06] Step2-BaselineB-Strong | Epoch 3/50 train_loss=0.176777 val_mse=0.152898 best_val=0.148439 patience=1/10
[2026-04-22 11:38:09] Step2-BaselineB-Strong | Epoch 4/50 train_loss=0.175767 val_mse=0.142997 best_val=0.142997 patience=0/10
[2026-04-22 11:38:13] Step2-BaselineB-Strong | Epoch 5/50 train_loss=0.176137 val_mse=0.143059 best_val=0.142997 patience=1/10
[2026-04-22 11:38:17] Step2-BaselineB-Strong | Epoch 6/50 train_loss=0.175792 val_mse=0.147379 best_val=0.142997 patience=2/10
[2026-04-22 11:38:20] Step2-BaselineB-Strong | Epoch 7/50 train_loss=0.175235 val_mse=0.143394 best_val=0.142997 patience=3/10
[2026-04-22 11:38:24] Step2-BaselineB-Strong | Epoch 8/50 train_loss=0.174637 val_mse=0.143902 best_val=0.142997 patience=4/10
[2026-04-22 11:38:28] Step2-BaselineB-Strong | Epoch 9/50 train_loss=0.174853 val_mse=0.149817 best_val=0.142997 patience=5/10
[2026-04-22 11:38:32] Step2-BaselineB-Strong | Epoch 10/50 train_loss=0.174465 val_mse=0.142985 best_val=0.142985 patience=0/10
[2026-04-22 11:38:35] Step2-BaselineB-Strong | Epoch 11/50 train_loss=0.174296 val_mse=0.155200 best_val=0.142985 patience=1/10
[2026-04-22 11:38:39] Step2-BaselineB-Strong | Epoch 12/50 train_loss=0.174148 val_mse=0.146936 best_val=0.142985 patience=2/10
[2026-04-22 11:38:43] Step2-BaselineB-Strong | Epoch 13/50 train_loss=0.173788 val_mse=0.153616 best_val=0.142985 patience=3/10
[2026-04-22 11:38:46] Step2-BaselineB-Strong | Epoch 14/50 train_loss=0.173647 val_mse=0.138254 best_val=0.138254 patience=0/10
[2026-04-22 11:38:50] Step2-BaselineB-Strong | Epoch 15/50 train_loss=0.173812 val_mse=0.152970 best_val=0.138254 patience=1/10
[2026-04-22 11:38:54] Step2-BaselineB-Strong | Epoch 16/50 train_loss=0.173552 val_mse=0.146956 best_val=0.138254 patience=2/10
[2026-04-22 11:38:57] Step2-BaselineB-Strong | Epoch 17/50 train_loss=0.173395 val_mse=0.140978 best_val=0.138254 patience=3/10
[2026-04-22 11:39:01] Step2-BaselineB-Strong | Epoch 18/50 train_loss=0.173442 val_mse=0.142853 best_val=0.138254 patience=4/10
[2026-04-22 11:39:05] Step2-BaselineB-Strong | Epoch 19/50 train_loss=0.173309 val_mse=0.148722 best_val=0.138254 patience=5/10
[2026-04-22 11:39:09] Step2-BaselineB-Strong | Epoch 20/50 train_loss=0.173075 val_mse=0.144368 best_val=0.138254 patience=6/10
[2026-04-22 11:39:12] Step2-BaselineB-Strong | Epoch 21/50 train_loss=0.173049 val_mse=0.150240 best_val=0.138254 patience=7/10
[2026-04-22 11:39:16] Step2-BaselineB-Strong | Epoch 22/50 train_loss=0.173009 val_mse=0.151933 best_val=0.138254 patience=8/10
[2026-04-22 11:39:20] Step2-BaselineB-Strong | Epoch 23/50 train_loss=0.173103 val_mse=0.152524 best_val=0.138254 patience=9/10
[2026-04-22 11:39:23] Step2-BaselineB-Strong | Epoch 24/50 train_loss=0.173043 val_mse=0.150017 best_val=0.138254 patience=10/10
[2026-04-22 11:39:23] Step2-BaselineB-Strong | Early stop at epoch 24, best=14
[2026-04-22 11:39:24] Step2-BaselineB-Strong DONE | MSE=0.138254 RMSE=0.371825 MAE=0.326945 Pearson=0.977428 [best_epoch=14]
[2026-04-22 11:39:28] Step3-Ours-TCN | Epoch 1/50 train_loss=0.191280 val_mse=0.142343 best_val=0.142343 patience=0/10
[2026-04-22 11:39:32] Step3-Ours-TCN | Epoch 2/50 train_loss=0.179734 val_mse=0.147440 best_val=0.142343 patience=1/10
[2026-04-22 11:39:36] Step3-Ours-TCN | Epoch 3/50 train_loss=0.177239 val_mse=0.148417 best_val=0.142343 patience=2/10
[2026-04-22 11:39:40] Step3-Ours-TCN | Epoch 4/50 train_loss=0.176661 val_mse=0.155208 best_val=0.142343 patience=3/10
[2026-04-22 11:39:44] Step3-Ours-TCN | Epoch 5/50 train_loss=0.175831 val_mse=0.141061 best_val=0.141061 patience=0/10
[2026-04-22 11:39:48] Step3-Ours-TCN | Epoch 6/50 train_loss=0.174827 val_mse=0.144938 best_val=0.141061 patience=1/10
[2026-04-22 11:39:51] Step3-Ours-TCN | Epoch 7/50 train_loss=0.174339 val_mse=0.148350 best_val=0.141061 patience=2/10
[2026-04-22 11:39:55] Step3-Ours-TCN | Epoch 8/50 train_loss=0.174161 val_mse=0.138769 best_val=0.138769 patience=0/10
[2026-04-22 11:39:59] Step3-Ours-TCN | Epoch 9/50 train_loss=0.173716 val_mse=0.131085 best_val=0.131085 patience=0/10
[2026-04-22 11:40:03] Step3-Ours-TCN | Epoch 10/50 train_loss=0.173389 val_mse=0.148758 best_val=0.131085 patience=1/10
[2026-04-22 11:40:07] Step3-Ours-TCN | Epoch 11/50 train_loss=0.173051 val_mse=0.147167 best_val=0.131085 patience=2/10
[2026-04-22 11:40:11] Step3-Ours-TCN | Epoch 12/50 train_loss=0.172765 val_mse=0.143868 best_val=0.131085 patience=3/10
[2026-04-22 11:40:15] Step3-Ours-TCN | Epoch 13/50 train_loss=0.172679 val_mse=0.149044 best_val=0.131085 patience=4/10
[2026-04-22 11:40:19] Step3-Ours-TCN | Epoch 14/50 train_loss=0.172284 val_mse=0.145133 best_val=0.131085 patience=5/10
[2026-04-22 11:40:23] Step3-Ours-TCN | Epoch 15/50 train_loss=0.171970 val_mse=0.142850 best_val=0.131085 patience=6/10
[2026-04-22 11:40:27] Step3-Ours-TCN | Epoch 16/50 train_loss=0.171897 val_mse=0.144063 best_val=0.131085 patience=7/10
[2026-04-22 11:40:31] Step3-Ours-TCN | Epoch 17/50 train_loss=0.171674 val_mse=0.135502 best_val=0.131085 patience=8/10
[2026-04-22 11:40:35] Step3-Ours-TCN | Epoch 18/50 train_loss=0.171154 val_mse=0.133141 best_val=0.131085 patience=9/10
[2026-04-22 11:40:39] Step3-Ours-TCN | Epoch 19/50 train_loss=0.170905 val_mse=0.135482 best_val=0.131085 patience=10/10
[2026-04-22 11:40:39] Step3-Ours-TCN | Early stop at epoch 19, best=9
[2026-04-22 11:40:40] Step3-Ours-TCN DONE | MSE=0.131085 RMSE=0.362056 MAE=0.320471 Pearson=0.973401 [best_epoch=9]
[2026-04-22 11:40:44] Step5-Ablation1-woDualGating | Epoch 1/50 train_loss=0.152770 val_mse=0.116486 best_val=0.116486 patience=0/10
[2026-04-22 11:40:48] Step5-Ablation1-woDualGating | Epoch 2/50 train_loss=0.136461 val_mse=0.186369 best_val=0.116486 patience=1/10
[2026-04-22 11:40:52] Step5-Ablation1-woDualGating | Epoch 3/50 train_loss=0.131993 val_mse=0.095159 best_val=0.095159 patience=0/10
[2026-04-22 11:40:56] Step5-Ablation1-woDualGating | Epoch 4/50 train_loss=0.126908 val_mse=0.148505 best_val=0.095159 patience=1/10
[2026-04-22 11:41:00] Step5-Ablation1-woDualGating | Epoch 5/50 train_loss=0.122527 val_mse=0.070964 best_val=0.070964 patience=0/10
[2026-04-22 11:41:04] Step5-Ablation1-woDualGating | Epoch 6/50 train_loss=0.118958 val_mse=0.097305 best_val=0.070964 patience=1/10
[2026-04-22 11:41:08] Step5-Ablation1-woDualGating | Epoch 7/50 train_loss=0.114919 val_mse=0.168093 best_val=0.070964 patience=2/10
[2026-04-22 11:41:12] Step5-Ablation1-woDualGating | Epoch 8/50 train_loss=0.113230 val_mse=0.105984 best_val=0.070964 patience=3/10
[2026-04-22 11:41:16] Step5-Ablation1-woDualGating | Epoch 9/50 train_loss=0.109598 val_mse=0.152070 best_val=0.070964 patience=4/10
[2026-04-22 11:41:20] Step5-Ablation1-woDualGating | Epoch 10/50 train_loss=0.107258 val_mse=0.144853 best_val=0.070964 patience=5/10
[2026-04-22 11:41:24] Step5-Ablation1-woDualGating | Epoch 11/50 train_loss=0.104103 val_mse=0.123531 best_val=0.070964 patience=6/10
[2026-04-22 11:41:28] Step5-Ablation1-woDualGating | Epoch 12/50 train_loss=0.102815 val_mse=0.124965 best_val=0.070964 patience=7/10
[2026-04-22 11:41:32] Step5-Ablation1-woDualGating | Epoch 13/50 train_loss=0.100741 val_mse=0.143270 best_val=0.070964 patience=8/10
[2026-04-22 11:41:36] Step5-Ablation1-woDualGating | Epoch 14/50 train_loss=0.097969 val_mse=0.117479 best_val=0.070964 patience=9/10
[2026-04-22 11:41:40] Step5-Ablation1-woDualGating | Epoch 15/50 train_loss=0.098181 val_mse=0.094066 best_val=0.070964 patience=10/10
[2026-04-22 11:41:40] Step5-Ablation1-woDualGating | Early stop at epoch 15, best=5
[2026-04-22 11:41:41] Step5-Ablation1-woDualGating DONE | MSE=0.070964 RMSE=0.266391 MAE=0.233589 Pearson=0.946202 [best_epoch=5]
[2026-04-22 11:41:45] Step6-Ablation2-woTCMPrior | Epoch 1/50 train_loss=0.162828 val_mse=0.128497 best_val=0.128497 patience=0/10
[2026-04-22 11:41:49] Step6-Ablation2-woTCMPrior | Epoch 2/50 train_loss=0.144866 val_mse=0.098888 best_val=0.098888 patience=0/10
[2026-04-22 11:41:53] Step6-Ablation2-woTCMPrior | Epoch 3/50 train_loss=0.140185 val_mse=0.119848 best_val=0.098888 patience=1/10
[2026-04-22 11:41:56] Step6-Ablation2-woTCMPrior | Epoch 4/50 train_loss=0.136998 val_mse=0.111713 best_val=0.098888 patience=2/10
[2026-04-22 11:42:00] Step6-Ablation2-woTCMPrior | Epoch 5/50 train_loss=0.134296 val_mse=0.097825 best_val=0.097825 patience=0/10
[2026-04-22 11:42:04] Step6-Ablation2-woTCMPrior | Epoch 6/50 train_loss=0.132647 val_mse=0.114235 best_val=0.097825 patience=1/10
[2026-04-22 11:42:08] Step6-Ablation2-woTCMPrior | Epoch 7/50 train_loss=0.129839 val_mse=0.095868 best_val=0.095868 patience=0/10
[2026-04-22 11:42:12] Step6-Ablation2-woTCMPrior | Epoch 8/50 train_loss=0.128147 val_mse=0.138814 best_val=0.095868 patience=1/10
[2026-04-22 11:42:16] Step6-Ablation2-woTCMPrior | Epoch 9/50 train_loss=0.126035 val_mse=0.075206 best_val=0.075206 patience=0/10
[2026-04-22 11:42:20] Step6-Ablation2-woTCMPrior | Epoch 10/50 train_loss=0.125469 val_mse=0.114642 best_val=0.075206 patience=1/10
[2026-04-22 11:42:24] Step6-Ablation2-woTCMPrior | Epoch 11/50 train_loss=0.123802 val_mse=0.118522 best_val=0.075206 patience=2/10
[2026-04-22 11:42:28] Step6-Ablation2-woTCMPrior | Epoch 12/50 train_loss=0.124125 val_mse=0.113982 best_val=0.075206 patience=3/10
[2026-04-22 11:42:32] Step6-Ablation2-woTCMPrior | Epoch 13/50 train_loss=0.121244 val_mse=0.111180 best_val=0.075206 patience=4/10
[2026-04-22 11:42:36] Step6-Ablation2-woTCMPrior | Epoch 14/50 train_loss=0.121234 val_mse=0.131565 best_val=0.075206 patience=5/10
[2026-04-22 11:42:40] Step6-Ablation2-woTCMPrior | Epoch 15/50 train_loss=0.120094 val_mse=0.105791 best_val=0.075206 patience=6/10
[2026-04-22 11:42:44] Step6-Ablation2-woTCMPrior | Epoch 16/50 train_loss=0.120358 val_mse=0.112124 best_val=0.075206 patience=7/10
[2026-04-22 11:42:48] Step6-Ablation2-woTCMPrior | Epoch 17/50 train_loss=0.119850 val_mse=0.083941 best_val=0.075206 patience=8/10
[2026-04-22 11:42:52] Step6-Ablation2-woTCMPrior | Epoch 18/50 train_loss=0.118163 val_mse=0.147270 best_val=0.075206 patience=9/10
[2026-04-22 11:42:56] Step6-Ablation2-woTCMPrior | Epoch 19/50 train_loss=0.117888 val_mse=0.063974 best_val=0.063974 patience=0/10
[2026-04-22 11:43:00] Step6-Ablation2-woTCMPrior | Epoch 20/50 train_loss=0.117320 val_mse=0.114075 best_val=0.063974 patience=1/10
[2026-04-22 11:43:04] Step6-Ablation2-woTCMPrior | Epoch 21/50 train_loss=0.115612 val_mse=0.094409 best_val=0.063974 patience=2/10
[2026-04-22 11:43:08] Step6-Ablation2-woTCMPrior | Epoch 22/50 train_loss=0.115186 val_mse=0.151610 best_val=0.063974 patience=3/10
[2026-04-22 11:43:12] Step6-Ablation2-woTCMPrior | Epoch 23/50 train_loss=0.114520 val_mse=0.094632 best_val=0.063974 patience=4/10
[2026-04-22 11:43:16] Step6-Ablation2-woTCMPrior | Epoch 24/50 train_loss=0.113873 val_mse=0.124444 best_val=0.063974 patience=5/10
[2026-04-22 11:43:20] Step6-Ablation2-woTCMPrior | Epoch 25/50 train_loss=0.113107 val_mse=0.123923 best_val=0.063974 patience=6/10
[2026-04-22 11:43:24] Step6-Ablation2-woTCMPrior | Epoch 26/50 train_loss=0.113366 val_mse=0.088947 best_val=0.063974 patience=7/10
[2026-04-22 11:43:28] Step6-Ablation2-woTCMPrior | Epoch 27/50 train_loss=0.113597 val_mse=0.142727 best_val=0.063974 patience=8/10
[2026-04-22 11:43:32] Step6-Ablation2-woTCMPrior | Epoch 28/50 train_loss=0.110989 val_mse=0.082526 best_val=0.063974 patience=9/10
[2026-04-22 11:43:36] Step6-Ablation2-woTCMPrior | Epoch 29/50 train_loss=0.111332 val_mse=0.123496 best_val=0.063974 patience=10/10
[2026-04-22 11:43:36] Step6-Ablation2-woTCMPrior | Early stop at epoch 29, best=19
[2026-04-22 11:43:36] Step6-Ablation2-woTCMPrior DONE | MSE=0.063974 RMSE=0.252930 MAE=0.196862 Pearson=0.965141 [best_epoch=19]
[2026-04-22 11:43:41] Step7-Ablation3-woTCMGate | Epoch 1/50 train_loss=0.160209 val_mse=0.118754 best_val=0.118754 patience=0/10
[2026-04-22 11:43:45] Step7-Ablation3-woTCMGate | Epoch 2/50 train_loss=0.140536 val_mse=0.110761 best_val=0.110761 patience=0/10
[2026-04-22 11:43:49] Step7-Ablation3-woTCMGate | Epoch 3/50 train_loss=0.134280 val_mse=0.128950 best_val=0.110761 patience=1/10
[2026-04-22 11:43:53] Step7-Ablation3-woTCMGate | Epoch 4/50 train_loss=0.127457 val_mse=0.111722 best_val=0.110761 patience=2/10
[2026-04-22 11:43:57] Step7-Ablation3-woTCMGate | Epoch 5/50 train_loss=0.122717 val_mse=0.121704 best_val=0.110761 patience=3/10
[2026-04-22 11:44:01] Step7-Ablation3-woTCMGate | Epoch 6/50 train_loss=0.120432 val_mse=0.142218 best_val=0.110761 patience=4/10
[2026-04-22 11:44:06] Step7-Ablation3-woTCMGate | Epoch 7/50 train_loss=0.117261 val_mse=0.134204 best_val=0.110761 patience=5/10
[2026-04-22 11:44:10] Step7-Ablation3-woTCMGate | Epoch 8/50 train_loss=0.113436 val_mse=0.083615 best_val=0.083615 patience=0/10
[2026-04-22 11:44:14] Step7-Ablation3-woTCMGate | Epoch 9/50 train_loss=0.111754 val_mse=0.193058 best_val=0.083615 patience=1/10
[2026-04-22 11:44:18] Step7-Ablation3-woTCMGate | Epoch 10/50 train_loss=0.109755 val_mse=0.166755 best_val=0.083615 patience=2/10
[2026-04-22 11:44:22] Step7-Ablation3-woTCMGate | Epoch 11/50 train_loss=0.107621 val_mse=0.133704 best_val=0.083615 patience=3/10
[2026-04-22 11:44:27] Step7-Ablation3-woTCMGate | Epoch 12/50 train_loss=0.106966 val_mse=0.120794 best_val=0.083615 patience=4/10
[2026-04-22 11:44:31] Step7-Ablation3-woTCMGate | Epoch 13/50 train_loss=0.103940 val_mse=0.152569 best_val=0.083615 patience=5/10
[2026-04-22 11:44:35] Step7-Ablation3-woTCMGate | Epoch 14/50 train_loss=0.102379 val_mse=0.136720 best_val=0.083615 patience=6/10
[2026-04-22 11:44:39] Step7-Ablation3-woTCMGate | Epoch 15/50 train_loss=0.101664 val_mse=0.222405 best_val=0.083615 patience=7/10
[2026-04-22 11:44:43] Step7-Ablation3-woTCMGate | Epoch 16/50 train_loss=0.099941 val_mse=0.131459 best_val=0.083615 patience=8/10
[2026-04-22 11:44:47] Step7-Ablation3-woTCMGate | Epoch 17/50 train_loss=0.098623 val_mse=0.104910 best_val=0.083615 patience=9/10
[2026-04-22 11:44:51] Step7-Ablation3-woTCMGate | Epoch 18/50 train_loss=0.097068 val_mse=0.228908 best_val=0.083615 patience=10/10
[2026-04-22 11:44:51] Step7-Ablation3-woTCMGate | Early stop at epoch 18, best=8
[2026-04-22 11:44:51] Step7-Ablation3-woTCMGate DONE | MSE=0.083615 RMSE=0.289163 MAE=0.243627 Pearson=0.921261 [best_epoch=8]
[2026-04-22 11:44:51] >>> Final Ours stabilized hparams: HyperParams(lr=0.00035, weight_decay=1e-05, batch_size=32)
[2026-04-22 11:44:56] Step8-FinalOurs | Epoch 1/50 train_loss=0.163402 val_mse=0.124655 best_val=0.124655 patience=0/10
[2026-04-22 11:45:00] Step8-FinalOurs | Epoch 2/50 train_loss=0.141306 val_mse=0.129987 best_val=0.124655 patience=1/10
[2026-04-22 11:45:04] Step8-FinalOurs | Epoch 3/50 train_loss=0.136051 val_mse=0.137735 best_val=0.124655 patience=2/10
[2026-04-22 11:45:09] Step8-FinalOurs | Epoch 4/50 train_loss=0.131273 val_mse=0.126369 best_val=0.124655 patience=3/10
[2026-04-22 11:45:13] Step8-FinalOurs | Epoch 5/50 train_loss=0.128531 val_mse=0.136523 best_val=0.124655 patience=4/10
[2026-04-22 11:45:17] Step8-FinalOurs | Epoch 6/50 train_loss=0.124015 val_mse=0.151309 best_val=0.124655 patience=5/10
[2026-04-22 11:45:21] Step8-FinalOurs | Epoch 7/50 train_loss=0.123765 val_mse=0.079139 best_val=0.079139 patience=0/10
[2026-04-22 11:45:26] Step8-FinalOurs | Epoch 8/50 train_loss=0.121020 val_mse=0.123926 best_val=0.079139 patience=1/10
[2026-04-22 11:45:30] Step8-FinalOurs | Epoch 9/50 train_loss=0.117530 val_mse=0.123102 best_val=0.079139 patience=2/10
[2026-04-22 11:45:34] Step8-FinalOurs | Epoch 10/50 train_loss=0.115290 val_mse=0.108380 best_val=0.079139 patience=3/10
[2026-04-22 11:45:39] Step8-FinalOurs | Epoch 11/50 train_loss=0.112370 val_mse=0.158525 best_val=0.079139 patience=4/10
[2026-04-22 11:45:43] Step8-FinalOurs | Epoch 12/50 train_loss=0.110102 val_mse=0.116978 best_val=0.079139 patience=5/10
[2026-04-22 11:45:47] Step8-FinalOurs | Epoch 13/50 train_loss=0.108392 val_mse=0.144750 best_val=0.079139 patience=6/10
[2026-04-22 11:45:51] Step8-FinalOurs | Epoch 14/50 train_loss=0.106460 val_mse=0.115749 best_val=0.079139 patience=7/10
[2026-04-22 11:45:56] Step8-FinalOurs | Epoch 15/50 train_loss=0.103609 val_mse=0.126229 best_val=0.079139 patience=8/10
[2026-04-22 11:46:00] Step8-FinalOurs | Epoch 16/50 train_loss=0.103306 val_mse=0.157643 best_val=0.079139 patience=9/10
[2026-04-22 11:46:04] Step8-FinalOurs | Epoch 17/50 train_loss=0.101865 val_mse=0.136390 best_val=0.079139 patience=10/10
[2026-04-22 11:46:04] Step8-FinalOurs | Early stop at epoch 17, best=7
[2026-04-22 11:46:04] Step8-FinalOurs DONE | MSE=0.079139 RMSE=0.281316 MAE=0.241245 Pearson=0.940882 [best_epoch=7]
[2026-04-22 11:46:04] >>> Saved final model to /root/work/MulitiModal/checkpoints/best_model.pth

===== Stage 2 Chosen Hyper-Parameters =====
HyperParams(lr=0.0005, weight_decay=1e-05, batch_size=32)
===========================================

Step8 tuned controls: gate_b_scale=0.350, final_lr_mult=0.700
===== Final 9-Step best_val_mse List =====
Step 1: Baseline A -> best_val_mse=0.10075004398822784
Step 2: Baseline B -> best_val_mse=0.13825352489948273
Step 3: Ours-TCN -> best_val_mse=0.1310848444700241
Step 4: Encoder Selection -> best_val_mse=None
Step 5: w/o Dual Gating -> best_val_mse=0.07096411287784576
Step 6: w/o TCM Prior -> best_val_mse=0.0639735534787178
Step 7: w/o TCM_Gate -> best_val_mse=0.08361516147851944
Step 8: Final Ours -> best_val_mse=0.07913869619369507
Step 9: Plotting -> best_val_mse=None
===========================================
[2026-04-22 11:46:05] >>> Experiment flow completed. Summary saved to /root/work/MulitiModal/results/loso_folds/experiments_summary_S15.json
[2026-04-22 11:46:06] >>> LOSO fold holdout=S16
[2026-04-22 11:46:09] >>> Runner signature: RUN_EXPERIMENTS_V2_LOSO_GUARDED | file=/root/work/MulitiModal/run_experiments.py | mtime=2026-04-22 10:20:26
[2026-04-22 11:46:09] >>> Loading WESAD dataset from /root/work/MulitiModal/data/wesad
Subject S10: Age=28.0, Gender=1, BMI=24.0, HR=64.2
Subject S11: Age=26.0, Gender=0, BMI=18.5, HR=63.9
Subject S13: Age=28.0, Gender=1, BMI=25.0, HR=65.6
Subject S14: Age=27.0, Gender=1, BMI=24.7, HR=64.9
Subject S15: Age=28.0, Gender=1, BMI=24.0, HR=66.7
Subject S16: Age=24.0, Gender=1, BMI=20.4, HR=63.5
Subject S17: Age=29.0, Gender=0, BMI=20.2, HR=61.3
Subject S2: Age=27.0, Gender=1, BMI=26.1, HR=64.6
Subject S3: Age=27.0, Gender=1, BMI=23.1, HR=58.7
Subject S4: Age=25.0, Gender=1, BMI=29.4, HR=60.0
Subject S5: Age=35.0, Gender=1, BMI=22.4, HR=62.6
Subject S6: Age=27.0, Gender=1, BMI=22.8, HR=62.9
Subject S7: Age=28.0, Gender=1, BMI=21.9, HR=62.3
Subject S8: Age=27.0, Gender=0, BMI=21.6, HR=64.3
Subject S9: Age=26.0, Gender=1, BMI=22.9, HR=68.1
[2026-04-22 11:47:01] >>> WESAD loaded. total_windows=46324
[2026-04-22 11:47:01] >>> Gate scales: gate_a_scale=0.600, gate_b_scale=0.350
[2026-04-22 11:47:01] >>> Split ready (protocol=loso): train_windows=43221 val_windows=3103 train_subjects=14 val_subjects=1
[2026-04-22 11:47:01] >>> TCM checkpoint resolved to: /root/work/MulitiModal/checkpoints/best_model.pth
[2026-04-22 11:47:01] >>> TCM scaler resolved to: /root/work/MulitiModal/tcm_ft_transformer/scaler_params.npz
/usr/local/miniconda3/envs/py312/lib/python3.12/site-packages/torch/nn/modules/transformer.py:392: UserWarning: enable_nested_tensor is True, but self.use_nested_tensor is False because encoder_layer.norm_first was True
  warnings.warn(
[2026-04-22 11:47:01] >>> Stage 1 skipped (fixed_encoder=inceptiontime)
[2026-04-22 11:47:01] >>> Stage 2: hyper-parameter reset/tuning for encoder=inceptiontime
[2026-04-22 11:47:01] >>> Using override params: HyperParams(lr=0.0005, weight_decay=1e-05, batch_size=32)
[2026-04-22 11:47:01] >>> Running Step8-focused sweep (epochs=20)
[2026-04-22 11:47:07] Sweep-Step8-gb0.100-lm0.500 | Epoch 1/20 train_loss=0.180593 val_mse=0.048546 best_val=0.048546 patience=0/10
[2026-04-22 11:47:11] Sweep-Step8-gb0.100-lm0.500 | Epoch 2/20 train_loss=0.155680 val_mse=0.027608 best_val=0.027608 patience=0/10
[2026-04-22 11:47:16] Sweep-Step8-gb0.100-lm0.500 | Epoch 3/20 train_loss=0.147851 val_mse=0.031145 best_val=0.027608 patience=1/10
[2026-04-22 11:47:20] Sweep-Step8-gb0.100-lm0.500 | Epoch 4/20 train_loss=0.143771 val_mse=0.055499 best_val=0.027608 patience=2/10
[2026-04-22 11:47:24] Sweep-Step8-gb0.100-lm0.500 | Epoch 5/20 train_loss=0.140613 val_mse=0.040529 best_val=0.027608 patience=3/10
[2026-04-22 11:47:29] Sweep-Step8-gb0.100-lm0.500 | Epoch 6/20 train_loss=0.137664 val_mse=0.043491 best_val=0.027608 patience=4/10
[2026-04-22 11:47:33] Sweep-Step8-gb0.100-lm0.500 | Epoch 7/20 train_loss=0.133868 val_mse=0.053680 best_val=0.027608 patience=5/10
[2026-04-22 11:47:37] Sweep-Step8-gb0.100-lm0.500 | Epoch 8/20 train_loss=0.132925 val_mse=0.042245 best_val=0.027608 patience=6/10
[2026-04-22 11:47:41] Sweep-Step8-gb0.100-lm0.500 | Epoch 9/20 train_loss=0.130116 val_mse=0.041160 best_val=0.027608 patience=7/10
[2026-04-22 11:47:46] Sweep-Step8-gb0.100-lm0.500 | Epoch 10/20 train_loss=0.128600 val_mse=0.037243 best_val=0.027608 patience=8/10
[2026-04-22 11:47:50] Sweep-Step8-gb0.100-lm0.500 | Epoch 11/20 train_loss=0.126188 val_mse=0.051364 best_val=0.027608 patience=9/10
[2026-04-22 11:47:55] Sweep-Step8-gb0.100-lm0.500 | Epoch 12/20 train_loss=0.125989 val_mse=0.060054 best_val=0.027608 patience=10/10
[2026-04-22 11:47:55] Sweep-Step8-gb0.100-lm0.500 | Early stop at epoch 12, best=2
[2026-04-22 11:47:55] Sweep-Step8-gb0.100-lm0.500 DONE | MSE=0.027608 RMSE=0.166157 MAE=0.157391 Pearson=0.942276 [best_epoch=2]
[2026-04-22 11:47:59] Sweep-Step8-gb0.100-lm0.700 | Epoch 1/20 train_loss=0.173550 val_mse=0.031198 best_val=0.031198 patience=0/10
[2026-04-22 11:48:03] Sweep-Step8-gb0.100-lm0.700 | Epoch 2/20 train_loss=0.155532 val_mse=0.015436 best_val=0.015436 patience=0/10
[2026-04-22 11:48:08] Sweep-Step8-gb0.100-lm0.700 | Epoch 3/20 train_loss=0.147576 val_mse=0.024934 best_val=0.015436 patience=1/10
[2026-04-22 11:48:12] Sweep-Step8-gb0.100-lm0.700 | Epoch 4/20 train_loss=0.142854 val_mse=0.043359 best_val=0.015436 patience=2/10
[2026-04-22 11:48:16] Sweep-Step8-gb0.100-lm0.700 | Epoch 5/20 train_loss=0.138859 val_mse=0.040398 best_val=0.015436 patience=3/10
[2026-04-22 11:48:21] Sweep-Step8-gb0.100-lm0.700 | Epoch 6/20 train_loss=0.135080 val_mse=0.040687 best_val=0.015436 patience=4/10
[2026-04-22 11:48:25] Sweep-Step8-gb0.100-lm0.700 | Epoch 7/20 train_loss=0.132626 val_mse=0.076665 best_val=0.015436 patience=5/10
[2026-04-22 11:48:29] Sweep-Step8-gb0.100-lm0.700 | Epoch 8/20 train_loss=0.130721 val_mse=0.080849 best_val=0.015436 patience=6/10
[2026-04-22 11:48:33] Sweep-Step8-gb0.100-lm0.700 | Epoch 9/20 train_loss=0.129662 val_mse=0.058544 best_val=0.015436 patience=7/10
[2026-04-22 11:48:38] Sweep-Step8-gb0.100-lm0.700 | Epoch 10/20 train_loss=0.127872 val_mse=0.068017 best_val=0.015436 patience=8/10
[2026-04-22 11:48:42] Sweep-Step8-gb0.100-lm0.700 | Epoch 11/20 train_loss=0.125637 val_mse=0.076984 best_val=0.015436 patience=9/10
[2026-04-22 11:48:46] Sweep-Step8-gb0.100-lm0.700 | Epoch 12/20 train_loss=0.124359 val_mse=0.071109 best_val=0.015436 patience=10/10
[2026-04-22 11:48:46] Sweep-Step8-gb0.100-lm0.700 | Early stop at epoch 12, best=2
[2026-04-22 11:48:47] Sweep-Step8-gb0.100-lm0.700 DONE | MSE=0.015436 RMSE=0.124244 MAE=0.106670 Pearson=0.959562 [best_epoch=2]
[2026-04-22 11:48:51] Sweep-Step8-gb0.350-lm0.500 | Epoch 1/20 train_loss=0.184154 val_mse=0.038685 best_val=0.038685 patience=0/10
[2026-04-22 11:48:55] Sweep-Step8-gb0.350-lm0.500 | Epoch 2/20 train_loss=0.151511 val_mse=0.038371 best_val=0.038371 patience=0/10
[2026-04-22 11:49:00] Sweep-Step8-gb0.350-lm0.500 | Epoch 3/20 train_loss=0.144486 val_mse=0.035245 best_val=0.035245 patience=0/10
[2026-04-22 11:49:04] Sweep-Step8-gb0.350-lm0.500 | Epoch 4/20 train_loss=0.139805 val_mse=0.038584 best_val=0.035245 patience=1/10
[2026-04-22 11:49:08] Sweep-Step8-gb0.350-lm0.500 | Epoch 5/20 train_loss=0.135807 val_mse=0.044646 best_val=0.035245 patience=2/10
[2026-04-22 11:49:13] Sweep-Step8-gb0.350-lm0.500 | Epoch 6/20 train_loss=0.131846 val_mse=0.047585 best_val=0.035245 patience=3/10
[2026-04-22 11:49:17] Sweep-Step8-gb0.350-lm0.500 | Epoch 7/20 train_loss=0.128738 val_mse=0.042385 best_val=0.035245 patience=4/10
[2026-04-22 11:49:21] Sweep-Step8-gb0.350-lm0.500 | Epoch 8/20 train_loss=0.125617 val_mse=0.042719 best_val=0.035245 patience=5/10
[2026-04-22 11:49:26] Sweep-Step8-gb0.350-lm0.500 | Epoch 9/20 train_loss=0.121897 val_mse=0.034429 best_val=0.034429 patience=0/10
[2026-04-22 11:49:30] Sweep-Step8-gb0.350-lm0.500 | Epoch 10/20 train_loss=0.120541 val_mse=0.047845 best_val=0.034429 patience=1/10
[2026-04-22 11:49:34] Sweep-Step8-gb0.350-lm0.500 | Epoch 11/20 train_loss=0.118690 val_mse=0.038531 best_val=0.034429 patience=2/10
[2026-04-22 11:49:39] Sweep-Step8-gb0.350-lm0.500 | Epoch 12/20 train_loss=0.116065 val_mse=0.044391 best_val=0.034429 patience=3/10
[2026-04-22 11:49:43] Sweep-Step8-gb0.350-lm0.500 | Epoch 13/20 train_loss=0.114863 val_mse=0.040044 best_val=0.034429 patience=4/10
[2026-04-22 11:49:47] Sweep-Step8-gb0.350-lm0.500 | Epoch 14/20 train_loss=0.111296 val_mse=0.043009 best_val=0.034429 patience=5/10
[2026-04-22 11:49:51] Sweep-Step8-gb0.350-lm0.500 | Epoch 15/20 train_loss=0.110890 val_mse=0.041919 best_val=0.034429 patience=6/10
[2026-04-22 11:49:56] Sweep-Step8-gb0.350-lm0.500 | Epoch 16/20 train_loss=0.109493 val_mse=0.040369 best_val=0.034429 patience=7/10
[2026-04-22 11:50:00] Sweep-Step8-gb0.350-lm0.500 | Epoch 17/20 train_loss=0.107263 val_mse=0.051564 best_val=0.034429 patience=8/10
[2026-04-22 11:50:04] Sweep-Step8-gb0.350-lm0.500 | Epoch 18/20 train_loss=0.106132 val_mse=0.039910 best_val=0.034429 patience=9/10
[2026-04-22 11:50:08] Sweep-Step8-gb0.350-lm0.500 | Epoch 19/20 train_loss=0.106244 val_mse=0.046535 best_val=0.034429 patience=10/10
[2026-04-22 11:50:08] Sweep-Step8-gb0.350-lm0.500 | Early stop at epoch 19, best=9
[2026-04-22 11:50:09] Sweep-Step8-gb0.350-lm0.500 DONE | MSE=0.034429 RMSE=0.185552 MAE=0.135235 Pearson=0.947582 [best_epoch=9]
[2026-04-22 11:50:13] Sweep-Step8-gb0.350-lm0.700 | Epoch 1/20 train_loss=0.172451 val_mse=0.030520 best_val=0.030520 patience=0/10
[2026-04-22 11:50:17] Sweep-Step8-gb0.350-lm0.700 | Epoch 2/20 train_loss=0.148469 val_mse=0.043871 best_val=0.030520 patience=1/10
[2026-04-22 11:50:22] Sweep-Step8-gb0.350-lm0.700 | Epoch 3/20 train_loss=0.140520 val_mse=0.079883 best_val=0.030520 patience=2/10
[2026-04-22 11:50:26] Sweep-Step8-gb0.350-lm0.700 | Epoch 4/20 train_loss=0.136299 val_mse=0.059112 best_val=0.030520 patience=3/10
[2026-04-22 11:50:30] Sweep-Step8-gb0.350-lm0.700 | Epoch 5/20 train_loss=0.132441 val_mse=0.068394 best_val=0.030520 patience=4/10
[2026-04-22 11:50:35] Sweep-Step8-gb0.350-lm0.700 | Epoch 6/20 train_loss=0.131478 val_mse=0.055143 best_val=0.030520 patience=5/10
[2026-04-22 11:50:39] Sweep-Step8-gb0.350-lm0.700 | Epoch 7/20 train_loss=0.129099 val_mse=0.075311 best_val=0.030520 patience=6/10
[2026-04-22 11:50:43] Sweep-Step8-gb0.350-lm0.700 | Epoch 8/20 train_loss=0.125759 val_mse=0.083828 best_val=0.030520 patience=7/10
[2026-04-22 11:50:47] Sweep-Step8-gb0.350-lm0.700 | Epoch 9/20 train_loss=0.123957 val_mse=0.091929 best_val=0.030520 patience=8/10
[2026-04-22 11:50:52] Sweep-Step8-gb0.350-lm0.700 | Epoch 10/20 train_loss=0.123010 val_mse=0.079490 best_val=0.030520 patience=9/10
[2026-04-22 11:50:56] Sweep-Step8-gb0.350-lm0.700 | Epoch 11/20 train_loss=0.119720 val_mse=0.081786 best_val=0.030520 patience=10/10
[2026-04-22 11:50:56] Sweep-Step8-gb0.350-lm0.700 | Early stop at epoch 11, best=1
[2026-04-22 11:50:56] Sweep-Step8-gb0.350-lm0.700 DONE | MSE=0.030520 RMSE=0.174700 MAE=0.154518 Pearson=0.935066 [best_epoch=1]
[2026-04-22 11:50:56] >>> Sweep best: gate_b_scale=0.100, final_lr_mult=0.700, mse=0.015436
[2026-04-22 11:50:56] >>> Stage 3: running 9-step matrix with fixed best params
[2026-04-22 11:51:00] Step1-BaselineA-Weak | Epoch 1/50 train_loss=0.190660 val_mse=0.147232 best_val=0.147232 patience=0/10
[2026-04-22 11:51:03] Step1-BaselineA-Weak | Epoch 2/50 train_loss=0.180941 val_mse=0.119893 best_val=0.119893 patience=0/10
[2026-04-22 11:51:07] Step1-BaselineA-Weak | Epoch 3/50 train_loss=0.178938 val_mse=0.123827 best_val=0.119893 patience=1/10
[2026-04-22 11:51:10] Step1-BaselineA-Weak | Epoch 4/50 train_loss=0.178396 val_mse=0.127418 best_val=0.119893 patience=2/10
[2026-04-22 11:51:14] Step1-BaselineA-Weak | Epoch 5/50 train_loss=0.177689 val_mse=0.120743 best_val=0.119893 patience=3/10
[2026-04-22 11:51:18] Step1-BaselineA-Weak | Epoch 6/50 train_loss=0.176956 val_mse=0.117270 best_val=0.117270 patience=0/10
[2026-04-22 11:51:21] Step1-BaselineA-Weak | Epoch 7/50 train_loss=0.177375 val_mse=0.117541 best_val=0.117270 patience=1/10
[2026-04-22 11:51:25] Step1-BaselineA-Weak | Epoch 8/50 train_loss=0.176832 val_mse=0.129022 best_val=0.117270 patience=2/10
[2026-04-22 11:51:28] Step1-BaselineA-Weak | Epoch 9/50 train_loss=0.175900 val_mse=0.107399 best_val=0.107399 patience=0/10
[2026-04-22 11:51:32] Step1-BaselineA-Weak | Epoch 10/50 train_loss=0.175599 val_mse=0.119475 best_val=0.107399 patience=1/10
[2026-04-22 11:51:36] Step1-BaselineA-Weak | Epoch 11/50 train_loss=0.175241 val_mse=0.125176 best_val=0.107399 patience=2/10
[2026-04-22 11:51:39] Step1-BaselineA-Weak | Epoch 12/50 train_loss=0.175328 val_mse=0.116202 best_val=0.107399 patience=3/10
[2026-04-22 11:51:43] Step1-BaselineA-Weak | Epoch 13/50 train_loss=0.175162 val_mse=0.131813 best_val=0.107399 patience=4/10
[2026-04-22 11:51:46] Step1-BaselineA-Weak | Epoch 14/50 train_loss=0.175279 val_mse=0.125692 best_val=0.107399 patience=5/10
[2026-04-22 11:51:50] Step1-BaselineA-Weak | Epoch 15/50 train_loss=0.174365 val_mse=0.122990 best_val=0.107399 patience=6/10
[2026-04-22 11:51:53] Step1-BaselineA-Weak | Epoch 16/50 train_loss=0.174204 val_mse=0.109195 best_val=0.107399 patience=7/10
[2026-04-22 11:51:57] Step1-BaselineA-Weak | Epoch 17/50 train_loss=0.174472 val_mse=0.132280 best_val=0.107399 patience=8/10
[2026-04-22 11:52:01] Step1-BaselineA-Weak | Epoch 18/50 train_loss=0.174904 val_mse=0.127757 best_val=0.107399 patience=9/10
[2026-04-22 11:52:04] Step1-BaselineA-Weak | Epoch 19/50 train_loss=0.175435 val_mse=0.133789 best_val=0.107399 patience=10/10
[2026-04-22 11:52:04] Step1-BaselineA-Weak | Early stop at epoch 19, best=9
[2026-04-22 11:52:04] Step1-BaselineA-Weak DONE | MSE=0.107399 RMSE=0.327718 MAE=0.278299 Pearson=0.995286 [best_epoch=9]
[2026-04-22 11:52:08] Step2-BaselineB-Strong | Epoch 1/50 train_loss=0.189644 val_mse=0.125998 best_val=0.125998 patience=0/10
[2026-04-22 11:52:12] Step2-BaselineB-Strong | Epoch 2/50 train_loss=0.179251 val_mse=0.113218 best_val=0.113218 patience=0/10
[2026-04-22 11:52:16] Step2-BaselineB-Strong | Epoch 3/50 train_loss=0.177543 val_mse=0.116598 best_val=0.113218 patience=1/10
[2026-04-22 11:52:19] Step2-BaselineB-Strong | Epoch 4/50 train_loss=0.177804 val_mse=0.124481 best_val=0.113218 patience=2/10
[2026-04-22 11:52:23] Step2-BaselineB-Strong | Epoch 5/50 train_loss=0.176777 val_mse=0.120668 best_val=0.113218 patience=3/10
[2026-04-22 11:52:27] Step2-BaselineB-Strong | Epoch 6/50 train_loss=0.175437 val_mse=0.116060 best_val=0.113218 patience=4/10
[2026-04-22 11:52:30] Step2-BaselineB-Strong | Epoch 7/50 train_loss=0.175294 val_mse=0.129580 best_val=0.113218 patience=5/10
[2026-04-22 11:52:34] Step2-BaselineB-Strong | Epoch 8/50 train_loss=0.174471 val_mse=0.125953 best_val=0.113218 patience=6/10
[2026-04-22 11:52:38] Step2-BaselineB-Strong | Epoch 9/50 train_loss=0.173985 val_mse=0.106423 best_val=0.106423 patience=0/10
[2026-04-22 11:52:41] Step2-BaselineB-Strong | Epoch 10/50 train_loss=0.173771 val_mse=0.121141 best_val=0.106423 patience=1/10
[2026-04-22 11:52:45] Step2-BaselineB-Strong | Epoch 11/50 train_loss=0.173228 val_mse=0.121959 best_val=0.106423 patience=2/10
[2026-04-22 11:52:49] Step2-BaselineB-Strong | Epoch 12/50 train_loss=0.172999 val_mse=0.111845 best_val=0.106423 patience=3/10
[2026-04-22 11:52:52] Step2-BaselineB-Strong | Epoch 13/50 train_loss=0.173199 val_mse=0.117654 best_val=0.106423 patience=4/10
[2026-04-22 11:52:56] Step2-BaselineB-Strong | Epoch 14/50 train_loss=0.172211 val_mse=0.118816 best_val=0.106423 patience=5/10
[2026-04-22 11:53:00] Step2-BaselineB-Strong | Epoch 15/50 train_loss=0.172263 val_mse=0.114150 best_val=0.106423 patience=6/10
[2026-04-22 11:53:04] Step2-BaselineB-Strong | Epoch 16/50 train_loss=0.173700 val_mse=0.123268 best_val=0.106423 patience=7/10
[2026-04-22 11:53:07] Step2-BaselineB-Strong | Epoch 17/50 train_loss=0.173866 val_mse=0.131410 best_val=0.106423 patience=8/10
[2026-04-22 11:53:11] Step2-BaselineB-Strong | Epoch 18/50 train_loss=0.173903 val_mse=0.125464 best_val=0.106423 patience=9/10
[2026-04-22 11:53:15] Step2-BaselineB-Strong | Epoch 19/50 train_loss=0.173619 val_mse=0.128249 best_val=0.106423 patience=10/10
[2026-04-22 11:53:15] Step2-BaselineB-Strong | Early stop at epoch 19, best=9
[2026-04-22 11:53:15] Step2-BaselineB-Strong DONE | MSE=0.106423 RMSE=0.326226 MAE=0.265860 Pearson=0.994675 [best_epoch=9]
[2026-04-22 11:53:19] Step3-Ours-TCN | Epoch 1/50 train_loss=0.198426 val_mse=0.125357 best_val=0.125357 patience=0/10
[2026-04-22 11:53:23] Step3-Ours-TCN | Epoch 2/50 train_loss=0.181186 val_mse=0.126754 best_val=0.125357 patience=1/10
[2026-04-22 11:53:27] Step3-Ours-TCN | Epoch 3/50 train_loss=0.180154 val_mse=0.106822 best_val=0.106822 patience=0/10
[2026-04-22 11:53:31] Step3-Ours-TCN | Epoch 4/50 train_loss=0.179131 val_mse=0.121525 best_val=0.106822 patience=1/10
[2026-04-22 11:53:35] Step3-Ours-TCN | Epoch 5/50 train_loss=0.177357 val_mse=0.114856 best_val=0.106822 patience=2/10
[2026-04-22 11:53:39] Step3-Ours-TCN | Epoch 6/50 train_loss=0.176923 val_mse=0.112367 best_val=0.106822 patience=3/10
[2026-04-22 11:53:43] Step3-Ours-TCN | Epoch 7/50 train_loss=0.176246 val_mse=0.105763 best_val=0.105763 patience=0/10
[2026-04-22 11:53:47] Step3-Ours-TCN | Epoch 8/50 train_loss=0.176076 val_mse=0.122520 best_val=0.105763 patience=1/10
[2026-04-22 11:53:51] Step3-Ours-TCN | Epoch 9/50 train_loss=0.175830 val_mse=0.123398 best_val=0.105763 patience=2/10
[2026-04-22 11:53:55] Step3-Ours-TCN | Epoch 10/50 train_loss=0.175533 val_mse=0.113730 best_val=0.105763 patience=3/10
[2026-04-22 11:53:59] Step3-Ours-TCN | Epoch 11/50 train_loss=0.174871 val_mse=0.121395 best_val=0.105763 patience=4/10
[2026-04-22 11:54:03] Step3-Ours-TCN | Epoch 12/50 train_loss=0.175303 val_mse=0.136517 best_val=0.105763 patience=5/10
[2026-04-22 11:54:07] Step3-Ours-TCN | Epoch 13/50 train_loss=0.174616 val_mse=0.114301 best_val=0.105763 patience=6/10
[2026-04-22 11:54:11] Step3-Ours-TCN | Epoch 14/50 train_loss=0.174619 val_mse=0.121590 best_val=0.105763 patience=7/10
[2026-04-22 11:54:15] Step3-Ours-TCN | Epoch 15/50 train_loss=0.174350 val_mse=0.122336 best_val=0.105763 patience=8/10
[2026-04-22 11:54:19] Step3-Ours-TCN | Epoch 16/50 train_loss=0.174339 val_mse=0.123031 best_val=0.105763 patience=9/10
[2026-04-22 11:54:23] Step3-Ours-TCN | Epoch 17/50 train_loss=0.174061 val_mse=0.126930 best_val=0.105763 patience=10/10
[2026-04-22 11:54:23] Step3-Ours-TCN | Early stop at epoch 17, best=7
[2026-04-22 11:54:23] Step3-Ours-TCN DONE | MSE=0.105763 RMSE=0.325213 MAE=0.276959 Pearson=0.991051 [best_epoch=7]
[2026-04-22 11:54:27] Step5-Ablation1-woDualGating | Epoch 1/50 train_loss=0.173247 val_mse=0.037406 best_val=0.037406 patience=0/10
[2026-04-22 11:54:31] Step5-Ablation1-woDualGating | Epoch 2/50 train_loss=0.155489 val_mse=0.037784 best_val=0.037406 patience=1/10
[2026-04-22 11:54:35] Step5-Ablation1-woDualGating | Epoch 3/50 train_loss=0.146776 val_mse=0.028641 best_val=0.028641 patience=0/10
[2026-04-22 11:54:39] Step5-Ablation1-woDualGating | Epoch 4/50 train_loss=0.140117 val_mse=0.041131 best_val=0.028641 patience=1/10
[2026-04-22 11:54:43] Step5-Ablation1-woDualGating | Epoch 5/50 train_loss=0.136750 val_mse=0.054980 best_val=0.028641 patience=2/10
[2026-04-22 11:54:47] Step5-Ablation1-woDualGating | Epoch 6/50 train_loss=0.133794 val_mse=0.044767 best_val=0.028641 patience=3/10
[2026-04-22 11:54:52] Step5-Ablation1-woDualGating | Epoch 7/50 train_loss=0.131143 val_mse=0.047253 best_val=0.028641 patience=4/10
[2026-04-22 11:54:56] Step5-Ablation1-woDualGating | Epoch 8/50 train_loss=0.128665 val_mse=0.060563 best_val=0.028641 patience=5/10
[2026-04-22 11:55:00] Step5-Ablation1-woDualGating | Epoch 9/50 train_loss=0.127289 val_mse=0.069418 best_val=0.028641 patience=6/10
[2026-04-22 11:55:04] Step5-Ablation1-woDualGating | Epoch 10/50 train_loss=0.125121 val_mse=0.031102 best_val=0.028641 patience=7/10
[2026-04-22 11:55:08] Step5-Ablation1-woDualGating | Epoch 11/50 train_loss=0.121039 val_mse=0.066128 best_val=0.028641 patience=8/10
[2026-04-22 11:55:12] Step5-Ablation1-woDualGating | Epoch 12/50 train_loss=0.119445 val_mse=0.058896 best_val=0.028641 patience=9/10
[2026-04-22 11:55:16] Step5-Ablation1-woDualGating | Epoch 13/50 train_loss=0.118271 val_mse=0.068319 best_val=0.028641 patience=10/10
[2026-04-22 11:55:16] Step5-Ablation1-woDualGating | Early stop at epoch 13, best=3
[2026-04-22 11:55:16] Step5-Ablation1-woDualGating DONE | MSE=0.028641 RMSE=0.169238 MAE=0.117627 Pearson=0.929979 [best_epoch=3]
[2026-04-22 11:55:20] Step6-Ablation2-woTCMPrior | Epoch 1/50 train_loss=0.177136 val_mse=0.044871 best_val=0.044871 patience=0/10
[2026-04-22 11:55:24] Step6-Ablation2-woTCMPrior | Epoch 2/50 train_loss=0.153466 val_mse=0.023974 best_val=0.023974 patience=0/10
[2026-04-22 11:55:28] Step6-Ablation2-woTCMPrior | Epoch 3/50 train_loss=0.144186 val_mse=0.021316 best_val=0.021316 patience=0/10
[2026-04-22 11:55:32] Step6-Ablation2-woTCMPrior | Epoch 4/50 train_loss=0.139998 val_mse=0.032094 best_val=0.021316 patience=1/10
[2026-04-22 11:55:36] Step6-Ablation2-woTCMPrior | Epoch 5/50 train_loss=0.137404 val_mse=0.036027 best_val=0.021316 patience=2/10
[2026-04-22 11:55:40] Step6-Ablation2-woTCMPrior | Epoch 6/50 train_loss=0.134856 val_mse=0.033885 best_val=0.021316 patience=3/10
[2026-04-22 11:55:44] Step6-Ablation2-woTCMPrior | Epoch 7/50 train_loss=0.132791 val_mse=0.047786 best_val=0.021316 patience=4/10
[2026-04-22 11:55:48] Step6-Ablation2-woTCMPrior | Epoch 8/50 train_loss=0.130434 val_mse=0.028500 best_val=0.021316 patience=5/10
[2026-04-22 11:55:52] Step6-Ablation2-woTCMPrior | Epoch 9/50 train_loss=0.129611 val_mse=0.037245 best_val=0.021316 patience=6/10
[2026-04-22 11:55:56] Step6-Ablation2-woTCMPrior | Epoch 10/50 train_loss=0.127310 val_mse=0.033400 best_val=0.021316 patience=7/10
[2026-04-22 11:56:00] Step6-Ablation2-woTCMPrior | Epoch 11/50 train_loss=0.125932 val_mse=0.040262 best_val=0.021316 patience=8/10
[2026-04-22 11:56:04] Step6-Ablation2-woTCMPrior | Epoch 12/50 train_loss=0.124353 val_mse=0.038925 best_val=0.021316 patience=9/10
[2026-04-22 11:56:08] Step6-Ablation2-woTCMPrior | Epoch 13/50 train_loss=0.122743 val_mse=0.045842 best_val=0.021316 patience=10/10
[2026-04-22 11:56:08] Step6-Ablation2-woTCMPrior | Early stop at epoch 13, best=3
[2026-04-22 11:56:08] Step6-Ablation2-woTCMPrior DONE | MSE=0.021316 RMSE=0.146001 MAE=0.105003 Pearson=0.959405 [best_epoch=3]
[2026-04-22 11:56:13] Step7-Ablation3-woTCMGate | Epoch 1/50 train_loss=0.168188 val_mse=0.024009 best_val=0.024009 patience=0/10
[2026-04-22 11:56:17] Step7-Ablation3-woTCMGate | Epoch 2/50 train_loss=0.146851 val_mse=0.051344 best_val=0.024009 patience=1/10
[2026-04-22 11:56:21] Step7-Ablation3-woTCMGate | Epoch 3/50 train_loss=0.139501 val_mse=0.052115 best_val=0.024009 patience=2/10
[2026-04-22 11:56:25] Step7-Ablation3-woTCMGate | Epoch 4/50 train_loss=0.133317 val_mse=0.058926 best_val=0.024009 patience=3/10
[2026-04-22 11:56:29] Step7-Ablation3-woTCMGate | Epoch 5/50 train_loss=0.130327 val_mse=0.045138 best_val=0.024009 patience=4/10
[2026-04-22 11:56:33] Step7-Ablation3-woTCMGate | Epoch 6/50 train_loss=0.127412 val_mse=0.051979 best_val=0.024009 patience=5/10
[2026-04-22 11:56:38] Step7-Ablation3-woTCMGate | Epoch 7/50 train_loss=0.126515 val_mse=0.063965 best_val=0.024009 patience=6/10
[2026-04-22 11:56:42] Step7-Ablation3-woTCMGate | Epoch 8/50 train_loss=0.121084 val_mse=0.067446 best_val=0.024009 patience=7/10
[2026-04-22 11:56:46] Step7-Ablation3-woTCMGate | Epoch 9/50 train_loss=0.120058 val_mse=0.049141 best_val=0.024009 patience=8/10
[2026-04-22 11:56:50] Step7-Ablation3-woTCMGate | Epoch 10/50 train_loss=0.118077 val_mse=0.100950 best_val=0.024009 patience=9/10
[2026-04-22 11:56:54] Step7-Ablation3-woTCMGate | Epoch 11/50 train_loss=0.116945 val_mse=0.053572 best_val=0.024009 patience=10/10
[2026-04-22 11:56:54] Step7-Ablation3-woTCMGate | Early stop at epoch 11, best=1
[2026-04-22 11:56:55] Step7-Ablation3-woTCMGate DONE | MSE=0.024009 RMSE=0.154948 MAE=0.144107 Pearson=0.945712 [best_epoch=1]
[2026-04-22 11:56:55] >>> Final Ours stabilized hparams: HyperParams(lr=0.00035, weight_decay=1e-05, batch_size=32)
[2026-04-22 11:56:59] Step8-FinalOurs | Epoch 1/50 train_loss=0.176233 val_mse=0.049624 best_val=0.049624 patience=0/10
[2026-04-22 11:57:03] Step8-FinalOurs | Epoch 2/50 train_loss=0.150393 val_mse=0.025281 best_val=0.025281 patience=0/10
[2026-04-22 11:57:07] Step8-FinalOurs | Epoch 3/50 train_loss=0.141868 val_mse=0.028940 best_val=0.025281 patience=1/10
[2026-04-22 11:57:12] Step8-FinalOurs | Epoch 4/50 train_loss=0.136006 val_mse=0.044151 best_val=0.025281 patience=2/10
[2026-04-22 11:57:16] Step8-FinalOurs | Epoch 5/50 train_loss=0.132160 val_mse=0.079433 best_val=0.025281 patience=3/10
[2026-04-22 11:57:20] Step8-FinalOurs | Epoch 6/50 train_loss=0.130182 val_mse=0.059400 best_val=0.025281 patience=4/10
[2026-04-22 11:57:25] Step8-FinalOurs | Epoch 7/50 train_loss=0.126636 val_mse=0.044552 best_val=0.025281 patience=5/10
[2026-04-22 11:57:29] Step8-FinalOurs | Epoch 8/50 train_loss=0.125239 val_mse=0.060316 best_val=0.025281 patience=6/10
[2026-04-22 11:57:33] Step8-FinalOurs | Epoch 9/50 train_loss=0.121526 val_mse=0.055109 best_val=0.025281 patience=7/10
[2026-04-22 11:57:37] Step8-FinalOurs | Epoch 10/50 train_loss=0.118369 val_mse=0.064214 best_val=0.025281 patience=8/10
[2026-04-22 11:57:42] Step8-FinalOurs | Epoch 11/50 train_loss=0.118632 val_mse=0.049058 best_val=0.025281 patience=9/10
[2026-04-22 11:57:46] Step8-FinalOurs | Epoch 12/50 train_loss=0.114618 val_mse=0.058015 best_val=0.025281 patience=10/10
[2026-04-22 11:57:46] Step8-FinalOurs | Early stop at epoch 12, best=2
[2026-04-22 11:57:46] Step8-FinalOurs DONE | MSE=0.025281 RMSE=0.159000 MAE=0.141429 Pearson=0.952593 [best_epoch=2]
[2026-04-22 11:57:46] >>> Saved final model to /root/work/MulitiModal/checkpoints/best_model.pth

===== Stage 2 Chosen Hyper-Parameters =====
HyperParams(lr=0.0005, weight_decay=1e-05, batch_size=32)
===========================================

Step8 tuned controls: gate_b_scale=0.100, final_lr_mult=0.700
===== Final 9-Step best_val_mse List =====
Step 1: Baseline A -> best_val_mse=0.10739898681640625
Step 2: Baseline B -> best_val_mse=0.10642346739768982
Step 3: Ours-TCN -> best_val_mse=0.10576347261667252
Step 4: Encoder Selection -> best_val_mse=None
Step 5: w/o Dual Gating -> best_val_mse=0.02864137478172779
Step 6: w/o TCM Prior -> best_val_mse=0.021316297352313995
Step 7: w/o TCM_Gate -> best_val_mse=0.02400898188352585
Step 8: Final Ours -> best_val_mse=0.02528105303645134
Step 9: Plotting -> best_val_mse=None
===========================================
[2026-04-22 11:57:47] >>> Experiment flow completed. Summary saved to /root/work/MulitiModal/results/loso_folds/experiments_summary_S16.json
[2026-04-22 11:57:48] >>> LOSO fold holdout=S17
[2026-04-22 11:57:51] >>> Runner signature: RUN_EXPERIMENTS_V2_LOSO_GUARDED | file=/root/work/MulitiModal/run_experiments.py | mtime=2026-04-22 10:20:26
[2026-04-22 11:57:51] >>> Loading WESAD dataset from /root/work/MulitiModal/data/wesad
Subject S10: Age=28.0, Gender=1, BMI=24.0, HR=64.2
Subject S11: Age=26.0, Gender=0, BMI=18.5, HR=63.9
Subject S13: Age=28.0, Gender=1, BMI=25.0, HR=65.6
Subject S14: Age=27.0, Gender=1, BMI=24.7, HR=64.9
Subject S15: Age=28.0, Gender=1, BMI=24.0, HR=66.7
Subject S16: Age=24.0, Gender=1, BMI=20.4, HR=63.5
Subject S17: Age=29.0, Gender=0, BMI=20.2, HR=61.3
Subject S2: Age=27.0, Gender=1, BMI=26.1, HR=64.6
Subject S3: Age=27.0, Gender=1, BMI=23.1, HR=58.7
Subject S4: Age=25.0, Gender=1, BMI=29.4, HR=60.0
Subject S5: Age=35.0, Gender=1, BMI=22.4, HR=62.6
Subject S6: Age=27.0, Gender=1, BMI=22.8, HR=62.9
Subject S7: Age=28.0, Gender=1, BMI=21.9, HR=62.3
Subject S8: Age=27.0, Gender=0, BMI=21.6, HR=64.3
Subject S9: Age=26.0, Gender=1, BMI=22.9, HR=68.1
[2026-04-22 11:58:43] >>> WESAD loaded. total_windows=46324
[2026-04-22 11:58:43] >>> Gate scales: gate_a_scale=0.600, gate_b_scale=0.350
[2026-04-22 11:58:43] >>> Split ready (protocol=loso): train_windows=43144 val_windows=3180 train_subjects=14 val_subjects=1
[2026-04-22 11:58:43] >>> TCM checkpoint resolved to: /root/work/MulitiModal/checkpoints/best_model.pth
[2026-04-22 11:58:43] >>> TCM scaler resolved to: /root/work/MulitiModal/tcm_ft_transformer/scaler_params.npz
/usr/local/miniconda3/envs/py312/lib/python3.12/site-packages/torch/nn/modules/transformer.py:392: UserWarning: enable_nested_tensor is True, but self.use_nested_tensor is False because encoder_layer.norm_first was True
  warnings.warn(
[2026-04-22 11:58:43] >>> Stage 1 skipped (fixed_encoder=inceptiontime)
[2026-04-22 11:58:43] >>> Stage 2: hyper-parameter reset/tuning for encoder=inceptiontime
[2026-04-22 11:58:43] >>> Using override params: HyperParams(lr=0.0005, weight_decay=1e-05, batch_size=32)
[2026-04-22 11:58:43] >>> Running Step8-focused sweep (epochs=20)
[2026-04-22 11:58:49] Sweep-Step8-gb0.100-lm0.500 | Epoch 1/20 train_loss=0.177302 val_mse=0.127730 best_val=0.127730 patience=0/10
[2026-04-22 11:58:54] Sweep-Step8-gb0.100-lm0.500 | Epoch 2/20 train_loss=0.148629 val_mse=0.083366 best_val=0.083366 patience=0/10
[2026-04-22 11:58:58] Sweep-Step8-gb0.100-lm0.500 | Epoch 3/20 train_loss=0.144284 val_mse=0.091353 best_val=0.083366 patience=1/10
[2026-04-22 11:59:03] Sweep-Step8-gb0.100-lm0.500 | Epoch 4/20 train_loss=0.141016 val_mse=0.072280 best_val=0.072280 patience=0/10
[2026-04-22 11:59:07] Sweep-Step8-gb0.100-lm0.500 | Epoch 5/20 train_loss=0.137841 val_mse=0.065446 best_val=0.065446 patience=0/10
[2026-04-22 11:59:12] Sweep-Step8-gb0.100-lm0.500 | Epoch 6/20 train_loss=0.135855 val_mse=0.070035 best_val=0.065446 patience=1/10
[2026-04-22 11:59:16] Sweep-Step8-gb0.100-lm0.500 | Epoch 7/20 train_loss=0.132679 val_mse=0.057521 best_val=0.057521 patience=0/10
[2026-04-22 11:59:20] Sweep-Step8-gb0.100-lm0.500 | Epoch 8/20 train_loss=0.130237 val_mse=0.050018 best_val=0.050018 patience=0/10
[2026-04-22 11:59:25] Sweep-Step8-gb0.100-lm0.500 | Epoch 9/20 train_loss=0.128141 val_mse=0.074660 best_val=0.050018 patience=1/10
[2026-04-22 11:59:29] Sweep-Step8-gb0.100-lm0.500 | Epoch 10/20 train_loss=0.127917 val_mse=0.070726 best_val=0.050018 patience=2/10
[2026-04-22 11:59:34] Sweep-Step8-gb0.100-lm0.500 | Epoch 11/20 train_loss=0.125982 val_mse=0.085373 best_val=0.050018 patience=3/10
[2026-04-22 11:59:38] Sweep-Step8-gb0.100-lm0.500 | Epoch 12/20 train_loss=0.124706 val_mse=0.049107 best_val=0.049107 patience=0/10
[2026-04-22 11:59:42] Sweep-Step8-gb0.100-lm0.500 | Epoch 13/20 train_loss=0.121985 val_mse=0.062453 best_val=0.049107 patience=1/10
[2026-04-22 11:59:47] Sweep-Step8-gb0.100-lm0.500 | Epoch 14/20 train_loss=0.122027 val_mse=0.059014 best_val=0.049107 patience=2/10
[2026-04-22 11:59:51] Sweep-Step8-gb0.100-lm0.500 | Epoch 15/20 train_loss=0.119873 val_mse=0.067677 best_val=0.049107 patience=3/10
[2026-04-22 11:59:56] Sweep-Step8-gb0.100-lm0.500 | Epoch 16/20 train_loss=0.118516 val_mse=0.064086 best_val=0.049107 patience=4/10
[2026-04-22 12:00:00] Sweep-Step8-gb0.100-lm0.500 | Epoch 17/20 train_loss=0.117036 val_mse=0.069674 best_val=0.049107 patience=5/10
[2026-04-22 12:00:04] Sweep-Step8-gb0.100-lm0.500 | Epoch 18/20 train_loss=0.115056 val_mse=0.066502 best_val=0.049107 patience=6/10
[2026-04-22 12:00:09] Sweep-Step8-gb0.100-lm0.500 | Epoch 19/20 train_loss=0.115069 val_mse=0.093788 best_val=0.049107 patience=7/10
[2026-04-22 12:00:13] Sweep-Step8-gb0.100-lm0.500 | Epoch 20/20 train_loss=0.113982 val_mse=0.064859 best_val=0.049107 patience=8/10
[2026-04-22 12:00:13] Sweep-Step8-gb0.100-lm0.500 DONE | MSE=0.049107 RMSE=0.221600 MAE=0.194586 Pearson=0.872453 [best_epoch=12]
[2026-04-22 12:00:18] Sweep-Step8-gb0.100-lm0.700 | Epoch 1/20 train_loss=0.168286 val_mse=0.126124 best_val=0.126124 patience=0/10
[2026-04-22 12:00:22] Sweep-Step8-gb0.100-lm0.700 | Epoch 2/20 train_loss=0.145093 val_mse=0.101607 best_val=0.101607 patience=0/10
[2026-04-22 12:00:26] Sweep-Step8-gb0.100-lm0.700 | Epoch 3/20 train_loss=0.139660 val_mse=0.086978 best_val=0.086978 patience=0/10
[2026-04-22 12:00:31] Sweep-Step8-gb0.100-lm0.700 | Epoch 4/20 train_loss=0.136785 val_mse=0.064851 best_val=0.064851 patience=0/10
[2026-04-22 12:00:35] Sweep-Step8-gb0.100-lm0.700 | Epoch 5/20 train_loss=0.133572 val_mse=0.101640 best_val=0.064851 patience=1/10
[2026-04-22 12:00:40] Sweep-Step8-gb0.100-lm0.700 | Epoch 6/20 train_loss=0.131972 val_mse=0.103038 best_val=0.064851 patience=2/10
[2026-04-22 12:00:44] Sweep-Step8-gb0.100-lm0.700 | Epoch 7/20 train_loss=0.129959 val_mse=0.073412 best_val=0.064851 patience=3/10
[2026-04-22 12:00:48] Sweep-Step8-gb0.100-lm0.700 | Epoch 8/20 train_loss=0.127572 val_mse=0.078533 best_val=0.064851 patience=4/10
[2026-04-22 12:00:53] Sweep-Step8-gb0.100-lm0.700 | Epoch 9/20 train_loss=0.126863 val_mse=0.073628 best_val=0.064851 patience=5/10
[2026-04-22 12:00:57] Sweep-Step8-gb0.100-lm0.700 | Epoch 10/20 train_loss=0.124835 val_mse=0.093042 best_val=0.064851 patience=6/10
[2026-04-22 12:01:02] Sweep-Step8-gb0.100-lm0.700 | Epoch 11/20 train_loss=0.124049 val_mse=0.088810 best_val=0.064851 patience=7/10
[2026-04-22 12:01:06] Sweep-Step8-gb0.100-lm0.700 | Epoch 12/20 train_loss=0.122401 val_mse=0.063602 best_val=0.063602 patience=0/10
[2026-04-22 12:01:10] Sweep-Step8-gb0.100-lm0.700 | Epoch 13/20 train_loss=0.120620 val_mse=0.055961 best_val=0.055961 patience=0/10
[2026-04-22 12:01:15] Sweep-Step8-gb0.100-lm0.700 | Epoch 14/20 train_loss=0.118633 val_mse=0.058749 best_val=0.055961 patience=1/10
[2026-04-22 12:01:19] Sweep-Step8-gb0.100-lm0.700 | Epoch 15/20 train_loss=0.117833 val_mse=0.070987 best_val=0.055961 patience=2/10
[2026-04-22 12:01:23] Sweep-Step8-gb0.100-lm0.700 | Epoch 16/20 train_loss=0.116910 val_mse=0.104866 best_val=0.055961 patience=3/10
[2026-04-22 12:01:28] Sweep-Step8-gb0.100-lm0.700 | Epoch 17/20 train_loss=0.115060 val_mse=0.075956 best_val=0.055961 patience=4/10
[2026-04-22 12:01:32] Sweep-Step8-gb0.100-lm0.700 | Epoch 18/20 train_loss=0.114475 val_mse=0.053697 best_val=0.053697 patience=0/10
[2026-04-22 12:01:36] Sweep-Step8-gb0.100-lm0.700 | Epoch 19/20 train_loss=0.113078 val_mse=0.057289 best_val=0.053697 patience=1/10
[2026-04-22 12:01:41] Sweep-Step8-gb0.100-lm0.700 | Epoch 20/20 train_loss=0.109832 val_mse=0.069698 best_val=0.053697 patience=2/10
[2026-04-22 12:01:41] Sweep-Step8-gb0.100-lm0.700 DONE | MSE=0.053697 RMSE=0.231726 MAE=0.186368 Pearson=0.859280 [best_epoch=18]
[2026-04-22 12:01:46] Sweep-Step8-gb0.350-lm0.500 | Epoch 1/20 train_loss=0.179139 val_mse=0.134823 best_val=0.134823 patience=0/10
[2026-04-22 12:01:50] Sweep-Step8-gb0.350-lm0.500 | Epoch 2/20 train_loss=0.149761 val_mse=0.113935 best_val=0.113935 patience=0/10
[2026-04-22 12:01:54] Sweep-Step8-gb0.350-lm0.500 | Epoch 3/20 train_loss=0.144923 val_mse=0.086158 best_val=0.086158 patience=0/10
[2026-04-22 12:01:59] Sweep-Step8-gb0.350-lm0.500 | Epoch 4/20 train_loss=0.141880 val_mse=0.108960 best_val=0.086158 patience=1/10
[2026-04-22 12:02:03] Sweep-Step8-gb0.350-lm0.500 | Epoch 5/20 train_loss=0.138865 val_mse=0.115518 best_val=0.086158 patience=2/10
[2026-04-22 12:02:08] Sweep-Step8-gb0.350-lm0.500 | Epoch 6/20 train_loss=0.135487 val_mse=0.086113 best_val=0.086113 patience=0/10
[2026-04-22 12:02:12] Sweep-Step8-gb0.350-lm0.500 | Epoch 7/20 train_loss=0.134025 val_mse=0.068462 best_val=0.068462 patience=0/10
[2026-04-22 12:02:16] Sweep-Step8-gb0.350-lm0.500 | Epoch 8/20 train_loss=0.131654 val_mse=0.067877 best_val=0.067877 patience=0/10
[2026-04-22 12:02:21] Sweep-Step8-gb0.350-lm0.500 | Epoch 9/20 train_loss=0.130410 val_mse=0.075145 best_val=0.067877 patience=1/10
[2026-04-22 12:02:25] Sweep-Step8-gb0.350-lm0.500 | Epoch 10/20 train_loss=0.128832 val_mse=0.083222 best_val=0.067877 patience=2/10
[2026-04-22 12:02:30] Sweep-Step8-gb0.350-lm0.500 | Epoch 11/20 train_loss=0.126654 val_mse=0.090268 best_val=0.067877 patience=3/10
[2026-04-22 12:02:34] Sweep-Step8-gb0.350-lm0.500 | Epoch 12/20 train_loss=0.125202 val_mse=0.104275 best_val=0.067877 patience=4/10
[2026-04-22 12:02:38] Sweep-Step8-gb0.350-lm0.500 | Epoch 13/20 train_loss=0.123195 val_mse=0.082381 best_val=0.067877 patience=5/10
[2026-04-22 12:02:43] Sweep-Step8-gb0.350-lm0.500 | Epoch 14/20 train_loss=0.122505 val_mse=0.079061 best_val=0.067877 patience=6/10
[2026-04-22 12:02:47] Sweep-Step8-gb0.350-lm0.500 | Epoch 15/20 train_loss=0.120310 val_mse=0.069966 best_val=0.067877 patience=7/10
[2026-04-22 12:02:51] Sweep-Step8-gb0.350-lm0.500 | Epoch 16/20 train_loss=0.120361 val_mse=0.089967 best_val=0.067877 patience=8/10
[2026-04-22 12:02:56] Sweep-Step8-gb0.350-lm0.500 | Epoch 17/20 train_loss=0.118508 val_mse=0.060077 best_val=0.060077 patience=0/10
[2026-04-22 12:03:00] Sweep-Step8-gb0.350-lm0.500 | Epoch 18/20 train_loss=0.117007 val_mse=0.068964 best_val=0.060077 patience=1/10
[2026-04-22 12:03:04] Sweep-Step8-gb0.350-lm0.500 | Epoch 19/20 train_loss=0.116610 val_mse=0.098997 best_val=0.060077 patience=2/10
[2026-04-22 12:03:09] Sweep-Step8-gb0.350-lm0.500 | Epoch 20/20 train_loss=0.115026 val_mse=0.061631 best_val=0.060077 patience=3/10
[2026-04-22 12:03:09] Sweep-Step8-gb0.350-lm0.500 DONE | MSE=0.060077 RMSE=0.245106 MAE=0.209015 Pearson=0.849483 [best_epoch=17]
[2026-04-22 12:03:13] Sweep-Step8-gb0.350-lm0.700 | Epoch 1/20 train_loss=0.170395 val_mse=0.100004 best_val=0.100004 patience=0/10
[2026-04-22 12:03:18] Sweep-Step8-gb0.350-lm0.700 | Epoch 2/20 train_loss=0.149244 val_mse=0.076166 best_val=0.076166 patience=0/10
[2026-04-22 12:03:22] Sweep-Step8-gb0.350-lm0.700 | Epoch 3/20 train_loss=0.141017 val_mse=0.074531 best_val=0.074531 patience=0/10
[2026-04-22 12:03:27] Sweep-Step8-gb0.350-lm0.700 | Epoch 4/20 train_loss=0.138075 val_mse=0.058046 best_val=0.058046 patience=0/10
[2026-04-22 12:03:31] Sweep-Step8-gb0.350-lm0.700 | Epoch 5/20 train_loss=0.133285 val_mse=0.049156 best_val=0.049156 patience=0/10
[2026-04-22 12:03:35] Sweep-Step8-gb0.350-lm0.700 | Epoch 6/20 train_loss=0.129719 val_mse=0.067037 best_val=0.049156 patience=1/10
[2026-04-22 12:03:40] Sweep-Step8-gb0.350-lm0.700 | Epoch 7/20 train_loss=0.127647 val_mse=0.058872 best_val=0.049156 patience=2/10
[2026-04-22 12:03:44] Sweep-Step8-gb0.350-lm0.700 | Epoch 8/20 train_loss=0.126465 val_mse=0.082195 best_val=0.049156 patience=3/10
[2026-04-22 12:03:49] Sweep-Step8-gb0.350-lm0.700 | Epoch 9/20 train_loss=0.124041 val_mse=0.094571 best_val=0.049156 patience=4/10
[2026-04-22 12:03:53] Sweep-Step8-gb0.350-lm0.700 | Epoch 10/20 train_loss=0.122720 val_mse=0.059598 best_val=0.049156 patience=5/10
[2026-04-22 12:03:57] Sweep-Step8-gb0.350-lm0.700 | Epoch 11/20 train_loss=0.119928 val_mse=0.058450 best_val=0.049156 patience=6/10
[2026-04-22 12:04:02] Sweep-Step8-gb0.350-lm0.700 | Epoch 12/20 train_loss=0.119700 val_mse=0.064848 best_val=0.049156 patience=7/10
[2026-04-22 12:04:06] Sweep-Step8-gb0.350-lm0.700 | Epoch 13/20 train_loss=0.118298 val_mse=0.075366 best_val=0.049156 patience=8/10
[2026-04-22 12:04:10] Sweep-Step8-gb0.350-lm0.700 | Epoch 14/20 train_loss=0.117120 val_mse=0.078966 best_val=0.049156 patience=9/10
[2026-04-22 12:04:15] Sweep-Step8-gb0.350-lm0.700 | Epoch 15/20 train_loss=0.114729 val_mse=0.079567 best_val=0.049156 patience=10/10
[2026-04-22 12:04:15] Sweep-Step8-gb0.350-lm0.700 | Early stop at epoch 15, best=5
[2026-04-22 12:04:15] Sweep-Step8-gb0.350-lm0.700 DONE | MSE=0.049156 RMSE=0.221712 MAE=0.189973 Pearson=0.873860 [best_epoch=5]
[2026-04-22 12:04:15] >>> Sweep best: gate_b_scale=0.100, final_lr_mult=0.500, mse=0.049107
[2026-04-22 12:04:15] >>> Stage 3: running 9-step matrix with fixed best params
[2026-04-22 12:04:19] Step1-BaselineA-Weak | Epoch 1/50 train_loss=0.189955 val_mse=0.202125 best_val=0.202125 patience=0/10
[2026-04-22 12:04:22] Step1-BaselineA-Weak | Epoch 2/50 train_loss=0.176107 val_mse=0.208239 best_val=0.202125 patience=1/10
[2026-04-22 12:04:26] Step1-BaselineA-Weak | Epoch 3/50 train_loss=0.173603 val_mse=0.203102 best_val=0.202125 patience=2/10
[2026-04-22 12:04:30] Step1-BaselineA-Weak | Epoch 4/50 train_loss=0.172717 val_mse=0.205344 best_val=0.202125 patience=3/10
[2026-04-22 12:04:33] Step1-BaselineA-Weak | Epoch 5/50 train_loss=0.171043 val_mse=0.200757 best_val=0.200757 patience=0/10
[2026-04-22 12:04:37] Step1-BaselineA-Weak | Epoch 6/50 train_loss=0.171413 val_mse=0.205440 best_val=0.200757 patience=1/10
[2026-04-22 12:04:41] Step1-BaselineA-Weak | Epoch 7/50 train_loss=0.171111 val_mse=0.191941 best_val=0.191941 patience=0/10
[2026-04-22 12:04:45] Step1-BaselineA-Weak | Epoch 8/50 train_loss=0.170445 val_mse=0.202015 best_val=0.191941 patience=1/10
[2026-04-22 12:04:48] Step1-BaselineA-Weak | Epoch 9/50 train_loss=0.170361 val_mse=0.202104 best_val=0.191941 patience=2/10
[2026-04-22 12:04:52] Step1-BaselineA-Weak | Epoch 10/50 train_loss=0.169646 val_mse=0.202536 best_val=0.191941 patience=3/10
[2026-04-22 12:04:56] Step1-BaselineA-Weak | Epoch 11/50 train_loss=0.168961 val_mse=0.202565 best_val=0.191941 patience=4/10
[2026-04-22 12:04:59] Step1-BaselineA-Weak | Epoch 12/50 train_loss=0.168336 val_mse=0.193215 best_val=0.191941 patience=5/10
[2026-04-22 12:05:03] Step1-BaselineA-Weak | Epoch 13/50 train_loss=0.166901 val_mse=0.197424 best_val=0.191941 patience=6/10
[2026-04-22 12:05:07] Step1-BaselineA-Weak | Epoch 14/50 train_loss=0.166910 val_mse=0.194723 best_val=0.191941 patience=7/10
[2026-04-22 12:05:10] Step1-BaselineA-Weak | Epoch 15/50 train_loss=0.166191 val_mse=0.196048 best_val=0.191941 patience=8/10
[2026-04-22 12:05:14] Step1-BaselineA-Weak | Epoch 16/50 train_loss=0.165639 val_mse=0.194500 best_val=0.191941 patience=9/10
[2026-04-22 12:05:17] Step1-BaselineA-Weak | Epoch 17/50 train_loss=0.164966 val_mse=0.193959 best_val=0.191941 patience=10/10
[2026-04-22 12:05:17] Step1-BaselineA-Weak | Early stop at epoch 17, best=7
[2026-04-22 12:05:18] Step1-BaselineA-Weak DONE | MSE=0.191941 RMSE=0.438111 MAE=0.409380 Pearson=0.898577 [best_epoch=7]
[2026-04-22 12:05:21] Step2-BaselineB-Strong | Epoch 1/50 train_loss=0.193177 val_mse=0.203201 best_val=0.203201 patience=0/10
[2026-04-22 12:05:25] Step2-BaselineB-Strong | Epoch 2/50 train_loss=0.174263 val_mse=0.206684 best_val=0.203201 patience=1/10
[2026-04-22 12:05:29] Step2-BaselineB-Strong | Epoch 3/50 train_loss=0.172481 val_mse=0.199597 best_val=0.199597 patience=0/10
[2026-04-22 12:05:33] Step2-BaselineB-Strong | Epoch 4/50 train_loss=0.171102 val_mse=0.206970 best_val=0.199597 patience=1/10
[2026-04-22 12:05:36] Step2-BaselineB-Strong | Epoch 5/50 train_loss=0.170189 val_mse=0.202635 best_val=0.199597 patience=2/10
[2026-04-22 12:05:40] Step2-BaselineB-Strong | Epoch 6/50 train_loss=0.171324 val_mse=0.207829 best_val=0.199597 patience=3/10
[2026-04-22 12:05:44] Step2-BaselineB-Strong | Epoch 7/50 train_loss=0.169907 val_mse=0.209816 best_val=0.199597 patience=4/10
[2026-04-22 12:05:48] Step2-BaselineB-Strong | Epoch 8/50 train_loss=0.168773 val_mse=0.206140 best_val=0.199597 patience=5/10
[2026-04-22 12:05:52] Step2-BaselineB-Strong | Epoch 9/50 train_loss=0.168154 val_mse=0.209886 best_val=0.199597 patience=6/10
[2026-04-22 12:05:55] Step2-BaselineB-Strong | Epoch 10/50 train_loss=0.167654 val_mse=0.206671 best_val=0.199597 patience=7/10
[2026-04-22 12:05:59] Step2-BaselineB-Strong | Epoch 11/50 train_loss=0.167624 val_mse=0.207464 best_val=0.199597 patience=8/10
[2026-04-22 12:06:03] Step2-BaselineB-Strong | Epoch 12/50 train_loss=0.167242 val_mse=0.208729 best_val=0.199597 patience=9/10
[2026-04-22 12:06:07] Step2-BaselineB-Strong | Epoch 13/50 train_loss=0.166965 val_mse=0.209047 best_val=0.199597 patience=10/10
[2026-04-22 12:06:07] Step2-BaselineB-Strong | Early stop at epoch 13, best=3
[2026-04-22 12:06:07] Step2-BaselineB-Strong DONE | MSE=0.199597 RMSE=0.446762 MAE=0.402669 Pearson=-0.725905 [best_epoch=3]
[2026-04-22 12:06:11] Step3-Ours-TCN | Epoch 1/50 train_loss=0.185419 val_mse=0.200113 best_val=0.200113 patience=0/10
[2026-04-22 12:06:15] Step3-Ours-TCN | Epoch 2/50 train_loss=0.172487 val_mse=0.206157 best_val=0.200113 patience=1/10
[2026-04-22 12:06:19] Step3-Ours-TCN | Epoch 3/50 train_loss=0.170797 val_mse=0.214854 best_val=0.200113 patience=2/10
[2026-04-22 12:06:23] Step3-Ours-TCN | Epoch 4/50 train_loss=0.169530 val_mse=0.215711 best_val=0.200113 patience=3/10
[2026-04-22 12:06:27] Step3-Ours-TCN | Epoch 5/50 train_loss=0.168857 val_mse=0.204529 best_val=0.200113 patience=4/10
[2026-04-22 12:06:31] Step3-Ours-TCN | Epoch 6/50 train_loss=0.169095 val_mse=0.210970 best_val=0.200113 patience=5/10
[2026-04-22 12:06:35] Step3-Ours-TCN | Epoch 7/50 train_loss=0.168282 val_mse=0.206212 best_val=0.200113 patience=6/10
[2026-04-22 12:06:39] Step3-Ours-TCN | Epoch 8/50 train_loss=0.168048 val_mse=0.211187 best_val=0.200113 patience=7/10
[2026-04-22 12:06:43] Step3-Ours-TCN | Epoch 9/50 train_loss=0.167803 val_mse=0.209233 best_val=0.200113 patience=8/10
[2026-04-22 12:06:47] Step3-Ours-TCN | Epoch 10/50 train_loss=0.167436 val_mse=0.208894 best_val=0.200113 patience=9/10
[2026-04-22 12:06:51] Step3-Ours-TCN | Epoch 11/50 train_loss=0.167356 val_mse=0.207819 best_val=0.200113 patience=10/10
[2026-04-22 12:06:51] Step3-Ours-TCN | Early stop at epoch 11, best=1
[2026-04-22 12:06:52] Step3-Ours-TCN DONE | MSE=0.200113 RMSE=0.447340 MAE=0.405626 Pearson=-0.758523 [best_epoch=1]
[2026-04-22 12:06:56] Step5-Ablation1-woDualGating | Epoch 1/50 train_loss=0.159658 val_mse=0.077751 best_val=0.077751 patience=0/10
[2026-04-22 12:07:00] Step5-Ablation1-woDualGating | Epoch 2/50 train_loss=0.143875 val_mse=0.093263 best_val=0.077751 patience=1/10
[2026-04-22 12:07:04] Step5-Ablation1-woDualGating | Epoch 3/50 train_loss=0.137892 val_mse=0.117062 best_val=0.077751 patience=2/10
[2026-04-22 12:07:08] Step5-Ablation1-woDualGating | Epoch 4/50 train_loss=0.134721 val_mse=0.061286 best_val=0.061286 patience=0/10
[2026-04-22 12:07:12] Step5-Ablation1-woDualGating | Epoch 5/50 train_loss=0.132024 val_mse=0.074906 best_val=0.061286 patience=1/10
[2026-04-22 12:07:17] Step5-Ablation1-woDualGating | Epoch 6/50 train_loss=0.130568 val_mse=0.050618 best_val=0.050618 patience=0/10
[2026-04-22 12:07:21] Step5-Ablation1-woDualGating | Epoch 7/50 train_loss=0.128208 val_mse=0.057599 best_val=0.050618 patience=1/10
[2026-04-22 12:07:25] Step5-Ablation1-woDualGating | Epoch 8/50 train_loss=0.124764 val_mse=0.072314 best_val=0.050618 patience=2/10
[2026-04-22 12:07:29] Step5-Ablation1-woDualGating | Epoch 9/50 train_loss=0.123815 val_mse=0.080833 best_val=0.050618 patience=3/10
[2026-04-22 12:07:33] Step5-Ablation1-woDualGating | Epoch 10/50 train_loss=0.122305 val_mse=0.063669 best_val=0.050618 patience=4/10
[2026-04-22 12:07:37] Step5-Ablation1-woDualGating | Epoch 11/50 train_loss=0.118232 val_mse=0.060219 best_val=0.050618 patience=5/10
[2026-04-22 12:07:41] Step5-Ablation1-woDualGating | Epoch 12/50 train_loss=0.117672 val_mse=0.064910 best_val=0.050618 patience=6/10
[2026-04-22 12:07:45] Step5-Ablation1-woDualGating | Epoch 13/50 train_loss=0.114953 val_mse=0.047759 best_val=0.047759 patience=0/10
[2026-04-22 12:07:49] Step5-Ablation1-woDualGating | Epoch 14/50 train_loss=0.113448 val_mse=0.100505 best_val=0.047759 patience=1/10
[2026-04-22 12:07:53] Step5-Ablation1-woDualGating | Epoch 15/50 train_loss=0.113110 val_mse=0.045644 best_val=0.045644 patience=0/10
[2026-04-22 12:07:57] Step5-Ablation1-woDualGating | Epoch 16/50 train_loss=0.112724 val_mse=0.056071 best_val=0.045644 patience=1/10
[2026-04-22 12:08:01] Step5-Ablation1-woDualGating | Epoch 17/50 train_loss=0.111510 val_mse=0.055090 best_val=0.045644 patience=2/10
[2026-04-22 12:08:05] Step5-Ablation1-woDualGating | Epoch 18/50 train_loss=0.110648 val_mse=0.036520 best_val=0.036520 patience=0/10
[2026-04-22 12:08:10] Step5-Ablation1-woDualGating | Epoch 19/50 train_loss=0.109962 val_mse=0.041141 best_val=0.036520 patience=1/10
[2026-04-22 12:08:14] Step5-Ablation1-woDualGating | Epoch 20/50 train_loss=0.106950 val_mse=0.041727 best_val=0.036520 patience=2/10
[2026-04-22 12:08:18] Step5-Ablation1-woDualGating | Epoch 21/50 train_loss=0.107351 val_mse=0.065503 best_val=0.036520 patience=3/10
[2026-04-22 12:08:22] Step5-Ablation1-woDualGating | Epoch 22/50 train_loss=0.106325 val_mse=0.050579 best_val=0.036520 patience=4/10
[2026-04-22 12:08:26] Step5-Ablation1-woDualGating | Epoch 23/50 train_loss=0.104449 val_mse=0.045253 best_val=0.036520 patience=5/10
[2026-04-22 12:08:30] Step5-Ablation1-woDualGating | Epoch 24/50 train_loss=0.104236 val_mse=0.048607 best_val=0.036520 patience=6/10
[2026-04-22 12:08:34] Step5-Ablation1-woDualGating | Epoch 25/50 train_loss=0.104252 val_mse=0.055862 best_val=0.036520 patience=7/10
[2026-04-22 12:08:38] Step5-Ablation1-woDualGating | Epoch 26/50 train_loss=0.102513 val_mse=0.046266 best_val=0.036520 patience=8/10
[2026-04-22 12:08:42] Step5-Ablation1-woDualGating | Epoch 27/50 train_loss=0.101969 val_mse=0.071701 best_val=0.036520 patience=9/10
[2026-04-22 12:08:46] Step5-Ablation1-woDualGating | Epoch 28/50 train_loss=0.103261 val_mse=0.058228 best_val=0.036520 patience=10/10
[2026-04-22 12:08:46] Step5-Ablation1-woDualGating | Early stop at epoch 28, best=18
[2026-04-22 12:08:47] Step5-Ablation1-woDualGating DONE | MSE=0.036520 RMSE=0.191103 MAE=0.163708 Pearson=0.914328 [best_epoch=18]
[2026-04-22 12:08:51] Step6-Ablation2-woTCMPrior | Epoch 1/50 train_loss=0.172988 val_mse=0.143147 best_val=0.143147 patience=0/10
[2026-04-22 12:08:55] Step6-Ablation2-woTCMPrior | Epoch 2/50 train_loss=0.149154 val_mse=0.089867 best_val=0.089867 patience=0/10
[2026-04-22 12:08:59] Step6-Ablation2-woTCMPrior | Epoch 3/50 train_loss=0.143219 val_mse=0.057280 best_val=0.057280 patience=0/10
[2026-04-22 12:09:03] Step6-Ablation2-woTCMPrior | Epoch 4/50 train_loss=0.137998 val_mse=0.064025 best_val=0.057280 patience=1/10
[2026-04-22 12:09:07] Step6-Ablation2-woTCMPrior | Epoch 5/50 train_loss=0.136307 val_mse=0.062347 best_val=0.057280 patience=2/10
[2026-04-22 12:09:11] Step6-Ablation2-woTCMPrior | Epoch 6/50 train_loss=0.132721 val_mse=0.066215 best_val=0.057280 patience=3/10
[2026-04-22 12:09:15] Step6-Ablation2-woTCMPrior | Epoch 7/50 train_loss=0.131294 val_mse=0.065318 best_val=0.057280 patience=4/10
[2026-04-22 12:09:19] Step6-Ablation2-woTCMPrior | Epoch 8/50 train_loss=0.129022 val_mse=0.069071 best_val=0.057280 patience=5/10
[2026-04-22 12:09:23] Step6-Ablation2-woTCMPrior | Epoch 9/50 train_loss=0.127354 val_mse=0.057487 best_val=0.057280 patience=6/10
[2026-04-22 12:09:27] Step6-Ablation2-woTCMPrior | Epoch 10/50 train_loss=0.127119 val_mse=0.076386 best_val=0.057280 patience=7/10
[2026-04-22 12:09:31] Step6-Ablation2-woTCMPrior | Epoch 11/50 train_loss=0.124524 val_mse=0.074791 best_val=0.057280 patience=8/10
[2026-04-22 12:09:35] Step6-Ablation2-woTCMPrior | Epoch 12/50 train_loss=0.124111 val_mse=0.060443 best_val=0.057280 patience=9/10
[2026-04-22 12:09:39] Step6-Ablation2-woTCMPrior | Epoch 13/50 train_loss=0.123256 val_mse=0.049660 best_val=0.049660 patience=0/10
[2026-04-22 12:09:43] Step6-Ablation2-woTCMPrior | Epoch 14/50 train_loss=0.120729 val_mse=0.069440 best_val=0.049660 patience=1/10
[2026-04-22 12:09:47] Step6-Ablation2-woTCMPrior | Epoch 15/50 train_loss=0.121334 val_mse=0.044178 best_val=0.044178 patience=0/10
[2026-04-22 12:09:51] Step6-Ablation2-woTCMPrior | Epoch 16/50 train_loss=0.120140 val_mse=0.056787 best_val=0.044178 patience=1/10
[2026-04-22 12:09:55] Step6-Ablation2-woTCMPrior | Epoch 17/50 train_loss=0.118597 val_mse=0.074956 best_val=0.044178 patience=2/10
[2026-04-22 12:09:59] Step6-Ablation2-woTCMPrior | Epoch 18/50 train_loss=0.118378 val_mse=0.050794 best_val=0.044178 patience=3/10
[2026-04-22 12:10:03] Step6-Ablation2-woTCMPrior | Epoch 19/50 train_loss=0.117471 val_mse=0.081409 best_val=0.044178 patience=4/10
[2026-04-22 12:10:07] Step6-Ablation2-woTCMPrior | Epoch 20/50 train_loss=0.116872 val_mse=0.044817 best_val=0.044178 patience=5/10
[2026-04-22 12:10:11] Step6-Ablation2-woTCMPrior | Epoch 21/50 train_loss=0.114539 val_mse=0.112688 best_val=0.044178 patience=6/10
[2026-04-22 12:10:15] Step6-Ablation2-woTCMPrior | Epoch 22/50 train_loss=0.113767 val_mse=0.081324 best_val=0.044178 patience=7/10
[2026-04-22 12:10:19] Step6-Ablation2-woTCMPrior | Epoch 23/50 train_loss=0.113366 val_mse=0.047177 best_val=0.044178 patience=8/10
[2026-04-22 12:10:23] Step6-Ablation2-woTCMPrior | Epoch 24/50 train_loss=0.112958 val_mse=0.054248 best_val=0.044178 patience=9/10
[2026-04-22 12:10:27] Step6-Ablation2-woTCMPrior | Epoch 25/50 train_loss=0.111299 val_mse=0.093513 best_val=0.044178 patience=10/10
[2026-04-22 12:10:27] Step6-Ablation2-woTCMPrior | Early stop at epoch 25, best=15
[2026-04-22 12:10:28] Step6-Ablation2-woTCMPrior DONE | MSE=0.044178 RMSE=0.210186 MAE=0.180998 Pearson=0.884003 [best_epoch=15]
[2026-04-22 12:10:32] Step7-Ablation3-woTCMGate | Epoch 1/50 train_loss=0.154451 val_mse=0.074079 best_val=0.074079 patience=0/10
[2026-04-22 12:10:36] Step7-Ablation3-woTCMGate | Epoch 2/50 train_loss=0.137897 val_mse=0.070413 best_val=0.070413 patience=0/10
[2026-04-22 12:10:40] Step7-Ablation3-woTCMGate | Epoch 3/50 train_loss=0.131846 val_mse=0.076328 best_val=0.070413 patience=1/10
[2026-04-22 12:10:44] Step7-Ablation3-woTCMGate | Epoch 4/50 train_loss=0.128472 val_mse=0.081004 best_val=0.070413 patience=2/10
[2026-04-22 12:10:49] Step7-Ablation3-woTCMGate | Epoch 5/50 train_loss=0.123673 val_mse=0.067535 best_val=0.067535 patience=0/10
[2026-04-22 12:10:53] Step7-Ablation3-woTCMGate | Epoch 6/50 train_loss=0.122066 val_mse=0.093226 best_val=0.067535 patience=1/10
[2026-04-22 12:10:57] Step7-Ablation3-woTCMGate | Epoch 7/50 train_loss=0.119115 val_mse=0.076518 best_val=0.067535 patience=2/10
[2026-04-22 12:11:01] Step7-Ablation3-woTCMGate | Epoch 8/50 train_loss=0.116356 val_mse=0.087637 best_val=0.067535 patience=3/10
[2026-04-22 12:11:06] Step7-Ablation3-woTCMGate | Epoch 9/50 train_loss=0.114217 val_mse=0.070352 best_val=0.067535 patience=4/10
[2026-04-22 12:11:10] Step7-Ablation3-woTCMGate | Epoch 10/50 train_loss=0.111416 val_mse=0.085707 best_val=0.067535 patience=5/10
[2026-04-22 12:11:14] Step7-Ablation3-woTCMGate | Epoch 11/50 train_loss=0.109365 val_mse=0.070950 best_val=0.067535 patience=6/10
[2026-04-22 12:11:18] Step7-Ablation3-woTCMGate | Epoch 12/50 train_loss=0.107303 val_mse=0.069531 best_val=0.067535 patience=7/10
[2026-04-22 12:11:23] Step7-Ablation3-woTCMGate | Epoch 13/50 train_loss=0.105039 val_mse=0.089265 best_val=0.067535 patience=8/10
[2026-04-22 12:11:27] Step7-Ablation3-woTCMGate | Epoch 14/50 train_loss=0.103823 val_mse=0.074746 best_val=0.067535 patience=9/10
[2026-04-22 12:11:31] Step7-Ablation3-woTCMGate | Epoch 15/50 train_loss=0.102535 val_mse=0.075307 best_val=0.067535 patience=10/10
[2026-04-22 12:11:31] Step7-Ablation3-woTCMGate | Early stop at epoch 15, best=5
[2026-04-22 12:11:31] Step7-Ablation3-woTCMGate DONE | MSE=0.067535 RMSE=0.259876 MAE=0.206113 Pearson=0.813422 [best_epoch=5]
[2026-04-22 12:11:31] >>> Final Ours stabilized hparams: HyperParams(lr=0.00025, weight_decay=1e-05, batch_size=32)
[2026-04-22 12:11:36] Step8-FinalOurs | Epoch 1/50 train_loss=0.174503 val_mse=0.162072 best_val=0.162072 patience=0/10
[2026-04-22 12:11:40] Step8-FinalOurs | Epoch 2/50 train_loss=0.152427 val_mse=0.108677 best_val=0.108677 patience=0/10
[2026-04-22 12:11:45] Step8-FinalOurs | Epoch 3/50 train_loss=0.146753 val_mse=0.098814 best_val=0.098814 patience=0/10
[2026-04-22 12:11:49] Step8-FinalOurs | Epoch 4/50 train_loss=0.143478 val_mse=0.092630 best_val=0.092630 patience=0/10
[2026-04-22 12:11:53] Step8-FinalOurs | Epoch 5/50 train_loss=0.140248 val_mse=0.118770 best_val=0.092630 patience=1/10
[2026-04-22 12:11:58] Step8-FinalOurs | Epoch 6/50 train_loss=0.137288 val_mse=0.108431 best_val=0.092630 patience=2/10
[2026-04-22 12:12:02] Step8-FinalOurs | Epoch 7/50 train_loss=0.136222 val_mse=0.107134 best_val=0.092630 patience=3/10
[2026-04-22 12:12:07] Step8-FinalOurs | Epoch 8/50 train_loss=0.133216 val_mse=0.086959 best_val=0.086959 patience=0/10
[2026-04-22 12:12:11] Step8-FinalOurs | Epoch 9/50 train_loss=0.132036 val_mse=0.075549 best_val=0.075549 patience=0/10
[2026-04-22 12:12:16] Step8-FinalOurs | Epoch 10/50 train_loss=0.128450 val_mse=0.107450 best_val=0.075549 patience=1/10
[2026-04-22 12:12:20] Step8-FinalOurs | Epoch 11/50 train_loss=0.127867 val_mse=0.088804 best_val=0.075549 patience=2/10
[2026-04-22 12:12:24] Step8-FinalOurs | Epoch 12/50 train_loss=0.126647 val_mse=0.063585 best_val=0.063585 patience=0/10
[2026-04-22 12:12:29] Step8-FinalOurs | Epoch 13/50 train_loss=0.125785 val_mse=0.085494 best_val=0.063585 patience=1/10
[2026-04-22 12:12:33] Step8-FinalOurs | Epoch 14/50 train_loss=0.123193 val_mse=0.062262 best_val=0.062262 patience=0/10
[2026-04-22 12:12:38] Step8-FinalOurs | Epoch 15/50 train_loss=0.121896 val_mse=0.065808 best_val=0.062262 patience=1/10
[2026-04-22 12:12:42] Step8-FinalOurs | Epoch 16/50 train_loss=0.122264 val_mse=0.076006 best_val=0.062262 patience=2/10
[2026-04-22 12:12:47] Step8-FinalOurs | Epoch 17/50 train_loss=0.121823 val_mse=0.091696 best_val=0.062262 patience=3/10
[2026-04-22 12:12:51] Step8-FinalOurs | Epoch 18/50 train_loss=0.119355 val_mse=0.069204 best_val=0.062262 patience=4/10
[2026-04-22 12:12:55] Step8-FinalOurs | Epoch 19/50 train_loss=0.119450 val_mse=0.085630 best_val=0.062262 patience=5/10
[2026-04-22 12:13:00] Step8-FinalOurs | Epoch 20/50 train_loss=0.117774 val_mse=0.090729 best_val=0.062262 patience=6/10
[2026-04-22 12:13:04] Step8-FinalOurs | Epoch 21/50 train_loss=0.115784 val_mse=0.070143 best_val=0.062262 patience=7/10
[2026-04-22 12:13:09] Step8-FinalOurs | Epoch 22/50 train_loss=0.114443 val_mse=0.076666 best_val=0.062262 patience=8/10
[2026-04-22 12:13:13] Step8-FinalOurs | Epoch 23/50 train_loss=0.114900 val_mse=0.082979 best_val=0.062262 patience=9/10
[2026-04-22 12:13:17] Step8-FinalOurs | Epoch 24/50 train_loss=0.112569 val_mse=0.061350 best_val=0.061350 patience=0/10
[2026-04-22 12:13:22] Step8-FinalOurs | Epoch 25/50 train_loss=0.110683 val_mse=0.057446 best_val=0.057446 patience=0/10
[2026-04-22 12:13:26] Step8-FinalOurs | Epoch 26/50 train_loss=0.110750 val_mse=0.078861 best_val=0.057446 patience=1/10
[2026-04-22 12:13:30] Step8-FinalOurs | Epoch 27/50 train_loss=0.109832 val_mse=0.059213 best_val=0.057446 patience=2/10
[2026-04-22 12:13:35] Step8-FinalOurs | Epoch 28/50 train_loss=0.108481 val_mse=0.055126 best_val=0.055126 patience=0/10
[2026-04-22 12:13:39] Step8-FinalOurs | Epoch 29/50 train_loss=0.109241 val_mse=0.054968 best_val=0.054968 patience=0/10
[2026-04-22 12:13:44] Step8-FinalOurs | Epoch 30/50 train_loss=0.106435 val_mse=0.057324 best_val=0.054968 patience=1/10
[2026-04-22 12:13:48] Step8-FinalOurs | Epoch 31/50 train_loss=0.105298 val_mse=0.055126 best_val=0.054968 patience=2/10
[2026-04-22 12:13:52] Step8-FinalOurs | Epoch 32/50 train_loss=0.105072 val_mse=0.058609 best_val=0.054968 patience=3/10
[2026-04-22 12:13:57] Step8-FinalOurs | Epoch 33/50 train_loss=0.103240 val_mse=0.057684 best_val=0.054968 patience=4/10
[2026-04-22 12:14:01] Step8-FinalOurs | Epoch 34/50 train_loss=0.102661 val_mse=0.069682 best_val=0.054968 patience=5/10
[2026-04-22 12:14:06] Step8-FinalOurs | Epoch 35/50 train_loss=0.103302 val_mse=0.067269 best_val=0.054968 patience=6/10
[2026-04-22 12:14:10] Step8-FinalOurs | Epoch 36/50 train_loss=0.102209 val_mse=0.062592 best_val=0.054968 patience=7/10
[2026-04-22 12:14:14] Step8-FinalOurs | Epoch 37/50 train_loss=0.100350 val_mse=0.045576 best_val=0.045576 patience=0/10
[2026-04-22 12:14:19] Step8-FinalOurs | Epoch 38/50 train_loss=0.099251 val_mse=0.061427 best_val=0.045576 patience=1/10
[2026-04-22 12:14:23] Step8-FinalOurs | Epoch 39/50 train_loss=0.099988 val_mse=0.070031 best_val=0.045576 patience=2/10
[2026-04-22 12:14:27] Step8-FinalOurs | Epoch 40/50 train_loss=0.099515 val_mse=0.067711 best_val=0.045576 patience=3/10
[2026-04-22 12:14:32] Step8-FinalOurs | Epoch 41/50 train_loss=0.099273 val_mse=0.059257 best_val=0.045576 patience=4/10
[2026-04-22 12:14:36] Step8-FinalOurs | Epoch 42/50 train_loss=0.097428 val_mse=0.045330 best_val=0.045330 patience=0/10
[2026-04-22 12:14:40] Step8-FinalOurs | Epoch 43/50 train_loss=0.096917 val_mse=0.058934 best_val=0.045330 patience=1/10
[2026-04-22 12:14:45] Step8-FinalOurs | Epoch 44/50 train_loss=0.096669 val_mse=0.066329 best_val=0.045330 patience=2/10
[2026-04-22 12:14:49] Step8-FinalOurs | Epoch 45/50 train_loss=0.096069 val_mse=0.047481 best_val=0.045330 patience=3/10
[2026-04-22 12:14:54] Step8-FinalOurs | Epoch 46/50 train_loss=0.094516 val_mse=0.061722 best_val=0.045330 patience=4/10
[2026-04-22 12:14:58] Step8-FinalOurs | Epoch 47/50 train_loss=0.094703 val_mse=0.076803 best_val=0.045330 patience=5/10
[2026-04-22 12:15:02] Step8-FinalOurs | Epoch 48/50 train_loss=0.094237 val_mse=0.056679 best_val=0.045330 patience=6/10
[2026-04-22 12:15:07] Step8-FinalOurs | Epoch 49/50 train_loss=0.093814 val_mse=0.062815 best_val=0.045330 patience=7/10
[2026-04-22 12:15:11] Step8-FinalOurs | Epoch 50/50 train_loss=0.092141 val_mse=0.043470 best_val=0.043470 patience=0/10
[2026-04-22 12:15:12] Step8-FinalOurs DONE | MSE=0.043470 RMSE=0.208495 MAE=0.179708 Pearson=0.883363 [best_epoch=50]
[2026-04-22 12:15:12] >>> Saved final model to /root/work/MulitiModal/checkpoints/best_model.pth

===== Stage 2 Chosen Hyper-Parameters =====
HyperParams(lr=0.0005, weight_decay=1e-05, batch_size=32)
===========================================

Step8 tuned controls: gate_b_scale=0.100, final_lr_mult=0.500
===== Final 9-Step best_val_mse List =====
Step 1: Baseline A -> best_val_mse=0.19194121658802032
Step 2: Baseline B -> best_val_mse=0.19959650933742523
Step 3: Ours-TCN -> best_val_mse=0.20011301338672638
Step 4: Encoder Selection -> best_val_mse=None
Step 5: w/o Dual Gating -> best_val_mse=0.03652046248316765
Step 6: w/o TCM Prior -> best_val_mse=0.044178128242492676
Step 7: w/o TCM_Gate -> best_val_mse=0.06753548979759216
Step 8: Final Ours -> best_val_mse=0.043470341712236404
Step 9: Plotting -> best_val_mse=None
===========================================
[2026-04-22 12:15:13] >>> Experiment flow completed. Summary saved to /root/work/MulitiModal/results/loso_folds/experiments_summary_S17.json
[2026-04-22 12:15:13] >>> LOSO fold holdout=S2
[2026-04-22 12:15:17] >>> Runner signature: RUN_EXPERIMENTS_V2_LOSO_GUARDED | file=/root/work/MulitiModal/run_experiments.py | mtime=2026-04-22 10:20:26
[2026-04-22 12:15:17] >>> Loading WESAD dataset from /root/work/MulitiModal/data/wesad
Subject S10: Age=28.0, Gender=1, BMI=24.0, HR=64.2
Subject S11: Age=26.0, Gender=0, BMI=18.5, HR=63.9
Subject S13: Age=28.0, Gender=1, BMI=25.0, HR=65.6
Subject S14: Age=27.0, Gender=1, BMI=24.7, HR=64.9
Subject S15: Age=28.0, Gender=1, BMI=24.0, HR=66.7
Subject S16: Age=24.0, Gender=1, BMI=20.4, HR=63.5
Subject S17: Age=29.0, Gender=0, BMI=20.2, HR=61.3
Subject S2: Age=27.0, Gender=1, BMI=26.1, HR=64.6
Subject S3: Age=27.0, Gender=1, BMI=23.1, HR=58.7
Subject S4: Age=25.0, Gender=1, BMI=29.4, HR=60.0
Subject S5: Age=35.0, Gender=1, BMI=22.4, HR=62.6
Subject S6: Age=27.0, Gender=1, BMI=22.8, HR=62.9
Subject S7: Age=28.0, Gender=1, BMI=21.9, HR=62.3
Subject S8: Age=27.0, Gender=0, BMI=21.6, HR=64.3
Subject S9: Age=26.0, Gender=1, BMI=22.9, HR=68.1
[2026-04-22 12:16:09] >>> WESAD loaded. total_windows=46324
[2026-04-22 12:16:09] >>> Gate scales: gate_a_scale=0.600, gate_b_scale=0.350
[2026-04-22 12:16:09] >>> Split ready (protocol=loso): train_windows=43361 val_windows=2963 train_subjects=14 val_subjects=1
[2026-04-22 12:16:09] >>> TCM checkpoint resolved to: /root/work/MulitiModal/checkpoints/best_model.pth
[2026-04-22 12:16:09] >>> TCM scaler resolved to: /root/work/MulitiModal/tcm_ft_transformer/scaler_params.npz
/usr/local/miniconda3/envs/py312/lib/python3.12/site-packages/torch/nn/modules/transformer.py:392: UserWarning: enable_nested_tensor is True, but self.use_nested_tensor is False because encoder_layer.norm_first was True
  warnings.warn(
[2026-04-22 12:16:09] >>> Stage 1 skipped (fixed_encoder=inceptiontime)
[2026-04-22 12:16:09] >>> Stage 2: hyper-parameter reset/tuning for encoder=inceptiontime
[2026-04-22 12:16:09] >>> Using override params: HyperParams(lr=0.0005, weight_decay=1e-05, batch_size=32)
[2026-04-22 12:16:09] >>> Running Step8-focused sweep (epochs=20)
[2026-04-22 12:16:15] Sweep-Step8-gb0.100-lm0.500 | Epoch 1/20 train_loss=0.169349 val_mse=0.257141 best_val=0.257141 patience=0/10
[2026-04-22 12:16:19] Sweep-Step8-gb0.100-lm0.500 | Epoch 2/20 train_loss=0.139449 val_mse=0.354032 best_val=0.257141 patience=1/10
[2026-04-22 12:16:24] Sweep-Step8-gb0.100-lm0.500 | Epoch 3/20 train_loss=0.133429 val_mse=0.259444 best_val=0.257141 patience=2/10
[2026-04-22 12:16:28] Sweep-Step8-gb0.100-lm0.500 | Epoch 4/20 train_loss=0.130823 val_mse=0.259494 best_val=0.257141 patience=3/10
[2026-04-22 12:16:33] Sweep-Step8-gb0.100-lm0.500 | Epoch 5/20 train_loss=0.128317 val_mse=0.272690 best_val=0.257141 patience=4/10
[2026-04-22 12:16:37] Sweep-Step8-gb0.100-lm0.500 | Epoch 6/20 train_loss=0.126175 val_mse=0.241867 best_val=0.241867 patience=0/10
[2026-04-22 12:16:41] Sweep-Step8-gb0.100-lm0.500 | Epoch 7/20 train_loss=0.123116 val_mse=0.261228 best_val=0.241867 patience=1/10
[2026-04-22 12:16:46] Sweep-Step8-gb0.100-lm0.500 | Epoch 8/20 train_loss=0.119950 val_mse=0.258996 best_val=0.241867 patience=2/10
[2026-04-22 12:16:50] Sweep-Step8-gb0.100-lm0.500 | Epoch 9/20 train_loss=0.118177 val_mse=0.254045 best_val=0.241867 patience=3/10
[2026-04-22 12:16:54] Sweep-Step8-gb0.100-lm0.500 | Epoch 10/20 train_loss=0.115907 val_mse=0.250367 best_val=0.241867 patience=4/10
[2026-04-22 12:16:58] Sweep-Step8-gb0.100-lm0.500 | Epoch 11/20 train_loss=0.114674 val_mse=0.268921 best_val=0.241867 patience=5/10
[2026-04-22 12:17:03] Sweep-Step8-gb0.100-lm0.500 | Epoch 12/20 train_loss=0.113219 val_mse=0.236418 best_val=0.236418 patience=0/10
[2026-04-22 12:17:07] Sweep-Step8-gb0.100-lm0.500 | Epoch 13/20 train_loss=0.111541 val_mse=0.272498 best_val=0.236418 patience=1/10
[2026-04-22 12:17:11] Sweep-Step8-gb0.100-lm0.500 | Epoch 14/20 train_loss=0.110894 val_mse=0.300615 best_val=0.236418 patience=2/10
[2026-04-22 12:17:16] Sweep-Step8-gb0.100-lm0.500 | Epoch 15/20 train_loss=0.108927 val_mse=0.266824 best_val=0.236418 patience=3/10
[2026-04-22 12:17:20] Sweep-Step8-gb0.100-lm0.500 | Epoch 16/20 train_loss=0.106912 val_mse=0.286909 best_val=0.236418 patience=4/10
[2026-04-22 12:17:24] Sweep-Step8-gb0.100-lm0.500 | Epoch 17/20 train_loss=0.105460 val_mse=0.277157 best_val=0.236418 patience=5/10
[2026-04-22 12:17:29] Sweep-Step8-gb0.100-lm0.500 | Epoch 18/20 train_loss=0.103830 val_mse=0.305149 best_val=0.236418 patience=6/10
[2026-04-22 12:17:33] Sweep-Step8-gb0.100-lm0.500 | Epoch 19/20 train_loss=0.101308 val_mse=0.299207 best_val=0.236418 patience=7/10
[2026-04-22 12:17:37] Sweep-Step8-gb0.100-lm0.500 | Epoch 20/20 train_loss=0.100517 val_mse=0.329887 best_val=0.236418 patience=8/10
[2026-04-22 12:17:38] Sweep-Step8-gb0.100-lm0.500 DONE | MSE=0.236418 RMSE=0.486229 MAE=0.437542 Pearson=-0.092093 [best_epoch=12]
[2026-04-22 12:17:42] Sweep-Step8-gb0.100-lm0.700 | Epoch 1/20 train_loss=0.161549 val_mse=0.225650 best_val=0.225650 patience=0/10
[2026-04-22 12:17:46] Sweep-Step8-gb0.100-lm0.700 | Epoch 2/20 train_loss=0.135258 val_mse=0.212675 best_val=0.212675 patience=0/10
[2026-04-22 12:17:51] Sweep-Step8-gb0.100-lm0.700 | Epoch 3/20 train_loss=0.128289 val_mse=0.247836 best_val=0.212675 patience=1/10
[2026-04-22 12:17:55] Sweep-Step8-gb0.100-lm0.700 | Epoch 4/20 train_loss=0.126277 val_mse=0.212722 best_val=0.212675 patience=2/10
[2026-04-22 12:17:59] Sweep-Step8-gb0.100-lm0.700 | Epoch 5/20 train_loss=0.122925 val_mse=0.239939 best_val=0.212675 patience=3/10
[2026-04-22 12:18:04] Sweep-Step8-gb0.100-lm0.700 | Epoch 6/20 train_loss=0.120139 val_mse=0.274707 best_val=0.212675 patience=4/10
[2026-04-22 12:18:08] Sweep-Step8-gb0.100-lm0.700 | Epoch 7/20 train_loss=0.116491 val_mse=0.232500 best_val=0.212675 patience=5/10
[2026-04-22 12:18:12] Sweep-Step8-gb0.100-lm0.700 | Epoch 8/20 train_loss=0.114782 val_mse=0.245187 best_val=0.212675 patience=6/10
[2026-04-22 12:18:16] Sweep-Step8-gb0.100-lm0.700 | Epoch 9/20 train_loss=0.111579 val_mse=0.271837 best_val=0.212675 patience=7/10
[2026-04-22 12:18:21] Sweep-Step8-gb0.100-lm0.700 | Epoch 10/20 train_loss=0.109761 val_mse=0.270751 best_val=0.212675 patience=8/10
[2026-04-22 12:18:25] Sweep-Step8-gb0.100-lm0.700 | Epoch 11/20 train_loss=0.107027 val_mse=0.271486 best_val=0.212675 patience=9/10
[2026-04-22 12:18:29] Sweep-Step8-gb0.100-lm0.700 | Epoch 12/20 train_loss=0.105731 val_mse=0.301235 best_val=0.212675 patience=10/10
[2026-04-22 12:18:29] Sweep-Step8-gb0.100-lm0.700 | Early stop at epoch 12, best=2
[2026-04-22 12:18:29] Sweep-Step8-gb0.100-lm0.700 DONE | MSE=0.212675 RMSE=0.461167 MAE=0.415607 Pearson=-0.084387 [best_epoch=2]
[2026-04-22 12:18:34] Sweep-Step8-gb0.350-lm0.500 | Epoch 1/20 train_loss=0.168868 val_mse=0.238732 best_val=0.238732 patience=0/10
[2026-04-22 12:18:38] Sweep-Step8-gb0.350-lm0.500 | Epoch 2/20 train_loss=0.143926 val_mse=0.235860 best_val=0.235860 patience=0/10
[2026-04-22 12:18:42] Sweep-Step8-gb0.350-lm0.500 | Epoch 3/20 train_loss=0.137794 val_mse=0.217000 best_val=0.217000 patience=0/10
[2026-04-22 12:18:47] Sweep-Step8-gb0.350-lm0.500 | Epoch 4/20 train_loss=0.132612 val_mse=0.249377 best_val=0.217000 patience=1/10
[2026-04-22 12:18:51] Sweep-Step8-gb0.350-lm0.500 | Epoch 5/20 train_loss=0.128739 val_mse=0.201269 best_val=0.201269 patience=0/10
[2026-04-22 12:18:55] Sweep-Step8-gb0.350-lm0.500 | Epoch 6/20 train_loss=0.126154 val_mse=0.221808 best_val=0.201269 patience=1/10
[2026-04-22 12:18:59] Sweep-Step8-gb0.350-lm0.500 | Epoch 7/20 train_loss=0.123169 val_mse=0.206746 best_val=0.201269 patience=2/10
[2026-04-22 12:19:04] Sweep-Step8-gb0.350-lm0.500 | Epoch 8/20 train_loss=0.121555 val_mse=0.221300 best_val=0.201269 patience=3/10
[2026-04-22 12:19:08] Sweep-Step8-gb0.350-lm0.500 | Epoch 9/20 train_loss=0.118055 val_mse=0.220240 best_val=0.201269 patience=4/10
[2026-04-22 12:19:12] Sweep-Step8-gb0.350-lm0.500 | Epoch 10/20 train_loss=0.115804 val_mse=0.299875 best_val=0.201269 patience=5/10
[2026-04-22 12:19:17] Sweep-Step8-gb0.350-lm0.500 | Epoch 11/20 train_loss=0.113631 val_mse=0.250203 best_val=0.201269 patience=6/10
[2026-04-22 12:19:21] Sweep-Step8-gb0.350-lm0.500 | Epoch 12/20 train_loss=0.112868 val_mse=0.249462 best_val=0.201269 patience=7/10
[2026-04-22 12:19:26] Sweep-Step8-gb0.350-lm0.500 | Epoch 13/20 train_loss=0.110324 val_mse=0.259861 best_val=0.201269 patience=8/10
[2026-04-22 12:19:30] Sweep-Step8-gb0.350-lm0.500 | Epoch 14/20 train_loss=0.106986 val_mse=0.298470 best_val=0.201269 patience=9/10
[2026-04-22 12:19:34] Sweep-Step8-gb0.350-lm0.500 | Epoch 15/20 train_loss=0.106615 val_mse=0.327410 best_val=0.201269 patience=10/10
[2026-04-22 12:19:34] Sweep-Step8-gb0.350-lm0.500 | Early stop at epoch 15, best=5
[2026-04-22 12:19:34] Sweep-Step8-gb0.350-lm0.500 DONE | MSE=0.201269 RMSE=0.448630 MAE=0.412612 Pearson=-0.009640 [best_epoch=5]
[2026-04-22 12:19:39] Sweep-Step8-gb0.350-lm0.700 | Epoch 1/20 train_loss=0.156998 val_mse=0.279459 best_val=0.279459 patience=0/10
[2026-04-22 12:19:43] Sweep-Step8-gb0.350-lm0.700 | Epoch 2/20 train_loss=0.133037 val_mse=0.322143 best_val=0.279459 patience=1/10
[2026-04-22 12:19:47] Sweep-Step8-gb0.350-lm0.700 | Epoch 3/20 train_loss=0.126381 val_mse=0.259509 best_val=0.259509 patience=0/10
[2026-04-22 12:19:52] Sweep-Step8-gb0.350-lm0.700 | Epoch 4/20 train_loss=0.121513 val_mse=0.286856 best_val=0.259509 patience=1/10
[2026-04-22 12:19:56] Sweep-Step8-gb0.350-lm0.700 | Epoch 5/20 train_loss=0.116259 val_mse=0.272582 best_val=0.259509 patience=2/10
[2026-04-22 12:20:00] Sweep-Step8-gb0.350-lm0.700 | Epoch 6/20 train_loss=0.111295 val_mse=0.257337 best_val=0.257337 patience=0/10
[2026-04-22 12:20:05] Sweep-Step8-gb0.350-lm0.700 | Epoch 7/20 train_loss=0.106758 val_mse=0.276971 best_val=0.257337 patience=1/10
[2026-04-22 12:20:09] Sweep-Step8-gb0.350-lm0.700 | Epoch 8/20 train_loss=0.104811 val_mse=0.296500 best_val=0.257337 patience=2/10
[2026-04-22 12:20:13] Sweep-Step8-gb0.350-lm0.700 | Epoch 9/20 train_loss=0.101941 val_mse=0.322840 best_val=0.257337 patience=3/10
[2026-04-22 12:20:18] Sweep-Step8-gb0.350-lm0.700 | Epoch 10/20 train_loss=0.097778 val_mse=0.310977 best_val=0.257337 patience=4/10
[2026-04-22 12:20:22] Sweep-Step8-gb0.350-lm0.700 | Epoch 11/20 train_loss=0.095236 val_mse=0.359562 best_val=0.257337 patience=5/10
[2026-04-22 12:20:26] Sweep-Step8-gb0.350-lm0.700 | Epoch 12/20 train_loss=0.093053 val_mse=0.363484 best_val=0.257337 patience=6/10
[2026-04-22 12:20:31] Sweep-Step8-gb0.350-lm0.700 | Epoch 13/20 train_loss=0.089763 val_mse=0.357601 best_val=0.257337 patience=7/10
[2026-04-22 12:20:35] Sweep-Step8-gb0.350-lm0.700 | Epoch 14/20 train_loss=0.088039 val_mse=0.391482 best_val=0.257337 patience=8/10
[2026-04-22 12:20:39] Sweep-Step8-gb0.350-lm0.700 | Epoch 15/20 train_loss=0.086586 val_mse=0.413947 best_val=0.257337 patience=9/10
[2026-04-22 12:20:44] Sweep-Step8-gb0.350-lm0.700 | Epoch 16/20 train_loss=0.086772 val_mse=0.432604 best_val=0.257337 patience=10/10
[2026-04-22 12:20:44] Sweep-Step8-gb0.350-lm0.700 | Early stop at epoch 16, best=6
[2026-04-22 12:20:44] Sweep-Step8-gb0.350-lm0.700 DONE | MSE=0.257337 RMSE=0.507284 MAE=0.449562 Pearson=-0.160838 [best_epoch=6]
[2026-04-22 12:20:44] >>> Sweep best: gate_b_scale=0.350, final_lr_mult=0.500, mse=0.201269
[2026-04-22 12:20:44] >>> Stage 3: running 9-step matrix with fixed best params
[2026-04-22 12:20:47] Step1-BaselineA-Weak | Epoch 1/50 train_loss=0.188098 val_mse=0.235760 best_val=0.235760 patience=0/10
[2026-04-22 12:20:51] Step1-BaselineA-Weak | Epoch 2/50 train_loss=0.172415 val_mse=0.254659 best_val=0.235760 patience=1/10
[2026-04-22 12:20:54] Step1-BaselineA-Weak | Epoch 3/50 train_loss=0.170693 val_mse=0.239668 best_val=0.235760 patience=2/10
[2026-04-22 12:20:58] Step1-BaselineA-Weak | Epoch 4/50 train_loss=0.169496 val_mse=0.237073 best_val=0.235760 patience=3/10
[2026-04-22 12:21:02] Step1-BaselineA-Weak | Epoch 5/50 train_loss=0.168510 val_mse=0.242580 best_val=0.235760 patience=4/10
[2026-04-22 12:21:05] Step1-BaselineA-Weak | Epoch 6/50 train_loss=0.168288 val_mse=0.234077 best_val=0.234077 patience=0/10
[2026-04-22 12:21:09] Step1-BaselineA-Weak | Epoch 7/50 train_loss=0.167841 val_mse=0.240935 best_val=0.234077 patience=1/10
[2026-04-22 12:21:12] Step1-BaselineA-Weak | Epoch 8/50 train_loss=0.166964 val_mse=0.238643 best_val=0.234077 patience=2/10
[2026-04-22 12:21:16] Step1-BaselineA-Weak | Epoch 9/50 train_loss=0.166657 val_mse=0.233003 best_val=0.233003 patience=0/10
[2026-04-22 12:21:20] Step1-BaselineA-Weak | Epoch 10/50 train_loss=0.166825 val_mse=0.263402 best_val=0.233003 patience=1/10
[2026-04-22 12:21:23] Step1-BaselineA-Weak | Epoch 11/50 train_loss=0.166239 val_mse=0.251069 best_val=0.233003 patience=2/10
[2026-04-22 12:21:27] Step1-BaselineA-Weak | Epoch 12/50 train_loss=0.165768 val_mse=0.267459 best_val=0.233003 patience=3/10
[2026-04-22 12:21:30] Step1-BaselineA-Weak | Epoch 13/50 train_loss=0.164882 val_mse=0.240640 best_val=0.233003 patience=4/10
[2026-04-22 12:21:34] Step1-BaselineA-Weak | Epoch 14/50 train_loss=0.164197 val_mse=0.248470 best_val=0.233003 patience=5/10
[2026-04-22 12:21:37] Step1-BaselineA-Weak | Epoch 15/50 train_loss=0.163914 val_mse=0.258975 best_val=0.233003 patience=6/10
[2026-04-22 12:21:41] Step1-BaselineA-Weak | Epoch 16/50 train_loss=0.163249 val_mse=0.234516 best_val=0.233003 patience=7/10
[2026-04-22 12:21:45] Step1-BaselineA-Weak | Epoch 17/50 train_loss=0.163497 val_mse=0.249084 best_val=0.233003 patience=8/10
[2026-04-22 12:21:48] Step1-BaselineA-Weak | Epoch 18/50 train_loss=0.162435 val_mse=0.233229 best_val=0.233003 patience=9/10
[2026-04-22 12:21:52] Step1-BaselineA-Weak | Epoch 19/50 train_loss=0.162588 val_mse=0.253074 best_val=0.233003 patience=10/10
[2026-04-22 12:21:52] Step1-BaselineA-Weak | Early stop at epoch 19, best=9
[2026-04-22 12:21:52] Step1-BaselineA-Weak DONE | MSE=0.233003 RMSE=0.482703 MAE=0.413096 Pearson=-0.077315 [best_epoch=9]
[2026-04-22 12:21:56] Step2-BaselineB-Strong | Epoch 1/50 train_loss=0.182977 val_mse=0.239720 best_val=0.239720 patience=0/10
[2026-04-22 12:22:00] Step2-BaselineB-Strong | Epoch 2/50 train_loss=0.171160 val_mse=0.243554 best_val=0.239720 patience=1/10
[2026-04-22 12:22:03] Step2-BaselineB-Strong | Epoch 3/50 train_loss=0.169316 val_mse=0.232569 best_val=0.232569 patience=0/10
[2026-04-22 12:22:07] Step2-BaselineB-Strong | Epoch 4/50 train_loss=0.168267 val_mse=0.268839 best_val=0.232569 patience=1/10
[2026-04-22 12:22:11] Step2-BaselineB-Strong | Epoch 5/50 train_loss=0.167369 val_mse=0.236490 best_val=0.232569 patience=2/10
[2026-04-22 12:22:14] Step2-BaselineB-Strong | Epoch 6/50 train_loss=0.166343 val_mse=0.262083 best_val=0.232569 patience=3/10
[2026-04-22 12:22:18] Step2-BaselineB-Strong | Epoch 7/50 train_loss=0.166086 val_mse=0.281751 best_val=0.232569 patience=4/10
[2026-04-22 12:22:22] Step2-BaselineB-Strong | Epoch 8/50 train_loss=0.165809 val_mse=0.234632 best_val=0.232569 patience=5/10
[2026-04-22 12:22:26] Step2-BaselineB-Strong | Epoch 9/50 train_loss=0.165164 val_mse=0.264745 best_val=0.232569 patience=6/10
[2026-04-22 12:22:29] Step2-BaselineB-Strong | Epoch 10/50 train_loss=0.164968 val_mse=0.254531 best_val=0.232569 patience=7/10
[2026-04-22 12:22:33] Step2-BaselineB-Strong | Epoch 11/50 train_loss=0.164935 val_mse=0.253005 best_val=0.232569 patience=8/10
[2026-04-22 12:22:37] Step2-BaselineB-Strong | Epoch 12/50 train_loss=0.164877 val_mse=0.254237 best_val=0.232569 patience=9/10
[2026-04-22 12:22:40] Step2-BaselineB-Strong | Epoch 13/50 train_loss=0.164693 val_mse=0.256585 best_val=0.232569 patience=10/10
[2026-04-22 12:22:40] Step2-BaselineB-Strong | Early stop at epoch 13, best=3
[2026-04-22 12:22:41] Step2-BaselineB-Strong DONE | MSE=0.232569 RMSE=0.482254 MAE=0.410010 Pearson=-0.065059 [best_epoch=3]
[2026-04-22 12:22:45] Step3-Ours-TCN | Epoch 1/50 train_loss=0.190165 val_mse=0.240550 best_val=0.240550 patience=0/10
[2026-04-22 12:22:49] Step3-Ours-TCN | Epoch 2/50 train_loss=0.171565 val_mse=0.248517 best_val=0.240550 patience=1/10
[2026-04-22 12:22:53] Step3-Ours-TCN | Epoch 3/50 train_loss=0.169349 val_mse=0.249544 best_val=0.240550 patience=2/10
[2026-04-22 12:22:57] Step3-Ours-TCN | Epoch 4/50 train_loss=0.168645 val_mse=0.249729 best_val=0.240550 patience=3/10
[2026-04-22 12:23:01] Step3-Ours-TCN | Epoch 5/50 train_loss=0.167237 val_mse=0.247256 best_val=0.240550 patience=4/10
[2026-04-22 12:23:05] Step3-Ours-TCN | Epoch 6/50 train_loss=0.166300 val_mse=0.268875 best_val=0.240550 patience=5/10
[2026-04-22 12:23:09] Step3-Ours-TCN | Epoch 7/50 train_loss=0.166132 val_mse=0.236089 best_val=0.236089 patience=0/10
[2026-04-22 12:23:13] Step3-Ours-TCN | Epoch 8/50 train_loss=0.165807 val_mse=0.267030 best_val=0.236089 patience=1/10
[2026-04-22 12:23:17] Step3-Ours-TCN | Epoch 9/50 train_loss=0.165232 val_mse=0.249556 best_val=0.236089 patience=2/10
[2026-04-22 12:23:21] Step3-Ours-TCN | Epoch 10/50 train_loss=0.164669 val_mse=0.246452 best_val=0.236089 patience=3/10
[2026-04-22 12:23:25] Step3-Ours-TCN | Epoch 11/50 train_loss=0.164194 val_mse=0.241150 best_val=0.236089 patience=4/10
[2026-04-22 12:23:29] Step3-Ours-TCN | Epoch 12/50 train_loss=0.163924 val_mse=0.242457 best_val=0.236089 patience=5/10
[2026-04-22 12:23:33] Step3-Ours-TCN | Epoch 13/50 train_loss=0.163771 val_mse=0.248188 best_val=0.236089 patience=6/10
[2026-04-22 12:23:37] Step3-Ours-TCN | Epoch 14/50 train_loss=0.163286 val_mse=0.267110 best_val=0.236089 patience=7/10
[2026-04-22 12:23:41] Step3-Ours-TCN | Epoch 15/50 train_loss=0.162924 val_mse=0.264856 best_val=0.236089 patience=8/10
[2026-04-22 12:23:45] Step3-Ours-TCN | Epoch 16/50 train_loss=0.162675 val_mse=0.286429 best_val=0.236089 patience=9/10
[2026-04-22 12:23:49] Step3-Ours-TCN | Epoch 17/50 train_loss=0.162692 val_mse=0.243249 best_val=0.236089 patience=10/10
[2026-04-22 12:23:49] Step3-Ours-TCN | Early stop at epoch 17, best=7
[2026-04-22 12:23:49] Step3-Ours-TCN DONE | MSE=0.236089 RMSE=0.485890 MAE=0.405188 Pearson=-0.072269 [best_epoch=7]
[2026-04-22 12:23:54] Step5-Ablation1-woDualGating | Epoch 1/50 train_loss=0.152350 val_mse=0.253898 best_val=0.253898 patience=0/10
[2026-04-22 12:23:58] Step5-Ablation1-woDualGating | Epoch 2/50 train_loss=0.133987 val_mse=0.219104 best_val=0.219104 patience=0/10
[2026-04-22 12:24:02] Step5-Ablation1-woDualGating | Epoch 3/50 train_loss=0.126318 val_mse=0.243769 best_val=0.219104 patience=1/10
[2026-04-22 12:24:06] Step5-Ablation1-woDualGating | Epoch 4/50 train_loss=0.119920 val_mse=0.205197 best_val=0.205197 patience=0/10
[2026-04-22 12:24:10] Step5-Ablation1-woDualGating | Epoch 5/50 train_loss=0.116039 val_mse=0.215885 best_val=0.205197 patience=1/10
[2026-04-22 12:24:14] Step5-Ablation1-woDualGating | Epoch 6/50 train_loss=0.112520 val_mse=0.213533 best_val=0.205197 patience=2/10
[2026-04-22 12:24:18] Step5-Ablation1-woDualGating | Epoch 7/50 train_loss=0.107895 val_mse=0.226331 best_val=0.205197 patience=3/10
[2026-04-22 12:24:22] Step5-Ablation1-woDualGating | Epoch 8/50 train_loss=0.103801 val_mse=0.237686 best_val=0.205197 patience=4/10
[2026-04-22 12:24:26] Step5-Ablation1-woDualGating | Epoch 9/50 train_loss=0.102945 val_mse=0.253553 best_val=0.205197 patience=5/10
[2026-04-22 12:24:30] Step5-Ablation1-woDualGating | Epoch 10/50 train_loss=0.098784 val_mse=0.290550 best_val=0.205197 patience=6/10
[2026-04-22 12:24:34] Step5-Ablation1-woDualGating | Epoch 11/50 train_loss=0.098021 val_mse=0.329828 best_val=0.205197 patience=7/10
[2026-04-22 12:24:38] Step5-Ablation1-woDualGating | Epoch 12/50 train_loss=0.095472 val_mse=0.329066 best_val=0.205197 patience=8/10
[2026-04-22 12:24:42] Step5-Ablation1-woDualGating | Epoch 13/50 train_loss=0.092559 val_mse=0.340759 best_val=0.205197 patience=9/10
[2026-04-22 12:24:46] Step5-Ablation1-woDualGating | Epoch 14/50 train_loss=0.091441 val_mse=0.443005 best_val=0.205197 patience=10/10
[2026-04-22 12:24:46] Step5-Ablation1-woDualGating | Early stop at epoch 14, best=4
[2026-04-22 12:24:47] Step5-Ablation1-woDualGating DONE | MSE=0.205197 RMSE=0.452987 MAE=0.421712 Pearson=-0.016856 [best_epoch=4]
[2026-04-22 12:24:51] Step6-Ablation2-woTCMPrior | Epoch 1/50 train_loss=0.157490 val_mse=0.202994 best_val=0.202994 patience=0/10
[2026-04-22 12:24:55] Step6-Ablation2-woTCMPrior | Epoch 2/50 train_loss=0.138597 val_mse=0.222060 best_val=0.202994 patience=1/10
[2026-04-22 12:24:59] Step6-Ablation2-woTCMPrior | Epoch 3/50 train_loss=0.133247 val_mse=0.218238 best_val=0.202994 patience=2/10
[2026-04-22 12:25:03] Step6-Ablation2-woTCMPrior | Epoch 4/50 train_loss=0.128846 val_mse=0.220331 best_val=0.202994 patience=3/10
[2026-04-22 12:25:07] Step6-Ablation2-woTCMPrior | Epoch 5/50 train_loss=0.125543 val_mse=0.263202 best_val=0.202994 patience=4/10
[2026-04-22 12:25:11] Step6-Ablation2-woTCMPrior | Epoch 6/50 train_loss=0.122405 val_mse=0.237823 best_val=0.202994 patience=5/10
[2026-04-22 12:25:15] Step6-Ablation2-woTCMPrior | Epoch 7/50 train_loss=0.119985 val_mse=0.256364 best_val=0.202994 patience=6/10
[2026-04-22 12:25:19] Step6-Ablation2-woTCMPrior | Epoch 8/50 train_loss=0.118380 val_mse=0.265941 best_val=0.202994 patience=7/10
[2026-04-22 12:25:23] Step6-Ablation2-woTCMPrior | Epoch 9/50 train_loss=0.116932 val_mse=0.289177 best_val=0.202994 patience=8/10
[2026-04-22 12:25:27] Step6-Ablation2-woTCMPrior | Epoch 10/50 train_loss=0.114148 val_mse=0.279735 best_val=0.202994 patience=9/10
[2026-04-22 12:25:31] Step6-Ablation2-woTCMPrior | Epoch 11/50 train_loss=0.112588 val_mse=0.298769 best_val=0.202994 patience=10/10
[2026-04-22 12:25:31] Step6-Ablation2-woTCMPrior | Early stop at epoch 11, best=1
[2026-04-22 12:25:31] Step6-Ablation2-woTCMPrior DONE | MSE=0.202994 RMSE=0.450548 MAE=0.404458 Pearson=-0.099490 [best_epoch=1]
[2026-04-22 12:25:35] Step7-Ablation3-woTCMGate | Epoch 1/50 train_loss=0.151128 val_mse=0.258931 best_val=0.258931 patience=0/10
[2026-04-22 12:25:39] Step7-Ablation3-woTCMGate | Epoch 2/50 train_loss=0.132083 val_mse=0.205518 best_val=0.205518 patience=0/10
[2026-04-22 12:25:44] Step7-Ablation3-woTCMGate | Epoch 3/50 train_loss=0.126288 val_mse=0.223057 best_val=0.205518 patience=1/10
[2026-04-22 12:25:48] Step7-Ablation3-woTCMGate | Epoch 4/50 train_loss=0.122337 val_mse=0.208027 best_val=0.205518 patience=2/10
[2026-04-22 12:25:52] Step7-Ablation3-woTCMGate | Epoch 5/50 train_loss=0.118011 val_mse=0.221149 best_val=0.205518 patience=3/10
[2026-04-22 12:25:56] Step7-Ablation3-woTCMGate | Epoch 6/50 train_loss=0.115069 val_mse=0.238308 best_val=0.205518 patience=4/10
[2026-04-22 12:26:00] Step7-Ablation3-woTCMGate | Epoch 7/50 train_loss=0.111840 val_mse=0.255084 best_val=0.205518 patience=5/10
[2026-04-22 12:26:05] Step7-Ablation3-woTCMGate | Epoch 8/50 train_loss=0.109955 val_mse=0.259518 best_val=0.205518 patience=6/10
[2026-04-22 12:26:09] Step7-Ablation3-woTCMGate | Epoch 9/50 train_loss=0.108450 val_mse=0.267750 best_val=0.205518 patience=7/10
[2026-04-22 12:26:13] Step7-Ablation3-woTCMGate | Epoch 10/50 train_loss=0.106738 val_mse=0.291323 best_val=0.205518 patience=8/10
[2026-04-22 12:26:17] Step7-Ablation3-woTCMGate | Epoch 11/50 train_loss=0.103808 val_mse=0.424588 best_val=0.205518 patience=9/10
[2026-04-22 12:26:21] Step7-Ablation3-woTCMGate | Epoch 12/50 train_loss=0.101458 val_mse=0.406466 best_val=0.205518 patience=10/10
[2026-04-22 12:26:21] Step7-Ablation3-woTCMGate | Early stop at epoch 12, best=2
[2026-04-22 12:26:22] Step7-Ablation3-woTCMGate DONE | MSE=0.205518 RMSE=0.453341 MAE=0.401170 Pearson=-0.081624 [best_epoch=2]
[2026-04-22 12:26:22] >>> Final Ours stabilized hparams: HyperParams(lr=0.00025, weight_decay=1e-05, batch_size=32)
[2026-04-22 12:26:26] Step8-FinalOurs | Epoch 1/50 train_loss=0.158716 val_mse=0.245916 best_val=0.245916 patience=0/10
[2026-04-22 12:26:30] Step8-FinalOurs | Epoch 2/50 train_loss=0.133200 val_mse=0.272330 best_val=0.245916 patience=1/10
[2026-04-22 12:26:34] Step8-FinalOurs | Epoch 3/50 train_loss=0.126993 val_mse=0.244747 best_val=0.244747 patience=0/10
[2026-04-22 12:26:39] Step8-FinalOurs | Epoch 4/50 train_loss=0.123041 val_mse=0.231973 best_val=0.231973 patience=0/10
[2026-04-22 12:26:43] Step8-FinalOurs | Epoch 5/50 train_loss=0.119212 val_mse=0.256979 best_val=0.231973 patience=1/10
[2026-04-22 12:26:47] Step8-FinalOurs | Epoch 6/50 train_loss=0.115714 val_mse=0.243085 best_val=0.231973 patience=2/10
[2026-04-22 12:26:51] Step8-FinalOurs | Epoch 7/50 train_loss=0.112754 val_mse=0.261645 best_val=0.231973 patience=3/10
[2026-04-22 12:26:56] Step8-FinalOurs | Epoch 8/50 train_loss=0.108334 val_mse=0.281509 best_val=0.231973 patience=4/10
[2026-04-22 12:27:00] Step8-FinalOurs | Epoch 9/50 train_loss=0.106042 val_mse=0.315287 best_val=0.231973 patience=5/10
[2026-04-22 12:27:04] Step8-FinalOurs | Epoch 10/50 train_loss=0.103643 val_mse=0.321814 best_val=0.231973 patience=6/10
[2026-04-22 12:27:08] Step8-FinalOurs | Epoch 11/50 train_loss=0.099251 val_mse=0.374204 best_val=0.231973 patience=7/10
[2026-04-22 12:27:13] Step8-FinalOurs | Epoch 12/50 train_loss=0.096945 val_mse=0.343155 best_val=0.231973 patience=8/10
[2026-04-22 12:27:17] Step8-FinalOurs | Epoch 13/50 train_loss=0.094324 val_mse=0.378246 best_val=0.231973 patience=9/10
[2026-04-22 12:27:22] Step8-FinalOurs | Epoch 14/50 train_loss=0.092216 val_mse=0.394568 best_val=0.231973 patience=10/10
[2026-04-22 12:27:22] Step8-FinalOurs | Early stop at epoch 14, best=4
[2026-04-22 12:27:22] Step8-FinalOurs DONE | MSE=0.231973 RMSE=0.481635 MAE=0.427550 Pearson=-0.160075 [best_epoch=4]
[2026-04-22 12:27:22] >>> Saved final model to /root/work/MulitiModal/checkpoints/best_model.pth

===== Stage 2 Chosen Hyper-Parameters =====
HyperParams(lr=0.0005, weight_decay=1e-05, batch_size=32)
===========================================

Step8 tuned controls: gate_b_scale=0.350, final_lr_mult=0.500
===== Final 9-Step best_val_mse List =====
Step 1: Baseline A -> best_val_mse=0.23300260305404663
Step 2: Baseline B -> best_val_mse=0.23256874084472656
Step 3: Ours-TCN -> best_val_mse=0.23608872294425964
Step 4: Encoder Selection -> best_val_mse=None
Step 5: w/o Dual Gating -> best_val_mse=0.20519740879535675
Step 6: w/o TCM Prior -> best_val_mse=0.202993705868721
Step 7: w/o TCM_Gate -> best_val_mse=0.20551806688308716
Step 8: Final Ours -> best_val_mse=0.2319725602865219
Step 9: Plotting -> best_val_mse=None
===========================================
[2026-04-22 12:27:23] >>> Experiment flow completed. Summary saved to /root/work/MulitiModal/results/loso_folds/experiments_summary_S2.json
[2026-04-22 12:27:24] >>> LOSO fold holdout=S3
[2026-04-22 12:27:27] >>> Runner signature: RUN_EXPERIMENTS_V2_LOSO_GUARDED | file=/root/work/MulitiModal/run_experiments.py | mtime=2026-04-22 10:20:26
[2026-04-22 12:27:27] >>> Loading WESAD dataset from /root/work/MulitiModal/data/wesad
Subject S10: Age=28.0, Gender=1, BMI=24.0, HR=64.2
Subject S11: Age=26.0, Gender=0, BMI=18.5, HR=63.9
Subject S13: Age=28.0, Gender=1, BMI=25.0, HR=65.6
Subject S14: Age=27.0, Gender=1, BMI=24.7, HR=64.9
Subject S15: Age=28.0, Gender=1, BMI=24.0, HR=66.7
Subject S16: Age=24.0, Gender=1, BMI=20.4, HR=63.5
Subject S17: Age=29.0, Gender=0, BMI=20.2, HR=61.3
Subject S2: Age=27.0, Gender=1, BMI=26.1, HR=64.6
Subject S3: Age=27.0, Gender=1, BMI=23.1, HR=58.7
Subject S4: Age=25.0, Gender=1, BMI=29.4, HR=60.0
Subject S5: Age=35.0, Gender=1, BMI=22.4, HR=62.6
Subject S6: Age=27.0, Gender=1, BMI=22.8, HR=62.9
Subject S7: Age=28.0, Gender=1, BMI=21.9, HR=62.3
Subject S8: Age=27.0, Gender=0, BMI=21.6, HR=64.3
Subject S9: Age=26.0, Gender=1, BMI=22.9, HR=68.1
[2026-04-22 12:28:18] >>> WESAD loaded. total_windows=46324
[2026-04-22 12:28:18] >>> Gate scales: gate_a_scale=0.600, gate_b_scale=0.350
[2026-04-22 12:28:18] >>> Split ready (protocol=loso): train_windows=43313 val_windows=3011 train_subjects=14 val_subjects=1
[2026-04-22 12:28:18] >>> TCM checkpoint resolved to: /root/work/MulitiModal/checkpoints/best_model.pth
[2026-04-22 12:28:18] >>> TCM scaler resolved to: /root/work/MulitiModal/tcm_ft_transformer/scaler_params.npz
/usr/local/miniconda3/envs/py312/lib/python3.12/site-packages/torch/nn/modules/transformer.py:392: UserWarning: enable_nested_tensor is True, but self.use_nested_tensor is False because encoder_layer.norm_first was True
  warnings.warn(
[2026-04-22 12:28:18] >>> Stage 1 skipped (fixed_encoder=inceptiontime)
[2026-04-22 12:28:18] >>> Stage 2: hyper-parameter reset/tuning for encoder=inceptiontime
[2026-04-22 12:28:18] >>> Using override params: HyperParams(lr=0.0005, weight_decay=1e-05, batch_size=32)
[2026-04-22 12:28:18] >>> Running Step8-focused sweep (epochs=20)
[2026-04-22 12:28:24] Sweep-Step8-gb0.100-lm0.500 | Epoch 1/20 train_loss=0.173537 val_mse=0.182593 best_val=0.182593 patience=0/10
[2026-04-22 12:28:28] Sweep-Step8-gb0.100-lm0.500 | Epoch 2/20 train_loss=0.144113 val_mse=0.187583 best_val=0.182593 patience=1/10
[2026-04-22 12:28:32] Sweep-Step8-gb0.100-lm0.500 | Epoch 3/20 train_loss=0.137386 val_mse=0.186233 best_val=0.182593 patience=2/10
[2026-04-22 12:28:37] Sweep-Step8-gb0.100-lm0.500 | Epoch 4/20 train_loss=0.133215 val_mse=0.181155 best_val=0.181155 patience=0/10
[2026-04-22 12:28:41] Sweep-Step8-gb0.100-lm0.500 | Epoch 5/20 train_loss=0.128598 val_mse=0.178117 best_val=0.178117 patience=0/10
[2026-04-22 12:28:46] Sweep-Step8-gb0.100-lm0.500 | Epoch 6/20 train_loss=0.126890 val_mse=0.159753 best_val=0.159753 patience=0/10
[2026-04-22 12:28:50] Sweep-Step8-gb0.100-lm0.500 | Epoch 7/20 train_loss=0.122595 val_mse=0.180387 best_val=0.159753 patience=1/10
[2026-04-22 12:28:54] Sweep-Step8-gb0.100-lm0.500 | Epoch 8/20 train_loss=0.121044 val_mse=0.196673 best_val=0.159753 patience=2/10
[2026-04-22 12:28:59] Sweep-Step8-gb0.100-lm0.500 | Epoch 9/20 train_loss=0.118828 val_mse=0.199903 best_val=0.159753 patience=3/10
[2026-04-22 12:29:03] Sweep-Step8-gb0.100-lm0.500 | Epoch 10/20 train_loss=0.117274 val_mse=0.213181 best_val=0.159753 patience=4/10
[2026-04-22 12:29:07] Sweep-Step8-gb0.100-lm0.500 | Epoch 11/20 train_loss=0.114989 val_mse=0.192154 best_val=0.159753 patience=5/10
[2026-04-22 12:29:12] Sweep-Step8-gb0.100-lm0.500 | Epoch 12/20 train_loss=0.114523 val_mse=0.215984 best_val=0.159753 patience=6/10
[2026-04-22 12:29:16] Sweep-Step8-gb0.100-lm0.500 | Epoch 13/20 train_loss=0.112213 val_mse=0.219741 best_val=0.159753 patience=7/10
[2026-04-22 12:29:20] Sweep-Step8-gb0.100-lm0.500 | Epoch 14/20 train_loss=0.110997 val_mse=0.208705 best_val=0.159753 patience=8/10
[2026-04-22 12:29:25] Sweep-Step8-gb0.100-lm0.500 | Epoch 15/20 train_loss=0.110383 val_mse=0.193220 best_val=0.159753 patience=9/10
[2026-04-22 12:29:29] Sweep-Step8-gb0.100-lm0.500 | Epoch 16/20 train_loss=0.109512 val_mse=0.199338 best_val=0.159753 patience=10/10
[2026-04-22 12:29:29] Sweep-Step8-gb0.100-lm0.500 | Early stop at epoch 16, best=6
[2026-04-22 12:29:29] Sweep-Step8-gb0.100-lm0.500 DONE | MSE=0.159753 RMSE=0.399691 MAE=0.356637 Pearson=0.475817 [best_epoch=6]
[2026-04-22 12:29:33] Sweep-Step8-gb0.100-lm0.700 | Epoch 1/20 train_loss=0.165637 val_mse=0.180859 best_val=0.180859 patience=0/10
[2026-04-22 12:29:38] Sweep-Step8-gb0.100-lm0.700 | Epoch 2/20 train_loss=0.138276 val_mse=0.191817 best_val=0.180859 patience=1/10
[2026-04-22 12:29:42] Sweep-Step8-gb0.100-lm0.700 | Epoch 3/20 train_loss=0.130784 val_mse=0.206741 best_val=0.180859 patience=2/10
[2026-04-22 12:29:47] Sweep-Step8-gb0.100-lm0.700 | Epoch 4/20 train_loss=0.125533 val_mse=0.201043 best_val=0.180859 patience=3/10
[2026-04-22 12:29:51] Sweep-Step8-gb0.100-lm0.700 | Epoch 5/20 train_loss=0.122257 val_mse=0.194496 best_val=0.180859 patience=4/10
[2026-04-22 12:29:55] Sweep-Step8-gb0.100-lm0.700 | Epoch 6/20 train_loss=0.120001 val_mse=0.195452 best_val=0.180859 patience=5/10
[2026-04-22 12:30:00] Sweep-Step8-gb0.100-lm0.700 | Epoch 7/20 train_loss=0.117162 val_mse=0.246566 best_val=0.180859 patience=6/10
[2026-04-22 12:30:04] Sweep-Step8-gb0.100-lm0.700 | Epoch 8/20 train_loss=0.114629 val_mse=0.212961 best_val=0.180859 patience=7/10
[2026-04-22 12:30:08] Sweep-Step8-gb0.100-lm0.700 | Epoch 9/20 train_loss=0.111638 val_mse=0.199229 best_val=0.180859 patience=8/10
[2026-04-22 12:30:13] Sweep-Step8-gb0.100-lm0.700 | Epoch 10/20 train_loss=0.109948 val_mse=0.219844 best_val=0.180859 patience=9/10
[2026-04-22 12:30:17] Sweep-Step8-gb0.100-lm0.700 | Epoch 11/20 train_loss=0.107733 val_mse=0.219211 best_val=0.180859 patience=10/10
[2026-04-22 12:30:17] Sweep-Step8-gb0.100-lm0.700 | Early stop at epoch 11, best=1
[2026-04-22 12:30:17] Sweep-Step8-gb0.100-lm0.700 DONE | MSE=0.180859 RMSE=0.425275 MAE=0.397103 Pearson=0.517975 [best_epoch=1]
[2026-04-22 12:30:21] Sweep-Step8-gb0.350-lm0.500 | Epoch 1/20 train_loss=0.174652 val_mse=0.180582 best_val=0.180582 patience=0/10
[2026-04-22 12:30:26] Sweep-Step8-gb0.350-lm0.500 | Epoch 2/20 train_loss=0.142589 val_mse=0.173176 best_val=0.173176 patience=0/10
[2026-04-22 12:30:30] Sweep-Step8-gb0.350-lm0.500 | Epoch 3/20 train_loss=0.134553 val_mse=0.185705 best_val=0.173176 patience=1/10
[2026-04-22 12:30:34] Sweep-Step8-gb0.350-lm0.500 | Epoch 4/20 train_loss=0.130302 val_mse=0.182223 best_val=0.173176 patience=2/10
[2026-04-22 12:30:39] Sweep-Step8-gb0.350-lm0.500 | Epoch 5/20 train_loss=0.126671 val_mse=0.174604 best_val=0.173176 patience=3/10
[2026-04-22 12:30:43] Sweep-Step8-gb0.350-lm0.500 | Epoch 6/20 train_loss=0.124016 val_mse=0.193420 best_val=0.173176 patience=4/10
[2026-04-22 12:30:48] Sweep-Step8-gb0.350-lm0.500 | Epoch 7/20 train_loss=0.121588 val_mse=0.176087 best_val=0.173176 patience=5/10
[2026-04-22 12:30:52] Sweep-Step8-gb0.350-lm0.500 | Epoch 8/20 train_loss=0.118950 val_mse=0.171911 best_val=0.171911 patience=0/10
[2026-04-22 12:30:56] Sweep-Step8-gb0.350-lm0.500 | Epoch 9/20 train_loss=0.117394 val_mse=0.202539 best_val=0.171911 patience=1/10
[2026-04-22 12:31:01] Sweep-Step8-gb0.350-lm0.500 | Epoch 10/20 train_loss=0.115330 val_mse=0.202986 best_val=0.171911 patience=2/10
[2026-04-22 12:31:05] Sweep-Step8-gb0.350-lm0.500 | Epoch 11/20 train_loss=0.114283 val_mse=0.184425 best_val=0.171911 patience=3/10
[2026-04-22 12:31:09] Sweep-Step8-gb0.350-lm0.500 | Epoch 12/20 train_loss=0.112684 val_mse=0.194989 best_val=0.171911 patience=4/10
[2026-04-22 12:31:14] Sweep-Step8-gb0.350-lm0.500 | Epoch 13/20 train_loss=0.109802 val_mse=0.182785 best_val=0.171911 patience=5/10
[2026-04-22 12:31:18] Sweep-Step8-gb0.350-lm0.500 | Epoch 14/20 train_loss=0.109868 val_mse=0.196921 best_val=0.171911 patience=6/10
[2026-04-22 12:31:22] Sweep-Step8-gb0.350-lm0.500 | Epoch 15/20 train_loss=0.107620 val_mse=0.188798 best_val=0.171911 patience=7/10
[2026-04-22 12:31:27] Sweep-Step8-gb0.350-lm0.500 | Epoch 16/20 train_loss=0.105708 val_mse=0.215092 best_val=0.171911 patience=8/10
[2026-04-22 12:31:31] Sweep-Step8-gb0.350-lm0.500 | Epoch 17/20 train_loss=0.104865 val_mse=0.178392 best_val=0.171911 patience=9/10
[2026-04-22 12:31:36] Sweep-Step8-gb0.350-lm0.500 | Epoch 18/20 train_loss=0.103848 val_mse=0.194115 best_val=0.171911 patience=10/10
[2026-04-22 12:31:36] Sweep-Step8-gb0.350-lm0.500 | Early stop at epoch 18, best=8
[2026-04-22 12:31:36] Sweep-Step8-gb0.350-lm0.500 DONE | MSE=0.171911 RMSE=0.414621 MAE=0.365980 Pearson=0.425346 [best_epoch=8]
[2026-04-22 12:31:40] Sweep-Step8-gb0.350-lm0.700 | Epoch 1/20 train_loss=0.166046 val_mse=0.191438 best_val=0.191438 patience=0/10
[2026-04-22 12:31:45] Sweep-Step8-gb0.350-lm0.700 | Epoch 2/20 train_loss=0.135252 val_mse=0.176924 best_val=0.176924 patience=0/10
[2026-04-22 12:31:49] Sweep-Step8-gb0.350-lm0.700 | Epoch 3/20 train_loss=0.128421 val_mse=0.185660 best_val=0.176924 patience=1/10
[2026-04-22 12:31:53] Sweep-Step8-gb0.350-lm0.700 | Epoch 4/20 train_loss=0.123723 val_mse=0.201412 best_val=0.176924 patience=2/10
[2026-04-22 12:31:58] Sweep-Step8-gb0.350-lm0.700 | Epoch 5/20 train_loss=0.121829 val_mse=0.198560 best_val=0.176924 patience=3/10
[2026-04-22 12:32:02] Sweep-Step8-gb0.350-lm0.700 | Epoch 6/20 train_loss=0.117683 val_mse=0.196802 best_val=0.176924 patience=4/10
[2026-04-22 12:32:06] Sweep-Step8-gb0.350-lm0.700 | Epoch 7/20 train_loss=0.116224 val_mse=0.203852 best_val=0.176924 patience=5/10
[2026-04-22 12:32:11] Sweep-Step8-gb0.350-lm0.700 | Epoch 8/20 train_loss=0.112908 val_mse=0.197984 best_val=0.176924 patience=6/10
[2026-04-22 12:32:15] Sweep-Step8-gb0.350-lm0.700 | Epoch 9/20 train_loss=0.111105 val_mse=0.226475 best_val=0.176924 patience=7/10
[2026-04-22 12:32:19] Sweep-Step8-gb0.350-lm0.700 | Epoch 10/20 train_loss=0.110915 val_mse=0.214537 best_val=0.176924 patience=8/10
[2026-04-22 12:32:24] Sweep-Step8-gb0.350-lm0.700 | Epoch 11/20 train_loss=0.108648 val_mse=0.218469 best_val=0.176924 patience=9/10
[2026-04-22 12:32:28] Sweep-Step8-gb0.350-lm0.700 | Epoch 12/20 train_loss=0.106702 val_mse=0.222327 best_val=0.176924 patience=10/10
[2026-04-22 12:32:28] Sweep-Step8-gb0.350-lm0.700 | Early stop at epoch 12, best=2
[2026-04-22 12:32:28] Sweep-Step8-gb0.350-lm0.700 DONE | MSE=0.176924 RMSE=0.420623 MAE=0.377228 Pearson=0.338974 [best_epoch=2]
[2026-04-22 12:32:28] >>> Sweep best: gate_b_scale=0.100, final_lr_mult=0.500, mse=0.159753
[2026-04-22 12:32:28] >>> Stage 3: running 9-step matrix with fixed best params
[2026-04-22 12:32:32] Step1-BaselineA-Weak | Epoch 1/50 train_loss=0.184277 val_mse=0.198326 best_val=0.198326 patience=0/10
[2026-04-22 12:32:35] Step1-BaselineA-Weak | Epoch 2/50 train_loss=0.175185 val_mse=0.207409 best_val=0.198326 patience=1/10
[2026-04-22 12:32:39] Step1-BaselineA-Weak | Epoch 3/50 train_loss=0.174323 val_mse=0.203654 best_val=0.198326 patience=2/10
[2026-04-22 12:32:43] Step1-BaselineA-Weak | Epoch 4/50 train_loss=0.173051 val_mse=0.188479 best_val=0.188479 patience=0/10
[2026-04-22 12:32:46] Step1-BaselineA-Weak | Epoch 5/50 train_loss=0.173057 val_mse=0.192329 best_val=0.188479 patience=1/10
[2026-04-22 12:32:50] Step1-BaselineA-Weak | Epoch 6/50 train_loss=0.172318 val_mse=0.187245 best_val=0.187245 patience=0/10
[2026-04-22 12:32:53] Step1-BaselineA-Weak | Epoch 7/50 train_loss=0.171921 val_mse=0.188952 best_val=0.187245 patience=1/10
[2026-04-22 12:32:57] Step1-BaselineA-Weak | Epoch 8/50 train_loss=0.171707 val_mse=0.186324 best_val=0.186324 patience=0/10
[2026-04-22 12:33:01] Step1-BaselineA-Weak | Epoch 9/50 train_loss=0.170925 val_mse=0.187071 best_val=0.186324 patience=1/10
[2026-04-22 12:33:04] Step1-BaselineA-Weak | Epoch 10/50 train_loss=0.170722 val_mse=0.190939 best_val=0.186324 patience=2/10
[2026-04-22 12:33:08] Step1-BaselineA-Weak | Epoch 11/50 train_loss=0.170266 val_mse=0.187500 best_val=0.186324 patience=3/10
[2026-04-22 12:33:12] Step1-BaselineA-Weak | Epoch 12/50 train_loss=0.169755 val_mse=0.181542 best_val=0.181542 patience=0/10
[2026-04-22 12:33:15] Step1-BaselineA-Weak | Epoch 13/50 train_loss=0.169689 val_mse=0.188459 best_val=0.181542 patience=1/10
[2026-04-22 12:33:19] Step1-BaselineA-Weak | Epoch 14/50 train_loss=0.168958 val_mse=0.195010 best_val=0.181542 patience=2/10
[2026-04-22 12:33:23] Step1-BaselineA-Weak | Epoch 15/50 train_loss=0.168870 val_mse=0.193975 best_val=0.181542 patience=3/10
[2026-04-22 12:33:26] Step1-BaselineA-Weak | Epoch 16/50 train_loss=0.168433 val_mse=0.187905 best_val=0.181542 patience=4/10
[2026-04-22 12:33:30] Step1-BaselineA-Weak | Epoch 17/50 train_loss=0.167552 val_mse=0.188362 best_val=0.181542 patience=5/10
[2026-04-22 12:33:33] Step1-BaselineA-Weak | Epoch 18/50 train_loss=0.167069 val_mse=0.188400 best_val=0.181542 patience=6/10
[2026-04-22 12:33:37] Step1-BaselineA-Weak | Epoch 19/50 train_loss=0.166812 val_mse=0.187898 best_val=0.181542 patience=7/10
[2026-04-22 12:33:40] Step1-BaselineA-Weak | Epoch 20/50 train_loss=0.166541 val_mse=0.187236 best_val=0.181542 patience=8/10
[2026-04-22 12:33:44] Step1-BaselineA-Weak | Epoch 21/50 train_loss=0.165922 val_mse=0.186543 best_val=0.181542 patience=9/10
[2026-04-22 12:33:48] Step1-BaselineA-Weak | Epoch 22/50 train_loss=0.165470 val_mse=0.186195 best_val=0.181542 patience=10/10
[2026-04-22 12:33:48] Step1-BaselineA-Weak | Early stop at epoch 22, best=12
[2026-04-22 12:33:48] Step1-BaselineA-Weak DONE | MSE=0.181542 RMSE=0.426078 MAE=0.383229 Pearson=0.633828 [best_epoch=12]
[2026-04-22 12:33:52] Step2-BaselineB-Strong | Epoch 1/50 train_loss=0.191168 val_mse=0.190227 best_val=0.190227 patience=0/10
[2026-04-22 12:33:55] Step2-BaselineB-Strong | Epoch 2/50 train_loss=0.176022 val_mse=0.190238 best_val=0.190227 patience=1/10
[2026-04-22 12:33:59] Step2-BaselineB-Strong | Epoch 3/50 train_loss=0.173557 val_mse=0.191087 best_val=0.190227 patience=2/10
[2026-04-22 12:34:03] Step2-BaselineB-Strong | Epoch 4/50 train_loss=0.171527 val_mse=0.206541 best_val=0.190227 patience=3/10
[2026-04-22 12:34:07] Step2-BaselineB-Strong | Epoch 5/50 train_loss=0.171019 val_mse=0.193207 best_val=0.190227 patience=4/10
[2026-04-22 12:34:10] Step2-BaselineB-Strong | Epoch 6/50 train_loss=0.170861 val_mse=0.192088 best_val=0.190227 patience=5/10
[2026-04-22 12:34:14] Step2-BaselineB-Strong | Epoch 7/50 train_loss=0.169892 val_mse=0.195342 best_val=0.190227 patience=6/10
[2026-04-22 12:34:18] Step2-BaselineB-Strong | Epoch 8/50 train_loss=0.169751 val_mse=0.191018 best_val=0.190227 patience=7/10
[2026-04-22 12:34:22] Step2-BaselineB-Strong | Epoch 9/50 train_loss=0.169435 val_mse=0.194456 best_val=0.190227 patience=8/10
[2026-04-22 12:34:26] Step2-BaselineB-Strong | Epoch 10/50 train_loss=0.168945 val_mse=0.194434 best_val=0.190227 patience=9/10
[2026-04-22 12:34:29] Step2-BaselineB-Strong | Epoch 11/50 train_loss=0.168571 val_mse=0.197512 best_val=0.190227 patience=10/10
[2026-04-22 12:34:29] Step2-BaselineB-Strong | Early stop at epoch 11, best=1
[2026-04-22 12:34:29] Step2-BaselineB-Strong DONE | MSE=0.190227 RMSE=0.436150 MAE=0.388163 Pearson=0.150401 [best_epoch=1]
[2026-04-22 12:34:33] Step3-Ours-TCN | Epoch 1/50 train_loss=0.190547 val_mse=0.194589 best_val=0.194589 patience=0/10
[2026-04-22 12:34:37] Step3-Ours-TCN | Epoch 2/50 train_loss=0.175204 val_mse=0.191054 best_val=0.191054 patience=0/10
[2026-04-22 12:34:42] Step3-Ours-TCN | Epoch 3/50 train_loss=0.172957 val_mse=0.192426 best_val=0.191054 patience=1/10
[2026-04-22 12:34:46] Step3-Ours-TCN | Epoch 4/50 train_loss=0.170856 val_mse=0.197066 best_val=0.191054 patience=2/10
[2026-04-22 12:34:50] Step3-Ours-TCN | Epoch 5/50 train_loss=0.170196 val_mse=0.204737 best_val=0.191054 patience=3/10
[2026-04-22 12:34:54] Step3-Ours-TCN | Epoch 6/50 train_loss=0.169942 val_mse=0.197116 best_val=0.191054 patience=4/10
[2026-04-22 12:34:58] Step3-Ours-TCN | Epoch 7/50 train_loss=0.169458 val_mse=0.193251 best_val=0.191054 patience=5/10
[2026-04-22 12:35:02] Step3-Ours-TCN | Epoch 8/50 train_loss=0.169711 val_mse=0.197962 best_val=0.191054 patience=6/10
[2026-04-22 12:35:06] Step3-Ours-TCN | Epoch 9/50 train_loss=0.168906 val_mse=0.195116 best_val=0.191054 patience=7/10
[2026-04-22 12:35:10] Step3-Ours-TCN | Epoch 10/50 train_loss=0.168821 val_mse=0.197019 best_val=0.191054 patience=8/10
[2026-04-22 12:35:14] Step3-Ours-TCN | Epoch 11/50 train_loss=0.168601 val_mse=0.193970 best_val=0.191054 patience=9/10
[2026-04-22 12:35:18] Step3-Ours-TCN | Epoch 12/50 train_loss=0.168511 val_mse=0.194485 best_val=0.191054 patience=10/10
[2026-04-22 12:35:18] Step3-Ours-TCN | Early stop at epoch 12, best=2
[2026-04-22 12:35:18] Step3-Ours-TCN DONE | MSE=0.191054 RMSE=0.437097 MAE=0.397363 Pearson=0.585569 [best_epoch=2]
[2026-04-22 12:35:22] Step5-Ablation1-woDualGating | Epoch 1/50 train_loss=0.156760 val_mse=0.180389 best_val=0.180389 patience=0/10
[2026-04-22 12:35:26] Step5-Ablation1-woDualGating | Epoch 2/50 train_loss=0.138582 val_mse=0.166485 best_val=0.166485 patience=0/10
[2026-04-22 12:35:30] Step5-Ablation1-woDualGating | Epoch 3/50 train_loss=0.130748 val_mse=0.207908 best_val=0.166485 patience=1/10
[2026-04-22 12:35:35] Step5-Ablation1-woDualGating | Epoch 4/50 train_loss=0.125459 val_mse=0.169866 best_val=0.166485 patience=2/10
[2026-04-22 12:35:39] Step5-Ablation1-woDualGating | Epoch 5/50 train_loss=0.120205 val_mse=0.189870 best_val=0.166485 patience=3/10
[2026-04-22 12:35:43] Step5-Ablation1-woDualGating | Epoch 6/50 train_loss=0.117203 val_mse=0.199417 best_val=0.166485 patience=4/10
[2026-04-22 12:35:47] Step5-Ablation1-woDualGating | Epoch 7/50 train_loss=0.114615 val_mse=0.183800 best_val=0.166485 patience=5/10
[2026-04-22 12:35:51] Step5-Ablation1-woDualGating | Epoch 8/50 train_loss=0.111598 val_mse=0.173344 best_val=0.166485 patience=6/10
[2026-04-22 12:35:55] Step5-Ablation1-woDualGating | Epoch 9/50 train_loss=0.109662 val_mse=0.180681 best_val=0.166485 patience=7/10
[2026-04-22 12:35:59] Step5-Ablation1-woDualGating | Epoch 10/50 train_loss=0.108015 val_mse=0.196849 best_val=0.166485 patience=8/10
[2026-04-22 12:36:03] Step5-Ablation1-woDualGating | Epoch 11/50 train_loss=0.106834 val_mse=0.198594 best_val=0.166485 patience=9/10
[2026-04-22 12:36:07] Step5-Ablation1-woDualGating | Epoch 12/50 train_loss=0.105266 val_mse=0.214827 best_val=0.166485 patience=10/10
[2026-04-22 12:36:07] Step5-Ablation1-woDualGating | Early stop at epoch 12, best=2
[2026-04-22 12:36:08] Step5-Ablation1-woDualGating DONE | MSE=0.166485 RMSE=0.408026 MAE=0.365844 Pearson=0.401732 [best_epoch=2]
[2026-04-22 12:36:12] Step6-Ablation2-woTCMPrior | Epoch 1/50 train_loss=0.161409 val_mse=0.145251 best_val=0.145251 patience=0/10
[2026-04-22 12:36:16] Step6-Ablation2-woTCMPrior | Epoch 2/50 train_loss=0.140805 val_mse=0.155571 best_val=0.145251 patience=1/10
[2026-04-22 12:36:20] Step6-Ablation2-woTCMPrior | Epoch 3/50 train_loss=0.134392 val_mse=0.155032 best_val=0.145251 patience=2/10
[2026-04-22 12:36:24] Step6-Ablation2-woTCMPrior | Epoch 4/50 train_loss=0.129181 val_mse=0.184278 best_val=0.145251 patience=3/10
[2026-04-22 12:36:28] Step6-Ablation2-woTCMPrior | Epoch 5/50 train_loss=0.125752 val_mse=0.146899 best_val=0.145251 patience=4/10
[2026-04-22 12:36:32] Step6-Ablation2-woTCMPrior | Epoch 6/50 train_loss=0.123179 val_mse=0.139824 best_val=0.139824 patience=0/10
[2026-04-22 12:36:36] Step6-Ablation2-woTCMPrior | Epoch 7/50 train_loss=0.121700 val_mse=0.175941 best_val=0.139824 patience=1/10
[2026-04-22 12:36:40] Step6-Ablation2-woTCMPrior | Epoch 8/50 train_loss=0.120073 val_mse=0.165630 best_val=0.139824 patience=2/10
[2026-04-22 12:36:44] Step6-Ablation2-woTCMPrior | Epoch 9/50 train_loss=0.118223 val_mse=0.152383 best_val=0.139824 patience=3/10
[2026-04-22 12:36:48] Step6-Ablation2-woTCMPrior | Epoch 10/50 train_loss=0.117685 val_mse=0.165568 best_val=0.139824 patience=4/10
[2026-04-22 12:36:52] Step6-Ablation2-woTCMPrior | Epoch 11/50 train_loss=0.117238 val_mse=0.200704 best_val=0.139824 patience=5/10
[2026-04-22 12:36:56] Step6-Ablation2-woTCMPrior | Epoch 12/50 train_loss=0.115979 val_mse=0.172200 best_val=0.139824 patience=6/10
[2026-04-22 12:37:00] Step6-Ablation2-woTCMPrior | Epoch 13/50 train_loss=0.115227 val_mse=0.163320 best_val=0.139824 patience=7/10
[2026-04-22 12:37:04] Step6-Ablation2-woTCMPrior | Epoch 14/50 train_loss=0.115558 val_mse=0.164243 best_val=0.139824 patience=8/10
[2026-04-22 12:37:08] Step6-Ablation2-woTCMPrior | Epoch 15/50 train_loss=0.114172 val_mse=0.178808 best_val=0.139824 patience=9/10
[2026-04-22 12:37:12] Step6-Ablation2-woTCMPrior | Epoch 16/50 train_loss=0.113713 val_mse=0.173124 best_val=0.139824 patience=10/10
[2026-04-22 12:37:12] Step6-Ablation2-woTCMPrior | Early stop at epoch 16, best=6
[2026-04-22 12:37:12] Step6-Ablation2-woTCMPrior DONE | MSE=0.139824 RMSE=0.373931 MAE=0.329592 Pearson=0.565034 [best_epoch=6]
[2026-04-22 12:37:16] Step7-Ablation3-woTCMGate | Epoch 1/50 train_loss=0.155122 val_mse=0.165428 best_val=0.165428 patience=0/10
[2026-04-22 12:37:21] Step7-Ablation3-woTCMGate | Epoch 2/50 train_loss=0.135645 val_mse=0.171510 best_val=0.165428 patience=1/10
[2026-04-22 12:37:25] Step7-Ablation3-woTCMGate | Epoch 3/50 train_loss=0.129136 val_mse=0.199106 best_val=0.165428 patience=2/10
[2026-04-22 12:37:29] Step7-Ablation3-woTCMGate | Epoch 4/50 train_loss=0.126674 val_mse=0.210586 best_val=0.165428 patience=3/10
[2026-04-22 12:37:33] Step7-Ablation3-woTCMGate | Epoch 5/50 train_loss=0.123536 val_mse=0.238243 best_val=0.165428 patience=4/10
[2026-04-22 12:37:38] Step7-Ablation3-woTCMGate | Epoch 6/50 train_loss=0.119796 val_mse=0.214921 best_val=0.165428 patience=5/10
[2026-04-22 12:37:42] Step7-Ablation3-woTCMGate | Epoch 7/50 train_loss=0.117540 val_mse=0.235115 best_val=0.165428 patience=6/10
[2026-04-22 12:37:46] Step7-Ablation3-woTCMGate | Epoch 8/50 train_loss=0.114475 val_mse=0.200427 best_val=0.165428 patience=7/10
[2026-04-22 12:37:50] Step7-Ablation3-woTCMGate | Epoch 9/50 train_loss=0.113500 val_mse=0.220646 best_val=0.165428 patience=8/10
[2026-04-22 12:37:54] Step7-Ablation3-woTCMGate | Epoch 10/50 train_loss=0.111279 val_mse=0.219620 best_val=0.165428 patience=9/10
[2026-04-22 12:37:58] Step7-Ablation3-woTCMGate | Epoch 11/50 train_loss=0.108849 val_mse=0.240649 best_val=0.165428 patience=10/10
[2026-04-22 12:37:58] Step7-Ablation3-woTCMGate | Early stop at epoch 11, best=1
[2026-04-22 12:37:59] Step7-Ablation3-woTCMGate DONE | MSE=0.165428 RMSE=0.406728 MAE=0.364273 Pearson=0.415112 [best_epoch=1]
[2026-04-22 12:37:59] >>> Final Ours stabilized hparams: HyperParams(lr=0.00025, weight_decay=1e-05, batch_size=32)
[2026-04-22 12:38:03] Step8-FinalOurs | Epoch 1/50 train_loss=0.157376 val_mse=0.180473 best_val=0.180473 patience=0/10
[2026-04-22 12:38:07] Step8-FinalOurs | Epoch 2/50 train_loss=0.131491 val_mse=0.185168 best_val=0.180473 patience=1/10
[2026-04-22 12:38:12] Step8-FinalOurs | Epoch 3/50 train_loss=0.126763 val_mse=0.178688 best_val=0.178688 patience=0/10
[2026-04-22 12:38:16] Step8-FinalOurs | Epoch 4/50 train_loss=0.122261 val_mse=0.184983 best_val=0.178688 patience=1/10
[2026-04-22 12:38:20] Step8-FinalOurs | Epoch 5/50 train_loss=0.119784 val_mse=0.198606 best_val=0.178688 patience=2/10
[2026-04-22 12:38:25] Step8-FinalOurs | Epoch 6/50 train_loss=0.118046 val_mse=0.208222 best_val=0.178688 patience=3/10
[2026-04-22 12:38:29] Step8-FinalOurs | Epoch 7/50 train_loss=0.116198 val_mse=0.208209 best_val=0.178688 patience=4/10
[2026-04-22 12:38:33] Step8-FinalOurs | Epoch 8/50 train_loss=0.113649 val_mse=0.196382 best_val=0.178688 patience=5/10
[2026-04-22 12:38:38] Step8-FinalOurs | Epoch 9/50 train_loss=0.112177 val_mse=0.230911 best_val=0.178688 patience=6/10
[2026-04-22 12:38:42] Step8-FinalOurs | Epoch 10/50 train_loss=0.111368 val_mse=0.232502 best_val=0.178688 patience=7/10
[2026-04-22 12:38:46] Step8-FinalOurs | Epoch 11/50 train_loss=0.109480 val_mse=0.195805 best_val=0.178688 patience=8/10
[2026-04-22 12:38:51] Step8-FinalOurs | Epoch 12/50 train_loss=0.107116 val_mse=0.233500 best_val=0.178688 patience=9/10
[2026-04-22 12:38:55] Step8-FinalOurs | Epoch 13/50 train_loss=0.106158 val_mse=0.211384 best_val=0.178688 patience=10/10
[2026-04-22 12:38:55] Step8-FinalOurs | Early stop at epoch 13, best=3
[2026-04-22 12:38:55] Step8-FinalOurs DONE | MSE=0.178688 RMSE=0.422715 MAE=0.373956 Pearson=0.415975 [best_epoch=3]
[2026-04-22 12:38:55] >>> Saved final model to /root/work/MulitiModal/checkpoints/best_model.pth

===== Stage 2 Chosen Hyper-Parameters =====
HyperParams(lr=0.0005, weight_decay=1e-05, batch_size=32)
===========================================

Step8 tuned controls: gate_b_scale=0.100, final_lr_mult=0.500
===== Final 9-Step best_val_mse List =====
Step 1: Baseline A -> best_val_mse=0.1815420687198639
Step 2: Baseline B -> best_val_mse=0.19022665917873383
Step 3: Ours-TCN -> best_val_mse=0.19105365872383118
Step 4: Encoder Selection -> best_val_mse=None
Step 5: w/o Dual Gating -> best_val_mse=0.16648544371128082
Step 6: w/o TCM Prior -> best_val_mse=0.13982433080673218
Step 7: w/o TCM_Gate -> best_val_mse=0.1654278188943863
Step 8: Final Ours -> best_val_mse=0.1786879152059555
Step 9: Plotting -> best_val_mse=None
===========================================
[2026-04-22 12:38:56] >>> Experiment flow completed. Summary saved to /root/work/MulitiModal/results/loso_folds/experiments_summary_S3.json
[2026-04-22 12:38:57] >>> LOSO fold holdout=S4
[2026-04-22 12:39:00] >>> Runner signature: RUN_EXPERIMENTS_V2_LOSO_GUARDED | file=/root/work/MulitiModal/run_experiments.py | mtime=2026-04-22 10:20:26
[2026-04-22 12:39:00] >>> Loading WESAD dataset from /root/work/MulitiModal/data/wesad
Subject S10: Age=28.0, Gender=1, BMI=24.0, HR=64.2
Subject S11: Age=26.0, Gender=0, BMI=18.5, HR=63.9
Subject S13: Age=28.0, Gender=1, BMI=25.0, HR=65.6
Subject S14: Age=27.0, Gender=1, BMI=24.7, HR=64.9
Subject S15: Age=28.0, Gender=1, BMI=24.0, HR=66.7
Subject S16: Age=24.0, Gender=1, BMI=20.4, HR=63.5
Subject S17: Age=29.0, Gender=0, BMI=20.2, HR=61.3
Subject S2: Age=27.0, Gender=1, BMI=26.1, HR=64.6
Subject S3: Age=27.0, Gender=1, BMI=23.1, HR=58.7
Subject S4: Age=25.0, Gender=1, BMI=29.4, HR=60.0
Subject S5: Age=35.0, Gender=1, BMI=22.4, HR=62.6
Subject S6: Age=27.0, Gender=1, BMI=22.8, HR=62.9
Subject S7: Age=28.0, Gender=1, BMI=21.9, HR=62.3
Subject S8: Age=27.0, Gender=0, BMI=21.6, HR=64.3
Subject S9: Age=26.0, Gender=1, BMI=22.9, HR=68.1
[2026-04-22 12:39:53] >>> WESAD loaded. total_windows=46324
[2026-04-22 12:39:53] >>> Gate scales: gate_a_scale=0.600, gate_b_scale=0.350
[2026-04-22 12:39:53] >>> Split ready (protocol=loso): train_windows=43299 val_windows=3025 train_subjects=14 val_subjects=1
[2026-04-22 12:39:53] >>> TCM checkpoint resolved to: /root/work/MulitiModal/checkpoints/best_model.pth
[2026-04-22 12:39:53] >>> TCM scaler resolved to: /root/work/MulitiModal/tcm_ft_transformer/scaler_params.npz
/usr/local/miniconda3/envs/py312/lib/python3.12/site-packages/torch/nn/modules/transformer.py:392: UserWarning: enable_nested_tensor is True, but self.use_nested_tensor is False because encoder_layer.norm_first was True
  warnings.warn(
[2026-04-22 12:39:53] >>> Stage 1 skipped (fixed_encoder=inceptiontime)
[2026-04-22 12:39:53] >>> Stage 2: hyper-parameter reset/tuning for encoder=inceptiontime
[2026-04-22 12:39:53] >>> Using override params: HyperParams(lr=0.0005, weight_decay=1e-05, batch_size=32)
[2026-04-22 12:39:53] >>> Running Step8-focused sweep (epochs=20)
[2026-04-22 12:39:59] Sweep-Step8-gb0.100-lm0.500 | Epoch 1/20 train_loss=0.175517 val_mse=0.169100 best_val=0.169100 patience=0/10
[2026-04-22 12:40:03] Sweep-Step8-gb0.100-lm0.500 | Epoch 2/20 train_loss=0.144623 val_mse=0.124289 best_val=0.124289 patience=0/10
[2026-04-22 12:40:07] Sweep-Step8-gb0.100-lm0.500 | Epoch 3/20 train_loss=0.139614 val_mse=0.172211 best_val=0.124289 patience=1/10
[2026-04-22 12:40:12] Sweep-Step8-gb0.100-lm0.500 | Epoch 4/20 train_loss=0.135781 val_mse=0.159562 best_val=0.124289 patience=2/10
[2026-04-22 12:40:16] Sweep-Step8-gb0.100-lm0.500 | Epoch 5/20 train_loss=0.133081 val_mse=0.157961 best_val=0.124289 patience=3/10
[2026-04-22 12:40:21] Sweep-Step8-gb0.100-lm0.500 | Epoch 6/20 train_loss=0.130571 val_mse=0.152656 best_val=0.124289 patience=4/10
[2026-04-22 12:40:25] Sweep-Step8-gb0.100-lm0.500 | Epoch 7/20 train_loss=0.128073 val_mse=0.142255 best_val=0.124289 patience=5/10
[2026-04-22 12:40:29] Sweep-Step8-gb0.100-lm0.500 | Epoch 8/20 train_loss=0.126461 val_mse=0.155110 best_val=0.124289 patience=6/10
[2026-04-22 12:40:34] Sweep-Step8-gb0.100-lm0.500 | Epoch 9/20 train_loss=0.124508 val_mse=0.154046 best_val=0.124289 patience=7/10
[2026-04-22 12:40:38] Sweep-Step8-gb0.100-lm0.500 | Epoch 10/20 train_loss=0.123877 val_mse=0.137344 best_val=0.124289 patience=8/10
[2026-04-22 12:40:42] Sweep-Step8-gb0.100-lm0.500 | Epoch 11/20 train_loss=0.121728 val_mse=0.133821 best_val=0.124289 patience=9/10
[2026-04-22 12:40:47] Sweep-Step8-gb0.100-lm0.500 | Epoch 12/20 train_loss=0.121585 val_mse=0.190459 best_val=0.124289 patience=10/10
[2026-04-22 12:40:47] Sweep-Step8-gb0.100-lm0.500 | Early stop at epoch 12, best=2
[2026-04-22 12:40:47] Sweep-Step8-gb0.100-lm0.500 DONE | MSE=0.124289 RMSE=0.352547 MAE=0.302198 Pearson=0.882620 [best_epoch=2]
[2026-04-22 12:40:51] Sweep-Step8-gb0.100-lm0.700 | Epoch 1/20 train_loss=0.166501 val_mse=0.173177 best_val=0.173177 patience=0/10
[2026-04-22 12:40:56] Sweep-Step8-gb0.100-lm0.700 | Epoch 2/20 train_loss=0.145257 val_mse=0.169883 best_val=0.169883 patience=0/10
[2026-04-22 12:41:00] Sweep-Step8-gb0.100-lm0.700 | Epoch 3/20 train_loss=0.136882 val_mse=0.143107 best_val=0.143107 patience=0/10
[2026-04-22 12:41:04] Sweep-Step8-gb0.100-lm0.700 | Epoch 4/20 train_loss=0.132452 val_mse=0.136217 best_val=0.136217 patience=0/10
[2026-04-22 12:41:08] Sweep-Step8-gb0.100-lm0.700 | Epoch 5/20 train_loss=0.129322 val_mse=0.163185 best_val=0.136217 patience=1/10
[2026-04-22 12:41:13] Sweep-Step8-gb0.100-lm0.700 | Epoch 6/20 train_loss=0.128750 val_mse=0.170282 best_val=0.136217 patience=2/10
[2026-04-22 12:41:17] Sweep-Step8-gb0.100-lm0.700 | Epoch 7/20 train_loss=0.125920 val_mse=0.116224 best_val=0.116224 patience=0/10
[2026-04-22 12:41:21] Sweep-Step8-gb0.100-lm0.700 | Epoch 8/20 train_loss=0.124412 val_mse=0.142392 best_val=0.116224 patience=1/10
[2026-04-22 12:41:26] Sweep-Step8-gb0.100-lm0.700 | Epoch 9/20 train_loss=0.123334 val_mse=0.148372 best_val=0.116224 patience=2/10
[2026-04-22 12:41:30] Sweep-Step8-gb0.100-lm0.700 | Epoch 10/20 train_loss=0.122920 val_mse=0.150001 best_val=0.116224 patience=3/10
[2026-04-22 12:41:34] Sweep-Step8-gb0.100-lm0.700 | Epoch 11/20 train_loss=0.120598 val_mse=0.145238 best_val=0.116224 patience=4/10
[2026-04-22 12:41:39] Sweep-Step8-gb0.100-lm0.700 | Epoch 12/20 train_loss=0.120573 val_mse=0.129069 best_val=0.116224 patience=5/10
[2026-04-22 12:41:43] Sweep-Step8-gb0.100-lm0.700 | Epoch 13/20 train_loss=0.119397 val_mse=0.142658 best_val=0.116224 patience=6/10
[2026-04-22 12:41:47] Sweep-Step8-gb0.100-lm0.700 | Epoch 14/20 train_loss=0.117096 val_mse=0.148470 best_val=0.116224 patience=7/10
[2026-04-22 12:41:52] Sweep-Step8-gb0.100-lm0.700 | Epoch 15/20 train_loss=0.115804 val_mse=0.151703 best_val=0.116224 patience=8/10
[2026-04-22 12:41:56] Sweep-Step8-gb0.100-lm0.700 | Epoch 16/20 train_loss=0.115294 val_mse=0.141619 best_val=0.116224 patience=9/10
[2026-04-22 12:42:00] Sweep-Step8-gb0.100-lm0.700 | Epoch 17/20 train_loss=0.114967 val_mse=0.159878 best_val=0.116224 patience=10/10
[2026-04-22 12:42:00] Sweep-Step8-gb0.100-lm0.700 | Early stop at epoch 17, best=7
[2026-04-22 12:42:01] Sweep-Step8-gb0.100-lm0.700 DONE | MSE=0.116224 RMSE=0.340917 MAE=0.244280 Pearson=0.892433 [best_epoch=7]
[2026-04-22 12:42:05] Sweep-Step8-gb0.350-lm0.500 | Epoch 1/20 train_loss=0.171429 val_mse=0.144393 best_val=0.144393 patience=0/10
[2026-04-22 12:42:09] Sweep-Step8-gb0.350-lm0.500 | Epoch 2/20 train_loss=0.143936 val_mse=0.162500 best_val=0.144393 patience=1/10
[2026-04-22 12:42:14] Sweep-Step8-gb0.350-lm0.500 | Epoch 3/20 train_loss=0.136963 val_mse=0.142876 best_val=0.142876 patience=0/10
[2026-04-22 12:42:18] Sweep-Step8-gb0.350-lm0.500 | Epoch 4/20 train_loss=0.132075 val_mse=0.142536 best_val=0.142536 patience=0/10
[2026-04-22 12:42:22] Sweep-Step8-gb0.350-lm0.500 | Epoch 5/20 train_loss=0.129390 val_mse=0.141537 best_val=0.141537 patience=0/10
[2026-04-22 12:42:27] Sweep-Step8-gb0.350-lm0.500 | Epoch 6/20 train_loss=0.127204 val_mse=0.130460 best_val=0.130460 patience=0/10
[2026-04-22 12:42:31] Sweep-Step8-gb0.350-lm0.500 | Epoch 7/20 train_loss=0.125456 val_mse=0.144958 best_val=0.130460 patience=1/10
[2026-04-22 12:42:35] Sweep-Step8-gb0.350-lm0.500 | Epoch 8/20 train_loss=0.123296 val_mse=0.146776 best_val=0.130460 patience=2/10
[2026-04-22 12:42:40] Sweep-Step8-gb0.350-lm0.500 | Epoch 9/20 train_loss=0.122635 val_mse=0.154167 best_val=0.130460 patience=3/10
[2026-04-22 12:42:44] Sweep-Step8-gb0.350-lm0.500 | Epoch 10/20 train_loss=0.121020 val_mse=0.184659 best_val=0.130460 patience=4/10
[2026-04-22 12:42:48] Sweep-Step8-gb0.350-lm0.500 | Epoch 11/20 train_loss=0.118918 val_mse=0.152915 best_val=0.130460 patience=5/10
[2026-04-22 12:42:53] Sweep-Step8-gb0.350-lm0.500 | Epoch 12/20 train_loss=0.117184 val_mse=0.173893 best_val=0.130460 patience=6/10
[2026-04-22 12:42:57] Sweep-Step8-gb0.350-lm0.500 | Epoch 13/20 train_loss=0.116605 val_mse=0.180253 best_val=0.130460 patience=7/10
[2026-04-22 12:43:01] Sweep-Step8-gb0.350-lm0.500 | Epoch 14/20 train_loss=0.114995 val_mse=0.183388 best_val=0.130460 patience=8/10
[2026-04-22 12:43:06] Sweep-Step8-gb0.350-lm0.500 | Epoch 15/20 train_loss=0.114754 val_mse=0.191798 best_val=0.130460 patience=9/10
[2026-04-22 12:43:10] Sweep-Step8-gb0.350-lm0.500 | Epoch 16/20 train_loss=0.113249 val_mse=0.153786 best_val=0.130460 patience=10/10
[2026-04-22 12:43:10] Sweep-Step8-gb0.350-lm0.500 | Early stop at epoch 16, best=6
[2026-04-22 12:43:10] Sweep-Step8-gb0.350-lm0.500 DONE | MSE=0.130460 RMSE=0.361193 MAE=0.277328 Pearson=0.846046 [best_epoch=6]
[2026-04-22 12:43:15] Sweep-Step8-gb0.350-lm0.700 | Epoch 1/20 train_loss=0.168249 val_mse=0.174836 best_val=0.174836 patience=0/10
[2026-04-22 12:43:19] Sweep-Step8-gb0.350-lm0.700 | Epoch 2/20 train_loss=0.138310 val_mse=0.177049 best_val=0.174836 patience=1/10
[2026-04-22 12:43:23] Sweep-Step8-gb0.350-lm0.700 | Epoch 3/20 train_loss=0.132457 val_mse=0.166346 best_val=0.166346 patience=0/10
[2026-04-22 12:43:28] Sweep-Step8-gb0.350-lm0.700 | Epoch 4/20 train_loss=0.127515 val_mse=0.160729 best_val=0.160729 patience=0/10
[2026-04-22 12:43:32] Sweep-Step8-gb0.350-lm0.700 | Epoch 5/20 train_loss=0.124997 val_mse=0.157004 best_val=0.157004 patience=0/10
[2026-04-22 12:43:36] Sweep-Step8-gb0.350-lm0.700 | Epoch 6/20 train_loss=0.122860 val_mse=0.144027 best_val=0.144027 patience=0/10
[2026-04-22 12:43:41] Sweep-Step8-gb0.350-lm0.700 | Epoch 7/20 train_loss=0.121189 val_mse=0.163189 best_val=0.144027 patience=1/10
[2026-04-22 12:43:45] Sweep-Step8-gb0.350-lm0.700 | Epoch 8/20 train_loss=0.117952 val_mse=0.147300 best_val=0.144027 patience=2/10
[2026-04-22 12:43:49] Sweep-Step8-gb0.350-lm0.700 | Epoch 9/20 train_loss=0.116228 val_mse=0.125612 best_val=0.125612 patience=0/10
[2026-04-22 12:43:54] Sweep-Step8-gb0.350-lm0.700 | Epoch 10/20 train_loss=0.113853 val_mse=0.151980 best_val=0.125612 patience=1/10
[2026-04-22 12:43:58] Sweep-Step8-gb0.350-lm0.700 | Epoch 11/20 train_loss=0.113921 val_mse=0.149092 best_val=0.125612 patience=2/10
[2026-04-22 12:44:02] Sweep-Step8-gb0.350-lm0.700 | Epoch 12/20 train_loss=0.111494 val_mse=0.149199 best_val=0.125612 patience=3/10
[2026-04-22 12:44:07] Sweep-Step8-gb0.350-lm0.700 | Epoch 13/20 train_loss=0.109594 val_mse=0.150260 best_val=0.125612 patience=4/10
[2026-04-22 12:44:11] Sweep-Step8-gb0.350-lm0.700 | Epoch 14/20 train_loss=0.108524 val_mse=0.165893 best_val=0.125612 patience=5/10
[2026-04-22 12:44:15] Sweep-Step8-gb0.350-lm0.700 | Epoch 15/20 train_loss=0.107134 val_mse=0.136353 best_val=0.125612 patience=6/10
[2026-04-22 12:44:20] Sweep-Step8-gb0.350-lm0.700 | Epoch 16/20 train_loss=0.106661 val_mse=0.157906 best_val=0.125612 patience=7/10
[2026-04-22 12:44:24] Sweep-Step8-gb0.350-lm0.700 | Epoch 17/20 train_loss=0.104476 val_mse=0.151490 best_val=0.125612 patience=8/10
[2026-04-22 12:44:29] Sweep-Step8-gb0.350-lm0.700 | Epoch 18/20 train_loss=0.103305 val_mse=0.147932 best_val=0.125612 patience=9/10
[2026-04-22 12:44:33] Sweep-Step8-gb0.350-lm0.700 | Epoch 19/20 train_loss=0.101437 val_mse=0.120055 best_val=0.120055 patience=0/10
[2026-04-22 12:44:37] Sweep-Step8-gb0.350-lm0.700 | Epoch 20/20 train_loss=0.100730 val_mse=0.122959 best_val=0.120055 patience=1/10
[2026-04-22 12:44:38] Sweep-Step8-gb0.350-lm0.700 DONE | MSE=0.120055 RMSE=0.346489 MAE=0.281260 Pearson=0.700380 [best_epoch=19]
[2026-04-22 12:44:38] >>> Sweep best: gate_b_scale=0.100, final_lr_mult=0.700, mse=0.116224
[2026-04-22 12:44:38] >>> Stage 3: running 9-step matrix with fixed best params
[2026-04-22 12:44:41] Step1-BaselineA-Weak | Epoch 1/50 train_loss=0.186386 val_mse=0.125896 best_val=0.125896 patience=0/10
[2026-04-22 12:44:45] Step1-BaselineA-Weak | Epoch 2/50 train_loss=0.178896 val_mse=0.127122 best_val=0.125896 patience=1/10
[2026-04-22 12:44:48] Step1-BaselineA-Weak | Epoch 3/50 train_loss=0.176557 val_mse=0.125157 best_val=0.125157 patience=0/10
[2026-04-22 12:44:52] Step1-BaselineA-Weak | Epoch 4/50 train_loss=0.174935 val_mse=0.122257 best_val=0.122257 patience=0/10
[2026-04-22 12:44:56] Step1-BaselineA-Weak | Epoch 5/50 train_loss=0.174581 val_mse=0.125412 best_val=0.122257 patience=1/10
[2026-04-22 12:44:59] Step1-BaselineA-Weak | Epoch 6/50 train_loss=0.173568 val_mse=0.121299 best_val=0.121299 patience=0/10
[2026-04-22 12:45:03] Step1-BaselineA-Weak | Epoch 7/50 train_loss=0.173273 val_mse=0.113330 best_val=0.113330 patience=0/10
[2026-04-22 12:45:07] Step1-BaselineA-Weak | Epoch 8/50 train_loss=0.172448 val_mse=0.136506 best_val=0.113330 patience=1/10
[2026-04-22 12:45:10] Step1-BaselineA-Weak | Epoch 9/50 train_loss=0.171999 val_mse=0.127704 best_val=0.113330 patience=2/10
[2026-04-22 12:45:14] Step1-BaselineA-Weak | Epoch 10/50 train_loss=0.171963 val_mse=0.134227 best_val=0.113330 patience=3/10
[2026-04-22 12:45:17] Step1-BaselineA-Weak | Epoch 11/50 train_loss=0.170862 val_mse=0.142122 best_val=0.113330 patience=4/10
[2026-04-22 12:45:21] Step1-BaselineA-Weak | Epoch 12/50 train_loss=0.170131 val_mse=0.123881 best_val=0.113330 patience=5/10
[2026-04-22 12:45:24] Step1-BaselineA-Weak | Epoch 13/50 train_loss=0.169713 val_mse=0.126571 best_val=0.113330 patience=6/10
[2026-04-22 12:45:28] Step1-BaselineA-Weak | Epoch 14/50 train_loss=0.170048 val_mse=0.128584 best_val=0.113330 patience=7/10
[2026-04-22 12:45:32] Step1-BaselineA-Weak | Epoch 15/50 train_loss=0.170382 val_mse=0.134805 best_val=0.113330 patience=8/10
[2026-04-22 12:45:35] Step1-BaselineA-Weak | Epoch 16/50 train_loss=0.170447 val_mse=0.142025 best_val=0.113330 patience=9/10
[2026-04-22 12:45:39] Step1-BaselineA-Weak | Epoch 17/50 train_loss=0.170219 val_mse=0.137084 best_val=0.113330 patience=10/10
[2026-04-22 12:45:39] Step1-BaselineA-Weak | Early stop at epoch 17, best=7
[2026-04-22 12:45:39] Step1-BaselineA-Weak DONE | MSE=0.113330 RMSE=0.336645 MAE=0.304925 Pearson=0.938504 [best_epoch=7]
[2026-04-22 12:45:43] Step2-BaselineB-Strong | Epoch 1/50 train_loss=0.188050 val_mse=0.118523 best_val=0.118523 patience=0/10
[2026-04-22 12:45:47] Step2-BaselineB-Strong | Epoch 2/50 train_loss=0.178693 val_mse=0.120704 best_val=0.118523 patience=1/10
[2026-04-22 12:45:50] Step2-BaselineB-Strong | Epoch 3/50 train_loss=0.178239 val_mse=0.127744 best_val=0.118523 patience=2/10
[2026-04-22 12:45:54] Step2-BaselineB-Strong | Epoch 4/50 train_loss=0.177037 val_mse=0.129015 best_val=0.118523 patience=3/10
[2026-04-22 12:45:58] Step2-BaselineB-Strong | Epoch 5/50 train_loss=0.176590 val_mse=0.124342 best_val=0.118523 patience=4/10
[2026-04-22 12:46:02] Step2-BaselineB-Strong | Epoch 6/50 train_loss=0.175727 val_mse=0.150372 best_val=0.118523 patience=5/10
[2026-04-22 12:46:05] Step2-BaselineB-Strong | Epoch 7/50 train_loss=0.175235 val_mse=0.136222 best_val=0.118523 patience=6/10
[2026-04-22 12:46:09] Step2-BaselineB-Strong | Epoch 8/50 train_loss=0.175063 val_mse=0.129327 best_val=0.118523 patience=7/10
[2026-04-22 12:46:13] Step2-BaselineB-Strong | Epoch 9/50 train_loss=0.174242 val_mse=0.130796 best_val=0.118523 patience=8/10
[2026-04-22 12:46:16] Step2-BaselineB-Strong | Epoch 10/50 train_loss=0.173644 val_mse=0.129502 best_val=0.118523 patience=9/10
[2026-04-22 12:46:20] Step2-BaselineB-Strong | Epoch 11/50 train_loss=0.173222 val_mse=0.126309 best_val=0.118523 patience=10/10
[2026-04-22 12:46:20] Step2-BaselineB-Strong | Early stop at epoch 11, best=1
[2026-04-22 12:46:20] Step2-BaselineB-Strong DONE | MSE=0.118523 RMSE=0.344271 MAE=0.304233 Pearson=0.952963 [best_epoch=1]
[2026-04-22 12:46:24] Step3-Ours-TCN | Epoch 1/50 train_loss=0.189514 val_mse=0.119443 best_val=0.119443 patience=0/10
[2026-04-22 12:46:28] Step3-Ours-TCN | Epoch 2/50 train_loss=0.179492 val_mse=0.135641 best_val=0.119443 patience=1/10
[2026-04-22 12:46:32] Step3-Ours-TCN | Epoch 3/50 train_loss=0.178102 val_mse=0.122888 best_val=0.119443 patience=2/10
[2026-04-22 12:46:36] Step3-Ours-TCN | Epoch 4/50 train_loss=0.177568 val_mse=0.128161 best_val=0.119443 patience=3/10
[2026-04-22 12:46:40] Step3-Ours-TCN | Epoch 5/50 train_loss=0.177153 val_mse=0.141413 best_val=0.119443 patience=4/10
[2026-04-22 12:46:44] Step3-Ours-TCN | Epoch 6/50 train_loss=0.177005 val_mse=0.127703 best_val=0.119443 patience=5/10
[2026-04-22 12:46:48] Step3-Ours-TCN | Epoch 7/50 train_loss=0.176202 val_mse=0.122721 best_val=0.119443 patience=6/10
[2026-04-22 12:46:52] Step3-Ours-TCN | Epoch 8/50 train_loss=0.176009 val_mse=0.113169 best_val=0.113169 patience=0/10
[2026-04-22 12:46:56] Step3-Ours-TCN | Epoch 9/50 train_loss=0.175653 val_mse=0.140426 best_val=0.113169 patience=1/10
[2026-04-22 12:47:00] Step3-Ours-TCN | Epoch 10/50 train_loss=0.175522 val_mse=0.114446 best_val=0.113169 patience=2/10
[2026-04-22 12:47:05] Step3-Ours-TCN | Epoch 11/50 train_loss=0.174823 val_mse=0.125270 best_val=0.113169 patience=3/10
[2026-04-22 12:47:09] Step3-Ours-TCN | Epoch 12/50 train_loss=0.174761 val_mse=0.128278 best_val=0.113169 patience=4/10
[2026-04-22 12:47:13] Step3-Ours-TCN | Epoch 13/50 train_loss=0.174608 val_mse=0.117415 best_val=0.113169 patience=5/10
[2026-04-22 12:47:17] Step3-Ours-TCN | Epoch 14/50 train_loss=0.174775 val_mse=0.129495 best_val=0.113169 patience=6/10
[2026-04-22 12:47:21] Step3-Ours-TCN | Epoch 15/50 train_loss=0.174434 val_mse=0.128342 best_val=0.113169 patience=7/10
[2026-04-22 12:47:25] Step3-Ours-TCN | Epoch 16/50 train_loss=0.173828 val_mse=0.124671 best_val=0.113169 patience=8/10
[2026-04-22 12:47:29] Step3-Ours-TCN | Epoch 17/50 train_loss=0.173868 val_mse=0.117725 best_val=0.113169 patience=9/10
[2026-04-22 12:47:33] Step3-Ours-TCN | Epoch 18/50 train_loss=0.173642 val_mse=0.129349 best_val=0.113169 patience=10/10
[2026-04-22 12:47:33] Step3-Ours-TCN | Early stop at epoch 18, best=8
[2026-04-22 12:47:33] Step3-Ours-TCN DONE | MSE=0.113169 RMSE=0.336405 MAE=0.296402 Pearson=0.952466 [best_epoch=8]
[2026-04-22 12:47:37] Step5-Ablation1-woDualGating | Epoch 1/50 train_loss=0.161597 val_mse=0.187219 best_val=0.187219 patience=0/10
[2026-04-22 12:47:41] Step5-Ablation1-woDualGating | Epoch 2/50 train_loss=0.141507 val_mse=0.123259 best_val=0.123259 patience=0/10
[2026-04-22 12:47:45] Step5-Ablation1-woDualGating | Epoch 3/50 train_loss=0.134239 val_mse=0.156959 best_val=0.123259 patience=1/10
[2026-04-22 12:47:50] Step5-Ablation1-woDualGating | Epoch 4/50 train_loss=0.129798 val_mse=0.135319 best_val=0.123259 patience=2/10
[2026-04-22 12:47:54] Step5-Ablation1-woDualGating | Epoch 5/50 train_loss=0.126770 val_mse=0.162568 best_val=0.123259 patience=3/10
[2026-04-22 12:47:58] Step5-Ablation1-woDualGating | Epoch 6/50 train_loss=0.124941 val_mse=0.146839 best_val=0.123259 patience=4/10
[2026-04-22 12:48:02] Step5-Ablation1-woDualGating | Epoch 7/50 train_loss=0.122793 val_mse=0.157888 best_val=0.123259 patience=5/10
[2026-04-22 12:48:06] Step5-Ablation1-woDualGating | Epoch 8/50 train_loss=0.120614 val_mse=0.117998 best_val=0.117998 patience=0/10
[2026-04-22 12:48:10] Step5-Ablation1-woDualGating | Epoch 9/50 train_loss=0.117228 val_mse=0.193142 best_val=0.117998 patience=1/10
[2026-04-22 12:48:14] Step5-Ablation1-woDualGating | Epoch 10/50 train_loss=0.115439 val_mse=0.182437 best_val=0.117998 patience=2/10
[2026-04-22 12:48:18] Step5-Ablation1-woDualGating | Epoch 11/50 train_loss=0.115720 val_mse=0.134957 best_val=0.117998 patience=3/10
[2026-04-22 12:48:22] Step5-Ablation1-woDualGating | Epoch 12/50 train_loss=0.113020 val_mse=0.110595 best_val=0.110595 patience=0/10
[2026-04-22 12:48:26] Step5-Ablation1-woDualGating | Epoch 13/50 train_loss=0.112191 val_mse=0.131407 best_val=0.110595 patience=1/10
[2026-04-22 12:48:30] Step5-Ablation1-woDualGating | Epoch 14/50 train_loss=0.110678 val_mse=0.168964 best_val=0.110595 patience=2/10
[2026-04-22 12:48:34] Step5-Ablation1-woDualGating | Epoch 15/50 train_loss=0.109211 val_mse=0.131879 best_val=0.110595 patience=3/10
[2026-04-22 12:48:38] Step5-Ablation1-woDualGating | Epoch 16/50 train_loss=0.107875 val_mse=0.117897 best_val=0.110595 patience=4/10
[2026-04-22 12:48:42] Step5-Ablation1-woDualGating | Epoch 17/50 train_loss=0.107057 val_mse=0.118222 best_val=0.110595 patience=5/10
[2026-04-22 12:48:46] Step5-Ablation1-woDualGating | Epoch 18/50 train_loss=0.106677 val_mse=0.119944 best_val=0.110595 patience=6/10
[2026-04-22 12:48:50] Step5-Ablation1-woDualGating | Epoch 19/50 train_loss=0.105408 val_mse=0.120248 best_val=0.110595 patience=7/10
[2026-04-22 12:48:54] Step5-Ablation1-woDualGating | Epoch 20/50 train_loss=0.104961 val_mse=0.103236 best_val=0.103236 patience=0/10
[2026-04-22 12:48:59] Step5-Ablation1-woDualGating | Epoch 21/50 train_loss=0.104334 val_mse=0.137622 best_val=0.103236 patience=1/10
[2026-04-22 12:49:03] Step5-Ablation1-woDualGating | Epoch 22/50 train_loss=0.102732 val_mse=0.142391 best_val=0.103236 patience=2/10
[2026-04-22 12:49:06] Step5-Ablation1-woDualGating | Epoch 23/50 train_loss=0.101566 val_mse=0.149184 best_val=0.103236 patience=3/10
[2026-04-22 12:49:10] Step5-Ablation1-woDualGating | Epoch 24/50 train_loss=0.102278 val_mse=0.161286 best_val=0.103236 patience=4/10
[2026-04-22 12:49:14] Step5-Ablation1-woDualGating | Epoch 25/50 train_loss=0.100472 val_mse=0.120801 best_val=0.103236 patience=5/10
[2026-04-22 12:49:18] Step5-Ablation1-woDualGating | Epoch 26/50 train_loss=0.100078 val_mse=0.123894 best_val=0.103236 patience=6/10
[2026-04-22 12:49:22] Step5-Ablation1-woDualGating | Epoch 27/50 train_loss=0.100690 val_mse=0.133439 best_val=0.103236 patience=7/10
[2026-04-22 12:49:27] Step5-Ablation1-woDualGating | Epoch 28/50 train_loss=0.098844 val_mse=0.110690 best_val=0.103236 patience=8/10
[2026-04-22 12:49:31] Step5-Ablation1-woDualGating | Epoch 29/50 train_loss=0.098410 val_mse=0.135436 best_val=0.103236 patience=9/10
[2026-04-22 12:49:35] Step5-Ablation1-woDualGating | Epoch 30/50 train_loss=0.098446 val_mse=0.105194 best_val=0.103236 patience=10/10
[2026-04-22 12:49:35] Step5-Ablation1-woDualGating | Early stop at epoch 30, best=20
[2026-04-22 12:49:35] Step5-Ablation1-woDualGating DONE | MSE=0.103236 RMSE=0.321303 MAE=0.269723 Pearson=0.700148 [best_epoch=20]
[2026-04-22 12:49:39] Step6-Ablation2-woTCMPrior | Epoch 1/50 train_loss=0.165711 val_mse=0.134762 best_val=0.134762 patience=0/10
[2026-04-22 12:49:43] Step6-Ablation2-woTCMPrior | Epoch 2/50 train_loss=0.139696 val_mse=0.141341 best_val=0.134762 patience=1/10
[2026-04-22 12:49:47] Step6-Ablation2-woTCMPrior | Epoch 3/50 train_loss=0.133590 val_mse=0.157843 best_val=0.134762 patience=2/10
[2026-04-22 12:49:51] Step6-Ablation2-woTCMPrior | Epoch 4/50 train_loss=0.129285 val_mse=0.127006 best_val=0.127006 patience=0/10
[2026-04-22 12:49:55] Step6-Ablation2-woTCMPrior | Epoch 5/50 train_loss=0.127005 val_mse=0.127189 best_val=0.127006 patience=1/10
[2026-04-22 12:49:59] Step6-Ablation2-woTCMPrior | Epoch 6/50 train_loss=0.125147 val_mse=0.164479 best_val=0.127006 patience=2/10
[2026-04-22 12:50:03] Step6-Ablation2-woTCMPrior | Epoch 7/50 train_loss=0.123347 val_mse=0.137717 best_val=0.127006 patience=3/10
[2026-04-22 12:50:07] Step6-Ablation2-woTCMPrior | Epoch 8/50 train_loss=0.121071 val_mse=0.160502 best_val=0.127006 patience=4/10
[2026-04-22 12:50:11] Step6-Ablation2-woTCMPrior | Epoch 9/50 train_loss=0.119349 val_mse=0.162855 best_val=0.127006 patience=5/10
[2026-04-22 12:50:15] Step6-Ablation2-woTCMPrior | Epoch 10/50 train_loss=0.118184 val_mse=0.143037 best_val=0.127006 patience=6/10
[2026-04-22 12:50:19] Step6-Ablation2-woTCMPrior | Epoch 11/50 train_loss=0.116563 val_mse=0.155077 best_val=0.127006 patience=7/10
[2026-04-22 12:50:23] Step6-Ablation2-woTCMPrior | Epoch 12/50 train_loss=0.114691 val_mse=0.159354 best_val=0.127006 patience=8/10
[2026-04-22 12:50:27] Step6-Ablation2-woTCMPrior | Epoch 13/50 train_loss=0.114977 val_mse=0.191477 best_val=0.127006 patience=9/10
[2026-04-22 12:50:31] Step6-Ablation2-woTCMPrior | Epoch 14/50 train_loss=0.114229 val_mse=0.165855 best_val=0.127006 patience=10/10
[2026-04-22 12:50:31] Step6-Ablation2-woTCMPrior | Early stop at epoch 14, best=4
[2026-04-22 12:50:31] Step6-Ablation2-woTCMPrior DONE | MSE=0.127006 RMSE=0.356379 MAE=0.285540 Pearson=0.854172 [best_epoch=4]
[2026-04-22 12:50:35] Step7-Ablation3-woTCMGate | Epoch 1/50 train_loss=0.151135 val_mse=0.155737 best_val=0.155737 patience=0/10
[2026-04-22 12:50:40] Step7-Ablation3-woTCMGate | Epoch 2/50 train_loss=0.129269 val_mse=0.184065 best_val=0.155737 patience=1/10
[2026-04-22 12:50:44] Step7-Ablation3-woTCMGate | Epoch 3/50 train_loss=0.123980 val_mse=0.172414 best_val=0.155737 patience=2/10
[2026-04-22 12:50:48] Step7-Ablation3-woTCMGate | Epoch 4/50 train_loss=0.119039 val_mse=0.180404 best_val=0.155737 patience=3/10
[2026-04-22 12:50:52] Step7-Ablation3-woTCMGate | Epoch 5/50 train_loss=0.114708 val_mse=0.170051 best_val=0.155737 patience=4/10
[2026-04-22 12:50:56] Step7-Ablation3-woTCMGate | Epoch 6/50 train_loss=0.112206 val_mse=0.236976 best_val=0.155737 patience=5/10
[2026-04-22 12:51:01] Step7-Ablation3-woTCMGate | Epoch 7/50 train_loss=0.108614 val_mse=0.155942 best_val=0.155737 patience=6/10
[2026-04-22 12:51:05] Step7-Ablation3-woTCMGate | Epoch 8/50 train_loss=0.107390 val_mse=0.167827 best_val=0.155737 patience=7/10
[2026-04-22 12:51:09] Step7-Ablation3-woTCMGate | Epoch 9/50 train_loss=0.106130 val_mse=0.169951 best_val=0.155737 patience=8/10
[2026-04-22 12:51:13] Step7-Ablation3-woTCMGate | Epoch 10/50 train_loss=0.103470 val_mse=0.233647 best_val=0.155737 patience=9/10
[2026-04-22 12:51:17] Step7-Ablation3-woTCMGate | Epoch 11/50 train_loss=0.101890 val_mse=0.184934 best_val=0.155737 patience=10/10
[2026-04-22 12:51:17] Step7-Ablation3-woTCMGate | Early stop at epoch 11, best=1
[2026-04-22 12:51:17] Step7-Ablation3-woTCMGate DONE | MSE=0.155737 RMSE=0.394635 MAE=0.323806 Pearson=0.717671 [best_epoch=1]
[2026-04-22 12:51:17] >>> Final Ours stabilized hparams: HyperParams(lr=0.00035, weight_decay=1e-05, batch_size=32)
[2026-04-22 12:51:22] Step8-FinalOurs | Epoch 1/50 train_loss=0.160725 val_mse=0.158721 best_val=0.158721 patience=0/10
[2026-04-22 12:51:26] Step8-FinalOurs | Epoch 2/50 train_loss=0.137533 val_mse=0.183566 best_val=0.158721 patience=1/10
[2026-04-22 12:51:30] Step8-FinalOurs | Epoch 3/50 train_loss=0.131226 val_mse=0.143722 best_val=0.143722 patience=0/10
[2026-04-22 12:51:35] Step8-FinalOurs | Epoch 4/50 train_loss=0.127187 val_mse=0.193347 best_val=0.143722 patience=1/10
[2026-04-22 12:51:39] Step8-FinalOurs | Epoch 5/50 train_loss=0.124286 val_mse=0.164239 best_val=0.143722 patience=2/10
[2026-04-22 12:51:43] Step8-FinalOurs | Epoch 6/50 train_loss=0.122177 val_mse=0.183424 best_val=0.143722 patience=3/10
[2026-04-22 12:51:48] Step8-FinalOurs | Epoch 7/50 train_loss=0.119263 val_mse=0.177176 best_val=0.143722 patience=4/10
[2026-04-22 12:51:52] Step8-FinalOurs | Epoch 8/50 train_loss=0.116464 val_mse=0.175201 best_val=0.143722 patience=5/10
[2026-04-22 12:51:56] Step8-FinalOurs | Epoch 9/50 train_loss=0.113795 val_mse=0.185731 best_val=0.143722 patience=6/10
[2026-04-22 12:52:01] Step8-FinalOurs | Epoch 10/50 train_loss=0.112518 val_mse=0.176545 best_val=0.143722 patience=7/10
[2026-04-22 12:52:05] Step8-FinalOurs | Epoch 11/50 train_loss=0.111408 val_mse=0.217224 best_val=0.143722 patience=8/10
[2026-04-22 12:52:09] Step8-FinalOurs | Epoch 12/50 train_loss=0.109662 val_mse=0.163206 best_val=0.143722 patience=9/10
[2026-04-22 12:52:14] Step8-FinalOurs | Epoch 13/50 train_loss=0.107941 val_mse=0.202018 best_val=0.143722 patience=10/10
[2026-04-22 12:52:14] Step8-FinalOurs | Early stop at epoch 13, best=3
[2026-04-22 12:52:14] Step8-FinalOurs DONE | MSE=0.143722 RMSE=0.379107 MAE=0.280715 Pearson=0.883625 [best_epoch=3]
[2026-04-22 12:52:14] >>> Saved final model to /root/work/MulitiModal/checkpoints/best_model.pth

===== Stage 2 Chosen Hyper-Parameters =====
HyperParams(lr=0.0005, weight_decay=1e-05, batch_size=32)
===========================================

Step8 tuned controls: gate_b_scale=0.100, final_lr_mult=0.700
===== Final 9-Step best_val_mse List =====
Step 1: Baseline A -> best_val_mse=0.11332959681749344
Step 2: Baseline B -> best_val_mse=0.11852254718542099
Step 3: Ours-TCN -> best_val_mse=0.11316852271556854
Step 4: Encoder Selection -> best_val_mse=None
Step 5: w/o Dual Gating -> best_val_mse=0.1032356321811676
Step 6: w/o TCM Prior -> best_val_mse=0.1270056813955307
Step 7: w/o TCM_Gate -> best_val_mse=0.15573683381080627
Step 8: Final Ours -> best_val_mse=0.14372213184833527
Step 9: Plotting -> best_val_mse=None
===========================================
[2026-04-22 12:52:15] >>> Experiment flow completed. Summary saved to /root/work/MulitiModal/results/loso_folds/experiments_summary_S4.json
[2026-04-22 12:52:16] >>> LOSO fold holdout=S5
[2026-04-22 12:52:19] >>> Runner signature: RUN_EXPERIMENTS_V2_LOSO_GUARDED | file=/root/work/MulitiModal/run_experiments.py | mtime=2026-04-22 10:20:26
[2026-04-22 12:52:19] >>> Loading WESAD dataset from /root/work/MulitiModal/data/wesad
Subject S10: Age=28.0, Gender=1, BMI=24.0, HR=64.2
Subject S11: Age=26.0, Gender=0, BMI=18.5, HR=63.9
Subject S13: Age=28.0, Gender=1, BMI=25.0, HR=65.6
Subject S14: Age=27.0, Gender=1, BMI=24.7, HR=64.9
Subject S15: Age=28.0, Gender=1, BMI=24.0, HR=66.7
Subject S16: Age=24.0, Gender=1, BMI=20.4, HR=63.5
Subject S17: Age=29.0, Gender=0, BMI=20.2, HR=61.3
Subject S2: Age=27.0, Gender=1, BMI=26.1, HR=64.6
Subject S3: Age=27.0, Gender=1, BMI=23.1, HR=58.7
Subject S4: Age=25.0, Gender=1, BMI=29.4, HR=60.0
Subject S5: Age=35.0, Gender=1, BMI=22.4, HR=62.6
Subject S6: Age=27.0, Gender=1, BMI=22.8, HR=62.9
Subject S7: Age=28.0, Gender=1, BMI=21.9, HR=62.3
Subject S8: Age=27.0, Gender=0, BMI=21.6, HR=64.3
Subject S9: Age=26.0, Gender=1, BMI=22.9, HR=68.1
[2026-04-22 12:53:11] >>> WESAD loaded. total_windows=46324
[2026-04-22 12:53:11] >>> Gate scales: gate_a_scale=0.600, gate_b_scale=0.350
[2026-04-22 12:53:11] >>> Split ready (protocol=loso): train_windows=43227 val_windows=3097 train_subjects=14 val_subjects=1
[2026-04-22 12:53:11] >>> TCM checkpoint resolved to: /root/work/MulitiModal/checkpoints/best_model.pth
[2026-04-22 12:53:11] >>> TCM scaler resolved to: /root/work/MulitiModal/tcm_ft_transformer/scaler_params.npz
/usr/local/miniconda3/envs/py312/lib/python3.12/site-packages/torch/nn/modules/transformer.py:392: UserWarning: enable_nested_tensor is True, but self.use_nested_tensor is False because encoder_layer.norm_first was True
  warnings.warn(
[2026-04-22 12:53:11] >>> Stage 1 skipped (fixed_encoder=inceptiontime)
[2026-04-22 12:53:11] >>> Stage 2: hyper-parameter reset/tuning for encoder=inceptiontime
[2026-04-22 12:53:11] >>> Using override params: HyperParams(lr=0.0005, weight_decay=1e-05, batch_size=32)
[2026-04-22 12:53:11] >>> Running Step8-focused sweep (epochs=20)
[2026-04-22 12:53:17] Sweep-Step8-gb0.100-lm0.500 | Epoch 1/20 train_loss=0.174341 val_mse=0.215961 best_val=0.215961 patience=0/10
[2026-04-22 12:53:21] Sweep-Step8-gb0.100-lm0.500 | Epoch 2/20 train_loss=0.144710 val_mse=0.210880 best_val=0.210880 patience=0/10
[2026-04-22 12:53:26] Sweep-Step8-gb0.100-lm0.500 | Epoch 3/20 train_loss=0.138882 val_mse=0.178441 best_val=0.178441 patience=0/10
[2026-04-22 12:53:30] Sweep-Step8-gb0.100-lm0.500 | Epoch 4/20 train_loss=0.133920 val_mse=0.192815 best_val=0.178441 patience=1/10
[2026-04-22 12:53:34] Sweep-Step8-gb0.100-lm0.500 | Epoch 5/20 train_loss=0.130964 val_mse=0.210440 best_val=0.178441 patience=2/10
[2026-04-22 12:53:39] Sweep-Step8-gb0.100-lm0.500 | Epoch 6/20 train_loss=0.128048 val_mse=0.223665 best_val=0.178441 patience=3/10
[2026-04-22 12:53:43] Sweep-Step8-gb0.100-lm0.500 | Epoch 7/20 train_loss=0.125991 val_mse=0.263794 best_val=0.178441 patience=4/10
[2026-04-22 12:53:47] Sweep-Step8-gb0.100-lm0.500 | Epoch 8/20 train_loss=0.124519 val_mse=0.249180 best_val=0.178441 patience=5/10
[2026-04-22 12:53:52] Sweep-Step8-gb0.100-lm0.500 | Epoch 9/20 train_loss=0.122727 val_mse=0.192864 best_val=0.178441 patience=6/10
[2026-04-22 12:53:56] Sweep-Step8-gb0.100-lm0.500 | Epoch 10/20 train_loss=0.122362 val_mse=0.235984 best_val=0.178441 patience=7/10
[2026-04-22 12:54:00] Sweep-Step8-gb0.100-lm0.500 | Epoch 11/20 train_loss=0.119639 val_mse=0.193579 best_val=0.178441 patience=8/10
[2026-04-22 12:54:05] Sweep-Step8-gb0.100-lm0.500 | Epoch 12/20 train_loss=0.119177 val_mse=0.199686 best_val=0.178441 patience=9/10
[2026-04-22 12:54:09] Sweep-Step8-gb0.100-lm0.500 | Epoch 13/20 train_loss=0.117428 val_mse=0.212259 best_val=0.178441 patience=10/10
[2026-04-22 12:54:09] Sweep-Step8-gb0.100-lm0.500 | Early stop at epoch 13, best=3
[2026-04-22 12:54:09] Sweep-Step8-gb0.100-lm0.500 DONE | MSE=0.178441 RMSE=0.422423 MAE=0.403065 Pearson=0.257000 [best_epoch=3]
[2026-04-22 12:54:13] Sweep-Step8-gb0.100-lm0.700 | Epoch 1/20 train_loss=0.164774 val_mse=0.186771 best_val=0.186771 patience=0/10
[2026-04-22 12:54:18] Sweep-Step8-gb0.100-lm0.700 | Epoch 2/20 train_loss=0.143459 val_mse=0.205182 best_val=0.186771 patience=1/10
[2026-04-22 12:54:22] Sweep-Step8-gb0.100-lm0.700 | Epoch 3/20 train_loss=0.137492 val_mse=0.245237 best_val=0.186771 patience=2/10
[2026-04-22 12:54:26] Sweep-Step8-gb0.100-lm0.700 | Epoch 4/20 train_loss=0.131886 val_mse=0.208681 best_val=0.186771 patience=3/10
[2026-04-22 12:54:31] Sweep-Step8-gb0.100-lm0.700 | Epoch 5/20 train_loss=0.127597 val_mse=0.143222 best_val=0.143222 patience=0/10
[2026-04-22 12:54:35] Sweep-Step8-gb0.100-lm0.700 | Epoch 6/20 train_loss=0.124653 val_mse=0.198065 best_val=0.143222 patience=1/10
[2026-04-22 12:54:39] Sweep-Step8-gb0.100-lm0.700 | Epoch 7/20 train_loss=0.121361 val_mse=0.212254 best_val=0.143222 patience=2/10
[2026-04-22 12:54:44] Sweep-Step8-gb0.100-lm0.700 | Epoch 8/20 train_loss=0.119461 val_mse=0.184648 best_val=0.143222 patience=3/10
[2026-04-22 12:54:48] Sweep-Step8-gb0.100-lm0.700 | Epoch 9/20 train_loss=0.117275 val_mse=0.201326 best_val=0.143222 patience=4/10
[2026-04-22 12:54:52] Sweep-Step8-gb0.100-lm0.700 | Epoch 10/20 train_loss=0.114417 val_mse=0.188949 best_val=0.143222 patience=5/10
[2026-04-22 12:54:56] Sweep-Step8-gb0.100-lm0.700 | Epoch 11/20 train_loss=0.113050 val_mse=0.181953 best_val=0.143222 patience=6/10
[2026-04-22 12:55:01] Sweep-Step8-gb0.100-lm0.700 | Epoch 12/20 train_loss=0.112085 val_mse=0.205809 best_val=0.143222 patience=7/10
[2026-04-22 12:55:05] Sweep-Step8-gb0.100-lm0.700 | Epoch 13/20 train_loss=0.108695 val_mse=0.177280 best_val=0.143222 patience=8/10
[2026-04-22 12:55:09] Sweep-Step8-gb0.100-lm0.700 | Epoch 14/20 train_loss=0.108423 val_mse=0.227432 best_val=0.143222 patience=9/10
[2026-04-22 12:55:14] Sweep-Step8-gb0.100-lm0.700 | Epoch 15/20 train_loss=0.106236 val_mse=0.239269 best_val=0.143222 patience=10/10
[2026-04-22 12:55:14] Sweep-Step8-gb0.100-lm0.700 | Early stop at epoch 15, best=5
[2026-04-22 12:55:14] Sweep-Step8-gb0.100-lm0.700 DONE | MSE=0.143222 RMSE=0.378447 MAE=0.354089 Pearson=0.507087 [best_epoch=5]
[2026-04-22 12:55:18] Sweep-Step8-gb0.350-lm0.500 | Epoch 1/20 train_loss=0.170684 val_mse=0.211809 best_val=0.211809 patience=0/10
[2026-04-22 12:55:22] Sweep-Step8-gb0.350-lm0.500 | Epoch 2/20 train_loss=0.144174 val_mse=0.182925 best_val=0.182925 patience=0/10
[2026-04-22 12:55:27] Sweep-Step8-gb0.350-lm0.500 | Epoch 3/20 train_loss=0.136790 val_mse=0.200038 best_val=0.182925 patience=1/10
[2026-04-22 12:55:31] Sweep-Step8-gb0.350-lm0.500 | Epoch 4/20 train_loss=0.133048 val_mse=0.212022 best_val=0.182925 patience=2/10
[2026-04-22 12:55:35] Sweep-Step8-gb0.350-lm0.500 | Epoch 5/20 train_loss=0.129427 val_mse=0.229049 best_val=0.182925 patience=3/10
[2026-04-22 12:55:40] Sweep-Step8-gb0.350-lm0.500 | Epoch 6/20 train_loss=0.125655 val_mse=0.247802 best_val=0.182925 patience=4/10
[2026-04-22 12:55:44] Sweep-Step8-gb0.350-lm0.500 | Epoch 7/20 train_loss=0.124038 val_mse=0.221514 best_val=0.182925 patience=5/10
[2026-04-22 12:55:48] Sweep-Step8-gb0.350-lm0.500 | Epoch 8/20 train_loss=0.123041 val_mse=0.245403 best_val=0.182925 patience=6/10
[2026-04-22 12:55:52] Sweep-Step8-gb0.350-lm0.500 | Epoch 9/20 train_loss=0.119753 val_mse=0.217544 best_val=0.182925 patience=7/10
[2026-04-22 12:55:57] Sweep-Step8-gb0.350-lm0.500 | Epoch 10/20 train_loss=0.118889 val_mse=0.218227 best_val=0.182925 patience=8/10
[2026-04-22 12:56:01] Sweep-Step8-gb0.350-lm0.500 | Epoch 11/20 train_loss=0.118009 val_mse=0.213570 best_val=0.182925 patience=9/10
[2026-04-22 12:56:05] Sweep-Step8-gb0.350-lm0.500 | Epoch 12/20 train_loss=0.115232 val_mse=0.267093 best_val=0.182925 patience=10/10
[2026-04-22 12:56:05] Sweep-Step8-gb0.350-lm0.500 | Early stop at epoch 12, best=2
[2026-04-22 12:56:06] Sweep-Step8-gb0.350-lm0.500 DONE | MSE=0.182925 RMSE=0.427697 MAE=0.403208 Pearson=0.207649 [best_epoch=2]
[2026-04-22 12:56:10] Sweep-Step8-gb0.350-lm0.700 | Epoch 1/20 train_loss=0.166158 val_mse=0.193556 best_val=0.193556 patience=0/10
[2026-04-22 12:56:14] Sweep-Step8-gb0.350-lm0.700 | Epoch 2/20 train_loss=0.138614 val_mse=0.208209 best_val=0.193556 patience=1/10
[2026-04-22 12:56:19] Sweep-Step8-gb0.350-lm0.700 | Epoch 3/20 train_loss=0.128880 val_mse=0.208822 best_val=0.193556 patience=2/10
[2026-04-22 12:56:23] Sweep-Step8-gb0.350-lm0.700 | Epoch 4/20 train_loss=0.124066 val_mse=0.215003 best_val=0.193556 patience=3/10
[2026-04-22 12:56:27] Sweep-Step8-gb0.350-lm0.700 | Epoch 5/20 train_loss=0.121175 val_mse=0.201410 best_val=0.193556 patience=4/10
[2026-04-22 12:56:31] Sweep-Step8-gb0.350-lm0.700 | Epoch 6/20 train_loss=0.119307 val_mse=0.167508 best_val=0.167508 patience=0/10
[2026-04-22 12:56:36] Sweep-Step8-gb0.350-lm0.700 | Epoch 7/20 train_loss=0.114258 val_mse=0.203457 best_val=0.167508 patience=1/10
[2026-04-22 12:56:40] Sweep-Step8-gb0.350-lm0.700 | Epoch 8/20 train_loss=0.113376 val_mse=0.231476 best_val=0.167508 patience=2/10
[2026-04-22 12:56:44] Sweep-Step8-gb0.350-lm0.700 | Epoch 9/20 train_loss=0.111244 val_mse=0.188855 best_val=0.167508 patience=3/10
[2026-04-22 12:56:48] Sweep-Step8-gb0.350-lm0.700 | Epoch 10/20 train_loss=0.109098 val_mse=0.183536 best_val=0.167508 patience=4/10
[2026-04-22 12:56:53] Sweep-Step8-gb0.350-lm0.700 | Epoch 11/20 train_loss=0.108147 val_mse=0.218504 best_val=0.167508 patience=5/10
[2026-04-22 12:56:57] Sweep-Step8-gb0.350-lm0.700 | Epoch 12/20 train_loss=0.105650 val_mse=0.201653 best_val=0.167508 patience=6/10
[2026-04-22 12:57:01] Sweep-Step8-gb0.350-lm0.700 | Epoch 13/20 train_loss=0.102854 val_mse=0.258478 best_val=0.167508 patience=7/10
[2026-04-22 12:57:06] Sweep-Step8-gb0.350-lm0.700 | Epoch 14/20 train_loss=0.102544 val_mse=0.220565 best_val=0.167508 patience=8/10
[2026-04-22 12:57:10] Sweep-Step8-gb0.350-lm0.700 | Epoch 15/20 train_loss=0.101387 val_mse=0.212837 best_val=0.167508 patience=9/10
[2026-04-22 12:57:14] Sweep-Step8-gb0.350-lm0.700 | Epoch 16/20 train_loss=0.099797 val_mse=0.224499 best_val=0.167508 patience=10/10
[2026-04-22 12:57:14] Sweep-Step8-gb0.350-lm0.700 | Early stop at epoch 16, best=6
[2026-04-22 12:57:14] Sweep-Step8-gb0.350-lm0.700 DONE | MSE=0.167508 RMSE=0.409277 MAE=0.378948 Pearson=0.354601 [best_epoch=6]
[2026-04-22 12:57:14] >>> Sweep best: gate_b_scale=0.100, final_lr_mult=0.700, mse=0.143222
[2026-04-22 12:57:14] >>> Stage 3: running 9-step matrix with fixed best params
[2026-04-22 12:57:18] Step1-BaselineA-Weak | Epoch 1/50 train_loss=0.187915 val_mse=0.211896 best_val=0.211896 patience=0/10
[2026-04-22 12:57:21] Step1-BaselineA-Weak | Epoch 2/50 train_loss=0.175467 val_mse=0.215138 best_val=0.211896 patience=1/10
[2026-04-22 12:57:25] Step1-BaselineA-Weak | Epoch 3/50 train_loss=0.173522 val_mse=0.194377 best_val=0.194377 patience=0/10
[2026-04-22 12:57:29] Step1-BaselineA-Weak | Epoch 4/50 train_loss=0.173259 val_mse=0.226916 best_val=0.194377 patience=1/10
[2026-04-22 12:57:32] Step1-BaselineA-Weak | Epoch 5/50 train_loss=0.170620 val_mse=0.232587 best_val=0.194377 patience=2/10
[2026-04-22 12:57:36] Step1-BaselineA-Weak | Epoch 6/50 train_loss=0.168643 val_mse=0.244179 best_val=0.194377 patience=3/10
[2026-04-22 12:57:39] Step1-BaselineA-Weak | Epoch 7/50 train_loss=0.168465 val_mse=0.243265 best_val=0.194377 patience=4/10
[2026-04-22 12:57:43] Step1-BaselineA-Weak | Epoch 8/50 train_loss=0.167395 val_mse=0.252851 best_val=0.194377 patience=5/10
[2026-04-22 12:57:46] Step1-BaselineA-Weak | Epoch 9/50 train_loss=0.166663 val_mse=0.248768 best_val=0.194377 patience=6/10
[2026-04-22 12:57:50] Step1-BaselineA-Weak | Epoch 10/50 train_loss=0.166083 val_mse=0.244118 best_val=0.194377 patience=7/10
[2026-04-22 12:57:53] Step1-BaselineA-Weak | Epoch 11/50 train_loss=0.165191 val_mse=0.241132 best_val=0.194377 patience=8/10
[2026-04-22 12:57:57] Step1-BaselineA-Weak | Epoch 12/50 train_loss=0.164986 val_mse=0.254131 best_val=0.194377 patience=9/10
[2026-04-22 12:58:01] Step1-BaselineA-Weak | Epoch 13/50 train_loss=0.164724 val_mse=0.242721 best_val=0.194377 patience=10/10
[2026-04-22 12:58:01] Step1-BaselineA-Weak | Early stop at epoch 13, best=3
[2026-04-22 12:58:01] Step1-BaselineA-Weak DONE | MSE=0.194377 RMSE=0.440882 MAE=0.412877 Pearson=0.742446 [best_epoch=3]
[2026-04-22 12:58:04] Step2-BaselineB-Strong | Epoch 1/50 train_loss=0.187363 val_mse=0.197564 best_val=0.197564 patience=0/10
[2026-04-22 12:58:08] Step2-BaselineB-Strong | Epoch 2/50 train_loss=0.172618 val_mse=0.226691 best_val=0.197564 patience=1/10
[2026-04-22 12:58:12] Step2-BaselineB-Strong | Epoch 3/50 train_loss=0.169660 val_mse=0.232405 best_val=0.197564 patience=2/10
[2026-04-22 12:58:16] Step2-BaselineB-Strong | Epoch 4/50 train_loss=0.167820 val_mse=0.251658 best_val=0.197564 patience=3/10
[2026-04-22 12:58:19] Step2-BaselineB-Strong | Epoch 5/50 train_loss=0.167237 val_mse=0.243748 best_val=0.197564 patience=4/10
[2026-04-22 12:58:23] Step2-BaselineB-Strong | Epoch 6/50 train_loss=0.165993 val_mse=0.254368 best_val=0.197564 patience=5/10
[2026-04-22 12:58:27] Step2-BaselineB-Strong | Epoch 7/50 train_loss=0.165229 val_mse=0.253533 best_val=0.197564 patience=6/10
[2026-04-22 12:58:31] Step2-BaselineB-Strong | Epoch 8/50 train_loss=0.164936 val_mse=0.244853 best_val=0.197564 patience=7/10
[2026-04-22 12:58:35] Step2-BaselineB-Strong | Epoch 9/50 train_loss=0.164837 val_mse=0.249136 best_val=0.197564 patience=8/10
[2026-04-22 12:58:38] Step2-BaselineB-Strong | Epoch 10/50 train_loss=0.163854 val_mse=0.260923 best_val=0.197564 patience=9/10
[2026-04-22 12:58:42] Step2-BaselineB-Strong | Epoch 11/50 train_loss=0.163724 val_mse=0.253312 best_val=0.197564 patience=10/10
[2026-04-22 12:58:42] Step2-BaselineB-Strong | Early stop at epoch 11, best=1
[2026-04-22 12:58:42] Step2-BaselineB-Strong DONE | MSE=0.197564 RMSE=0.444482 MAE=0.405096 Pearson=-0.043838 [best_epoch=1]
[2026-04-22 12:58:46] Step3-Ours-TCN | Epoch 1/50 train_loss=0.193236 val_mse=0.196755 best_val=0.196755 patience=0/10
[2026-04-22 12:58:50] Step3-Ours-TCN | Epoch 2/50 train_loss=0.174748 val_mse=0.201494 best_val=0.196755 patience=1/10
[2026-04-22 12:58:54] Step3-Ours-TCN | Epoch 3/50 train_loss=0.172520 val_mse=0.241172 best_val=0.196755 patience=2/10
[2026-04-22 12:58:58] Step3-Ours-TCN | Epoch 4/50 train_loss=0.169734 val_mse=0.243801 best_val=0.196755 patience=3/10
[2026-04-22 12:59:02] Step3-Ours-TCN | Epoch 5/50 train_loss=0.168393 val_mse=0.260743 best_val=0.196755 patience=4/10
[2026-04-22 12:59:06] Step3-Ours-TCN | Epoch 6/50 train_loss=0.167871 val_mse=0.250300 best_val=0.196755 patience=5/10
[2026-04-22 12:59:10] Step3-Ours-TCN | Epoch 7/50 train_loss=0.167316 val_mse=0.246643 best_val=0.196755 patience=6/10
[2026-04-22 12:59:14] Step3-Ours-TCN | Epoch 8/50 train_loss=0.167366 val_mse=0.253159 best_val=0.196755 patience=7/10
[2026-04-22 12:59:18] Step3-Ours-TCN | Epoch 9/50 train_loss=0.167169 val_mse=0.258567 best_val=0.196755 patience=8/10
[2026-04-22 12:59:22] Step3-Ours-TCN | Epoch 10/50 train_loss=0.166245 val_mse=0.242276 best_val=0.196755 patience=9/10
[2026-04-22 12:59:26] Step3-Ours-TCN | Epoch 11/50 train_loss=0.165646 val_mse=0.240647 best_val=0.196755 patience=10/10
[2026-04-22 12:59:26] Step3-Ours-TCN | Early stop at epoch 11, best=1
[2026-04-22 12:59:27] Step3-Ours-TCN DONE | MSE=0.196755 RMSE=0.443571 MAE=0.407710 Pearson=0.087688 [best_epoch=1]
[2026-04-22 12:59:31] Step5-Ablation1-woDualGating | Epoch 1/50 train_loss=0.157432 val_mse=0.205336 best_val=0.205336 patience=0/10
[2026-04-22 12:59:35] Step5-Ablation1-woDualGating | Epoch 2/50 train_loss=0.141770 val_mse=0.259316 best_val=0.205336 patience=1/10
[2026-04-22 12:59:39] Step5-Ablation1-woDualGating | Epoch 3/50 train_loss=0.133705 val_mse=0.202382 best_val=0.202382 patience=0/10
[2026-04-22 12:59:43] Step5-Ablation1-woDualGating | Epoch 4/50 train_loss=0.129606 val_mse=0.238686 best_val=0.202382 patience=1/10
[2026-04-22 12:59:47] Step5-Ablation1-woDualGating | Epoch 5/50 train_loss=0.124728 val_mse=0.222761 best_val=0.202382 patience=2/10
[2026-04-22 12:59:51] Step5-Ablation1-woDualGating | Epoch 6/50 train_loss=0.121221 val_mse=0.255745 best_val=0.202382 patience=3/10
[2026-04-22 12:59:55] Step5-Ablation1-woDualGating | Epoch 7/50 train_loss=0.119998 val_mse=0.107725 best_val=0.107725 patience=0/10
[2026-04-22 12:59:59] Step5-Ablation1-woDualGating | Epoch 8/50 train_loss=0.117059 val_mse=0.157946 best_val=0.107725 patience=1/10
[2026-04-22 13:00:03] Step5-Ablation1-woDualGating | Epoch 9/50 train_loss=0.113403 val_mse=0.172564 best_val=0.107725 patience=2/10
[2026-04-22 13:00:08] Step5-Ablation1-woDualGating | Epoch 10/50 train_loss=0.112728 val_mse=0.224531 best_val=0.107725 patience=3/10
[2026-04-22 13:00:12] Step5-Ablation1-woDualGating | Epoch 11/50 train_loss=0.108831 val_mse=0.224928 best_val=0.107725 patience=4/10
[2026-04-22 13:00:16] Step5-Ablation1-woDualGating | Epoch 12/50 train_loss=0.107337 val_mse=0.235478 best_val=0.107725 patience=5/10
[2026-04-22 13:00:20] Step5-Ablation1-woDualGating | Epoch 13/50 train_loss=0.105341 val_mse=0.257843 best_val=0.107725 patience=6/10
[2026-04-22 13:00:24] Step5-Ablation1-woDualGating | Epoch 14/50 train_loss=0.103531 val_mse=0.233715 best_val=0.107725 patience=7/10
[2026-04-22 13:00:28] Step5-Ablation1-woDualGating | Epoch 15/50 train_loss=0.101725 val_mse=0.232245 best_val=0.107725 patience=8/10
[2026-04-22 13:00:32] Step5-Ablation1-woDualGating | Epoch 16/50 train_loss=0.098553 val_mse=0.231317 best_val=0.107725 patience=9/10
[2026-04-22 13:00:36] Step5-Ablation1-woDualGating | Epoch 17/50 train_loss=0.097281 val_mse=0.194579 best_val=0.107725 patience=10/10
[2026-04-22 13:00:36] Step5-Ablation1-woDualGating | Early stop at epoch 17, best=7
[2026-04-22 13:00:36] Step5-Ablation1-woDualGating DONE | MSE=0.107725 RMSE=0.328215 MAE=0.306630 Pearson=0.739313 [best_epoch=7]
[2026-04-22 13:00:40] Step6-Ablation2-woTCMPrior | Epoch 1/50 train_loss=0.165772 val_mse=0.211341 best_val=0.211341 patience=0/10
[2026-04-22 13:00:44] Step6-Ablation2-woTCMPrior | Epoch 2/50 train_loss=0.146416 val_mse=0.223841 best_val=0.211341 patience=1/10
[2026-04-22 13:00:48] Step6-Ablation2-woTCMPrior | Epoch 3/50 train_loss=0.138154 val_mse=0.220383 best_val=0.211341 patience=2/10
[2026-04-22 13:00:52] Step6-Ablation2-woTCMPrior | Epoch 4/50 train_loss=0.133542 val_mse=0.179840 best_val=0.179840 patience=0/10
[2026-04-22 13:00:56] Step6-Ablation2-woTCMPrior | Epoch 5/50 train_loss=0.130744 val_mse=0.204229 best_val=0.179840 patience=1/10
[2026-04-22 13:01:00] Step6-Ablation2-woTCMPrior | Epoch 6/50 train_loss=0.130237 val_mse=0.257560 best_val=0.179840 patience=2/10
[2026-04-22 13:01:04] Step6-Ablation2-woTCMPrior | Epoch 7/50 train_loss=0.127018 val_mse=0.179882 best_val=0.179840 patience=3/10
[2026-04-22 13:01:08] Step6-Ablation2-woTCMPrior | Epoch 8/50 train_loss=0.124457 val_mse=0.211155 best_val=0.179840 patience=4/10
[2026-04-22 13:01:12] Step6-Ablation2-woTCMPrior | Epoch 9/50 train_loss=0.124934 val_mse=0.179316 best_val=0.179316 patience=0/10
[2026-04-22 13:01:16] Step6-Ablation2-woTCMPrior | Epoch 10/50 train_loss=0.121911 val_mse=0.278611 best_val=0.179316 patience=1/10
[2026-04-22 13:01:20] Step6-Ablation2-woTCMPrior | Epoch 11/50 train_loss=0.122170 val_mse=0.223752 best_val=0.179316 patience=2/10
[2026-04-22 13:01:24] Step6-Ablation2-woTCMPrior | Epoch 12/50 train_loss=0.120629 val_mse=0.244089 best_val=0.179316 patience=3/10
[2026-04-22 13:01:28] Step6-Ablation2-woTCMPrior | Epoch 13/50 train_loss=0.120333 val_mse=0.273624 best_val=0.179316 patience=4/10
[2026-04-22 13:01:32] Step6-Ablation2-woTCMPrior | Epoch 14/50 train_loss=0.118529 val_mse=0.237106 best_val=0.179316 patience=5/10
[2026-04-22 13:01:36] Step6-Ablation2-woTCMPrior | Epoch 15/50 train_loss=0.117424 val_mse=0.230255 best_val=0.179316 patience=6/10
[2026-04-22 13:01:40] Step6-Ablation2-woTCMPrior | Epoch 16/50 train_loss=0.116432 val_mse=0.235453 best_val=0.179316 patience=7/10
[2026-04-22 13:01:44] Step6-Ablation2-woTCMPrior | Epoch 17/50 train_loss=0.115380 val_mse=0.189835 best_val=0.179316 patience=8/10
[2026-04-22 13:01:48] Step6-Ablation2-woTCMPrior | Epoch 18/50 train_loss=0.115200 val_mse=0.254323 best_val=0.179316 patience=9/10
[2026-04-22 13:01:52] Step6-Ablation2-woTCMPrior | Epoch 19/50 train_loss=0.115312 val_mse=0.194731 best_val=0.179316 patience=10/10
[2026-04-22 13:01:52] Step6-Ablation2-woTCMPrior | Early stop at epoch 19, best=9
[2026-04-22 13:01:52] Step6-Ablation2-woTCMPrior DONE | MSE=0.179316 RMSE=0.423458 MAE=0.385549 Pearson=0.321844 [best_epoch=9]
[2026-04-22 13:01:57] Step7-Ablation3-woTCMGate | Epoch 1/50 train_loss=0.154622 val_mse=0.227992 best_val=0.227992 patience=0/10
[2026-04-22 13:02:01] Step7-Ablation3-woTCMGate | Epoch 2/50 train_loss=0.131736 val_mse=0.253880 best_val=0.227992 patience=1/10
[2026-04-22 13:02:05] Step7-Ablation3-woTCMGate | Epoch 3/50 train_loss=0.126055 val_mse=0.194678 best_val=0.194678 patience=0/10
[2026-04-22 13:02:09] Step7-Ablation3-woTCMGate | Epoch 4/50 train_loss=0.122991 val_mse=0.208998 best_val=0.194678 patience=1/10
[2026-04-22 13:02:13] Step7-Ablation3-woTCMGate | Epoch 5/50 train_loss=0.119560 val_mse=0.221892 best_val=0.194678 patience=2/10
[2026-04-22 13:02:17] Step7-Ablation3-woTCMGate | Epoch 6/50 train_loss=0.115983 val_mse=0.227946 best_val=0.194678 patience=3/10
[2026-04-22 13:02:22] Step7-Ablation3-woTCMGate | Epoch 7/50 train_loss=0.113274 val_mse=0.205676 best_val=0.194678 patience=4/10
[2026-04-22 13:02:26] Step7-Ablation3-woTCMGate | Epoch 8/50 train_loss=0.111482 val_mse=0.211894 best_val=0.194678 patience=5/10
[2026-04-22 13:02:30] Step7-Ablation3-woTCMGate | Epoch 9/50 train_loss=0.108224 val_mse=0.230716 best_val=0.194678 patience=6/10
[2026-04-22 13:02:34] Step7-Ablation3-woTCMGate | Epoch 10/50 train_loss=0.106684 val_mse=0.212732 best_val=0.194678 patience=7/10
[2026-04-22 13:02:38] Step7-Ablation3-woTCMGate | Epoch 11/50 train_loss=0.104864 val_mse=0.201527 best_val=0.194678 patience=8/10
[2026-04-22 13:02:42] Step7-Ablation3-woTCMGate | Epoch 12/50 train_loss=0.104287 val_mse=0.145974 best_val=0.145974 patience=0/10
[2026-04-22 13:02:46] Step7-Ablation3-woTCMGate | Epoch 13/50 train_loss=0.101494 val_mse=0.232452 best_val=0.145974 patience=1/10
[2026-04-22 13:02:51] Step7-Ablation3-woTCMGate | Epoch 14/50 train_loss=0.100338 val_mse=0.244156 best_val=0.145974 patience=2/10
[2026-04-22 13:02:55] Step7-Ablation3-woTCMGate | Epoch 15/50 train_loss=0.099442 val_mse=0.203702 best_val=0.145974 patience=3/10
[2026-04-22 13:02:59] Step7-Ablation3-woTCMGate | Epoch 16/50 train_loss=0.098796 val_mse=0.249580 best_val=0.145974 patience=4/10
[2026-04-22 13:03:03] Step7-Ablation3-woTCMGate | Epoch 17/50 train_loss=0.096338 val_mse=0.246938 best_val=0.145974 patience=5/10
[2026-04-22 13:03:07] Step7-Ablation3-woTCMGate | Epoch 18/50 train_loss=0.097495 val_mse=0.248648 best_val=0.145974 patience=6/10
[2026-04-22 13:03:11] Step7-Ablation3-woTCMGate | Epoch 19/50 train_loss=0.095876 val_mse=0.231213 best_val=0.145974 patience=7/10
[2026-04-22 13:03:16] Step7-Ablation3-woTCMGate | Epoch 20/50 train_loss=0.094676 val_mse=0.168785 best_val=0.145974 patience=8/10
[2026-04-22 13:03:20] Step7-Ablation3-woTCMGate | Epoch 21/50 train_loss=0.093891 val_mse=0.298266 best_val=0.145974 patience=9/10
[2026-04-22 13:03:24] Step7-Ablation3-woTCMGate | Epoch 22/50 train_loss=0.093100 val_mse=0.270426 best_val=0.145974 patience=10/10
[2026-04-22 13:03:24] Step7-Ablation3-woTCMGate | Early stop at epoch 22, best=12
[2026-04-22 13:03:24] Step7-Ablation3-woTCMGate DONE | MSE=0.145974 RMSE=0.382066 MAE=0.347233 Pearson=0.508590 [best_epoch=12]
[2026-04-22 13:03:24] >>> Final Ours stabilized hparams: HyperParams(lr=0.00035, weight_decay=1e-05, batch_size=32)
[2026-04-22 13:03:29] Step8-FinalOurs | Epoch 1/50 train_loss=0.156367 val_mse=0.166227 best_val=0.166227 patience=0/10
[2026-04-22 13:03:33] Step8-FinalOurs | Epoch 2/50 train_loss=0.134070 val_mse=0.206503 best_val=0.166227 patience=1/10
[2026-04-22 13:03:37] Step8-FinalOurs | Epoch 3/50 train_loss=0.128296 val_mse=0.200538 best_val=0.166227 patience=2/10
[2026-04-22 13:03:42] Step8-FinalOurs | Epoch 4/50 train_loss=0.124817 val_mse=0.208244 best_val=0.166227 patience=3/10
[2026-04-22 13:03:46] Step8-FinalOurs | Epoch 5/50 train_loss=0.122163 val_mse=0.177441 best_val=0.166227 patience=4/10
[2026-04-22 13:03:50] Step8-FinalOurs | Epoch 6/50 train_loss=0.118470 val_mse=0.209024 best_val=0.166227 patience=5/10
[2026-04-22 13:03:55] Step8-FinalOurs | Epoch 7/50 train_loss=0.115041 val_mse=0.143494 best_val=0.143494 patience=0/10
[2026-04-22 13:03:59] Step8-FinalOurs | Epoch 8/50 train_loss=0.112697 val_mse=0.179393 best_val=0.143494 patience=1/10
[2026-04-22 13:04:03] Step8-FinalOurs | Epoch 9/50 train_loss=0.109674 val_mse=0.182963 best_val=0.143494 patience=2/10
[2026-04-22 13:04:07] Step8-FinalOurs | Epoch 10/50 train_loss=0.108176 val_mse=0.157879 best_val=0.143494 patience=3/10
[2026-04-22 13:04:12] Step8-FinalOurs | Epoch 11/50 train_loss=0.105609 val_mse=0.204688 best_val=0.143494 patience=4/10
[2026-04-22 13:04:16] Step8-FinalOurs | Epoch 12/50 train_loss=0.103705 val_mse=0.184964 best_val=0.143494 patience=5/10
[2026-04-22 13:04:21] Step8-FinalOurs | Epoch 13/50 train_loss=0.101181 val_mse=0.212044 best_val=0.143494 patience=6/10
[2026-04-22 13:04:25] Step8-FinalOurs | Epoch 14/50 train_loss=0.097952 val_mse=0.179638 best_val=0.143494 patience=7/10
[2026-04-22 13:04:29] Step8-FinalOurs | Epoch 15/50 train_loss=0.098450 val_mse=0.193236 best_val=0.143494 patience=8/10
[2026-04-22 13:04:33] Step8-FinalOurs | Epoch 16/50 train_loss=0.097087 val_mse=0.148436 best_val=0.143494 patience=9/10
[2026-04-22 13:04:38] Step8-FinalOurs | Epoch 17/50 train_loss=0.094279 val_mse=0.192016 best_val=0.143494 patience=10/10
[2026-04-22 13:04:38] Step8-FinalOurs | Early stop at epoch 17, best=7
[2026-04-22 13:04:38] Step8-FinalOurs DONE | MSE=0.143494 RMSE=0.378806 MAE=0.349905 Pearson=0.528212 [best_epoch=7]
[2026-04-22 13:04:38] >>> Saved final model to /root/work/MulitiModal/checkpoints/best_model.pth

===== Stage 2 Chosen Hyper-Parameters =====
HyperParams(lr=0.0005, weight_decay=1e-05, batch_size=32)
===========================================

Step8 tuned controls: gate_b_scale=0.100, final_lr_mult=0.700
===== Final 9-Step best_val_mse List =====
Step 1: Baseline A -> best_val_mse=0.19437658786773682
Step 2: Baseline B -> best_val_mse=0.19756396114826202
Step 3: Ours-TCN -> best_val_mse=0.1967553049325943
Step 4: Encoder Selection -> best_val_mse=None
Step 5: w/o Dual Gating -> best_val_mse=0.10772519558668137
Step 6: w/o TCM Prior -> best_val_mse=0.17931635677814484
Step 7: w/o TCM_Gate -> best_val_mse=0.1459740698337555
Step 8: Final Ours -> best_val_mse=0.14349375665187836
Step 9: Plotting -> best_val_mse=None
===========================================
[2026-04-22 13:04:39] >>> Experiment flow completed. Summary saved to /root/work/MulitiModal/results/loso_folds/experiments_summary_S5.json
[2026-04-22 13:04:40] >>> LOSO fold holdout=S6
[2026-04-22 13:04:43] >>> Runner signature: RUN_EXPERIMENTS_V2_LOSO_GUARDED | file=/root/work/MulitiModal/run_experiments.py | mtime=2026-04-22 10:20:26
[2026-04-22 13:04:43] >>> Loading WESAD dataset from /root/work/MulitiModal/data/wesad
Subject S10: Age=28.0, Gender=1, BMI=24.0, HR=64.2
Subject S11: Age=26.0, Gender=0, BMI=18.5, HR=63.9
Subject S13: Age=28.0, Gender=1, BMI=25.0, HR=65.6
Subject S14: Age=27.0, Gender=1, BMI=24.7, HR=64.9
Subject S15: Age=28.0, Gender=1, BMI=24.0, HR=66.7
Subject S16: Age=24.0, Gender=1, BMI=20.4, HR=63.5
Subject S17: Age=29.0, Gender=0, BMI=20.2, HR=61.3
Subject S2: Age=27.0, Gender=1, BMI=26.1, HR=64.6
Subject S3: Age=27.0, Gender=1, BMI=23.1, HR=58.7
Subject S4: Age=25.0, Gender=1, BMI=29.4, HR=60.0
Subject S5: Age=35.0, Gender=1, BMI=22.4, HR=62.6
Subject S6: Age=27.0, Gender=1, BMI=22.8, HR=62.9
Subject S7: Age=28.0, Gender=1, BMI=21.9, HR=62.3
Subject S8: Age=27.0, Gender=0, BMI=21.6, HR=64.3
Subject S9: Age=26.0, Gender=1, BMI=22.9, HR=68.1
[2026-04-22 13:05:35] >>> WESAD loaded. total_windows=46324
[2026-04-22 13:05:35] >>> Gate scales: gate_a_scale=0.600, gate_b_scale=0.350
[2026-04-22 13:05:35] >>> Split ready (protocol=loso): train_windows=43247 val_windows=3077 train_subjects=14 val_subjects=1
[2026-04-22 13:05:35] >>> TCM checkpoint resolved to: /root/work/MulitiModal/checkpoints/best_model.pth
[2026-04-22 13:05:35] >>> TCM scaler resolved to: /root/work/MulitiModal/tcm_ft_transformer/scaler_params.npz
/usr/local/miniconda3/envs/py312/lib/python3.12/site-packages/torch/nn/modules/transformer.py:392: UserWarning: enable_nested_tensor is True, but self.use_nested_tensor is False because encoder_layer.norm_first was True
  warnings.warn(
[2026-04-22 13:05:35] >>> Stage 1 skipped (fixed_encoder=inceptiontime)
[2026-04-22 13:05:35] >>> Stage 2: hyper-parameter reset/tuning for encoder=inceptiontime
[2026-04-22 13:05:35] >>> Using override params: HyperParams(lr=0.0005, weight_decay=1e-05, batch_size=32)
[2026-04-22 13:05:35] >>> Running Step8-focused sweep (epochs=20)
[2026-04-22 13:05:41] Sweep-Step8-gb0.100-lm0.500 | Epoch 1/20 train_loss=0.174285 val_mse=0.164836 best_val=0.164836 patience=0/10
[2026-04-22 13:05:46] Sweep-Step8-gb0.100-lm0.500 | Epoch 2/20 train_loss=0.145528 val_mse=0.167785 best_val=0.164836 patience=1/10
[2026-04-22 13:05:50] Sweep-Step8-gb0.100-lm0.500 | Epoch 3/20 train_loss=0.138435 val_mse=0.164789 best_val=0.164789 patience=0/10
[2026-04-22 13:05:54] Sweep-Step8-gb0.100-lm0.500 | Epoch 4/20 train_loss=0.133888 val_mse=0.141096 best_val=0.141096 patience=0/10
[2026-04-22 13:05:58] Sweep-Step8-gb0.100-lm0.500 | Epoch 5/20 train_loss=0.131785 val_mse=0.129219 best_val=0.129219 patience=0/10
[2026-04-22 13:06:03] Sweep-Step8-gb0.100-lm0.500 | Epoch 6/20 train_loss=0.129136 val_mse=0.146413 best_val=0.129219 patience=1/10
[2026-04-22 13:06:07] Sweep-Step8-gb0.100-lm0.500 | Epoch 7/20 train_loss=0.126143 val_mse=0.135854 best_val=0.129219 patience=2/10
[2026-04-22 13:06:11] Sweep-Step8-gb0.100-lm0.500 | Epoch 8/20 train_loss=0.124496 val_mse=0.158873 best_val=0.129219 patience=3/10
[2026-04-22 13:06:16] Sweep-Step8-gb0.100-lm0.500 | Epoch 9/20 train_loss=0.123751 val_mse=0.145119 best_val=0.129219 patience=4/10
[2026-04-22 13:06:20] Sweep-Step8-gb0.100-lm0.500 | Epoch 10/20 train_loss=0.121213 val_mse=0.135874 best_val=0.129219 patience=5/10
[2026-04-22 13:06:24] Sweep-Step8-gb0.100-lm0.500 | Epoch 11/20 train_loss=0.118511 val_mse=0.168318 best_val=0.129219 patience=6/10
[2026-04-22 13:06:29] Sweep-Step8-gb0.100-lm0.500 | Epoch 12/20 train_loss=0.117528 val_mse=0.170034 best_val=0.129219 patience=7/10
[2026-04-22 13:06:33] Sweep-Step8-gb0.100-lm0.500 | Epoch 13/20 train_loss=0.116633 val_mse=0.180222 best_val=0.129219 patience=8/10
[2026-04-22 13:06:37] Sweep-Step8-gb0.100-lm0.500 | Epoch 14/20 train_loss=0.114716 val_mse=0.167307 best_val=0.129219 patience=9/10
[2026-04-22 13:06:42] Sweep-Step8-gb0.100-lm0.500 | Epoch 15/20 train_loss=0.113513 val_mse=0.157127 best_val=0.129219 patience=10/10
[2026-04-22 13:06:42] Sweep-Step8-gb0.100-lm0.500 | Early stop at epoch 15, best=5
[2026-04-22 13:06:42] Sweep-Step8-gb0.100-lm0.500 DONE | MSE=0.129219 RMSE=0.359471 MAE=0.330919 Pearson=0.707796 [best_epoch=5]
[2026-04-22 13:06:46] Sweep-Step8-gb0.100-lm0.700 | Epoch 1/20 train_loss=0.159085 val_mse=0.143041 best_val=0.143041 patience=0/10
[2026-04-22 13:06:51] Sweep-Step8-gb0.100-lm0.700 | Epoch 2/20 train_loss=0.136882 val_mse=0.141971 best_val=0.141971 patience=0/10
[2026-04-22 13:06:55] Sweep-Step8-gb0.100-lm0.700 | Epoch 3/20 train_loss=0.132235 val_mse=0.137347 best_val=0.137347 patience=0/10
[2026-04-22 13:06:59] Sweep-Step8-gb0.100-lm0.700 | Epoch 4/20 train_loss=0.128507 val_mse=0.156319 best_val=0.137347 patience=1/10
[2026-04-22 13:07:04] Sweep-Step8-gb0.100-lm0.700 | Epoch 5/20 train_loss=0.125254 val_mse=0.134591 best_val=0.134591 patience=0/10
[2026-04-22 13:07:08] Sweep-Step8-gb0.100-lm0.700 | Epoch 6/20 train_loss=0.122290 val_mse=0.143153 best_val=0.134591 patience=1/10
[2026-04-22 13:07:12] Sweep-Step8-gb0.100-lm0.700 | Epoch 7/20 train_loss=0.121205 val_mse=0.160903 best_val=0.134591 patience=2/10
[2026-04-22 13:07:17] Sweep-Step8-gb0.100-lm0.700 | Epoch 8/20 train_loss=0.118354 val_mse=0.144275 best_val=0.134591 patience=3/10
[2026-04-22 13:07:21] Sweep-Step8-gb0.100-lm0.700 | Epoch 9/20 train_loss=0.115490 val_mse=0.126934 best_val=0.126934 patience=0/10
[2026-04-22 13:07:25] Sweep-Step8-gb0.100-lm0.700 | Epoch 10/20 train_loss=0.114327 val_mse=0.144512 best_val=0.126934 patience=1/10
[2026-04-22 13:07:30] Sweep-Step8-gb0.100-lm0.700 | Epoch 11/20 train_loss=0.111551 val_mse=0.158718 best_val=0.126934 patience=2/10
[2026-04-22 13:07:34] Sweep-Step8-gb0.100-lm0.700 | Epoch 12/20 train_loss=0.111145 val_mse=0.135671 best_val=0.126934 patience=3/10
[2026-04-22 13:07:38] Sweep-Step8-gb0.100-lm0.700 | Epoch 13/20 train_loss=0.108096 val_mse=0.150520 best_val=0.126934 patience=4/10
[2026-04-22 13:07:43] Sweep-Step8-gb0.100-lm0.700 | Epoch 14/20 train_loss=0.106699 val_mse=0.148262 best_val=0.126934 patience=5/10
[2026-04-22 13:07:47] Sweep-Step8-gb0.100-lm0.700 | Epoch 15/20 train_loss=0.106135 val_mse=0.181034 best_val=0.126934 patience=6/10
[2026-04-22 13:07:51] Sweep-Step8-gb0.100-lm0.700 | Epoch 16/20 train_loss=0.104721 val_mse=0.142532 best_val=0.126934 patience=7/10
[2026-04-22 13:07:55] Sweep-Step8-gb0.100-lm0.700 | Epoch 17/20 train_loss=0.102726 val_mse=0.138104 best_val=0.126934 patience=8/10
[2026-04-22 13:08:00] Sweep-Step8-gb0.100-lm0.700 | Epoch 18/20 train_loss=0.101930 val_mse=0.169192 best_val=0.126934 patience=9/10
[2026-04-22 13:08:04] Sweep-Step8-gb0.100-lm0.700 | Epoch 19/20 train_loss=0.101236 val_mse=0.152877 best_val=0.126934 patience=10/10
[2026-04-22 13:08:04] Sweep-Step8-gb0.100-lm0.700 | Early stop at epoch 19, best=9
[2026-04-22 13:08:04] Sweep-Step8-gb0.100-lm0.700 DONE | MSE=0.126934 RMSE=0.356279 MAE=0.315699 Pearson=0.641708 [best_epoch=9]
[2026-04-22 13:08:09] Sweep-Step8-gb0.350-lm0.500 | Epoch 1/20 train_loss=0.177366 val_mse=0.154627 best_val=0.154627 patience=0/10
[2026-04-22 13:08:13] Sweep-Step8-gb0.350-lm0.500 | Epoch 2/20 train_loss=0.146518 val_mse=0.158839 best_val=0.154627 patience=1/10
[2026-04-22 13:08:17] Sweep-Step8-gb0.350-lm0.500 | Epoch 3/20 train_loss=0.137876 val_mse=0.165865 best_val=0.154627 patience=2/10
[2026-04-22 13:08:22] Sweep-Step8-gb0.350-lm0.500 | Epoch 4/20 train_loss=0.133732 val_mse=0.143280 best_val=0.143280 patience=0/10
[2026-04-22 13:08:26] Sweep-Step8-gb0.350-lm0.500 | Epoch 5/20 train_loss=0.129786 val_mse=0.135872 best_val=0.135872 patience=0/10
[2026-04-22 13:08:30] Sweep-Step8-gb0.350-lm0.500 | Epoch 6/20 train_loss=0.126508 val_mse=0.157963 best_val=0.135872 patience=1/10
[2026-04-22 13:08:35] Sweep-Step8-gb0.350-lm0.500 | Epoch 7/20 train_loss=0.125472 val_mse=0.161844 best_val=0.135872 patience=2/10
[2026-04-22 13:08:39] Sweep-Step8-gb0.350-lm0.500 | Epoch 8/20 train_loss=0.121233 val_mse=0.182468 best_val=0.135872 patience=3/10
[2026-04-22 13:08:43] Sweep-Step8-gb0.350-lm0.500 | Epoch 9/20 train_loss=0.119394 val_mse=0.171512 best_val=0.135872 patience=4/10
[2026-04-22 13:08:48] Sweep-Step8-gb0.350-lm0.500 | Epoch 10/20 train_loss=0.118576 val_mse=0.160895 best_val=0.135872 patience=5/10
[2026-04-22 13:08:52] Sweep-Step8-gb0.350-lm0.500 | Epoch 11/20 train_loss=0.116352 val_mse=0.166825 best_val=0.135872 patience=6/10
[2026-04-22 13:08:56] Sweep-Step8-gb0.350-lm0.500 | Epoch 12/20 train_loss=0.115585 val_mse=0.155059 best_val=0.135872 patience=7/10
[2026-04-22 13:09:01] Sweep-Step8-gb0.350-lm0.500 | Epoch 13/20 train_loss=0.113445 val_mse=0.194566 best_val=0.135872 patience=8/10
[2026-04-22 13:09:05] Sweep-Step8-gb0.350-lm0.500 | Epoch 14/20 train_loss=0.111768 val_mse=0.175197 best_val=0.135872 patience=9/10
[2026-04-22 13:09:09] Sweep-Step8-gb0.350-lm0.500 | Epoch 15/20 train_loss=0.111259 val_mse=0.169479 best_val=0.135872 patience=10/10
[2026-04-22 13:09:09] Sweep-Step8-gb0.350-lm0.500 | Early stop at epoch 15, best=5
[2026-04-22 13:09:09] Sweep-Step8-gb0.350-lm0.500 DONE | MSE=0.135872 RMSE=0.368609 MAE=0.330532 Pearson=0.624497 [best_epoch=5]
[2026-04-22 13:09:14] Sweep-Step8-gb0.350-lm0.700 | Epoch 1/20 train_loss=0.159726 val_mse=0.145507 best_val=0.145507 patience=0/10
[2026-04-22 13:09:18] Sweep-Step8-gb0.350-lm0.700 | Epoch 2/20 train_loss=0.136348 val_mse=0.151678 best_val=0.145507 patience=1/10
[2026-04-22 13:09:22] Sweep-Step8-gb0.350-lm0.700 | Epoch 3/20 train_loss=0.130641 val_mse=0.125071 best_val=0.125071 patience=0/10
[2026-04-22 13:09:27] Sweep-Step8-gb0.350-lm0.700 | Epoch 4/20 train_loss=0.127040 val_mse=0.145143 best_val=0.125071 patience=1/10
[2026-04-22 13:09:31] Sweep-Step8-gb0.350-lm0.700 | Epoch 5/20 train_loss=0.123015 val_mse=0.119420 best_val=0.119420 patience=0/10
[2026-04-22 13:09:35] Sweep-Step8-gb0.350-lm0.700 | Epoch 6/20 train_loss=0.122317 val_mse=0.131467 best_val=0.119420 patience=1/10
[2026-04-22 13:09:40] Sweep-Step8-gb0.350-lm0.700 | Epoch 7/20 train_loss=0.119393 val_mse=0.103444 best_val=0.103444 patience=0/10
[2026-04-22 13:09:44] Sweep-Step8-gb0.350-lm0.700 | Epoch 8/20 train_loss=0.117874 val_mse=0.135372 best_val=0.103444 patience=1/10
[2026-04-22 13:09:48] Sweep-Step8-gb0.350-lm0.700 | Epoch 9/20 train_loss=0.115249 val_mse=0.134270 best_val=0.103444 patience=2/10
[2026-04-22 13:09:53] Sweep-Step8-gb0.350-lm0.700 | Epoch 10/20 train_loss=0.114637 val_mse=0.154731 best_val=0.103444 patience=3/10
[2026-04-22 13:09:57] Sweep-Step8-gb0.350-lm0.700 | Epoch 11/20 train_loss=0.112266 val_mse=0.145715 best_val=0.103444 patience=4/10
[2026-04-22 13:10:01] Sweep-Step8-gb0.350-lm0.700 | Epoch 12/20 train_loss=0.112477 val_mse=0.153859 best_val=0.103444 patience=5/10
[2026-04-22 13:10:05] Sweep-Step8-gb0.350-lm0.700 | Epoch 13/20 train_loss=0.110666 val_mse=0.132078 best_val=0.103444 patience=6/10
[2026-04-22 13:10:10] Sweep-Step8-gb0.350-lm0.700 | Epoch 14/20 train_loss=0.108343 val_mse=0.149357 best_val=0.103444 patience=7/10
[2026-04-22 13:10:14] Sweep-Step8-gb0.350-lm0.700 | Epoch 15/20 train_loss=0.108917 val_mse=0.155137 best_val=0.103444 patience=8/10
[2026-04-22 13:10:18] Sweep-Step8-gb0.350-lm0.700 | Epoch 16/20 train_loss=0.106872 val_mse=0.139558 best_val=0.103444 patience=9/10
[2026-04-22 13:10:23] Sweep-Step8-gb0.350-lm0.700 | Epoch 17/20 train_loss=0.106219 val_mse=0.185163 best_val=0.103444 patience=10/10
[2026-04-22 13:10:23] Sweep-Step8-gb0.350-lm0.700 | Early stop at epoch 17, best=7
[2026-04-22 13:10:23] Sweep-Step8-gb0.350-lm0.700 DONE | MSE=0.103444 RMSE=0.321627 MAE=0.286772 Pearson=0.758601 [best_epoch=7]
[2026-04-22 13:10:23] >>> Sweep best: gate_b_scale=0.350, final_lr_mult=0.700, mse=0.103444
[2026-04-22 13:10:23] >>> Stage 3: running 9-step matrix with fixed best params
[2026-04-22 13:10:27] Step1-BaselineA-Weak | Epoch 1/50 train_loss=0.184576 val_mse=0.200331 best_val=0.200331 patience=0/10
[2026-04-22 13:10:30] Step1-BaselineA-Weak | Epoch 2/50 train_loss=0.174956 val_mse=0.200697 best_val=0.200331 patience=1/10
[2026-04-22 13:10:34] Step1-BaselineA-Weak | Epoch 3/50 train_loss=0.173523 val_mse=0.190328 best_val=0.190328 patience=0/10
[2026-04-22 13:10:37] Step1-BaselineA-Weak | Epoch 4/50 train_loss=0.172981 val_mse=0.188937 best_val=0.188937 patience=0/10
[2026-04-22 13:10:41] Step1-BaselineA-Weak | Epoch 5/50 train_loss=0.171098 val_mse=0.193617 best_val=0.188937 patience=1/10
[2026-04-22 13:10:44] Step1-BaselineA-Weak | Epoch 6/50 train_loss=0.169396 val_mse=0.196809 best_val=0.188937 patience=2/10
[2026-04-22 13:10:48] Step1-BaselineA-Weak | Epoch 7/50 train_loss=0.167621 val_mse=0.200596 best_val=0.188937 patience=3/10
[2026-04-22 13:10:52] Step1-BaselineA-Weak | Epoch 8/50 train_loss=0.167563 val_mse=0.203516 best_val=0.188937 patience=4/10
[2026-04-22 13:10:55] Step1-BaselineA-Weak | Epoch 9/50 train_loss=0.166842 val_mse=0.200350 best_val=0.188937 patience=5/10
[2026-04-22 13:10:59] Step1-BaselineA-Weak | Epoch 10/50 train_loss=0.165970 val_mse=0.202187 best_val=0.188937 patience=6/10
[2026-04-22 13:11:02] Step1-BaselineA-Weak | Epoch 11/50 train_loss=0.165277 val_mse=0.201250 best_val=0.188937 patience=7/10
[2026-04-22 13:11:06] Step1-BaselineA-Weak | Epoch 12/50 train_loss=0.165308 val_mse=0.204062 best_val=0.188937 patience=8/10
[2026-04-22 13:11:10] Step1-BaselineA-Weak | Epoch 13/50 train_loss=0.164567 val_mse=0.205837 best_val=0.188937 patience=9/10
[2026-04-22 13:11:13] Step1-BaselineA-Weak | Epoch 14/50 train_loss=0.164341 val_mse=0.204690 best_val=0.188937 patience=10/10
[2026-04-22 13:11:13] Step1-BaselineA-Weak | Early stop at epoch 14, best=4
[2026-04-22 13:11:13] Step1-BaselineA-Weak DONE | MSE=0.188937 RMSE=0.434669 MAE=0.403448 Pearson=0.765782 [best_epoch=4]
[2026-04-22 13:11:17] Step2-BaselineB-Strong | Epoch 1/50 train_loss=0.190057 val_mse=0.199054 best_val=0.199054 patience=0/10
[2026-04-22 13:11:21] Step2-BaselineB-Strong | Epoch 2/50 train_loss=0.174017 val_mse=0.186375 best_val=0.186375 patience=0/10
[2026-04-22 13:11:25] Step2-BaselineB-Strong | Epoch 3/50 train_loss=0.172869 val_mse=0.204311 best_val=0.186375 patience=1/10
[2026-04-22 13:11:28] Step2-BaselineB-Strong | Epoch 4/50 train_loss=0.173700 val_mse=0.193783 best_val=0.186375 patience=2/10
[2026-04-22 13:11:32] Step2-BaselineB-Strong | Epoch 5/50 train_loss=0.172768 val_mse=0.193020 best_val=0.186375 patience=3/10
[2026-04-22 13:11:36] Step2-BaselineB-Strong | Epoch 6/50 train_loss=0.172487 val_mse=0.189710 best_val=0.186375 patience=4/10
[2026-04-22 13:11:40] Step2-BaselineB-Strong | Epoch 7/50 train_loss=0.172330 val_mse=0.192380 best_val=0.186375 patience=5/10
[2026-04-22 13:11:43] Step2-BaselineB-Strong | Epoch 8/50 train_loss=0.171881 val_mse=0.199511 best_val=0.186375 patience=6/10
[2026-04-22 13:11:47] Step2-BaselineB-Strong | Epoch 9/50 train_loss=0.171387 val_mse=0.196590 best_val=0.186375 patience=7/10
[2026-04-22 13:11:51] Step2-BaselineB-Strong | Epoch 10/50 train_loss=0.171093 val_mse=0.202113 best_val=0.186375 patience=8/10
[2026-04-22 13:11:54] Step2-BaselineB-Strong | Epoch 11/50 train_loss=0.170627 val_mse=0.193975 best_val=0.186375 patience=9/10
[2026-04-22 13:11:58] Step2-BaselineB-Strong | Epoch 12/50 train_loss=0.170850 val_mse=0.191401 best_val=0.186375 patience=10/10
[2026-04-22 13:11:58] Step2-BaselineB-Strong | Early stop at epoch 12, best=2
[2026-04-22 13:11:58] Step2-BaselineB-Strong DONE | MSE=0.186375 RMSE=0.431712 MAE=0.403439 Pearson=0.778558 [best_epoch=2]
[2026-04-22 13:12:02] Step3-Ours-TCN | Epoch 1/50 train_loss=0.194157 val_mse=0.201197 best_val=0.201197 patience=0/10
[2026-04-22 13:12:06] Step3-Ours-TCN | Epoch 2/50 train_loss=0.176217 val_mse=0.192693 best_val=0.192693 patience=0/10
[2026-04-22 13:12:10] Step3-Ours-TCN | Epoch 3/50 train_loss=0.174523 val_mse=0.184330 best_val=0.184330 patience=0/10
[2026-04-22 13:12:14] Step3-Ours-TCN | Epoch 4/50 train_loss=0.172658 val_mse=0.199016 best_val=0.184330 patience=1/10
[2026-04-22 13:12:18] Step3-Ours-TCN | Epoch 5/50 train_loss=0.170421 val_mse=0.200390 best_val=0.184330 patience=2/10
[2026-04-22 13:12:22] Step3-Ours-TCN | Epoch 6/50 train_loss=0.170359 val_mse=0.207849 best_val=0.184330 patience=3/10
[2026-04-22 13:12:26] Step3-Ours-TCN | Epoch 7/50 train_loss=0.169245 val_mse=0.203210 best_val=0.184330 patience=4/10
[2026-04-22 13:12:30] Step3-Ours-TCN | Epoch 8/50 train_loss=0.169282 val_mse=0.200969 best_val=0.184330 patience=5/10
[2026-04-22 13:12:34] Step3-Ours-TCN | Epoch 9/50 train_loss=0.169025 val_mse=0.201964 best_val=0.184330 patience=6/10
[2026-04-22 13:12:38] Step3-Ours-TCN | Epoch 10/50 train_loss=0.168433 val_mse=0.202120 best_val=0.184330 patience=7/10
[2026-04-22 13:12:42] Step3-Ours-TCN | Epoch 11/50 train_loss=0.169036 val_mse=0.196605 best_val=0.184330 patience=8/10
[2026-04-22 13:12:46] Step3-Ours-TCN | Epoch 12/50 train_loss=0.168316 val_mse=0.199132 best_val=0.184330 patience=9/10
[2026-04-22 13:12:50] Step3-Ours-TCN | Epoch 13/50 train_loss=0.168024 val_mse=0.200858 best_val=0.184330 patience=10/10
[2026-04-22 13:12:50] Step3-Ours-TCN | Early stop at epoch 13, best=3
[2026-04-22 13:12:50] Step3-Ours-TCN DONE | MSE=0.184330 RMSE=0.429337 MAE=0.383104 Pearson=0.757838 [best_epoch=3]
[2026-04-22 13:12:54] Step5-Ablation1-woDualGating | Epoch 1/50 train_loss=0.156878 val_mse=0.144389 best_val=0.144389 patience=0/10
[2026-04-22 13:12:59] Step5-Ablation1-woDualGating | Epoch 2/50 train_loss=0.137032 val_mse=0.169324 best_val=0.144389 patience=1/10
[2026-04-22 13:13:03] Step5-Ablation1-woDualGating | Epoch 3/50 train_loss=0.129904 val_mse=0.183498 best_val=0.144389 patience=2/10
[2026-04-22 13:13:07] Step5-Ablation1-woDualGating | Epoch 4/50 train_loss=0.125948 val_mse=0.165010 best_val=0.144389 patience=3/10
[2026-04-22 13:13:11] Step5-Ablation1-woDualGating | Epoch 5/50 train_loss=0.121897 val_mse=0.161143 best_val=0.144389 patience=4/10
[2026-04-22 13:13:15] Step5-Ablation1-woDualGating | Epoch 6/50 train_loss=0.119236 val_mse=0.152097 best_val=0.144389 patience=5/10
[2026-04-22 13:13:19] Step5-Ablation1-woDualGating | Epoch 7/50 train_loss=0.115192 val_mse=0.187679 best_val=0.144389 patience=6/10
[2026-04-22 13:13:23] Step5-Ablation1-woDualGating | Epoch 8/50 train_loss=0.113643 val_mse=0.177383 best_val=0.144389 patience=7/10
[2026-04-22 13:13:27] Step5-Ablation1-woDualGating | Epoch 9/50 train_loss=0.112461 val_mse=0.162181 best_val=0.144389 patience=8/10
[2026-04-22 13:13:31] Step5-Ablation1-woDualGating | Epoch 10/50 train_loss=0.109704 val_mse=0.201770 best_val=0.144389 patience=9/10
[2026-04-22 13:13:35] Step5-Ablation1-woDualGating | Epoch 11/50 train_loss=0.106893 val_mse=0.167266 best_val=0.144389 patience=10/10
[2026-04-22 13:13:35] Step5-Ablation1-woDualGating | Early stop at epoch 11, best=1
[2026-04-22 13:13:35] Step5-Ablation1-woDualGating DONE | MSE=0.144389 RMSE=0.379985 MAE=0.353574 Pearson=0.671401 [best_epoch=1]
[2026-04-22 13:13:39] Step6-Ablation2-woTCMPrior | Epoch 1/50 train_loss=0.165719 val_mse=0.177745 best_val=0.177745 patience=0/10
[2026-04-22 13:13:43] Step6-Ablation2-woTCMPrior | Epoch 2/50 train_loss=0.142193 val_mse=0.175807 best_val=0.175807 patience=0/10
[2026-04-22 13:13:47] Step6-Ablation2-woTCMPrior | Epoch 3/50 train_loss=0.137165 val_mse=0.126286 best_val=0.126286 patience=0/10
[2026-04-22 13:13:51] Step6-Ablation2-woTCMPrior | Epoch 4/50 train_loss=0.130330 val_mse=0.148308 best_val=0.126286 patience=1/10
[2026-04-22 13:13:55] Step6-Ablation2-woTCMPrior | Epoch 5/50 train_loss=0.127209 val_mse=0.160698 best_val=0.126286 patience=2/10
[2026-04-22 13:13:59] Step6-Ablation2-woTCMPrior | Epoch 6/50 train_loss=0.124439 val_mse=0.178738 best_val=0.126286 patience=3/10
[2026-04-22 13:14:03] Step6-Ablation2-woTCMPrior | Epoch 7/50 train_loss=0.122807 val_mse=0.159065 best_val=0.126286 patience=4/10
[2026-04-22 13:14:07] Step6-Ablation2-woTCMPrior | Epoch 8/50 train_loss=0.119387 val_mse=0.200467 best_val=0.126286 patience=5/10
[2026-04-22 13:14:11] Step6-Ablation2-woTCMPrior | Epoch 9/50 train_loss=0.118524 val_mse=0.209255 best_val=0.126286 patience=6/10
[2026-04-22 13:14:15] Step6-Ablation2-woTCMPrior | Epoch 10/50 train_loss=0.117482 val_mse=0.179206 best_val=0.126286 patience=7/10
[2026-04-22 13:14:19] Step6-Ablation2-woTCMPrior | Epoch 11/50 train_loss=0.115246 val_mse=0.166636 best_val=0.126286 patience=8/10
[2026-04-22 13:14:23] Step6-Ablation2-woTCMPrior | Epoch 12/50 train_loss=0.113868 val_mse=0.135144 best_val=0.126286 patience=9/10
[2026-04-22 13:14:27] Step6-Ablation2-woTCMPrior | Epoch 13/50 train_loss=0.113399 val_mse=0.168250 best_val=0.126286 patience=10/10
[2026-04-22 13:14:27] Step6-Ablation2-woTCMPrior | Early stop at epoch 13, best=3
[2026-04-22 13:14:27] Step6-Ablation2-woTCMPrior DONE | MSE=0.126286 RMSE=0.355367 MAE=0.309777 Pearson=0.616789 [best_epoch=3]
[2026-04-22 13:14:32] Step7-Ablation3-woTCMGate | Epoch 1/50 train_loss=0.157093 val_mse=0.153857 best_val=0.153857 patience=0/10
[2026-04-22 13:14:36] Step7-Ablation3-woTCMGate | Epoch 2/50 train_loss=0.135042 val_mse=0.151381 best_val=0.151381 patience=0/10
[2026-04-22 13:14:40] Step7-Ablation3-woTCMGate | Epoch 3/50 train_loss=0.126322 val_mse=0.128942 best_val=0.128942 patience=0/10
[2026-04-22 13:14:44] Step7-Ablation3-woTCMGate | Epoch 4/50 train_loss=0.121838 val_mse=0.128932 best_val=0.128932 patience=0/10
[2026-04-22 13:14:49] Step7-Ablation3-woTCMGate | Epoch 5/50 train_loss=0.118630 val_mse=0.125783 best_val=0.125783 patience=0/10
[2026-04-22 13:14:53] Step7-Ablation3-woTCMGate | Epoch 6/50 train_loss=0.114204 val_mse=0.168777 best_val=0.125783 patience=1/10
[2026-04-22 13:14:57] Step7-Ablation3-woTCMGate | Epoch 7/50 train_loss=0.111531 val_mse=0.151643 best_val=0.125783 patience=2/10
[2026-04-22 13:15:01] Step7-Ablation3-woTCMGate | Epoch 8/50 train_loss=0.108360 val_mse=0.193789 best_val=0.125783 patience=3/10
[2026-04-22 13:15:05] Step7-Ablation3-woTCMGate | Epoch 9/50 train_loss=0.106744 val_mse=0.149125 best_val=0.125783 patience=4/10
[2026-04-22 13:15:09] Step7-Ablation3-woTCMGate | Epoch 10/50 train_loss=0.103408 val_mse=0.144023 best_val=0.125783 patience=5/10
[2026-04-22 13:15:14] Step7-Ablation3-woTCMGate | Epoch 11/50 train_loss=0.102760 val_mse=0.193465 best_val=0.125783 patience=6/10
[2026-04-22 13:15:18] Step7-Ablation3-woTCMGate | Epoch 12/50 train_loss=0.101616 val_mse=0.163215 best_val=0.125783 patience=7/10
[2026-04-22 13:15:22] Step7-Ablation3-woTCMGate | Epoch 13/50 train_loss=0.099659 val_mse=0.156735 best_val=0.125783 patience=8/10
[2026-04-22 13:15:26] Step7-Ablation3-woTCMGate | Epoch 14/50 train_loss=0.098153 val_mse=0.145714 best_val=0.125783 patience=9/10
[2026-04-22 13:15:30] Step7-Ablation3-woTCMGate | Epoch 15/50 train_loss=0.097700 val_mse=0.139128 best_val=0.125783 patience=10/10
[2026-04-22 13:15:30] Step7-Ablation3-woTCMGate | Early stop at epoch 15, best=5
[2026-04-22 13:15:31] Step7-Ablation3-woTCMGate DONE | MSE=0.125783 RMSE=0.354658 MAE=0.318246 Pearson=0.654190 [best_epoch=5]
[2026-04-22 13:15:31] >>> Final Ours stabilized hparams: HyperParams(lr=0.00035, weight_decay=1e-05, batch_size=32)
[2026-04-22 13:15:35] Step8-FinalOurs | Epoch 1/50 train_loss=0.164271 val_mse=0.121593 best_val=0.121593 patience=0/10
[2026-04-22 13:15:39] Step8-FinalOurs | Epoch 2/50 train_loss=0.139260 val_mse=0.130102 best_val=0.121593 patience=1/10
[2026-04-22 13:15:44] Step8-FinalOurs | Epoch 3/50 train_loss=0.131685 val_mse=0.139810 best_val=0.121593 patience=2/10
[2026-04-22 13:15:48] Step8-FinalOurs | Epoch 4/50 train_loss=0.127455 val_mse=0.115985 best_val=0.115985 patience=0/10
[2026-04-22 13:15:52] Step8-FinalOurs | Epoch 5/50 train_loss=0.122525 val_mse=0.132474 best_val=0.115985 patience=1/10
[2026-04-22 13:15:57] Step8-FinalOurs | Epoch 6/50 train_loss=0.119443 val_mse=0.124796 best_val=0.115985 patience=2/10
[2026-04-22 13:16:01] Step8-FinalOurs | Epoch 7/50 train_loss=0.117638 val_mse=0.158235 best_val=0.115985 patience=3/10
[2026-04-22 13:16:05] Step8-FinalOurs | Epoch 8/50 train_loss=0.113621 val_mse=0.152947 best_val=0.115985 patience=4/10
[2026-04-22 13:16:10] Step8-FinalOurs | Epoch 9/50 train_loss=0.111494 val_mse=0.168249 best_val=0.115985 patience=5/10
[2026-04-22 13:16:14] Step8-FinalOurs | Epoch 10/50 train_loss=0.109802 val_mse=0.162543 best_val=0.115985 patience=6/10
[2026-04-22 13:16:18] Step8-FinalOurs | Epoch 11/50 train_loss=0.105571 val_mse=0.158160 best_val=0.115985 patience=7/10
[2026-04-22 13:16:23] Step8-FinalOurs | Epoch 12/50 train_loss=0.104941 val_mse=0.178686 best_val=0.115985 patience=8/10
[2026-04-22 13:16:27] Step8-FinalOurs | Epoch 13/50 train_loss=0.102758 val_mse=0.158298 best_val=0.115985 patience=9/10
[2026-04-22 13:16:31] Step8-FinalOurs | Epoch 14/50 train_loss=0.100616 val_mse=0.180993 best_val=0.115985 patience=10/10
[2026-04-22 13:16:31] Step8-FinalOurs | Early stop at epoch 14, best=4
[2026-04-22 13:16:31] Step8-FinalOurs DONE | MSE=0.115985 RMSE=0.340566 MAE=0.303741 Pearson=0.723328 [best_epoch=4]
[2026-04-22 13:16:31] >>> Saved final model to /root/work/MulitiModal/checkpoints/best_model.pth

===== Stage 2 Chosen Hyper-Parameters =====
HyperParams(lr=0.0005, weight_decay=1e-05, batch_size=32)
===========================================

Step8 tuned controls: gate_b_scale=0.350, final_lr_mult=0.700
===== Final 9-Step best_val_mse List =====
Step 1: Baseline A -> best_val_mse=0.18893711268901825
Step 2: Baseline B -> best_val_mse=0.1863751858472824
Step 3: Ours-TCN -> best_val_mse=0.18433037400245667
Step 4: Encoder Selection -> best_val_mse=None
Step 5: w/o Dual Gating -> best_val_mse=0.144388809800148
Step 6: w/o TCM Prior -> best_val_mse=0.1262858659029007
Step 7: w/o TCM_Gate -> best_val_mse=0.12578250467777252
Step 8: Final Ours -> best_val_mse=0.11598522216081619
Step 9: Plotting -> best_val_mse=None
===========================================
[2026-04-22 13:16:32] >>> Experiment flow completed. Summary saved to /root/work/MulitiModal/results/loso_folds/experiments_summary_S6.json
[2026-04-22 13:16:33] >>> LOSO fold holdout=S7
[2026-04-22 13:16:36] >>> Runner signature: RUN_EXPERIMENTS_V2_LOSO_GUARDED | file=/root/work/MulitiModal/run_experiments.py | mtime=2026-04-22 10:20:26
[2026-04-22 13:16:36] >>> Loading WESAD dataset from /root/work/MulitiModal/data/wesad
Subject S10: Age=28.0, Gender=1, BMI=24.0, HR=64.2
Subject S11: Age=26.0, Gender=0, BMI=18.5, HR=63.9
Subject S13: Age=28.0, Gender=1, BMI=25.0, HR=65.6
Subject S14: Age=27.0, Gender=1, BMI=24.7, HR=64.9
Subject S15: Age=28.0, Gender=1, BMI=24.0, HR=66.7
Subject S16: Age=24.0, Gender=1, BMI=20.4, HR=63.5
Subject S17: Age=29.0, Gender=0, BMI=20.2, HR=61.3
Subject S2: Age=27.0, Gender=1, BMI=26.1, HR=64.6
Subject S3: Age=27.0, Gender=1, BMI=23.1, HR=58.7
Subject S4: Age=25.0, Gender=1, BMI=29.4, HR=60.0
Subject S5: Age=35.0, Gender=1, BMI=22.4, HR=62.6
Subject S6: Age=27.0, Gender=1, BMI=22.8, HR=62.9
Subject S7: Age=28.0, Gender=1, BMI=21.9, HR=62.3
Subject S8: Age=27.0, Gender=0, BMI=21.6, HR=64.3
Subject S9: Age=26.0, Gender=1, BMI=22.9, HR=68.1
[2026-04-22 13:17:29] >>> WESAD loaded. total_windows=46324
[2026-04-22 13:17:29] >>> Gate scales: gate_a_scale=0.600, gate_b_scale=0.350
[2026-04-22 13:17:29] >>> Split ready (protocol=loso): train_windows=43252 val_windows=3072 train_subjects=14 val_subjects=1
[2026-04-22 13:17:29] >>> TCM checkpoint resolved to: /root/work/MulitiModal/checkpoints/best_model.pth
[2026-04-22 13:17:29] >>> TCM scaler resolved to: /root/work/MulitiModal/tcm_ft_transformer/scaler_params.npz
/usr/local/miniconda3/envs/py312/lib/python3.12/site-packages/torch/nn/modules/transformer.py:392: UserWarning: enable_nested_tensor is True, but self.use_nested_tensor is False because encoder_layer.norm_first was True
  warnings.warn(
[2026-04-22 13:17:29] >>> Stage 1 skipped (fixed_encoder=inceptiontime)
[2026-04-22 13:17:29] >>> Stage 2: hyper-parameter reset/tuning for encoder=inceptiontime
[2026-04-22 13:17:29] >>> Using override params: HyperParams(lr=0.0005, weight_decay=1e-05, batch_size=32)
[2026-04-22 13:17:29] >>> Running Step8-focused sweep (epochs=20)
[2026-04-22 13:17:35] Sweep-Step8-gb0.100-lm0.500 | Epoch 1/20 train_loss=0.163890 val_mse=0.838697 best_val=0.838697 patience=0/10
[2026-04-22 13:17:39] Sweep-Step8-gb0.100-lm0.500 | Epoch 2/20 train_loss=0.136463 val_mse=0.812995 best_val=0.812995 patience=0/10
[2026-04-22 13:17:43] Sweep-Step8-gb0.100-lm0.500 | Epoch 3/20 train_loss=0.130368 val_mse=1.166886 best_val=0.812995 patience=1/10
[2026-04-22 13:17:48] Sweep-Step8-gb0.100-lm0.500 | Epoch 4/20 train_loss=0.126363 val_mse=0.912512 best_val=0.812995 patience=2/10
[2026-04-22 13:17:52] Sweep-Step8-gb0.100-lm0.500 | Epoch 5/20 train_loss=0.123448 val_mse=0.811628 best_val=0.811628 patience=0/10
[2026-04-22 13:17:56] Sweep-Step8-gb0.100-lm0.500 | Epoch 6/20 train_loss=0.120436 val_mse=0.872867 best_val=0.811628 patience=1/10
[2026-04-22 13:18:01] Sweep-Step8-gb0.100-lm0.500 | Epoch 7/20 train_loss=0.119255 val_mse=1.119864 best_val=0.811628 patience=2/10
[2026-04-22 13:18:05] Sweep-Step8-gb0.100-lm0.500 | Epoch 8/20 train_loss=0.116827 val_mse=0.776557 best_val=0.776557 patience=0/10
[2026-04-22 13:18:10] Sweep-Step8-gb0.100-lm0.500 | Epoch 9/20 train_loss=0.114778 val_mse=0.595499 best_val=0.595499 patience=0/10
[2026-04-22 13:18:14] Sweep-Step8-gb0.100-lm0.500 | Epoch 10/20 train_loss=0.112223 val_mse=0.744096 best_val=0.595499 patience=1/10
[2026-04-22 13:18:18] Sweep-Step8-gb0.100-lm0.500 | Epoch 11/20 train_loss=0.109921 val_mse=0.452643 best_val=0.452643 patience=0/10
[2026-04-22 13:18:23] Sweep-Step8-gb0.100-lm0.500 | Epoch 12/20 train_loss=0.107302 val_mse=0.915597 best_val=0.452643 patience=1/10
[2026-04-22 13:18:27] Sweep-Step8-gb0.100-lm0.500 | Epoch 13/20 train_loss=0.107212 val_mse=1.048548 best_val=0.452643 patience=2/10
[2026-04-22 13:18:31] Sweep-Step8-gb0.100-lm0.500 | Epoch 14/20 train_loss=0.106268 val_mse=0.924006 best_val=0.452643 patience=3/10
[2026-04-22 13:18:36] Sweep-Step8-gb0.100-lm0.500 | Epoch 15/20 train_loss=0.103214 val_mse=0.592788 best_val=0.452643 patience=4/10
[2026-04-22 13:18:40] Sweep-Step8-gb0.100-lm0.500 | Epoch 16/20 train_loss=0.102793 val_mse=0.666647 best_val=0.452643 patience=5/10
[2026-04-22 13:18:44] Sweep-Step8-gb0.100-lm0.500 | Epoch 17/20 train_loss=0.102202 val_mse=0.894562 best_val=0.452643 patience=6/10
[2026-04-22 13:18:49] Sweep-Step8-gb0.100-lm0.500 | Epoch 18/20 train_loss=0.100205 val_mse=0.778675 best_val=0.452643 patience=7/10
[2026-04-22 13:18:53] Sweep-Step8-gb0.100-lm0.500 | Epoch 19/20 train_loss=0.099321 val_mse=1.127649 best_val=0.452643 patience=8/10
[2026-04-22 13:18:58] Sweep-Step8-gb0.100-lm0.500 | Epoch 20/20 train_loss=0.097214 val_mse=0.767589 best_val=0.452643 patience=9/10
[2026-04-22 13:18:58] Sweep-Step8-gb0.100-lm0.500 DONE | MSE=0.452643 RMSE=0.672787 MAE=0.622071 Pearson=0.910036 [best_epoch=11]
[2026-04-22 13:19:02] Sweep-Step8-gb0.100-lm0.700 | Epoch 1/20 train_loss=0.154884 val_mse=1.119918 best_val=1.119918 patience=0/10
[2026-04-22 13:19:07] Sweep-Step8-gb0.100-lm0.700 | Epoch 2/20 train_loss=0.130404 val_mse=0.369994 best_val=0.369994 patience=0/10
[2026-04-22 13:19:11] Sweep-Step8-gb0.100-lm0.700 | Epoch 3/20 train_loss=0.124959 val_mse=1.013653 best_val=0.369994 patience=1/10
[2026-04-22 13:19:16] Sweep-Step8-gb0.100-lm0.700 | Epoch 4/20 train_loss=0.120817 val_mse=0.607711 best_val=0.369994 patience=2/10
[2026-04-22 13:19:20] Sweep-Step8-gb0.100-lm0.700 | Epoch 5/20 train_loss=0.117825 val_mse=0.715673 best_val=0.369994 patience=3/10
[2026-04-22 13:19:24] Sweep-Step8-gb0.100-lm0.700 | Epoch 6/20 train_loss=0.115708 val_mse=0.643570 best_val=0.369994 patience=4/10
[2026-04-22 13:19:29] Sweep-Step8-gb0.100-lm0.700 | Epoch 7/20 train_loss=0.112832 val_mse=0.702015 best_val=0.369994 patience=5/10
[2026-04-22 13:19:33] Sweep-Step8-gb0.100-lm0.700 | Epoch 8/20 train_loss=0.112109 val_mse=0.779644 best_val=0.369994 patience=6/10
[2026-04-22 13:19:37] Sweep-Step8-gb0.100-lm0.700 | Epoch 9/20 train_loss=0.109670 val_mse=0.643093 best_val=0.369994 patience=7/10
[2026-04-22 13:19:42] Sweep-Step8-gb0.100-lm0.700 | Epoch 10/20 train_loss=0.107925 val_mse=0.680241 best_val=0.369994 patience=8/10
[2026-04-22 13:19:46] Sweep-Step8-gb0.100-lm0.700 | Epoch 11/20 train_loss=0.106216 val_mse=0.693385 best_val=0.369994 patience=9/10
[2026-04-22 13:19:50] Sweep-Step8-gb0.100-lm0.700 | Epoch 12/20 train_loss=0.104334 val_mse=0.565649 best_val=0.369994 patience=10/10
[2026-04-22 13:19:50] Sweep-Step8-gb0.100-lm0.700 | Early stop at epoch 12, best=2
[2026-04-22 13:19:51] Sweep-Step8-gb0.100-lm0.700 DONE | MSE=0.369994 RMSE=0.608271 MAE=0.544882 Pearson=0.910377 [best_epoch=2]
[2026-04-22 13:19:55] Sweep-Step8-gb0.350-lm0.500 | Epoch 1/20 train_loss=0.159960 val_mse=1.368079 best_val=1.368079 patience=0/10
[2026-04-22 13:19:59] Sweep-Step8-gb0.350-lm0.500 | Epoch 2/20 train_loss=0.134503 val_mse=0.798028 best_val=0.798028 patience=0/10
[2026-04-22 13:20:04] Sweep-Step8-gb0.350-lm0.500 | Epoch 3/20 train_loss=0.128904 val_mse=1.210105 best_val=0.798028 patience=1/10
[2026-04-22 13:20:08] Sweep-Step8-gb0.350-lm0.500 | Epoch 4/20 train_loss=0.124496 val_mse=1.282467 best_val=0.798028 patience=2/10
[2026-04-22 13:20:12] Sweep-Step8-gb0.350-lm0.500 | Epoch 5/20 train_loss=0.119662 val_mse=0.785069 best_val=0.785069 patience=0/10
[2026-04-22 13:20:17] Sweep-Step8-gb0.350-lm0.500 | Epoch 6/20 train_loss=0.117869 val_mse=0.815705 best_val=0.785069 patience=1/10
[2026-04-22 13:20:21] Sweep-Step8-gb0.350-lm0.500 | Epoch 7/20 train_loss=0.114793 val_mse=0.997944 best_val=0.785069 patience=2/10
[2026-04-22 13:20:25] Sweep-Step8-gb0.350-lm0.500 | Epoch 8/20 train_loss=0.113808 val_mse=1.295813 best_val=0.785069 patience=3/10
[2026-04-22 13:20:30] Sweep-Step8-gb0.350-lm0.500 | Epoch 9/20 train_loss=0.110963 val_mse=1.870650 best_val=0.785069 patience=4/10
[2026-04-22 13:20:34] Sweep-Step8-gb0.350-lm0.500 | Epoch 10/20 train_loss=0.110152 val_mse=1.170291 best_val=0.785069 patience=5/10
[2026-04-22 13:20:38] Sweep-Step8-gb0.350-lm0.500 | Epoch 11/20 train_loss=0.108106 val_mse=0.806479 best_val=0.785069 patience=6/10
[2026-04-22 13:20:43] Sweep-Step8-gb0.350-lm0.500 | Epoch 12/20 train_loss=0.107298 val_mse=1.054242 best_val=0.785069 patience=7/10
[2026-04-22 13:20:47] Sweep-Step8-gb0.350-lm0.500 | Epoch 13/20 train_loss=0.105889 val_mse=1.352882 best_val=0.785069 patience=8/10
[2026-04-22 13:20:51] Sweep-Step8-gb0.350-lm0.500 | Epoch 14/20 train_loss=0.105518 val_mse=1.469516 best_val=0.785069 patience=9/10
[2026-04-22 13:20:56] Sweep-Step8-gb0.350-lm0.500 | Epoch 15/20 train_loss=0.103757 val_mse=1.504295 best_val=0.785069 patience=10/10
[2026-04-22 13:20:56] Sweep-Step8-gb0.350-lm0.500 | Early stop at epoch 15, best=5
[2026-04-22 13:20:56] Sweep-Step8-gb0.350-lm0.500 DONE | MSE=0.785069 RMSE=0.886041 MAE=0.867636 Pearson=0.914205 [best_epoch=5]
[2026-04-22 13:21:00] Sweep-Step8-gb0.350-lm0.700 | Epoch 1/20 train_loss=0.151493 val_mse=0.628741 best_val=0.628741 patience=0/10
[2026-04-22 13:21:05] Sweep-Step8-gb0.350-lm0.700 | Epoch 2/20 train_loss=0.129871 val_mse=0.697798 best_val=0.628741 patience=1/10
[2026-04-22 13:21:09] Sweep-Step8-gb0.350-lm0.700 | Epoch 3/20 train_loss=0.124144 val_mse=0.867846 best_val=0.628741 patience=2/10
[2026-04-22 13:21:13] Sweep-Step8-gb0.350-lm0.700 | Epoch 4/20 train_loss=0.118965 val_mse=0.916841 best_val=0.628741 patience=3/10
[2026-04-22 13:21:18] Sweep-Step8-gb0.350-lm0.700 | Epoch 5/20 train_loss=0.114966 val_mse=0.877570 best_val=0.628741 patience=4/10
[2026-04-22 13:21:22] Sweep-Step8-gb0.350-lm0.700 | Epoch 6/20 train_loss=0.111997 val_mse=0.831384 best_val=0.628741 patience=5/10
[2026-04-22 13:21:26] Sweep-Step8-gb0.350-lm0.700 | Epoch 7/20 train_loss=0.109359 val_mse=1.113897 best_val=0.628741 patience=6/10
[2026-04-22 13:21:31] Sweep-Step8-gb0.350-lm0.700 | Epoch 8/20 train_loss=0.106550 val_mse=0.774361 best_val=0.628741 patience=7/10
[2026-04-22 13:21:35] Sweep-Step8-gb0.350-lm0.700 | Epoch 9/20 train_loss=0.104632 val_mse=0.811823 best_val=0.628741 patience=8/10
[2026-04-22 13:21:40] Sweep-Step8-gb0.350-lm0.700 | Epoch 10/20 train_loss=0.102387 val_mse=1.074774 best_val=0.628741 patience=9/10
[2026-04-22 13:21:44] Sweep-Step8-gb0.350-lm0.700 | Epoch 11/20 train_loss=0.100267 val_mse=0.798846 best_val=0.628741 patience=10/10
[2026-04-22 13:21:44] Sweep-Step8-gb0.350-lm0.700 | Early stop at epoch 11, best=1
[2026-04-22 13:21:44] Sweep-Step8-gb0.350-lm0.700 DONE | MSE=0.628741 RMSE=0.792932 MAE=0.768967 Pearson=0.906467 [best_epoch=1]
[2026-04-22 13:21:44] >>> Sweep best: gate_b_scale=0.100, final_lr_mult=0.700, mse=0.369994
[2026-04-22 13:21:44] >>> Stage 3: running 9-step matrix with fixed best params
[2026-04-22 13:21:48] Step1-BaselineA-Weak | Epoch 1/50 train_loss=0.185983 val_mse=0.379830 best_val=0.379830 patience=0/10
[2026-04-22 13:21:51] Step1-BaselineA-Weak | Epoch 2/50 train_loss=0.170515 val_mse=0.679779 best_val=0.379830 patience=1/10
[2026-04-22 13:21:55] Step1-BaselineA-Weak | Epoch 3/50 train_loss=0.165473 val_mse=0.921631 best_val=0.379830 patience=2/10
[2026-04-22 13:21:59] Step1-BaselineA-Weak | Epoch 4/50 train_loss=0.164510 val_mse=0.880789 best_val=0.379830 patience=3/10
[2026-04-22 13:22:02] Step1-BaselineA-Weak | Epoch 5/50 train_loss=0.163798 val_mse=0.740121 best_val=0.379830 patience=4/10
[2026-04-22 13:22:06] Step1-BaselineA-Weak | Epoch 6/50 train_loss=0.162238 val_mse=0.863292 best_val=0.379830 patience=5/10
[2026-04-22 13:22:10] Step1-BaselineA-Weak | Epoch 7/50 train_loss=0.162379 val_mse=0.860557 best_val=0.379830 patience=6/10
[2026-04-22 13:22:13] Step1-BaselineA-Weak | Epoch 8/50 train_loss=0.161606 val_mse=0.779519 best_val=0.379830 patience=7/10
[2026-04-22 13:22:17] Step1-BaselineA-Weak | Epoch 9/50 train_loss=0.160422 val_mse=0.926158 best_val=0.379830 patience=8/10
[2026-04-22 13:22:20] Step1-BaselineA-Weak | Epoch 10/50 train_loss=0.160379 val_mse=0.796107 best_val=0.379830 patience=9/10
[2026-04-22 13:22:24] Step1-BaselineA-Weak | Epoch 11/50 train_loss=0.160163 val_mse=0.977606 best_val=0.379830 patience=10/10
[2026-04-22 13:22:24] Step1-BaselineA-Weak | Early stop at epoch 11, best=1
[2026-04-22 13:22:24] Step1-BaselineA-Weak DONE | MSE=0.379830 RMSE=0.616304 MAE=0.535381 Pearson=0.924973 [best_epoch=1]
[2026-04-22 13:22:28] Step2-BaselineB-Strong | Epoch 1/50 train_loss=0.182012 val_mse=0.375242 best_val=0.375242 patience=0/10
[2026-04-22 13:22:32] Step2-BaselineB-Strong | Epoch 2/50 train_loss=0.167742 val_mse=1.019429 best_val=0.375242 patience=1/10
[2026-04-22 13:22:35] Step2-BaselineB-Strong | Epoch 3/50 train_loss=0.164190 val_mse=0.999074 best_val=0.375242 patience=2/10
[2026-04-22 13:22:39] Step2-BaselineB-Strong | Epoch 4/50 train_loss=0.162848 val_mse=1.125938 best_val=0.375242 patience=3/10
[2026-04-22 13:22:43] Step2-BaselineB-Strong | Epoch 5/50 train_loss=0.161146 val_mse=1.309428 best_val=0.375242 patience=4/10
[2026-04-22 13:22:47] Step2-BaselineB-Strong | Epoch 6/50 train_loss=0.160791 val_mse=1.245913 best_val=0.375242 patience=5/10
[2026-04-22 13:22:50] Step2-BaselineB-Strong | Epoch 7/50 train_loss=0.160204 val_mse=1.069001 best_val=0.375242 patience=6/10
[2026-04-22 13:22:54] Step2-BaselineB-Strong | Epoch 8/50 train_loss=0.159752 val_mse=0.983085 best_val=0.375242 patience=7/10
[2026-04-22 13:22:58] Step2-BaselineB-Strong | Epoch 9/50 train_loss=0.158667 val_mse=1.110470 best_val=0.375242 patience=8/10
[2026-04-22 13:23:02] Step2-BaselineB-Strong | Epoch 10/50 train_loss=0.158793 val_mse=1.289396 best_val=0.375242 patience=9/10
[2026-04-22 13:23:05] Step2-BaselineB-Strong | Epoch 11/50 train_loss=0.157248 val_mse=0.923968 best_val=0.375242 patience=10/10
[2026-04-22 13:23:05] Step2-BaselineB-Strong | Early stop at epoch 11, best=1
[2026-04-22 13:23:06] Step2-BaselineB-Strong DONE | MSE=0.375242 RMSE=0.612570 MAE=0.512293 Pearson=0.922285 [best_epoch=1]
[2026-04-22 13:23:10] Step3-Ours-TCN | Epoch 1/50 train_loss=0.189274 val_mse=0.509426 best_val=0.509426 patience=0/10
[2026-04-22 13:23:14] Step3-Ours-TCN | Epoch 2/50 train_loss=0.172479 val_mse=0.411297 best_val=0.411297 patience=0/10
[2026-04-22 13:23:18] Step3-Ours-TCN | Epoch 3/50 train_loss=0.167889 val_mse=0.521494 best_val=0.411297 patience=1/10
[2026-04-22 13:23:22] Step3-Ours-TCN | Epoch 4/50 train_loss=0.165977 val_mse=0.741843 best_val=0.411297 patience=2/10
[2026-04-22 13:23:26] Step3-Ours-TCN | Epoch 5/50 train_loss=0.164995 val_mse=0.939253 best_val=0.411297 patience=3/10
[2026-04-22 13:23:30] Step3-Ours-TCN | Epoch 6/50 train_loss=0.164735 val_mse=0.665240 best_val=0.411297 patience=4/10
[2026-04-22 13:23:34] Step3-Ours-TCN | Epoch 7/50 train_loss=0.164045 val_mse=0.811462 best_val=0.411297 patience=5/10
[2026-04-22 13:23:38] Step3-Ours-TCN | Epoch 8/50 train_loss=0.163604 val_mse=1.128569 best_val=0.411297 patience=6/10
[2026-04-22 13:23:42] Step3-Ours-TCN | Epoch 9/50 train_loss=0.162575 val_mse=0.851192 best_val=0.411297 patience=7/10
[2026-04-22 13:23:46] Step3-Ours-TCN | Epoch 10/50 train_loss=0.161500 val_mse=0.787438 best_val=0.411297 patience=8/10
[2026-04-22 13:23:50] Step3-Ours-TCN | Epoch 11/50 train_loss=0.161392 val_mse=0.877260 best_val=0.411297 patience=9/10
[2026-04-22 13:23:54] Step3-Ours-TCN | Epoch 12/50 train_loss=0.160581 val_mse=0.798349 best_val=0.411297 patience=10/10
[2026-04-22 13:23:54] Step3-Ours-TCN | Early stop at epoch 12, best=2
[2026-04-22 13:23:54] Step3-Ours-TCN DONE | MSE=0.411297 RMSE=0.641324 MAE=0.592020 Pearson=0.916367 [best_epoch=2]
[2026-04-22 13:23:58] Step5-Ablation1-woDualGating | Epoch 1/50 train_loss=0.146649 val_mse=0.931433 best_val=0.931433 patience=0/10
[2026-04-22 13:24:03] Step5-Ablation1-woDualGating | Epoch 2/50 train_loss=0.129226 val_mse=0.532890 best_val=0.532890 patience=0/10
[2026-04-22 13:24:07] Step5-Ablation1-woDualGating | Epoch 3/50 train_loss=0.121000 val_mse=0.761087 best_val=0.532890 patience=1/10
[2026-04-22 13:24:11] Step5-Ablation1-woDualGating | Epoch 4/50 train_loss=0.117401 val_mse=0.747872 best_val=0.532890 patience=2/10
[2026-04-22 13:24:15] Step5-Ablation1-woDualGating | Epoch 5/50 train_loss=0.114492 val_mse=0.870772 best_val=0.532890 patience=3/10
[2026-04-22 13:24:19] Step5-Ablation1-woDualGating | Epoch 6/50 train_loss=0.110179 val_mse=1.003144 best_val=0.532890 patience=4/10
[2026-04-22 13:24:23] Step5-Ablation1-woDualGating | Epoch 7/50 train_loss=0.108439 val_mse=1.331702 best_val=0.532890 patience=5/10
[2026-04-22 13:24:27] Step5-Ablation1-woDualGating | Epoch 8/50 train_loss=0.105833 val_mse=0.895042 best_val=0.532890 patience=6/10
[2026-04-22 13:24:31] Step5-Ablation1-woDualGating | Epoch 9/50 train_loss=0.102957 val_mse=0.660057 best_val=0.532890 patience=7/10
[2026-04-22 13:24:36] Step5-Ablation1-woDualGating | Epoch 10/50 train_loss=0.101098 val_mse=0.576413 best_val=0.532890 patience=8/10
[2026-04-22 13:24:40] Step5-Ablation1-woDualGating | Epoch 11/50 train_loss=0.099526 val_mse=0.759345 best_val=0.532890 patience=9/10
[2026-04-22 13:24:43] Step5-Ablation1-woDualGating | Epoch 12/50 train_loss=0.096664 val_mse=0.791999 best_val=0.532890 patience=10/10
[2026-04-22 13:24:43] Step5-Ablation1-woDualGating | Early stop at epoch 12, best=2
[2026-04-22 13:24:44] Step5-Ablation1-woDualGating DONE | MSE=0.532890 RMSE=0.729993 MAE=0.686521 Pearson=0.908049 [best_epoch=2]
[2026-04-22 13:24:48] Step6-Ablation2-woTCMPrior | Epoch 1/50 train_loss=0.149201 val_mse=0.558824 best_val=0.558824 patience=0/10
[2026-04-22 13:24:52] Step6-Ablation2-woTCMPrior | Epoch 2/50 train_loss=0.126399 val_mse=0.476839 best_val=0.476839 patience=0/10
[2026-04-22 13:24:56] Step6-Ablation2-woTCMPrior | Epoch 3/50 train_loss=0.120601 val_mse=0.822028 best_val=0.476839 patience=1/10
[2026-04-22 13:25:00] Step6-Ablation2-woTCMPrior | Epoch 4/50 train_loss=0.117606 val_mse=0.838883 best_val=0.476839 patience=2/10
[2026-04-22 13:25:04] Step6-Ablation2-woTCMPrior | Epoch 5/50 train_loss=0.114737 val_mse=0.664151 best_val=0.476839 patience=3/10
[2026-04-22 13:25:08] Step6-Ablation2-woTCMPrior | Epoch 6/50 train_loss=0.112408 val_mse=0.779331 best_val=0.476839 patience=4/10
[2026-04-22 13:25:12] Step6-Ablation2-woTCMPrior | Epoch 7/50 train_loss=0.109465 val_mse=0.812223 best_val=0.476839 patience=5/10
[2026-04-22 13:25:16] Step6-Ablation2-woTCMPrior | Epoch 8/50 train_loss=0.108931 val_mse=0.614390 best_val=0.476839 patience=6/10
[2026-04-22 13:25:20] Step6-Ablation2-woTCMPrior | Epoch 9/50 train_loss=0.107891 val_mse=0.745567 best_val=0.476839 patience=7/10
[2026-04-22 13:25:24] Step6-Ablation2-woTCMPrior | Epoch 10/50 train_loss=0.106599 val_mse=0.887280 best_val=0.476839 patience=8/10
[2026-04-22 13:25:28] Step6-Ablation2-woTCMPrior | Epoch 11/50 train_loss=0.104624 val_mse=0.806283 best_val=0.476839 patience=9/10
[2026-04-22 13:25:32] Step6-Ablation2-woTCMPrior | Epoch 12/50 train_loss=0.103812 val_mse=0.834141 best_val=0.476839 patience=10/10
[2026-04-22 13:25:32] Step6-Ablation2-woTCMPrior | Early stop at epoch 12, best=2
[2026-04-22 13:25:32] Step6-Ablation2-woTCMPrior DONE | MSE=0.476839 RMSE=0.690535 MAE=0.643950 Pearson=0.908076 [best_epoch=2]
[2026-04-22 13:25:37] Step7-Ablation3-woTCMGate | Epoch 1/50 train_loss=0.152593 val_mse=0.894849 best_val=0.894849 patience=0/10
[2026-04-22 13:25:41] Step7-Ablation3-woTCMGate | Epoch 2/50 train_loss=0.129436 val_mse=0.723298 best_val=0.723298 patience=0/10
[2026-04-22 13:25:45] Step7-Ablation3-woTCMGate | Epoch 3/50 train_loss=0.121880 val_mse=0.720390 best_val=0.720390 patience=0/10
[2026-04-22 13:25:49] Step7-Ablation3-woTCMGate | Epoch 4/50 train_loss=0.118457 val_mse=0.979697 best_val=0.720390 patience=1/10
[2026-04-22 13:25:54] Step7-Ablation3-woTCMGate | Epoch 5/50 train_loss=0.114444 val_mse=0.805626 best_val=0.720390 patience=2/10
[2026-04-22 13:25:58] Step7-Ablation3-woTCMGate | Epoch 6/50 train_loss=0.110919 val_mse=1.113912 best_val=0.720390 patience=3/10
[2026-04-22 13:26:02] Step7-Ablation3-woTCMGate | Epoch 7/50 train_loss=0.108819 val_mse=0.656372 best_val=0.656372 patience=0/10
[2026-04-22 13:26:06] Step7-Ablation3-woTCMGate | Epoch 8/50 train_loss=0.106082 val_mse=0.776897 best_val=0.656372 patience=1/10
[2026-04-22 13:26:11] Step7-Ablation3-woTCMGate | Epoch 9/50 train_loss=0.104894 val_mse=0.775119 best_val=0.656372 patience=2/10
[2026-04-22 13:26:15] Step7-Ablation3-woTCMGate | Epoch 10/50 train_loss=0.102758 val_mse=0.665549 best_val=0.656372 patience=3/10
[2026-04-22 13:26:19] Step7-Ablation3-woTCMGate | Epoch 11/50 train_loss=0.100109 val_mse=0.832121 best_val=0.656372 patience=4/10
[2026-04-22 13:26:23] Step7-Ablation3-woTCMGate | Epoch 12/50 train_loss=0.097423 val_mse=0.776755 best_val=0.656372 patience=5/10
[2026-04-22 13:26:28] Step7-Ablation3-woTCMGate | Epoch 13/50 train_loss=0.094559 val_mse=1.029475 best_val=0.656372 patience=6/10
[2026-04-22 13:26:32] Step7-Ablation3-woTCMGate | Epoch 14/50 train_loss=0.093270 val_mse=0.988047 best_val=0.656372 patience=7/10
[2026-04-22 13:26:36] Step7-Ablation3-woTCMGate | Epoch 15/50 train_loss=0.092297 val_mse=0.884275 best_val=0.656372 patience=8/10
[2026-04-22 13:26:40] Step7-Ablation3-woTCMGate | Epoch 16/50 train_loss=0.091537 val_mse=1.260047 best_val=0.656372 patience=9/10
[2026-04-22 13:26:45] Step7-Ablation3-woTCMGate | Epoch 17/50 train_loss=0.088795 val_mse=1.398854 best_val=0.656372 patience=10/10
[2026-04-22 13:26:45] Step7-Ablation3-woTCMGate | Early stop at epoch 17, best=7
[2026-04-22 13:26:45] Step7-Ablation3-woTCMGate DONE | MSE=0.656372 RMSE=0.810168 MAE=0.786546 Pearson=0.909412 [best_epoch=7]
[2026-04-22 13:26:45] >>> Final Ours stabilized hparams: HyperParams(lr=0.00035, weight_decay=1e-05, batch_size=32)
[2026-04-22 13:26:49] Step8-FinalOurs | Epoch 1/50 train_loss=0.154475 val_mse=0.729962 best_val=0.729962 patience=0/10
[2026-04-22 13:26:53] Step8-FinalOurs | Epoch 2/50 train_loss=0.131345 val_mse=0.795243 best_val=0.729962 patience=1/10
[2026-04-22 13:26:58] Step8-FinalOurs | Epoch 3/50 train_loss=0.122903 val_mse=0.616970 best_val=0.616970 patience=0/10
[2026-04-22 13:27:02] Step8-FinalOurs | Epoch 4/50 train_loss=0.119213 val_mse=0.881915 best_val=0.616970 patience=1/10
[2026-04-22 13:27:06] Step8-FinalOurs | Epoch 5/50 train_loss=0.114939 val_mse=1.256021 best_val=0.616970 patience=2/10
[2026-04-22 13:27:11] Step8-FinalOurs | Epoch 6/50 train_loss=0.113356 val_mse=1.441487 best_val=0.616970 patience=3/10
[2026-04-22 13:27:15] Step8-FinalOurs | Epoch 7/50 train_loss=0.110604 val_mse=0.970490 best_val=0.616970 patience=4/10
[2026-04-22 13:27:19] Step8-FinalOurs | Epoch 8/50 train_loss=0.109350 val_mse=1.688900 best_val=0.616970 patience=5/10
[2026-04-22 13:27:24] Step8-FinalOurs | Epoch 9/50 train_loss=0.107291 val_mse=1.400743 best_val=0.616970 patience=6/10
[2026-04-22 13:27:28] Step8-FinalOurs | Epoch 10/50 train_loss=0.106329 val_mse=0.758335 best_val=0.616970 patience=7/10
[2026-04-22 13:27:32] Step8-FinalOurs | Epoch 11/50 train_loss=0.102714 val_mse=1.364168 best_val=0.616970 patience=8/10
[2026-04-22 13:27:37] Step8-FinalOurs | Epoch 12/50 train_loss=0.101744 val_mse=1.331316 best_val=0.616970 patience=9/10
[2026-04-22 13:27:41] Step8-FinalOurs | Epoch 13/50 train_loss=0.100120 val_mse=1.310620 best_val=0.616970 patience=10/10
[2026-04-22 13:27:41] Step8-FinalOurs | Early stop at epoch 13, best=3
[2026-04-22 13:27:41] Step8-FinalOurs DONE | MSE=0.616970 RMSE=0.785474 MAE=0.761981 Pearson=0.913737 [best_epoch=3]
[2026-04-22 13:27:41] >>> Saved final model to /root/work/MulitiModal/checkpoints/best_model.pth

===== Stage 2 Chosen Hyper-Parameters =====
HyperParams(lr=0.0005, weight_decay=1e-05, batch_size=32)
===========================================

Step8 tuned controls: gate_b_scale=0.100, final_lr_mult=0.700
===== Final 9-Step best_val_mse List =====
Step 1: Baseline A -> best_val_mse=0.3798302710056305
Step 2: Baseline B -> best_val_mse=0.3752417266368866
Step 3: Ours-TCN -> best_val_mse=0.4112966060638428
Step 4: Encoder Selection -> best_val_mse=None
Step 5: w/o Dual Gating -> best_val_mse=0.5328900218009949
Step 6: w/o TCM Prior -> best_val_mse=0.4768385887145996
Step 7: w/o TCM_Gate -> best_val_mse=0.6563724875450134
Step 8: Final Ours -> best_val_mse=0.6169695854187012
Step 9: Plotting -> best_val_mse=None
===========================================
[2026-04-22 13:27:42] >>> Experiment flow completed. Summary saved to /root/work/MulitiModal/results/loso_folds/experiments_summary_S7.json
[2026-04-22 13:27:43] >>> LOSO fold holdout=S8
[2026-04-22 13:27:46] >>> Runner signature: RUN_EXPERIMENTS_V2_LOSO_GUARDED | file=/root/work/MulitiModal/run_experiments.py | mtime=2026-04-22 10:20:26
[2026-04-22 13:27:46] >>> Loading WESAD dataset from /root/work/MulitiModal/data/wesad
Subject S10: Age=28.0, Gender=1, BMI=24.0, HR=64.2
Subject S11: Age=26.0, Gender=0, BMI=18.5, HR=63.9
Subject S13: Age=28.0, Gender=1, BMI=25.0, HR=65.6
Subject S14: Age=27.0, Gender=1, BMI=24.7, HR=64.9
Subject S15: Age=28.0, Gender=1, BMI=24.0, HR=66.7
Subject S16: Age=24.0, Gender=1, BMI=20.4, HR=63.5
Subject S17: Age=29.0, Gender=0, BMI=20.2, HR=61.3
Subject S2: Age=27.0, Gender=1, BMI=26.1, HR=64.6
Subject S3: Age=27.0, Gender=1, BMI=23.1, HR=58.7
Subject S4: Age=25.0, Gender=1, BMI=29.4, HR=60.0
Subject S5: Age=35.0, Gender=1, BMI=22.4, HR=62.6
Subject S6: Age=27.0, Gender=1, BMI=22.8, HR=62.9
Subject S7: Age=28.0, Gender=1, BMI=21.9, HR=62.3
Subject S8: Age=27.0, Gender=0, BMI=21.6, HR=64.3
Subject S9: Age=26.0, Gender=1, BMI=22.9, HR=68.1
[2026-04-22 13:28:39] >>> WESAD loaded. total_windows=46324
[2026-04-22 13:28:39] >>> Gate scales: gate_a_scale=0.600, gate_b_scale=0.350
[2026-04-22 13:28:39] >>> Split ready (protocol=loso): train_windows=43237 val_windows=3087 train_subjects=14 val_subjects=1
[2026-04-22 13:28:39] >>> TCM checkpoint resolved to: /root/work/MulitiModal/checkpoints/best_model.pth
[2026-04-22 13:28:39] >>> TCM scaler resolved to: /root/work/MulitiModal/tcm_ft_transformer/scaler_params.npz
/usr/local/miniconda3/envs/py312/lib/python3.12/site-packages/torch/nn/modules/transformer.py:392: UserWarning: enable_nested_tensor is True, but self.use_nested_tensor is False because encoder_layer.norm_first was True
  warnings.warn(
[2026-04-22 13:28:39] >>> Stage 1 skipped (fixed_encoder=inceptiontime)
[2026-04-22 13:28:39] >>> Stage 2: hyper-parameter reset/tuning for encoder=inceptiontime
[2026-04-22 13:28:39] >>> Using override params: HyperParams(lr=0.0005, weight_decay=1e-05, batch_size=32)
[2026-04-22 13:28:39] >>> Running Step8-focused sweep (epochs=20)
[2026-04-22 13:28:45] Sweep-Step8-gb0.100-lm0.500 | Epoch 1/20 train_loss=0.173749 val_mse=0.208780 best_val=0.208780 patience=0/10
[2026-04-22 13:28:50] Sweep-Step8-gb0.100-lm0.500 | Epoch 2/20 train_loss=0.145743 val_mse=0.171006 best_val=0.171006 patience=0/10
[2026-04-22 13:28:54] Sweep-Step8-gb0.100-lm0.500 | Epoch 3/20 train_loss=0.139713 val_mse=0.137177 best_val=0.137177 patience=0/10
[2026-04-22 13:28:59] Sweep-Step8-gb0.100-lm0.500 | Epoch 4/20 train_loss=0.135555 val_mse=0.157116 best_val=0.137177 patience=1/10
[2026-04-22 13:29:03] Sweep-Step8-gb0.100-lm0.500 | Epoch 5/20 train_loss=0.133259 val_mse=0.134563 best_val=0.134563 patience=0/10
[2026-04-22 13:29:07] Sweep-Step8-gb0.100-lm0.500 | Epoch 6/20 train_loss=0.131967 val_mse=0.161411 best_val=0.134563 patience=1/10
[2026-04-22 13:29:12] Sweep-Step8-gb0.100-lm0.500 | Epoch 7/20 train_loss=0.128752 val_mse=0.136995 best_val=0.134563 patience=2/10
[2026-04-22 13:29:16] Sweep-Step8-gb0.100-lm0.500 | Epoch 8/20 train_loss=0.128754 val_mse=0.147824 best_val=0.134563 patience=3/10
[2026-04-22 13:29:21] Sweep-Step8-gb0.100-lm0.500 | Epoch 9/20 train_loss=0.125389 val_mse=0.157914 best_val=0.134563 patience=4/10
[2026-04-22 13:29:25] Sweep-Step8-gb0.100-lm0.500 | Epoch 10/20 train_loss=0.123783 val_mse=0.151149 best_val=0.134563 patience=5/10
[2026-04-22 13:29:29] Sweep-Step8-gb0.100-lm0.500 | Epoch 11/20 train_loss=0.121759 val_mse=0.133634 best_val=0.133634 patience=0/10
[2026-04-22 13:29:34] Sweep-Step8-gb0.100-lm0.500 | Epoch 12/20 train_loss=0.121138 val_mse=0.131770 best_val=0.131770 patience=0/10
[2026-04-22 13:29:38] Sweep-Step8-gb0.100-lm0.500 | Epoch 13/20 train_loss=0.119988 val_mse=0.120813 best_val=0.120813 patience=0/10
[2026-04-22 13:29:42] Sweep-Step8-gb0.100-lm0.500 | Epoch 14/20 train_loss=0.117335 val_mse=0.136422 best_val=0.120813 patience=1/10
[2026-04-22 13:29:47] Sweep-Step8-gb0.100-lm0.500 | Epoch 15/20 train_loss=0.117233 val_mse=0.141483 best_val=0.120813 patience=2/10
[2026-04-22 13:29:51] Sweep-Step8-gb0.100-lm0.500 | Epoch 16/20 train_loss=0.116061 val_mse=0.123618 best_val=0.120813 patience=3/10
[2026-04-22 13:29:56] Sweep-Step8-gb0.100-lm0.500 | Epoch 17/20 train_loss=0.115304 val_mse=0.143306 best_val=0.120813 patience=4/10
[2026-04-22 13:30:00] Sweep-Step8-gb0.100-lm0.500 | Epoch 18/20 train_loss=0.113477 val_mse=0.128949 best_val=0.120813 patience=5/10
[2026-04-22 13:30:04] Sweep-Step8-gb0.100-lm0.500 | Epoch 19/20 train_loss=0.112503 val_mse=0.119645 best_val=0.119645 patience=0/10
[2026-04-22 13:30:09] Sweep-Step8-gb0.100-lm0.500 | Epoch 20/20 train_loss=0.111128 val_mse=0.122276 best_val=0.119645 patience=1/10
[2026-04-22 13:30:09] Sweep-Step8-gb0.100-lm0.500 DONE | MSE=0.119645 RMSE=0.345898 MAE=0.310327 Pearson=0.677866 [best_epoch=19]
[2026-04-22 13:30:13] Sweep-Step8-gb0.100-lm0.700 | Epoch 1/20 train_loss=0.166618 val_mse=0.145568 best_val=0.145568 patience=0/10
[2026-04-22 13:30:18] Sweep-Step8-gb0.100-lm0.700 | Epoch 2/20 train_loss=0.142597 val_mse=0.147550 best_val=0.145568 patience=1/10
[2026-04-22 13:30:22] Sweep-Step8-gb0.100-lm0.700 | Epoch 3/20 train_loss=0.137240 val_mse=0.136088 best_val=0.136088 patience=0/10
[2026-04-22 13:30:26] Sweep-Step8-gb0.100-lm0.700 | Epoch 4/20 train_loss=0.134245 val_mse=0.137067 best_val=0.136088 patience=1/10
[2026-04-22 13:30:31] Sweep-Step8-gb0.100-lm0.700 | Epoch 5/20 train_loss=0.131342 val_mse=0.141560 best_val=0.136088 patience=2/10
[2026-04-22 13:30:35] Sweep-Step8-gb0.100-lm0.700 | Epoch 6/20 train_loss=0.128933 val_mse=0.126084 best_val=0.126084 patience=0/10
[2026-04-22 13:30:40] Sweep-Step8-gb0.100-lm0.700 | Epoch 7/20 train_loss=0.127131 val_mse=0.141977 best_val=0.126084 patience=1/10
[2026-04-22 13:30:44] Sweep-Step8-gb0.100-lm0.700 | Epoch 8/20 train_loss=0.125502 val_mse=0.127527 best_val=0.126084 patience=2/10
[2026-04-22 13:30:48] Sweep-Step8-gb0.100-lm0.700 | Epoch 9/20 train_loss=0.124618 val_mse=0.120945 best_val=0.120945 patience=0/10
[2026-04-22 13:30:53] Sweep-Step8-gb0.100-lm0.700 | Epoch 10/20 train_loss=0.122163 val_mse=0.117534 best_val=0.117534 patience=0/10
[2026-04-22 13:30:57] Sweep-Step8-gb0.100-lm0.700 | Epoch 11/20 train_loss=0.120791 val_mse=0.114115 best_val=0.114115 patience=0/10
[2026-04-22 13:31:02] Sweep-Step8-gb0.100-lm0.700 | Epoch 12/20 train_loss=0.119068 val_mse=0.103297 best_val=0.103297 patience=0/10
[2026-04-22 13:31:06] Sweep-Step8-gb0.100-lm0.700 | Epoch 13/20 train_loss=0.119074 val_mse=0.107557 best_val=0.103297 patience=1/10
[2026-04-22 13:31:10] Sweep-Step8-gb0.100-lm0.700 | Epoch 14/20 train_loss=0.118433 val_mse=0.145172 best_val=0.103297 patience=2/10
[2026-04-22 13:31:15] Sweep-Step8-gb0.100-lm0.700 | Epoch 15/20 train_loss=0.115599 val_mse=0.117310 best_val=0.103297 patience=3/10
[2026-04-22 13:31:19] Sweep-Step8-gb0.100-lm0.700 | Epoch 16/20 train_loss=0.113249 val_mse=0.135019 best_val=0.103297 patience=4/10
[2026-04-22 13:31:23] Sweep-Step8-gb0.100-lm0.700 | Epoch 17/20 train_loss=0.113921 val_mse=0.115945 best_val=0.103297 patience=5/10
[2026-04-22 13:31:28] Sweep-Step8-gb0.100-lm0.700 | Epoch 18/20 train_loss=0.111646 val_mse=0.118006 best_val=0.103297 patience=6/10
[2026-04-22 13:31:32] Sweep-Step8-gb0.100-lm0.700 | Epoch 19/20 train_loss=0.111727 val_mse=0.118020 best_val=0.103297 patience=7/10
[2026-04-22 13:31:36] Sweep-Step8-gb0.100-lm0.700 | Epoch 20/20 train_loss=0.109600 val_mse=0.112182 best_val=0.103297 patience=8/10
[2026-04-22 13:31:37] Sweep-Step8-gb0.100-lm0.700 DONE | MSE=0.103297 RMSE=0.321398 MAE=0.288799 Pearson=0.743904 [best_epoch=12]
[2026-04-22 13:31:41] Sweep-Step8-gb0.350-lm0.500 | Epoch 1/20 train_loss=0.177546 val_mse=0.174096 best_val=0.174096 patience=0/10
[2026-04-22 13:31:45] Sweep-Step8-gb0.350-lm0.500 | Epoch 2/20 train_loss=0.147776 val_mse=0.126598 best_val=0.126598 patience=0/10
[2026-04-22 13:31:50] Sweep-Step8-gb0.350-lm0.500 | Epoch 3/20 train_loss=0.142697 val_mse=0.137441 best_val=0.126598 patience=1/10
[2026-04-22 13:31:54] Sweep-Step8-gb0.350-lm0.500 | Epoch 4/20 train_loss=0.140216 val_mse=0.133684 best_val=0.126598 patience=2/10
[2026-04-22 13:31:58] Sweep-Step8-gb0.350-lm0.500 | Epoch 5/20 train_loss=0.137480 val_mse=0.130854 best_val=0.126598 patience=3/10
[2026-04-22 13:32:03] Sweep-Step8-gb0.350-lm0.500 | Epoch 6/20 train_loss=0.134671 val_mse=0.126698 best_val=0.126598 patience=4/10
[2026-04-22 13:32:07] Sweep-Step8-gb0.350-lm0.500 | Epoch 7/20 train_loss=0.133745 val_mse=0.129091 best_val=0.126598 patience=5/10
[2026-04-22 13:32:12] Sweep-Step8-gb0.350-lm0.500 | Epoch 8/20 train_loss=0.130189 val_mse=0.118023 best_val=0.118023 patience=0/10
[2026-04-22 13:32:16] Sweep-Step8-gb0.350-lm0.500 | Epoch 9/20 train_loss=0.130066 val_mse=0.107942 best_val=0.107942 patience=0/10
[2026-04-22 13:32:20] Sweep-Step8-gb0.350-lm0.500 | Epoch 10/20 train_loss=0.128640 val_mse=0.118653 best_val=0.107942 patience=1/10
[2026-04-22 13:32:25] Sweep-Step8-gb0.350-lm0.500 | Epoch 11/20 train_loss=0.126518 val_mse=0.119007 best_val=0.107942 patience=2/10
[2026-04-22 13:32:29] Sweep-Step8-gb0.350-lm0.500 | Epoch 12/20 train_loss=0.126084 val_mse=0.097088 best_val=0.097088 patience=0/10
[2026-04-22 13:32:34] Sweep-Step8-gb0.350-lm0.500 | Epoch 13/20 train_loss=0.123648 val_mse=0.098630 best_val=0.097088 patience=1/10
[2026-04-22 13:32:38] Sweep-Step8-gb0.350-lm0.500 | Epoch 14/20 train_loss=0.122896 val_mse=0.100357 best_val=0.097088 patience=2/10
[2026-04-22 13:32:42] Sweep-Step8-gb0.350-lm0.500 | Epoch 15/20 train_loss=0.120304 val_mse=0.100336 best_val=0.097088 patience=3/10
[2026-04-22 13:32:46] Sweep-Step8-gb0.350-lm0.500 | Epoch 16/20 train_loss=0.119947 val_mse=0.112905 best_val=0.097088 patience=4/10
[2026-04-22 13:32:51] Sweep-Step8-gb0.350-lm0.500 | Epoch 17/20 train_loss=0.117286 val_mse=0.096773 best_val=0.096773 patience=0/10
[2026-04-22 13:32:55] Sweep-Step8-gb0.350-lm0.500 | Epoch 18/20 train_loss=0.116745 val_mse=0.097934 best_val=0.096773 patience=1/10
[2026-04-22 13:32:59] Sweep-Step8-gb0.350-lm0.500 | Epoch 19/20 train_loss=0.116213 val_mse=0.098365 best_val=0.096773 patience=2/10
[2026-04-22 13:33:04] Sweep-Step8-gb0.350-lm0.500 | Epoch 20/20 train_loss=0.113313 val_mse=0.087415 best_val=0.087415 patience=0/10
[2026-04-22 13:33:04] Sweep-Step8-gb0.350-lm0.500 DONE | MSE=0.087415 RMSE=0.295660 MAE=0.253269 Pearson=0.781414 [best_epoch=20]
[2026-04-22 13:33:08] Sweep-Step8-gb0.350-lm0.700 | Epoch 1/20 train_loss=0.168501 val_mse=0.166498 best_val=0.166498 patience=0/10
[2026-04-22 13:33:13] Sweep-Step8-gb0.350-lm0.700 | Epoch 2/20 train_loss=0.144769 val_mse=0.169337 best_val=0.166498 patience=1/10
[2026-04-22 13:33:17] Sweep-Step8-gb0.350-lm0.700 | Epoch 3/20 train_loss=0.137533 val_mse=0.152141 best_val=0.152141 patience=0/10
[2026-04-22 13:33:22] Sweep-Step8-gb0.350-lm0.700 | Epoch 4/20 train_loss=0.132068 val_mse=0.174471 best_val=0.152141 patience=1/10
[2026-04-22 13:33:26] Sweep-Step8-gb0.350-lm0.700 | Epoch 5/20 train_loss=0.127996 val_mse=0.141727 best_val=0.141727 patience=0/10
[2026-04-22 13:33:30] Sweep-Step8-gb0.350-lm0.700 | Epoch 6/20 train_loss=0.126647 val_mse=0.144124 best_val=0.141727 patience=1/10
[2026-04-22 13:33:35] Sweep-Step8-gb0.350-lm0.700 | Epoch 7/20 train_loss=0.122466 val_mse=0.174839 best_val=0.141727 patience=2/10
[2026-04-22 13:33:39] Sweep-Step8-gb0.350-lm0.700 | Epoch 8/20 train_loss=0.121957 val_mse=0.126595 best_val=0.126595 patience=0/10
[2026-04-22 13:33:44] Sweep-Step8-gb0.350-lm0.700 | Epoch 9/20 train_loss=0.120976 val_mse=0.131378 best_val=0.126595 patience=1/10
[2026-04-22 13:33:48] Sweep-Step8-gb0.350-lm0.700 | Epoch 10/20 train_loss=0.116542 val_mse=0.140372 best_val=0.126595 patience=2/10
[2026-04-22 13:33:52] Sweep-Step8-gb0.350-lm0.700 | Epoch 11/20 train_loss=0.117766 val_mse=0.134740 best_val=0.126595 patience=3/10
[2026-04-22 13:33:57] Sweep-Step8-gb0.350-lm0.700 | Epoch 12/20 train_loss=0.115170 val_mse=0.122239 best_val=0.122239 patience=0/10
[2026-04-22 13:34:01] Sweep-Step8-gb0.350-lm0.700 | Epoch 13/20 train_loss=0.113714 val_mse=0.113611 best_val=0.113611 patience=0/10
[2026-04-22 13:34:05] Sweep-Step8-gb0.350-lm0.700 | Epoch 14/20 train_loss=0.111576 val_mse=0.113483 best_val=0.113483 patience=0/10
[2026-04-22 13:34:10] Sweep-Step8-gb0.350-lm0.700 | Epoch 15/20 train_loss=0.111215 val_mse=0.115383 best_val=0.113483 patience=1/10
[2026-04-22 13:34:14] Sweep-Step8-gb0.350-lm0.700 | Epoch 16/20 train_loss=0.109293 val_mse=0.106403 best_val=0.106403 patience=0/10
[2026-04-22 13:34:19] Sweep-Step8-gb0.350-lm0.700 | Epoch 17/20 train_loss=0.108710 val_mse=0.132248 best_val=0.106403 patience=1/10
[2026-04-22 13:34:23] Sweep-Step8-gb0.350-lm0.700 | Epoch 18/20 train_loss=0.106034 val_mse=0.110658 best_val=0.106403 patience=2/10
[2026-04-22 13:34:27] Sweep-Step8-gb0.350-lm0.700 | Epoch 19/20 train_loss=0.104186 val_mse=0.101960 best_val=0.101960 patience=0/10
[2026-04-22 13:34:32] Sweep-Step8-gb0.350-lm0.700 | Epoch 20/20 train_loss=0.103690 val_mse=0.110198 best_val=0.101960 patience=1/10
[2026-04-22 13:34:32] Sweep-Step8-gb0.350-lm0.700 DONE | MSE=0.101960 RMSE=0.319312 MAE=0.269333 Pearson=0.711470 [best_epoch=19]
[2026-04-22 13:34:32] >>> Sweep best: gate_b_scale=0.350, final_lr_mult=0.500, mse=0.087415
[2026-04-22 13:34:32] >>> Stage 3: running 9-step matrix with fixed best params
[2026-04-22 13:34:36] Step1-BaselineA-Weak | Epoch 1/50 train_loss=0.184975 val_mse=0.193906 best_val=0.193906 patience=0/10
[2026-04-22 13:34:39] Step1-BaselineA-Weak | Epoch 2/50 train_loss=0.174984 val_mse=0.204524 best_val=0.193906 patience=1/10
[2026-04-22 13:34:43] Step1-BaselineA-Weak | Epoch 3/50 train_loss=0.173023 val_mse=0.214799 best_val=0.193906 patience=2/10
[2026-04-22 13:34:47] Step1-BaselineA-Weak | Epoch 4/50 train_loss=0.172003 val_mse=0.201146 best_val=0.193906 patience=3/10
[2026-04-22 13:34:50] Step1-BaselineA-Weak | Epoch 5/50 train_loss=0.171606 val_mse=0.204814 best_val=0.193906 patience=4/10
[2026-04-22 13:34:54] Step1-BaselineA-Weak | Epoch 6/50 train_loss=0.170618 val_mse=0.209425 best_val=0.193906 patience=5/10
[2026-04-22 13:34:58] Step1-BaselineA-Weak | Epoch 7/50 train_loss=0.170265 val_mse=0.198354 best_val=0.193906 patience=6/10
[2026-04-22 13:35:01] Step1-BaselineA-Weak | Epoch 8/50 train_loss=0.169748 val_mse=0.210097 best_val=0.193906 patience=7/10
[2026-04-22 13:35:05] Step1-BaselineA-Weak | Epoch 9/50 train_loss=0.169358 val_mse=0.199455 best_val=0.193906 patience=8/10
[2026-04-22 13:35:09] Step1-BaselineA-Weak | Epoch 10/50 train_loss=0.169055 val_mse=0.212648 best_val=0.193906 patience=9/10
[2026-04-22 13:35:12] Step1-BaselineA-Weak | Epoch 11/50 train_loss=0.168732 val_mse=0.207523 best_val=0.193906 patience=10/10
[2026-04-22 13:35:12] Step1-BaselineA-Weak | Early stop at epoch 11, best=1
[2026-04-22 13:35:12] Step1-BaselineA-Weak DONE | MSE=0.193906 RMSE=0.440348 MAE=0.395070 Pearson=0.158650 [best_epoch=1]
[2026-04-22 13:35:16] Step2-BaselineB-Strong | Epoch 1/50 train_loss=0.187445 val_mse=0.198563 best_val=0.198563 patience=0/10
[2026-04-22 13:35:20] Step2-BaselineB-Strong | Epoch 2/50 train_loss=0.173741 val_mse=0.199130 best_val=0.198563 patience=1/10
[2026-04-22 13:35:24] Step2-BaselineB-Strong | Epoch 3/50 train_loss=0.171592 val_mse=0.207195 best_val=0.198563 patience=2/10
[2026-04-22 13:35:28] Step2-BaselineB-Strong | Epoch 4/50 train_loss=0.170505 val_mse=0.205543 best_val=0.198563 patience=3/10
[2026-04-22 13:35:31] Step2-BaselineB-Strong | Epoch 5/50 train_loss=0.170310 val_mse=0.199169 best_val=0.198563 patience=4/10
[2026-04-22 13:35:35] Step2-BaselineB-Strong | Epoch 6/50 train_loss=0.170780 val_mse=0.207200 best_val=0.198563 patience=5/10
[2026-04-22 13:35:39] Step2-BaselineB-Strong | Epoch 7/50 train_loss=0.170186 val_mse=0.197840 best_val=0.197840 patience=0/10
[2026-04-22 13:35:43] Step2-BaselineB-Strong | Epoch 8/50 train_loss=0.169076 val_mse=0.204906 best_val=0.197840 patience=1/10
[2026-04-22 13:35:47] Step2-BaselineB-Strong | Epoch 9/50 train_loss=0.168766 val_mse=0.211496 best_val=0.197840 patience=2/10
[2026-04-22 13:35:50] Step2-BaselineB-Strong | Epoch 10/50 train_loss=0.168660 val_mse=0.205571 best_val=0.197840 patience=3/10
[2026-04-22 13:35:54] Step2-BaselineB-Strong | Epoch 11/50 train_loss=0.168329 val_mse=0.209159 best_val=0.197840 patience=4/10
[2026-04-22 13:35:58] Step2-BaselineB-Strong | Epoch 12/50 train_loss=0.167703 val_mse=0.210580 best_val=0.197840 patience=5/10
[2026-04-22 13:36:02] Step2-BaselineB-Strong | Epoch 13/50 train_loss=0.167398 val_mse=0.201975 best_val=0.197840 patience=6/10
[2026-04-22 13:36:05] Step2-BaselineB-Strong | Epoch 14/50 train_loss=0.167191 val_mse=0.203598 best_val=0.197840 patience=7/10
[2026-04-22 13:36:09] Step2-BaselineB-Strong | Epoch 15/50 train_loss=0.166429 val_mse=0.206793 best_val=0.197840 patience=8/10
[2026-04-22 13:36:13] Step2-BaselineB-Strong | Epoch 16/50 train_loss=0.165836 val_mse=0.205747 best_val=0.197840 patience=9/10
[2026-04-22 13:36:17] Step2-BaselineB-Strong | Epoch 17/50 train_loss=0.166520 val_mse=0.205077 best_val=0.197840 patience=10/10
[2026-04-22 13:36:17] Step2-BaselineB-Strong | Early stop at epoch 17, best=7
[2026-04-22 13:36:17] Step2-BaselineB-Strong DONE | MSE=0.197840 RMSE=0.444792 MAE=0.411628 Pearson=0.336763 [best_epoch=7]
[2026-04-22 13:36:21] Step3-Ours-TCN | Epoch 1/50 train_loss=0.186469 val_mse=0.201731 best_val=0.201731 patience=0/10
[2026-04-22 13:36:25] Step3-Ours-TCN | Epoch 2/50 train_loss=0.174949 val_mse=0.194589 best_val=0.194589 patience=0/10
[2026-04-22 13:36:29] Step3-Ours-TCN | Epoch 3/50 train_loss=0.173974 val_mse=0.202739 best_val=0.194589 patience=1/10
[2026-04-22 13:36:33] Step3-Ours-TCN | Epoch 4/50 train_loss=0.173142 val_mse=0.196315 best_val=0.194589 patience=2/10
[2026-04-22 13:36:37] Step3-Ours-TCN | Epoch 5/50 train_loss=0.172627 val_mse=0.198241 best_val=0.194589 patience=3/10
[2026-04-22 13:36:41] Step3-Ours-TCN | Epoch 6/50 train_loss=0.172340 val_mse=0.200378 best_val=0.194589 patience=4/10
[2026-04-22 13:36:45] Step3-Ours-TCN | Epoch 7/50 train_loss=0.171738 val_mse=0.199495 best_val=0.194589 patience=5/10
[2026-04-22 13:36:50] Step3-Ours-TCN | Epoch 8/50 train_loss=0.171328 val_mse=0.195972 best_val=0.194589 patience=6/10
[2026-04-22 13:36:54] Step3-Ours-TCN | Epoch 9/50 train_loss=0.171201 val_mse=0.198840 best_val=0.194589 patience=7/10
[2026-04-22 13:36:58] Step3-Ours-TCN | Epoch 10/50 train_loss=0.170594 val_mse=0.195413 best_val=0.194589 patience=8/10
[2026-04-22 13:37:02] Step3-Ours-TCN | Epoch 11/50 train_loss=0.170331 val_mse=0.196738 best_val=0.194589 patience=9/10
[2026-04-22 13:37:06] Step3-Ours-TCN | Epoch 12/50 train_loss=0.170406 val_mse=0.200430 best_val=0.194589 patience=10/10
[2026-04-22 13:37:06] Step3-Ours-TCN | Early stop at epoch 12, best=2
[2026-04-22 13:37:06] Step3-Ours-TCN DONE | MSE=0.194589 RMSE=0.441123 MAE=0.397802 Pearson=0.068574 [best_epoch=2]
[2026-04-22 13:37:10] Step5-Ablation1-woDualGating | Epoch 1/50 train_loss=0.152383 val_mse=0.141998 best_val=0.141998 patience=0/10
[2026-04-22 13:37:14] Step5-Ablation1-woDualGating | Epoch 2/50 train_loss=0.135636 val_mse=0.151228 best_val=0.141998 patience=1/10
[2026-04-22 13:37:18] Step5-Ablation1-woDualGating | Epoch 3/50 train_loss=0.129999 val_mse=0.145081 best_val=0.141998 patience=2/10
[2026-04-22 13:37:22] Step5-Ablation1-woDualGating | Epoch 4/50 train_loss=0.126230 val_mse=0.152298 best_val=0.141998 patience=3/10
[2026-04-22 13:37:26] Step5-Ablation1-woDualGating | Epoch 5/50 train_loss=0.123569 val_mse=0.141674 best_val=0.141674 patience=0/10
[2026-04-22 13:37:30] Step5-Ablation1-woDualGating | Epoch 6/50 train_loss=0.120877 val_mse=0.144438 best_val=0.141674 patience=1/10
[2026-04-22 13:37:34] Step5-Ablation1-woDualGating | Epoch 7/50 train_loss=0.120021 val_mse=0.114672 best_val=0.114672 patience=0/10
[2026-04-22 13:37:38] Step5-Ablation1-woDualGating | Epoch 8/50 train_loss=0.117494 val_mse=0.138020 best_val=0.114672 patience=1/10
[2026-04-22 13:37:42] Step5-Ablation1-woDualGating | Epoch 9/50 train_loss=0.116903 val_mse=0.143129 best_val=0.114672 patience=2/10
[2026-04-22 13:37:47] Step5-Ablation1-woDualGating | Epoch 10/50 train_loss=0.114259 val_mse=0.130787 best_val=0.114672 patience=3/10
[2026-04-22 13:37:51] Step5-Ablation1-woDualGating | Epoch 11/50 train_loss=0.114110 val_mse=0.121058 best_val=0.114672 patience=4/10
[2026-04-22 13:37:55] Step5-Ablation1-woDualGating | Epoch 12/50 train_loss=0.113199 val_mse=0.100376 best_val=0.100376 patience=0/10
[2026-04-22 13:37:59] Step5-Ablation1-woDualGating | Epoch 13/50 train_loss=0.111632 val_mse=0.097513 best_val=0.097513 patience=0/10
[2026-04-22 13:38:03] Step5-Ablation1-woDualGating | Epoch 14/50 train_loss=0.109672 val_mse=0.096182 best_val=0.096182 patience=0/10
[2026-04-22 13:38:07] Step5-Ablation1-woDualGating | Epoch 15/50 train_loss=0.107186 val_mse=0.092603 best_val=0.092603 patience=0/10
[2026-04-22 13:38:11] Step5-Ablation1-woDualGating | Epoch 16/50 train_loss=0.106128 val_mse=0.096915 best_val=0.092603 patience=1/10
[2026-04-22 13:38:15] Step5-Ablation1-woDualGating | Epoch 17/50 train_loss=0.105510 val_mse=0.089014 best_val=0.089014 patience=0/10
[2026-04-22 13:38:19] Step5-Ablation1-woDualGating | Epoch 18/50 train_loss=0.103895 val_mse=0.081253 best_val=0.081253 patience=0/10
[2026-04-22 13:38:23] Step5-Ablation1-woDualGating | Epoch 19/50 train_loss=0.103049 val_mse=0.085101 best_val=0.081253 patience=1/10
[2026-04-22 13:38:27] Step5-Ablation1-woDualGating | Epoch 20/50 train_loss=0.101535 val_mse=0.083159 best_val=0.081253 patience=2/10
[2026-04-22 13:38:31] Step5-Ablation1-woDualGating | Epoch 21/50 train_loss=0.098955 val_mse=0.083949 best_val=0.081253 patience=3/10
[2026-04-22 13:38:35] Step5-Ablation1-woDualGating | Epoch 22/50 train_loss=0.099481 val_mse=0.076788 best_val=0.076788 patience=0/10
[2026-04-22 13:38:40] Step5-Ablation1-woDualGating | Epoch 23/50 train_loss=0.097681 val_mse=0.092293 best_val=0.076788 patience=1/10
[2026-04-22 13:38:44] Step5-Ablation1-woDualGating | Epoch 24/50 train_loss=0.096470 val_mse=0.075711 best_val=0.075711 patience=0/10
[2026-04-22 13:38:48] Step5-Ablation1-woDualGating | Epoch 25/50 train_loss=0.094388 val_mse=0.094590 best_val=0.075711 patience=1/10
[2026-04-22 13:38:52] Step5-Ablation1-woDualGating | Epoch 26/50 train_loss=0.093242 val_mse=0.080634 best_val=0.075711 patience=2/10
[2026-04-22 13:38:56] Step5-Ablation1-woDualGating | Epoch 27/50 train_loss=0.092429 val_mse=0.081238 best_val=0.075711 patience=3/10
[2026-04-22 13:39:00] Step5-Ablation1-woDualGating | Epoch 28/50 train_loss=0.093614 val_mse=0.069492 best_val=0.069492 patience=0/10
[2026-04-22 13:39:05] Step5-Ablation1-woDualGating | Epoch 29/50 train_loss=0.089681 val_mse=0.074750 best_val=0.069492 patience=1/10
[2026-04-22 13:39:09] Step5-Ablation1-woDualGating | Epoch 30/50 train_loss=0.088225 val_mse=0.087100 best_val=0.069492 patience=2/10
[2026-04-22 13:39:13] Step5-Ablation1-woDualGating | Epoch 31/50 train_loss=0.087488 val_mse=0.067105 best_val=0.067105 patience=0/10
[2026-04-22 13:39:17] Step5-Ablation1-woDualGating | Epoch 32/50 train_loss=0.085585 val_mse=0.094252 best_val=0.067105 patience=1/10
[2026-04-22 13:39:21] Step5-Ablation1-woDualGating | Epoch 33/50 train_loss=0.086839 val_mse=0.079634 best_val=0.067105 patience=2/10
[2026-04-22 13:39:25] Step5-Ablation1-woDualGating | Epoch 34/50 train_loss=0.084585 val_mse=0.097580 best_val=0.067105 patience=3/10
[2026-04-22 13:39:29] Step5-Ablation1-woDualGating | Epoch 35/50 train_loss=0.083621 val_mse=0.077791 best_val=0.067105 patience=4/10
[2026-04-22 13:39:33] Step5-Ablation1-woDualGating | Epoch 36/50 train_loss=0.083248 val_mse=0.093242 best_val=0.067105 patience=5/10
[2026-04-22 13:39:37] Step5-Ablation1-woDualGating | Epoch 37/50 train_loss=0.083065 val_mse=0.109816 best_val=0.067105 patience=6/10
[2026-04-22 13:39:41] Step5-Ablation1-woDualGating | Epoch 38/50 train_loss=0.081905 val_mse=0.119024 best_val=0.067105 patience=7/10
[2026-04-22 13:39:45] Step5-Ablation1-woDualGating | Epoch 39/50 train_loss=0.081290 val_mse=0.090113 best_val=0.067105 patience=8/10
[2026-04-22 13:39:50] Step5-Ablation1-woDualGating | Epoch 40/50 train_loss=0.080060 val_mse=0.073795 best_val=0.067105 patience=9/10
[2026-04-22 13:39:54] Step5-Ablation1-woDualGating | Epoch 41/50 train_loss=0.081302 val_mse=0.099184 best_val=0.067105 patience=10/10
[2026-04-22 13:39:54] Step5-Ablation1-woDualGating | Early stop at epoch 41, best=31
[2026-04-22 13:39:54] Step5-Ablation1-woDualGating DONE | MSE=0.067105 RMSE=0.259047 MAE=0.216784 Pearson=0.818828 [best_epoch=31]
[2026-04-22 13:39:58] Step6-Ablation2-woTCMPrior | Epoch 1/50 train_loss=0.169957 val_mse=0.189884 best_val=0.189884 patience=0/10
[2026-04-22 13:40:02] Step6-Ablation2-woTCMPrior | Epoch 2/50 train_loss=0.149086 val_mse=0.134536 best_val=0.134536 patience=0/10
[2026-04-22 13:40:06] Step6-Ablation2-woTCMPrior | Epoch 3/50 train_loss=0.143074 val_mse=0.169995 best_val=0.134536 patience=1/10
[2026-04-22 13:40:10] Step6-Ablation2-woTCMPrior | Epoch 4/50 train_loss=0.139488 val_mse=0.159009 best_val=0.134536 patience=2/10
[2026-04-22 13:40:14] Step6-Ablation2-woTCMPrior | Epoch 5/50 train_loss=0.135145 val_mse=0.175832 best_val=0.134536 patience=3/10
[2026-04-22 13:40:18] Step6-Ablation2-woTCMPrior | Epoch 6/50 train_loss=0.132259 val_mse=0.184958 best_val=0.134536 patience=4/10
[2026-04-22 13:40:22] Step6-Ablation2-woTCMPrior | Epoch 7/50 train_loss=0.129810 val_mse=0.175096 best_val=0.134536 patience=5/10
[2026-04-22 13:40:26] Step6-Ablation2-woTCMPrior | Epoch 8/50 train_loss=0.128996 val_mse=0.168540 best_val=0.134536 patience=6/10
[2026-04-22 13:40:30] Step6-Ablation2-woTCMPrior | Epoch 9/50 train_loss=0.127020 val_mse=0.208477 best_val=0.134536 patience=7/10
[2026-04-22 13:40:34] Step6-Ablation2-woTCMPrior | Epoch 10/50 train_loss=0.125161 val_mse=0.200864 best_val=0.134536 patience=8/10
[2026-04-22 13:40:39] Step6-Ablation2-woTCMPrior | Epoch 11/50 train_loss=0.124049 val_mse=0.173654 best_val=0.134536 patience=9/10
[2026-04-22 13:40:43] Step6-Ablation2-woTCMPrior | Epoch 12/50 train_loss=0.124058 val_mse=0.213125 best_val=0.134536 patience=10/10
[2026-04-22 13:40:43] Step6-Ablation2-woTCMPrior | Early stop at epoch 12, best=2
[2026-04-22 13:40:43] Step6-Ablation2-woTCMPrior DONE | MSE=0.134536 RMSE=0.366792 MAE=0.334558 Pearson=0.684901 [best_epoch=2]
[2026-04-22 13:40:47] Step7-Ablation3-woTCMGate | Epoch 1/50 train_loss=0.157138 val_mse=0.131149 best_val=0.131149 patience=0/10
[2026-04-22 13:40:51] Step7-Ablation3-woTCMGate | Epoch 2/50 train_loss=0.137060 val_mse=0.140143 best_val=0.131149 patience=1/10
[2026-04-22 13:40:55] Step7-Ablation3-woTCMGate | Epoch 3/50 train_loss=0.130525 val_mse=0.156952 best_val=0.131149 patience=2/10
[2026-04-22 13:41:00] Step7-Ablation3-woTCMGate | Epoch 4/50 train_loss=0.127202 val_mse=0.134860 best_val=0.131149 patience=3/10
[2026-04-22 13:41:04] Step7-Ablation3-woTCMGate | Epoch 5/50 train_loss=0.124642 val_mse=0.124349 best_val=0.124349 patience=0/10
[2026-04-22 13:41:08] Step7-Ablation3-woTCMGate | Epoch 6/50 train_loss=0.121171 val_mse=0.120107 best_val=0.120107 patience=0/10
[2026-04-22 13:41:12] Step7-Ablation3-woTCMGate | Epoch 7/50 train_loss=0.117902 val_mse=0.112726 best_val=0.112726 patience=0/10
[2026-04-22 13:41:17] Step7-Ablation3-woTCMGate | Epoch 8/50 train_loss=0.117066 val_mse=0.098850 best_val=0.098850 patience=0/10
[2026-04-22 13:41:21] Step7-Ablation3-woTCMGate | Epoch 9/50 train_loss=0.114164 val_mse=0.098126 best_val=0.098126 patience=0/10
[2026-04-22 13:41:25] Step7-Ablation3-woTCMGate | Epoch 10/50 train_loss=0.112830 val_mse=0.111869 best_val=0.098126 patience=1/10
[2026-04-22 13:41:30] Step7-Ablation3-woTCMGate | Epoch 11/50 train_loss=0.112861 val_mse=0.114942 best_val=0.098126 patience=2/10
[2026-04-22 13:41:34] Step7-Ablation3-woTCMGate | Epoch 12/50 train_loss=0.109395 val_mse=0.101195 best_val=0.098126 patience=3/10
[2026-04-22 13:41:38] Step7-Ablation3-woTCMGate | Epoch 13/50 train_loss=0.108703 val_mse=0.084292 best_val=0.084292 patience=0/10
[2026-04-22 13:41:42] Step7-Ablation3-woTCMGate | Epoch 14/50 train_loss=0.106289 val_mse=0.084356 best_val=0.084292 patience=1/10
[2026-04-22 13:41:47] Step7-Ablation3-woTCMGate | Epoch 15/50 train_loss=0.106186 val_mse=0.075246 best_val=0.075246 patience=0/10
[2026-04-22 13:41:51] Step7-Ablation3-woTCMGate | Epoch 16/50 train_loss=0.105036 val_mse=0.077872 best_val=0.075246 patience=1/10
[2026-04-22 13:41:55] Step7-Ablation3-woTCMGate | Epoch 17/50 train_loss=0.102756 val_mse=0.073430 best_val=0.073430 patience=0/10
[2026-04-22 13:41:59] Step7-Ablation3-woTCMGate | Epoch 18/50 train_loss=0.101953 val_mse=0.070798 best_val=0.070798 patience=0/10
[2026-04-22 13:42:04] Step7-Ablation3-woTCMGate | Epoch 19/50 train_loss=0.101439 val_mse=0.073482 best_val=0.070798 patience=1/10
[2026-04-22 13:42:08] Step7-Ablation3-woTCMGate | Epoch 20/50 train_loss=0.100957 val_mse=0.065285 best_val=0.065285 patience=0/10
[2026-04-22 13:42:12] Step7-Ablation3-woTCMGate | Epoch 21/50 train_loss=0.100237 val_mse=0.067925 best_val=0.065285 patience=1/10
[2026-04-22 13:42:16] Step7-Ablation3-woTCMGate | Epoch 22/50 train_loss=0.099468 val_mse=0.075856 best_val=0.065285 patience=2/10
[2026-04-22 13:42:21] Step7-Ablation3-woTCMGate | Epoch 23/50 train_loss=0.098000 val_mse=0.081066 best_val=0.065285 patience=3/10
[2026-04-22 13:42:25] Step7-Ablation3-woTCMGate | Epoch 24/50 train_loss=0.097794 val_mse=0.086592 best_val=0.065285 patience=4/10
[2026-04-22 13:42:29] Step7-Ablation3-woTCMGate | Epoch 25/50 train_loss=0.095794 val_mse=0.069412 best_val=0.065285 patience=5/10
[2026-04-22 13:42:34] Step7-Ablation3-woTCMGate | Epoch 26/50 train_loss=0.095658 val_mse=0.063751 best_val=0.063751 patience=0/10
[2026-04-22 13:42:38] Step7-Ablation3-woTCMGate | Epoch 27/50 train_loss=0.095855 val_mse=0.061866 best_val=0.061866 patience=0/10
[2026-04-22 13:42:42] Step7-Ablation3-woTCMGate | Epoch 28/50 train_loss=0.093918 val_mse=0.061708 best_val=0.061708 patience=0/10
[2026-04-22 13:42:47] Step7-Ablation3-woTCMGate | Epoch 29/50 train_loss=0.094464 val_mse=0.081332 best_val=0.061708 patience=1/10
[2026-04-22 13:42:51] Step7-Ablation3-woTCMGate | Epoch 30/50 train_loss=0.093118 val_mse=0.074122 best_val=0.061708 patience=2/10
[2026-04-22 13:42:55] Step7-Ablation3-woTCMGate | Epoch 31/50 train_loss=0.092153 val_mse=0.061937 best_val=0.061708 patience=3/10
[2026-04-22 13:42:59] Step7-Ablation3-woTCMGate | Epoch 32/50 train_loss=0.091778 val_mse=0.060791 best_val=0.060791 patience=0/10
[2026-04-22 13:43:04] Step7-Ablation3-woTCMGate | Epoch 33/50 train_loss=0.090730 val_mse=0.054770 best_val=0.054770 patience=0/10
[2026-04-22 13:43:08] Step7-Ablation3-woTCMGate | Epoch 34/50 train_loss=0.090788 val_mse=0.064094 best_val=0.054770 patience=1/10
[2026-04-22 13:43:12] Step7-Ablation3-woTCMGate | Epoch 35/50 train_loss=0.090133 val_mse=0.059649 best_val=0.054770 patience=2/10
[2026-04-22 13:43:16] Step7-Ablation3-woTCMGate | Epoch 36/50 train_loss=0.089907 val_mse=0.072028 best_val=0.054770 patience=3/10
[2026-04-22 13:43:21] Step7-Ablation3-woTCMGate | Epoch 37/50 train_loss=0.089550 val_mse=0.059552 best_val=0.054770 patience=4/10
[2026-04-22 13:43:25] Step7-Ablation3-woTCMGate | Epoch 38/50 train_loss=0.087688 val_mse=0.074227 best_val=0.054770 patience=5/10
[2026-04-22 13:43:29] Step7-Ablation3-woTCMGate | Epoch 39/50 train_loss=0.089068 val_mse=0.058478 best_val=0.054770 patience=6/10
[2026-04-22 13:43:34] Step7-Ablation3-woTCMGate | Epoch 40/50 train_loss=0.088355 val_mse=0.060294 best_val=0.054770 patience=7/10
[2026-04-22 13:43:38] Step7-Ablation3-woTCMGate | Epoch 41/50 train_loss=0.088493 val_mse=0.067297 best_val=0.054770 patience=8/10
[2026-04-22 13:43:42] Step7-Ablation3-woTCMGate | Epoch 42/50 train_loss=0.087072 val_mse=0.059598 best_val=0.054770 patience=9/10
[2026-04-22 13:43:47] Step7-Ablation3-woTCMGate | Epoch 43/50 train_loss=0.086333 val_mse=0.071987 best_val=0.054770 patience=10/10
[2026-04-22 13:43:47] Step7-Ablation3-woTCMGate | Early stop at epoch 43, best=33
[2026-04-22 13:43:47] Step7-Ablation3-woTCMGate DONE | MSE=0.054770 RMSE=0.234029 MAE=0.192575 Pearson=0.858773 [best_epoch=33]
[2026-04-22 13:43:47] >>> Final Ours stabilized hparams: HyperParams(lr=0.00025, weight_decay=1e-05, batch_size=32)
[2026-04-22 13:43:51] Step8-FinalOurs | Epoch 1/50 train_loss=0.168640 val_mse=0.156596 best_val=0.156596 patience=0/10
[2026-04-22 13:43:56] Step8-FinalOurs | Epoch 2/50 train_loss=0.143227 val_mse=0.158643 best_val=0.156596 patience=1/10
[2026-04-22 13:44:00] Step8-FinalOurs | Epoch 3/50 train_loss=0.136544 val_mse=0.163491 best_val=0.156596 patience=2/10
[2026-04-22 13:44:04] Step8-FinalOurs | Epoch 4/50 train_loss=0.130289 val_mse=0.157049 best_val=0.156596 patience=3/10
[2026-04-22 13:44:09] Step8-FinalOurs | Epoch 5/50 train_loss=0.128170 val_mse=0.180406 best_val=0.156596 patience=4/10
[2026-04-22 13:44:13] Step8-FinalOurs | Epoch 6/50 train_loss=0.124829 val_mse=0.149061 best_val=0.149061 patience=0/10
[2026-04-22 13:44:18] Step8-FinalOurs | Epoch 7/50 train_loss=0.122539 val_mse=0.157145 best_val=0.149061 patience=1/10
[2026-04-22 13:44:22] Step8-FinalOurs | Epoch 8/50 train_loss=0.121361 val_mse=0.150266 best_val=0.149061 patience=2/10
[2026-04-22 13:44:26] Step8-FinalOurs | Epoch 9/50 train_loss=0.118565 val_mse=0.136353 best_val=0.136353 patience=0/10
[2026-04-22 13:44:31] Step8-FinalOurs | Epoch 10/50 train_loss=0.118406 val_mse=0.152667 best_val=0.136353 patience=1/10
[2026-04-22 13:44:35] Step8-FinalOurs | Epoch 11/50 train_loss=0.115571 val_mse=0.146038 best_val=0.136353 patience=2/10
[2026-04-22 13:44:39] Step8-FinalOurs | Epoch 12/50 train_loss=0.113557 val_mse=0.136300 best_val=0.136300 patience=0/10
[2026-04-22 13:44:44] Step8-FinalOurs | Epoch 13/50 train_loss=0.111832 val_mse=0.112660 best_val=0.112660 patience=0/10
[2026-04-22 13:44:48] Step8-FinalOurs | Epoch 14/50 train_loss=0.111099 val_mse=0.121387 best_val=0.112660 patience=1/10
[2026-04-22 13:44:53] Step8-FinalOurs | Epoch 15/50 train_loss=0.108367 val_mse=0.109832 best_val=0.109832 patience=0/10
[2026-04-22 13:44:57] Step8-FinalOurs | Epoch 16/50 train_loss=0.107145 val_mse=0.111804 best_val=0.109832 patience=1/10
[2026-04-22 13:45:01] Step8-FinalOurs | Epoch 17/50 train_loss=0.106801 val_mse=0.106911 best_val=0.106911 patience=0/10
[2026-04-22 13:45:06] Step8-FinalOurs | Epoch 18/50 train_loss=0.104964 val_mse=0.109123 best_val=0.106911 patience=1/10
[2026-04-22 13:45:10] Step8-FinalOurs | Epoch 19/50 train_loss=0.103572 val_mse=0.102019 best_val=0.102019 patience=0/10
[2026-04-22 13:45:14] Step8-FinalOurs | Epoch 20/50 train_loss=0.102050 val_mse=0.101518 best_val=0.101518 patience=0/10
[2026-04-22 13:45:19] Step8-FinalOurs | Epoch 21/50 train_loss=0.101679 val_mse=0.102513 best_val=0.101518 patience=1/10
[2026-04-22 13:45:23] Step8-FinalOurs | Epoch 22/50 train_loss=0.099329 val_mse=0.098740 best_val=0.098740 patience=0/10
[2026-04-22 13:45:28] Step8-FinalOurs | Epoch 23/50 train_loss=0.098006 val_mse=0.092640 best_val=0.092640 patience=0/10
[2026-04-22 13:45:32] Step8-FinalOurs | Epoch 24/50 train_loss=0.098260 val_mse=0.092145 best_val=0.092145 patience=0/10
[2026-04-22 13:45:36] Step8-FinalOurs | Epoch 25/50 train_loss=0.096220 val_mse=0.099517 best_val=0.092145 patience=1/10
[2026-04-22 13:45:41] Step8-FinalOurs | Epoch 26/50 train_loss=0.096669 val_mse=0.090639 best_val=0.090639 patience=0/10
[2026-04-22 13:45:45] Step8-FinalOurs | Epoch 27/50 train_loss=0.093956 val_mse=0.092560 best_val=0.090639 patience=1/10
[2026-04-22 13:45:50] Step8-FinalOurs | Epoch 28/50 train_loss=0.093726 val_mse=0.093099 best_val=0.090639 patience=2/10
[2026-04-22 13:45:54] Step8-FinalOurs | Epoch 29/50 train_loss=0.093345 val_mse=0.087677 best_val=0.087677 patience=0/10
[2026-04-22 13:45:58] Step8-FinalOurs | Epoch 30/50 train_loss=0.092534 val_mse=0.114211 best_val=0.087677 patience=1/10
[2026-04-22 13:46:03] Step8-FinalOurs | Epoch 31/50 train_loss=0.091536 val_mse=0.088329 best_val=0.087677 patience=2/10
[2026-04-22 13:46:07] Step8-FinalOurs | Epoch 32/50 train_loss=0.089007 val_mse=0.084811 best_val=0.084811 patience=0/10
[2026-04-22 13:46:12] Step8-FinalOurs | Epoch 33/50 train_loss=0.089275 val_mse=0.084266 best_val=0.084266 patience=0/10
[2026-04-22 13:46:16] Step8-FinalOurs | Epoch 34/50 train_loss=0.089943 val_mse=0.080901 best_val=0.080901 patience=0/10
[2026-04-22 13:46:20] Step8-FinalOurs | Epoch 35/50 train_loss=0.087711 val_mse=0.087162 best_val=0.080901 patience=1/10
[2026-04-22 13:46:25] Step8-FinalOurs | Epoch 36/50 train_loss=0.088935 val_mse=0.090926 best_val=0.080901 patience=2/10
[2026-04-22 13:46:29] Step8-FinalOurs | Epoch 37/50 train_loss=0.087005 val_mse=0.080394 best_val=0.080394 patience=0/10
[2026-04-22 13:46:33] Step8-FinalOurs | Epoch 38/50 train_loss=0.086949 val_mse=0.089431 best_val=0.080394 patience=1/10
[2026-04-22 13:46:38] Step8-FinalOurs | Epoch 39/50 train_loss=0.085953 val_mse=0.084858 best_val=0.080394 patience=2/10
[2026-04-22 13:46:42] Step8-FinalOurs | Epoch 40/50 train_loss=0.085346 val_mse=0.081955 best_val=0.080394 patience=3/10
[2026-04-22 13:46:46] Step8-FinalOurs | Epoch 41/50 train_loss=0.086107 val_mse=0.083090 best_val=0.080394 patience=4/10
[2026-04-22 13:46:51] Step8-FinalOurs | Epoch 42/50 train_loss=0.084649 val_mse=0.080542 best_val=0.080394 patience=5/10
[2026-04-22 13:46:55] Step8-FinalOurs | Epoch 43/50 train_loss=0.084158 val_mse=0.080684 best_val=0.080394 patience=6/10
[2026-04-22 13:47:00] Step8-FinalOurs | Epoch 44/50 train_loss=0.083626 val_mse=0.077541 best_val=0.077541 patience=0/10
[2026-04-22 13:47:04] Step8-FinalOurs | Epoch 45/50 train_loss=0.082808 val_mse=0.086483 best_val=0.077541 patience=1/10
[2026-04-22 13:47:08] Step8-FinalOurs | Epoch 46/50 train_loss=0.081474 val_mse=0.086414 best_val=0.077541 patience=2/10
[2026-04-22 13:47:13] Step8-FinalOurs | Epoch 47/50 train_loss=0.082212 val_mse=0.081994 best_val=0.077541 patience=3/10
[2026-04-22 13:47:17] Step8-FinalOurs | Epoch 48/50 train_loss=0.081083 val_mse=0.073326 best_val=0.073326 patience=0/10
[2026-04-22 13:47:22] Step8-FinalOurs | Epoch 49/50 train_loss=0.081175 val_mse=0.099376 best_val=0.073326 patience=1/10
[2026-04-22 13:47:26] Step8-FinalOurs | Epoch 50/50 train_loss=0.081322 val_mse=0.079069 best_val=0.073326 patience=2/10
[2026-04-22 13:47:26] Step8-FinalOurs DONE | MSE=0.073326 RMSE=0.270788 MAE=0.225172 Pearson=0.809183 [best_epoch=48]
[2026-04-22 13:47:26] >>> Saved final model to /root/work/MulitiModal/checkpoints/best_model.pth

===== Stage 2 Chosen Hyper-Parameters =====
HyperParams(lr=0.0005, weight_decay=1e-05, batch_size=32)
===========================================

Step8 tuned controls: gate_b_scale=0.350, final_lr_mult=0.500
===== Final 9-Step best_val_mse List =====
Step 1: Baseline A -> best_val_mse=0.1939060240983963
Step 2: Baseline B -> best_val_mse=0.19784018397331238
Step 3: Ours-TCN -> best_val_mse=0.19458909332752228
Step 4: Encoder Selection -> best_val_mse=None
Step 5: w/o Dual Gating -> best_val_mse=0.06710539758205414
Step 6: w/o TCM Prior -> best_val_mse=0.13453637063503265
Step 7: w/o TCM_Gate -> best_val_mse=0.05476979538798332
Step 8: Final Ours -> best_val_mse=0.073325976729393
Step 9: Plotting -> best_val_mse=None
===========================================
[2026-04-22 13:47:27] >>> Experiment flow completed. Summary saved to /root/work/MulitiModal/results/loso_folds/experiments_summary_S8.json
[2026-04-22 13:47:28] >>> LOSO fold holdout=S9
[2026-04-22 13:47:31] >>> Runner signature: RUN_EXPERIMENTS_V2_LOSO_GUARDED | file=/root/work/MulitiModal/run_experiments.py | mtime=2026-04-22 10:20:26
[2026-04-22 13:47:31] >>> Loading WESAD dataset from /root/work/MulitiModal/data/wesad
Subject S10: Age=28.0, Gender=1, BMI=24.0, HR=64.2
Subject S11: Age=26.0, Gender=0, BMI=18.5, HR=63.9
Subject S13: Age=28.0, Gender=1, BMI=25.0, HR=65.6
Subject S14: Age=27.0, Gender=1, BMI=24.7, HR=64.9
Subject S15: Age=28.0, Gender=1, BMI=24.0, HR=66.7
Subject S16: Age=24.0, Gender=1, BMI=20.4, HR=63.5
Subject S17: Age=29.0, Gender=0, BMI=20.2, HR=61.3
Subject S2: Age=27.0, Gender=1, BMI=26.1, HR=64.6
Subject S3: Age=27.0, Gender=1, BMI=23.1, HR=58.7
Subject S4: Age=25.0, Gender=1, BMI=29.4, HR=60.0
Subject S5: Age=35.0, Gender=1, BMI=22.4, HR=62.6
Subject S6: Age=27.0, Gender=1, BMI=22.8, HR=62.9
Subject S7: Age=28.0, Gender=1, BMI=21.9, HR=62.3
Subject S8: Age=27.0, Gender=0, BMI=21.6, HR=64.3
Subject S9: Age=26.0, Gender=1, BMI=22.9, HR=68.1
[2026-04-22 13:48:24] >>> WESAD loaded. total_windows=46324
[2026-04-22 13:48:24] >>> Gate scales: gate_a_scale=0.600, gate_b_scale=0.350
[2026-04-22 13:48:24] >>> Split ready (protocol=loso): train_windows=43254 val_windows=3070 train_subjects=14 val_subjects=1
[2026-04-22 13:48:24] >>> TCM checkpoint resolved to: /root/work/MulitiModal/checkpoints/best_model.pth
[2026-04-22 13:48:24] >>> TCM scaler resolved to: /root/work/MulitiModal/tcm_ft_transformer/scaler_params.npz
/usr/local/miniconda3/envs/py312/lib/python3.12/site-packages/torch/nn/modules/transformer.py:392: UserWarning: enable_nested_tensor is True, but self.use_nested_tensor is False because encoder_layer.norm_first was True
  warnings.warn(
[2026-04-22 13:48:24] >>> Stage 1 skipped (fixed_encoder=inceptiontime)
[2026-04-22 13:48:24] >>> Stage 2: hyper-parameter reset/tuning for encoder=inceptiontime
[2026-04-22 13:48:24] >>> Using override params: HyperParams(lr=0.0005, weight_decay=1e-05, batch_size=32)
[2026-04-22 13:48:24] >>> Running Step8-focused sweep (epochs=20)
[2026-04-22 13:48:30] Sweep-Step8-gb0.100-lm0.500 | Epoch 1/20 train_loss=0.176921 val_mse=0.123546 best_val=0.123546 patience=0/10
[2026-04-22 13:48:34] Sweep-Step8-gb0.100-lm0.500 | Epoch 2/20 train_loss=0.145968 val_mse=0.163505 best_val=0.123546 patience=1/10
[2026-04-22 13:48:38] Sweep-Step8-gb0.100-lm0.500 | Epoch 3/20 train_loss=0.140307 val_mse=0.146058 best_val=0.123546 patience=2/10
[2026-04-22 13:48:43] Sweep-Step8-gb0.100-lm0.500 | Epoch 4/20 train_loss=0.136403 val_mse=0.152210 best_val=0.123546 patience=3/10
[2026-04-22 13:48:47] Sweep-Step8-gb0.100-lm0.500 | Epoch 5/20 train_loss=0.133671 val_mse=0.163342 best_val=0.123546 patience=4/10
[2026-04-22 13:48:52] Sweep-Step8-gb0.100-lm0.500 | Epoch 6/20 train_loss=0.130146 val_mse=0.161792 best_val=0.123546 patience=5/10
[2026-04-22 13:48:56] Sweep-Step8-gb0.100-lm0.500 | Epoch 7/20 train_loss=0.128094 val_mse=0.176933 best_val=0.123546 patience=6/10
[2026-04-22 13:49:00] Sweep-Step8-gb0.100-lm0.500 | Epoch 8/20 train_loss=0.126797 val_mse=0.183650 best_val=0.123546 patience=7/10
[2026-04-22 13:49:05] Sweep-Step8-gb0.100-lm0.500 | Epoch 9/20 train_loss=0.123951 val_mse=0.181417 best_val=0.123546 patience=8/10
[2026-04-22 13:49:09] Sweep-Step8-gb0.100-lm0.500 | Epoch 10/20 train_loss=0.123412 val_mse=0.178016 best_val=0.123546 patience=9/10
[2026-04-22 13:49:13] Sweep-Step8-gb0.100-lm0.500 | Epoch 11/20 train_loss=0.121414 val_mse=0.166430 best_val=0.123546 patience=10/10
[2026-04-22 13:49:13] Sweep-Step8-gb0.100-lm0.500 | Early stop at epoch 11, best=1
[2026-04-22 13:49:13] Sweep-Step8-gb0.100-lm0.500 DONE | MSE=0.123546 RMSE=0.351491 MAE=0.319196 Pearson=0.849878 [best_epoch=1]
[2026-04-22 13:49:18] Sweep-Step8-gb0.100-lm0.700 | Epoch 1/20 train_loss=0.169587 val_mse=0.134347 best_val=0.134347 patience=0/10
[2026-04-22 13:49:22] Sweep-Step8-gb0.100-lm0.700 | Epoch 2/20 train_loss=0.143952 val_mse=0.145976 best_val=0.134347 patience=1/10
[2026-04-22 13:49:26] Sweep-Step8-gb0.100-lm0.700 | Epoch 3/20 train_loss=0.135642 val_mse=0.154496 best_val=0.134347 patience=2/10
[2026-04-22 13:49:31] Sweep-Step8-gb0.100-lm0.700 | Epoch 4/20 train_loss=0.131838 val_mse=0.171474 best_val=0.134347 patience=3/10
[2026-04-22 13:49:35] Sweep-Step8-gb0.100-lm0.700 | Epoch 5/20 train_loss=0.127620 val_mse=0.172068 best_val=0.134347 patience=4/10
[2026-04-22 13:49:39] Sweep-Step8-gb0.100-lm0.700 | Epoch 6/20 train_loss=0.126933 val_mse=0.176283 best_val=0.134347 patience=5/10
[2026-04-22 13:49:43] Sweep-Step8-gb0.100-lm0.700 | Epoch 7/20 train_loss=0.124090 val_mse=0.164317 best_val=0.134347 patience=6/10
[2026-04-22 13:49:48] Sweep-Step8-gb0.100-lm0.700 | Epoch 8/20 train_loss=0.121616 val_mse=0.175089 best_val=0.134347 patience=7/10
[2026-04-22 13:49:52] Sweep-Step8-gb0.100-lm0.700 | Epoch 9/20 train_loss=0.121611 val_mse=0.186951 best_val=0.134347 patience=8/10
[2026-04-22 13:49:57] Sweep-Step8-gb0.100-lm0.700 | Epoch 10/20 train_loss=0.118997 val_mse=0.181917 best_val=0.134347 patience=9/10
[2026-04-22 13:50:01] Sweep-Step8-gb0.100-lm0.700 | Epoch 11/20 train_loss=0.116167 val_mse=0.188254 best_val=0.134347 patience=10/10
[2026-04-22 13:50:01] Sweep-Step8-gb0.100-lm0.700 | Early stop at epoch 11, best=1
[2026-04-22 13:50:01] Sweep-Step8-gb0.100-lm0.700 DONE | MSE=0.134347 RMSE=0.366534 MAE=0.314515 Pearson=0.868210 [best_epoch=1]
[2026-04-22 13:50:05] Sweep-Step8-gb0.350-lm0.500 | Epoch 1/20 train_loss=0.176067 val_mse=0.141941 best_val=0.141941 patience=0/10
[2026-04-22 13:50:10] Sweep-Step8-gb0.350-lm0.500 | Epoch 2/20 train_loss=0.144915 val_mse=0.150907 best_val=0.141941 patience=1/10
[2026-04-22 13:50:14] Sweep-Step8-gb0.350-lm0.500 | Epoch 3/20 train_loss=0.137454 val_mse=0.172863 best_val=0.141941 patience=2/10
[2026-04-22 13:50:18] Sweep-Step8-gb0.350-lm0.500 | Epoch 4/20 train_loss=0.131879 val_mse=0.186943 best_val=0.141941 patience=3/10
[2026-04-22 13:50:23] Sweep-Step8-gb0.350-lm0.500 | Epoch 5/20 train_loss=0.127879 val_mse=0.202093 best_val=0.141941 patience=4/10
[2026-04-22 13:50:27] Sweep-Step8-gb0.350-lm0.500 | Epoch 6/20 train_loss=0.126630 val_mse=0.204324 best_val=0.141941 patience=5/10
[2026-04-22 13:50:31] Sweep-Step8-gb0.350-lm0.500 | Epoch 7/20 train_loss=0.124299 val_mse=0.208344 best_val=0.141941 patience=6/10
[2026-04-22 13:50:36] Sweep-Step8-gb0.350-lm0.500 | Epoch 8/20 train_loss=0.122733 val_mse=0.210009 best_val=0.141941 patience=7/10
[2026-04-22 13:50:40] Sweep-Step8-gb0.350-lm0.500 | Epoch 9/20 train_loss=0.119824 val_mse=0.228847 best_val=0.141941 patience=8/10
[2026-04-22 13:50:44] Sweep-Step8-gb0.350-lm0.500 | Epoch 10/20 train_loss=0.119183 val_mse=0.218176 best_val=0.141941 patience=9/10
[2026-04-22 13:50:49] Sweep-Step8-gb0.350-lm0.500 | Epoch 11/20 train_loss=0.116541 val_mse=0.195019 best_val=0.141941 patience=10/10
[2026-04-22 13:50:49] Sweep-Step8-gb0.350-lm0.500 | Early stop at epoch 11, best=1
[2026-04-22 13:50:49] Sweep-Step8-gb0.350-lm0.500 DONE | MSE=0.141941 RMSE=0.376751 MAE=0.312372 Pearson=0.878529 [best_epoch=1]
[2026-04-22 13:50:53] Sweep-Step8-gb0.350-lm0.700 | Epoch 1/20 train_loss=0.158448 val_mse=0.156539 best_val=0.156539 patience=0/10
[2026-04-22 13:50:58] Sweep-Step8-gb0.350-lm0.700 | Epoch 2/20 train_loss=0.135384 val_mse=0.170433 best_val=0.156539 patience=1/10
[2026-04-22 13:51:02] Sweep-Step8-gb0.350-lm0.700 | Epoch 3/20 train_loss=0.129711 val_mse=0.152940 best_val=0.152940 patience=0/10
[2026-04-22 13:51:06] Sweep-Step8-gb0.350-lm0.700 | Epoch 4/20 train_loss=0.124781 val_mse=0.170501 best_val=0.152940 patience=1/10
[2026-04-22 13:51:11] Sweep-Step8-gb0.350-lm0.700 | Epoch 5/20 train_loss=0.122814 val_mse=0.147356 best_val=0.147356 patience=0/10
[2026-04-22 13:51:15] Sweep-Step8-gb0.350-lm0.700 | Epoch 6/20 train_loss=0.119464 val_mse=0.159789 best_val=0.147356 patience=1/10
[2026-04-22 13:51:19] Sweep-Step8-gb0.350-lm0.700 | Epoch 7/20 train_loss=0.117587 val_mse=0.153746 best_val=0.147356 patience=2/10
[2026-04-22 13:51:24] Sweep-Step8-gb0.350-lm0.700 | Epoch 8/20 train_loss=0.115681 val_mse=0.179039 best_val=0.147356 patience=3/10
[2026-04-22 13:51:28] Sweep-Step8-gb0.350-lm0.700 | Epoch 9/20 train_loss=0.113600 val_mse=0.188053 best_val=0.147356 patience=4/10
[2026-04-22 13:51:32] Sweep-Step8-gb0.350-lm0.700 | Epoch 10/20 train_loss=0.111531 val_mse=0.174686 best_val=0.147356 patience=5/10
[2026-04-22 13:51:37] Sweep-Step8-gb0.350-lm0.700 | Epoch 11/20 train_loss=0.109273 val_mse=0.170592 best_val=0.147356 patience=6/10
[2026-04-22 13:51:41] Sweep-Step8-gb0.350-lm0.700 | Epoch 12/20 train_loss=0.107986 val_mse=0.170102 best_val=0.147356 patience=7/10
[2026-04-22 13:51:45] Sweep-Step8-gb0.350-lm0.700 | Epoch 13/20 train_loss=0.105647 val_mse=0.181701 best_val=0.147356 patience=8/10
[2026-04-22 13:51:50] Sweep-Step8-gb0.350-lm0.700 | Epoch 14/20 train_loss=0.102936 val_mse=0.191240 best_val=0.147356 patience=9/10
[2026-04-22 13:51:54] Sweep-Step8-gb0.350-lm0.700 | Epoch 15/20 train_loss=0.101174 val_mse=0.185031 best_val=0.147356 patience=10/10
[2026-04-22 13:51:54] Sweep-Step8-gb0.350-lm0.700 | Early stop at epoch 15, best=5
[2026-04-22 13:51:54] Sweep-Step8-gb0.350-lm0.700 DONE | MSE=0.147356 RMSE=0.383870 MAE=0.317137 Pearson=0.588406 [best_epoch=5]
[2026-04-22 13:51:54] >>> Sweep best: gate_b_scale=0.100, final_lr_mult=0.500, mse=0.123546
[2026-04-22 13:51:54] >>> Stage 3: running 9-step matrix with fixed best params
[2026-04-22 13:51:58] Step1-BaselineA-Weak | Epoch 1/50 train_loss=0.192452 val_mse=0.136470 best_val=0.136470 patience=0/10
[2026-04-22 13:52:01] Step1-BaselineA-Weak | Epoch 2/50 train_loss=0.179437 val_mse=0.144254 best_val=0.136470 patience=1/10
[2026-04-22 13:52:05] Step1-BaselineA-Weak | Epoch 3/50 train_loss=0.178404 val_mse=0.135183 best_val=0.135183 patience=0/10
[2026-04-22 13:52:08] Step1-BaselineA-Weak | Epoch 4/50 train_loss=0.177499 val_mse=0.147217 best_val=0.135183 patience=1/10
[2026-04-22 13:52:12] Step1-BaselineA-Weak | Epoch 5/50 train_loss=0.176950 val_mse=0.151193 best_val=0.135183 patience=2/10
[2026-04-22 13:52:16] Step1-BaselineA-Weak | Epoch 6/50 train_loss=0.176074 val_mse=0.151111 best_val=0.135183 patience=3/10
[2026-04-22 13:52:19] Step1-BaselineA-Weak | Epoch 7/50 train_loss=0.176545 val_mse=0.160470 best_val=0.135183 patience=4/10
[2026-04-22 13:52:23] Step1-BaselineA-Weak | Epoch 8/50 train_loss=0.176099 val_mse=0.150325 best_val=0.135183 patience=5/10
[2026-04-22 13:52:26] Step1-BaselineA-Weak | Epoch 9/50 train_loss=0.175379 val_mse=0.152109 best_val=0.135183 patience=6/10
[2026-04-22 13:52:30] Step1-BaselineA-Weak | Epoch 10/50 train_loss=0.175149 val_mse=0.155828 best_val=0.135183 patience=7/10
[2026-04-22 13:52:33] Step1-BaselineA-Weak | Epoch 11/50 train_loss=0.174655 val_mse=0.151348 best_val=0.135183 patience=8/10
[2026-04-22 13:52:37] Step1-BaselineA-Weak | Epoch 12/50 train_loss=0.173852 val_mse=0.148638 best_val=0.135183 patience=9/10
[2026-04-22 13:52:41] Step1-BaselineA-Weak | Epoch 13/50 train_loss=0.173557 val_mse=0.148380 best_val=0.135183 patience=10/10
[2026-04-22 13:52:41] Step1-BaselineA-Weak | Early stop at epoch 13, best=3
[2026-04-22 13:52:41] Step1-BaselineA-Weak DONE | MSE=0.135183 RMSE=0.367672 MAE=0.302904 Pearson=0.890902 [best_epoch=3]
[2026-04-22 13:52:44] Step2-BaselineB-Strong | Epoch 1/50 train_loss=0.194929 val_mse=0.134986 best_val=0.134986 patience=0/10
[2026-04-22 13:52:48] Step2-BaselineB-Strong | Epoch 2/50 train_loss=0.178146 val_mse=0.140549 best_val=0.134986 patience=1/10
[2026-04-22 13:52:52] Step2-BaselineB-Strong | Epoch 3/50 train_loss=0.177097 val_mse=0.135529 best_val=0.134986 patience=2/10
[2026-04-22 13:52:56] Step2-BaselineB-Strong | Epoch 4/50 train_loss=0.176602 val_mse=0.141833 best_val=0.134986 patience=3/10
[2026-04-22 13:52:59] Step2-BaselineB-Strong | Epoch 5/50 train_loss=0.175410 val_mse=0.147578 best_val=0.134986 patience=4/10
[2026-04-22 13:53:03] Step2-BaselineB-Strong | Epoch 6/50 train_loss=0.174677 val_mse=0.146374 best_val=0.134986 patience=5/10
[2026-04-22 13:53:07] Step2-BaselineB-Strong | Epoch 7/50 train_loss=0.174508 val_mse=0.138487 best_val=0.134986 patience=6/10
[2026-04-22 13:53:10] Step2-BaselineB-Strong | Epoch 8/50 train_loss=0.174145 val_mse=0.140492 best_val=0.134986 patience=7/10
[2026-04-22 13:53:14] Step2-BaselineB-Strong | Epoch 9/50 train_loss=0.174105 val_mse=0.144712 best_val=0.134986 patience=8/10
[2026-04-22 13:53:18] Step2-BaselineB-Strong | Epoch 10/50 train_loss=0.172487 val_mse=0.144470 best_val=0.134986 patience=9/10
[2026-04-22 13:53:21] Step2-BaselineB-Strong | Epoch 11/50 train_loss=0.172668 val_mse=0.150784 best_val=0.134986 patience=10/10
[2026-04-22 13:53:21] Step2-BaselineB-Strong | Early stop at epoch 11, best=1
[2026-04-22 13:53:22] Step2-BaselineB-Strong DONE | MSE=0.134986 RMSE=0.367405 MAE=0.333775 Pearson=0.882614 [best_epoch=1]
[2026-04-22 13:53:26] Step3-Ours-TCN | Epoch 1/50 train_loss=0.190079 val_mse=0.140434 best_val=0.140434 patience=0/10
[2026-04-22 13:53:30] Step3-Ours-TCN | Epoch 2/50 train_loss=0.178172 val_mse=0.139432 best_val=0.139432 patience=0/10
[2026-04-22 13:53:34] Step3-Ours-TCN | Epoch 3/50 train_loss=0.177744 val_mse=0.138135 best_val=0.138135 patience=0/10
[2026-04-22 13:53:38] Step3-Ours-TCN | Epoch 4/50 train_loss=0.176772 val_mse=0.132651 best_val=0.132651 patience=0/10
[2026-04-22 13:53:42] Step3-Ours-TCN | Epoch 5/50 train_loss=0.175684 val_mse=0.133996 best_val=0.132651 patience=1/10
[2026-04-22 13:53:46] Step3-Ours-TCN | Epoch 6/50 train_loss=0.175144 val_mse=0.142770 best_val=0.132651 patience=2/10
[2026-04-22 13:53:50] Step3-Ours-TCN | Epoch 7/50 train_loss=0.174240 val_mse=0.130961 best_val=0.130961 patience=0/10
[2026-04-22 13:53:54] Step3-Ours-TCN | Epoch 8/50 train_loss=0.173588 val_mse=0.136240 best_val=0.130961 patience=1/10
[2026-04-22 13:53:58] Step3-Ours-TCN | Epoch 9/50 train_loss=0.172696 val_mse=0.132853 best_val=0.130961 patience=2/10
[2026-04-22 13:54:02] Step3-Ours-TCN | Epoch 10/50 train_loss=0.172654 val_mse=0.133051 best_val=0.130961 patience=3/10
[2026-04-22 13:54:06] Step3-Ours-TCN | Epoch 11/50 train_loss=0.171867 val_mse=0.129266 best_val=0.129266 patience=0/10
[2026-04-22 13:54:10] Step3-Ours-TCN | Epoch 12/50 train_loss=0.171590 val_mse=0.136051 best_val=0.129266 patience=1/10
[2026-04-22 13:54:14] Step3-Ours-TCN | Epoch 13/50 train_loss=0.171128 val_mse=0.132367 best_val=0.129266 patience=2/10
[2026-04-22 13:54:18] Step3-Ours-TCN | Epoch 14/50 train_loss=0.170710 val_mse=0.140880 best_val=0.129266 patience=3/10
[2026-04-22 13:54:22] Step3-Ours-TCN | Epoch 15/50 train_loss=0.169878 val_mse=0.143397 best_val=0.129266 patience=4/10
[2026-04-22 13:54:26] Step3-Ours-TCN | Epoch 16/50 train_loss=0.169371 val_mse=0.137580 best_val=0.129266 patience=5/10
[2026-04-22 13:54:30] Step3-Ours-TCN | Epoch 17/50 train_loss=0.169734 val_mse=0.147979 best_val=0.129266 patience=6/10
[2026-04-22 13:54:34] Step3-Ours-TCN | Epoch 18/50 train_loss=0.169176 val_mse=0.148894 best_val=0.129266 patience=7/10
[2026-04-22 13:54:38] Step3-Ours-TCN | Epoch 19/50 train_loss=0.169270 val_mse=0.134399 best_val=0.129266 patience=8/10
[2026-04-22 13:54:42] Step3-Ours-TCN | Epoch 20/50 train_loss=0.168610 val_mse=0.140845 best_val=0.129266 patience=9/10
[2026-04-22 13:54:46] Step3-Ours-TCN | Epoch 21/50 train_loss=0.168909 val_mse=0.132605 best_val=0.129266 patience=10/10
[2026-04-22 13:54:46] Step3-Ours-TCN | Early stop at epoch 21, best=11
[2026-04-22 13:54:46] Step3-Ours-TCN DONE | MSE=0.129266 RMSE=0.359536 MAE=0.307073 Pearson=0.885632 [best_epoch=11]
[2026-04-22 13:54:50] Step5-Ablation1-woDualGating | Epoch 1/50 train_loss=0.162373 val_mse=0.169683 best_val=0.169683 patience=0/10
[2026-04-22 13:54:54] Step5-Ablation1-woDualGating | Epoch 2/50 train_loss=0.139494 val_mse=0.195868 best_val=0.169683 patience=1/10
[2026-04-22 13:54:58] Step5-Ablation1-woDualGating | Epoch 3/50 train_loss=0.133798 val_mse=0.159100 best_val=0.159100 patience=0/10
[2026-04-22 13:55:02] Step5-Ablation1-woDualGating | Epoch 4/50 train_loss=0.129723 val_mse=0.171589 best_val=0.159100 patience=1/10
[2026-04-22 13:55:06] Step5-Ablation1-woDualGating | Epoch 5/50 train_loss=0.127403 val_mse=0.187973 best_val=0.159100 patience=2/10
[2026-04-22 13:55:10] Step5-Ablation1-woDualGating | Epoch 6/50 train_loss=0.123117 val_mse=0.186522 best_val=0.159100 patience=3/10
[2026-04-22 13:55:14] Step5-Ablation1-woDualGating | Epoch 7/50 train_loss=0.121882 val_mse=0.178201 best_val=0.159100 patience=4/10
[2026-04-22 13:55:18] Step5-Ablation1-woDualGating | Epoch 8/50 train_loss=0.119005 val_mse=0.231202 best_val=0.159100 patience=5/10
[2026-04-22 13:55:22] Step5-Ablation1-woDualGating | Epoch 9/50 train_loss=0.115691 val_mse=0.171774 best_val=0.159100 patience=6/10
[2026-04-22 13:55:26] Step5-Ablation1-woDualGating | Epoch 10/50 train_loss=0.112792 val_mse=0.189039 best_val=0.159100 patience=7/10
[2026-04-22 13:55:30] Step5-Ablation1-woDualGating | Epoch 11/50 train_loss=0.113537 val_mse=0.178874 best_val=0.159100 patience=8/10
[2026-04-22 13:55:35] Step5-Ablation1-woDualGating | Epoch 12/50 train_loss=0.110414 val_mse=0.237531 best_val=0.159100 patience=9/10
[2026-04-22 13:55:39] Step5-Ablation1-woDualGating | Epoch 13/50 train_loss=0.107872 val_mse=0.228451 best_val=0.159100 patience=10/10
[2026-04-22 13:55:39] Step5-Ablation1-woDualGating | Early stop at epoch 13, best=3
[2026-04-22 13:55:39] Step5-Ablation1-woDualGating DONE | MSE=0.159100 RMSE=0.398873 MAE=0.320704 Pearson=0.582022 [best_epoch=3]
[2026-04-22 13:55:43] Step6-Ablation2-woTCMPrior | Epoch 1/50 train_loss=0.160234 val_mse=0.164280 best_val=0.164280 patience=0/10
[2026-04-22 13:55:47] Step6-Ablation2-woTCMPrior | Epoch 2/50 train_loss=0.140833 val_mse=0.138958 best_val=0.138958 patience=0/10
[2026-04-22 13:55:51] Step6-Ablation2-woTCMPrior | Epoch 3/50 train_loss=0.135713 val_mse=0.151229 best_val=0.138958 patience=1/10
[2026-04-22 13:55:55] Step6-Ablation2-woTCMPrior | Epoch 4/50 train_loss=0.131339 val_mse=0.160279 best_val=0.138958 patience=2/10
[2026-04-22 13:55:59] Step6-Ablation2-woTCMPrior | Epoch 5/50 train_loss=0.129742 val_mse=0.179684 best_val=0.138958 patience=3/10
[2026-04-22 13:56:03] Step6-Ablation2-woTCMPrior | Epoch 6/50 train_loss=0.126991 val_mse=0.184380 best_val=0.138958 patience=4/10
[2026-04-22 13:56:07] Step6-Ablation2-woTCMPrior | Epoch 7/50 train_loss=0.125011 val_mse=0.202746 best_val=0.138958 patience=5/10
[2026-04-22 13:56:11] Step6-Ablation2-woTCMPrior | Epoch 8/50 train_loss=0.123739 val_mse=0.162622 best_val=0.138958 patience=6/10
[2026-04-22 13:56:15] Step6-Ablation2-woTCMPrior | Epoch 9/50 train_loss=0.122311 val_mse=0.188284 best_val=0.138958 patience=7/10
[2026-04-22 13:56:19] Step6-Ablation2-woTCMPrior | Epoch 10/50 train_loss=0.119519 val_mse=0.167378 best_val=0.138958 patience=8/10
[2026-04-22 13:56:23] Step6-Ablation2-woTCMPrior | Epoch 11/50 train_loss=0.118848 val_mse=0.186798 best_val=0.138958 patience=9/10
[2026-04-22 13:56:27] Step6-Ablation2-woTCMPrior | Epoch 12/50 train_loss=0.116669 val_mse=0.190426 best_val=0.138958 patience=10/10
[2026-04-22 13:56:27] Step6-Ablation2-woTCMPrior | Early stop at epoch 12, best=2
[2026-04-22 13:56:27] Step6-Ablation2-woTCMPrior DONE | MSE=0.138958 RMSE=0.372771 MAE=0.321134 Pearson=0.767798 [best_epoch=2]
[2026-04-22 13:56:31] Step7-Ablation3-woTCMGate | Epoch 1/50 train_loss=0.156935 val_mse=0.127799 best_val=0.127799 patience=0/10
[2026-04-22 13:56:36] Step7-Ablation3-woTCMGate | Epoch 2/50 train_loss=0.136730 val_mse=0.143807 best_val=0.127799 patience=1/10
[2026-04-22 13:56:40] Step7-Ablation3-woTCMGate | Epoch 3/50 train_loss=0.131890 val_mse=0.156577 best_val=0.127799 patience=2/10
[2026-04-22 13:56:44] Step7-Ablation3-woTCMGate | Epoch 4/50 train_loss=0.128250 val_mse=0.140946 best_val=0.127799 patience=3/10
[2026-04-22 13:56:48] Step7-Ablation3-woTCMGate | Epoch 5/50 train_loss=0.126440 val_mse=0.142104 best_val=0.127799 patience=4/10
[2026-04-22 13:56:52] Step7-Ablation3-woTCMGate | Epoch 6/50 train_loss=0.124250 val_mse=0.157458 best_val=0.127799 patience=5/10
[2026-04-22 13:56:57] Step7-Ablation3-woTCMGate | Epoch 7/50 train_loss=0.120632 val_mse=0.163974 best_val=0.127799 patience=6/10
[2026-04-22 13:57:01] Step7-Ablation3-woTCMGate | Epoch 8/50 train_loss=0.119124 val_mse=0.164688 best_val=0.127799 patience=7/10
[2026-04-22 13:57:05] Step7-Ablation3-woTCMGate | Epoch 9/50 train_loss=0.116390 val_mse=0.185159 best_val=0.127799 patience=8/10
[2026-04-22 13:57:09] Step7-Ablation3-woTCMGate | Epoch 10/50 train_loss=0.115136 val_mse=0.177294 best_val=0.127799 patience=9/10
[2026-04-22 13:57:13] Step7-Ablation3-woTCMGate | Epoch 11/50 train_loss=0.113931 val_mse=0.138932 best_val=0.127799 patience=10/10
[2026-04-22 13:57:13] Step7-Ablation3-woTCMGate | Early stop at epoch 11, best=1
[2026-04-22 13:57:14] Step7-Ablation3-woTCMGate DONE | MSE=0.127799 RMSE=0.357489 MAE=0.321457 Pearson=0.844082 [best_epoch=1]
[2026-04-22 13:57:14] >>> Final Ours stabilized hparams: HyperParams(lr=0.00025, weight_decay=1e-05, batch_size=32)
[2026-04-22 13:57:18] Step8-FinalOurs | Epoch 1/50 train_loss=0.166856 val_mse=0.141870 best_val=0.141870 patience=0/10
[2026-04-22 13:57:22] Step8-FinalOurs | Epoch 2/50 train_loss=0.140860 val_mse=0.145255 best_val=0.141870 patience=1/10
[2026-04-22 13:57:27] Step8-FinalOurs | Epoch 3/50 train_loss=0.133550 val_mse=0.157658 best_val=0.141870 patience=2/10
[2026-04-22 13:57:31] Step8-FinalOurs | Epoch 4/50 train_loss=0.128868 val_mse=0.168930 best_val=0.141870 patience=3/10
[2026-04-22 13:57:35] Step8-FinalOurs | Epoch 5/50 train_loss=0.125802 val_mse=0.165845 best_val=0.141870 patience=4/10
[2026-04-22 13:57:40] Step8-FinalOurs | Epoch 6/50 train_loss=0.122476 val_mse=0.171479 best_val=0.141870 patience=5/10
[2026-04-22 13:57:44] Step8-FinalOurs | Epoch 7/50 train_loss=0.121072 val_mse=0.175423 best_val=0.141870 patience=6/10
[2026-04-22 13:57:49] Step8-FinalOurs | Epoch 8/50 train_loss=0.120461 val_mse=0.170842 best_val=0.141870 patience=7/10
[2026-04-22 13:57:53] Step8-FinalOurs | Epoch 9/50 train_loss=0.117757 val_mse=0.152761 best_val=0.141870 patience=8/10
[2026-04-22 13:57:57] Step8-FinalOurs | Epoch 10/50 train_loss=0.115916 val_mse=0.171883 best_val=0.141870 patience=9/10
[2026-04-22 13:58:01] Step8-FinalOurs | Epoch 11/50 train_loss=0.113814 val_mse=0.169400 best_val=0.141870 patience=10/10
[2026-04-22 13:58:01] Step8-FinalOurs | Early stop at epoch 11, best=1
[2026-04-22 13:58:02] Step8-FinalOurs DONE | MSE=0.141870 RMSE=0.376656 MAE=0.311062 Pearson=0.818706 [best_epoch=1]
[2026-04-22 13:58:02] >>> Saved final model to /root/work/MulitiModal/checkpoints/best_model.pth

===== Stage 2 Chosen Hyper-Parameters =====
HyperParams(lr=0.0005, weight_decay=1e-05, batch_size=32)
===========================================

Step8 tuned controls: gate_b_scale=0.100, final_lr_mult=0.500
===== Final 9-Step best_val_mse List =====
Step 1: Baseline A -> best_val_mse=0.1351826786994934
Step 2: Baseline B -> best_val_mse=0.13498607277870178
Step 3: Ours-TCN -> best_val_mse=0.12926578521728516
Step 4: Encoder Selection -> best_val_mse=None
Step 5: w/o Dual Gating -> best_val_mse=0.15909959375858307
Step 6: w/o TCM Prior -> best_val_mse=0.13895849883556366
Step 7: w/o TCM_Gate -> best_val_mse=0.12779869139194489
Step 8: Final Ours -> best_val_mse=0.14187002182006836
Step 9: Plotting -> best_val_mse=None
===========================================
[2026-04-22 13:58:03] >>> Experiment flow completed. Summary saved to /root/work/MulitiModal/results/loso_folds/experiments_summary_S9.json
[2026-04-22 13:58:04] >>> LOSO summary saved to /root/work/MulitiModal/results/experiments_summary_loso.json
