ts,pressure
0.0,40.0
0.020006668889629875,40.50276946339421
0.04001333777925975,41.00522115501789
0.060020006668889625,41.50703750394585
0.0800266755585195,42.007901340816595
0.10003334444814937,42.50749609829693
0.12004001333777925,43.00550601116605
0.14004668222740912,43.50161631589258
0.160053351117039,43.99551344957866
0.18006002000666887,44.486885248145
0.20006668889629875,44.97542114363195
0.22007335778592862,45.460812360491715
0.2400800266755585,45.94275211074768
0.2600866955651884,46.420935787897506
0.28009336445481825,46.895061159437454
0.3001000333444481,47.36482855788622
0.320106702234078,47.829941070187616
0.3401133711237079,48.29010472537226
0.36012004001333775,48.74502868035978
0.3801267089029676,49.19442540378412
0.4001333777925975,49.638010857725575
0.4201400466822274,50.0755046772349
0.44014671557185725,50.506630347535975
0.4601533844614871,50.931115378794885
0.480160053351117,51.34869147834517
0.5001667222407469,51.75909472026025
0.5201733911303767,52.16206571216587
0.5401800600200066,52.55734975918716
0.5601867289096365,52.94469702492666
0.5801933977992664,53.323862689371616
0.6002000666888962,53.69460710363066
0.6202067355785261,54.05669594140216
0.640213404468156,54.409900347078434
0.6602200733577859,54.75399708039228
0.6802267422474157,55.08876865751435
0.7002334111370456,55.414003488512215
0.7202400800266755,55.72949601108425
0.7402467489163054,56.035046820483785
0.7602534178059352,56.330462795551384
0.7802600866955651,56.615557220775734
0.800266755585195,56.89014990430576
0.8202734244748249,57.15406729183959
0.8402800933644547,57.40714257631829
0.8602867622540846,57.64921580335505
0.8802934311437145,57.880133972333184
0.9003001000333444,58.09975113310903
0.9203067689229742,58.30792847825873
0.9403134378126041,58.50453443081038
0.960320106702234,58.68944472740634
0.9803267755918639,58.86254249684299
1.0003334444814937,59.02371833393828
1.0203401133711236,59.1728703686805
1.0403467822607535,59.309904330614486
1.0603534511503834,59.434733608424565
1.0803601200400132,59.54727930467661
1.1003667889296431,59.647470285684555
1.120373457819273,59.735243226469976
1.1403801267089029,59.810542650786154
1.1603867955985327,59.87332096618141
1.1803934644881626,59.92353849407962
1.2004001333777925,59.96116349485872
1.2204068022674224,59.98617218791151
1.2404134711570522,59.99854876667605
1.2604201400466821,59.99828540862605
1.280426808936312,59.98538228021505
1.3004334778259419,59.95984753677118
1.3204401467155717,59.921697317342726
1.3404468156052016,59.87095573449747
1.3604534844948315,59.807654859082604
1.3804601533844614,59.73183469995448
1.4004668222740912,59.64354317869143
1.4204734911637211,59.54283609930517
1.440480160053351,59.42977711297035
1.4604868289429809,59.30443767779427
1.4804934978326107,59.16689701365231
1.5005001667222406,59.01724205211757
1.5205068356118705,58.85556738151644
1.5405135045015004,58.68197518714468
1.5605201733911302,58.49657518668202
1.5805268422807601,58.29948456084585
1.60053351117039,58.09082787932802
1.6205401800600199,57.87073702206146
1.6405468489496497,57.63935109586649
1.6605535178392796,57.396816346529256
1.6805601867289095,57.143286066368276
1.7005668556185394,56.87892049734705
1.7205735245081692,56.603886729794354
1.7405801933977991,56.318358596795996
1.760586862287429,56.022516564324874
1.7805935311770589,55.716547617178804
1.8006002000666887,55.400645140798105
1.8206068689563186,55.075008799037775
1.8406135378459485,54.739844407971376
1.8606202067355784,54.39536380580654
1.8806268756252082,54.0417847189941
1.9006335445148381,53.67933062461575
1.920640213404468,53.30823060913694
1.9406468822940979,52.928719223614465
1.9606535511837277,52.54103633545017
1.9806602200733576,52.14542697678452
2.0006668889629875,51.74214118962581
2.0206735578526174,51.331433867812976
2.0406802267422472,50.91356459591174
2.060686895631877,50.48879748514612
2.080693564521507,50.05740100646889
2.100700233411137,49.61964782087641
2.1207069023007667,49.17581460707524
2.1407135711903966,48.72618188660943
2.1607202400800265,48.2710338465589
2.1807269089696564,47.81065815992105
2.2007335778592862,47.34534580378916
2.220740246748916,46.875390875442456
2.240746915638546,46.40109040646404
2.260753584528176,45.92274417500426
2.2807602534178057,45.44065451630813
2.3007669223074356,44.955126131626514
2.3207735911970655,44.466465895631956
2.3407802600866954,43.97498266246076
2.3607869289763252,43.480987070504014
2.380793597865955,42.984791346070814
2.400800266755585,42.486709106047954
2.420806935645215,41.98705515968062
2.4408136045348447,41.486145309599564
2.4608202734244746,40.984296152220274
2.4808269423141045,40.481824877640584
2.5008336112037344,39.97904906916295
2.5208402800933642,39.47628650256827
2.540846948982994,38.973854945268
2.560853617872624,38.47207195546159
2.580860286762254,37.971254681426124
2.6008669556518837,37.4717196610651
2.6208736245415136,36.973782621842936
2.6408802934311435,36.477758281231715
2.6608869623207734,35.98396014779634
2.6808936312104032,35.49270032304369
2.700900300100033,35.0042893041612
2.720906968989663,34.5190357877693
2.740913637879293,34.037246474812044
2.7609203067689227,33.55922587670897
2.7809269756585526,33.085276122890896
2.8009336445481825,32.61569676984122
2.8209403134378124,32.15078461176342
2.8409469823274422,31.69083349299445
2.860953651217072,31.236134122282575
2.880960320106702,30.78697388904702
2.900966988996332,30.343636681735582
2.9209736578859617,29.906402708395028
2.9409803267755916,29.475548319567622
2.9609869956652215,29.051345833625795
2.9809936645548514,28.634063364655294
3.0010003334444812,28.223964652995633
3.021007002334111,27.82130889854495
3.041013671223741,27.426350596934576
3.061020340113371,27.039339378676964
3.0810270090030007,26.66051985138851
3.1010336778926306,26.290131445187114
3.1210403467822605,25.928408261362115
3.1410470156718904,25.575578924412294
3.1610536845615202,25.231866437545392
3.18106035345115,24.8974880417306
3.20106702234078,24.572655078392966
3.22107369123041,24.257572855836585
3.2410803601200397,23.952440519481023
3.2610870290096696,23.657450925992844
3.2810936978992995,23.372790521392034
3.3011003667889294,23.09863922321007
3.3211070356785592,22.83517030677446
3.341113704568189,22.582550295691227
3.361120373457819,22.340938856594978
3.381127042347449,22.110488698232686
3.4011337112370787,21.891345474945318
3.4211403801267086,21.683647694608013
3.4411470490163385,21.487526631087228
3.4611537179059684,21.30310624127001
3.4811603867955982,21.130503086718008
3.501167055685228,20.969826259995536
3.521173724574858,20.82117731571842
3.541180393464488,20.68465020636718
3.5611870623541177,20.560331222905006
3.5811937312437476,20.448298940238228
3.6012004001333775,20.34862416755357
3.6212070690230074,20.26136990356377
3.6412137379126372,20.18659129668967
3.661220406802267,20.124335610204064
3.681227075691897,20.074642192359306
3.701233744581527,20.037542451517524
3.7212404134711567,20.01305983629919
3.7412470823607866,20.001209820762597
3.7612537512504165,20.001999894623598
3.7812604201400464,20.015429558521774
3.8012670890296762,20.041490324336053
3.821273757919306,20.080165720549573
3.841280426808936,20.13143130266038
3.861287095698566,20.1952546686314
3.8812937645881957,20.2715954793699
3.9013004334778256,20.360405484223524
3.9213071023674555,20.461628551476778
3.9413137712570854,20.57520070382864
3.9613204401467152,20.701050158828977
3.981327109036345,20.839097374248105
4.001333777925975,20.98925509835088
4.021340446815605,21.151428425043516
4.041347115705235,21.32551485385828
4.061353784594864,21.511404354738183
4.0813604534844945,21.708979437580677
4.101367122374125,21.918115226496397
4.121373791263754,22.138679538736046
4.141380460153384,22.370532968235587
4.161387129043014,22.613528973726797
4.181393797932644,22.86751397135759
4.201400466822274,23.132327431763574
4.221407135711903,23.407801981529513
4.2414138046015335,23.693763508976428
4.261420473491164,23.990031274207606
4.281427142380793,24.296418023343946
4.301433811270423,24.612730106876437
4.321440480160053,24.938767602060885
4.341447149049683,25.274324439277606
4.361453817939313,25.619188532276247
4.381460486828942,25.973141912223394
4.4014671557185725,26.335960865468127
4.421473824608203,26.707416074938596
4.441480493497832,27.08727276508023
4.461487162387462,27.475290850243923
4.481493831277092,27.87122508643041
4.501500500166722,28.27482522629491
4.521507169056352,28.685836177314158
4.541513837945981,29.103998163015802
4.5615205068356115,29.52904688716821
4.581527175725242,29.96071370082693
4.601533844614871,30.398725772132337
4.621540513504501,30.84280625875104
4.641547182394131,31.29267448285203
4.661553851283761,31.748046108507037
4.681560520173391,32.20863332140295
4.70156718906302,32.674145010752916
4.7215738579526505,33.14428695329062
4.741580526842281,33.618761999231985
4.76158719573191,34.09727026008651
4.78159386462154,34.57950929819976
4.80160053351117,35.06517431790669
4.8216072024008,35.553958358175585
4.84161387129043,36.04555248662051
4.861620540180059,36.53964599475984
4.8816272090696895,37.03592659439733
4.90163387795932,37.534080615001386
4.921640546848949,38.033793201958396
4.941647215738579,38.534748515574286
4.961653884628209,39.03662993069872
4.981660553517839,39.53912023684554
5.001667222407469,40.041901838683515
5.021673891297098,40.54465695677011
5.0416805601867285,41.047067828401666
5.061687229076359,41.54881690845295
5.081693897965988,42.049587070079255
5.101700566855618,42.54906180515417
5.121707235745248,43.046925424316164
5.141713904634878,43.54286325649775
5.161720573524508,44.036561847811036
5.181727242414137,44.52770915966401
5.2017339113037675,45.015994765982256
5.221740580193398,45.50111004941137
5.241747249083027,45.98274839637646
5.261753917972657,46.460605390874925
5.281760586862287,46.93437900688045
5.301767255751917,47.40376979923623
5.321773924641547,47.86848109291718
5.341780593531176,48.328219170541246
5.3617872624208065,48.78269345801128
5.381793931310437,49.231616708170264
5.401800600200066,49.67470518235379
5.421807269089696,50.11167882972508
5.441813937979326,50.542261464279015
5.461820606868956,50.96618093940346
5.481827275758586,51.38316931988756
5.501833944648215,51.7929630512683
5.5218406135378455,52.195303126408135
5.541847282427476,52.5899352491985
5.561853951317105,52.976609995285884
5.581860620206735,53.35508296971868
5.601867289096365,53.72511496141521
5.621873957985995,54.0864720943553
5.641880626875625,54.43892597539996
5.661887295765254,54.78225383864562
5.6818939646548845,55.116238686221664
5.701900633544515,55.4406694254423
5.721907302434144,55.75534100222626
5.741913971323774,56.060054530699645
5.761920640213404,56.35461741890037
5.781927309103034,56.63884349050441
5.801933977992664,56.912553102497256
5.821940646882293,57.175573258715964
5.8419473157719235,57.427737719190134
5.861953984661554,57.66888710521259
5.881960653551183,57.89886900007362
5.901967322440813,58.117538045394795
5.921973991330443,58.324756033001705
5.941980660220073,58.520391992277396
5.961987329109703,58.70432227294138
5.981993997999332,58.87643062320197
6.0020006668889625,59.03660826323227
6.022007335778593,59.18475395392376
6.042014004668222,59.32077406087367
6.062020673557852,59.444582613565984
6.082027342447482,59.55610135970843
6.102034011337112,59.65525981469128
6.122040680226742,59.74199530613663
6.142047349116371,59.81625301351005
6.1620540180060015,59.877986002769475
6.182060686895632,59.927155256029515
6.202067355785261,59.96372969622243
6.222074024674891,59.98768620674021
6.242080693564521,59.99900964604518
6.262087362454151,59.99769285724017
6.282094031343781,59.98373667259193
6.30210070023341,59.957149913005125
6.3221073691230405,59.91794938244714
6.342114038012671,59.86615985732726
6.3621207069023,59.80181407083693
6.38212737579193,59.72495269226095
6.40213404468156,59.63562430127277
6.42214071357119,59.533885357230076
6.44214738246082,59.41980016349003
6.462154051350449,59.29344082676685
6.4821607202400795,59.154887211557224
6.50216738912971,59.00422688966259
6.522174058019339,58.841555084840024
6.542180726908969,58.666974612616706
6.562187395798599,58.480595815306145
6.582194064688229,58.28253649226714
6.602200733577859,58.072921825449555
6.622207402467488,57.85188430027395
6.6422140713571185,57.61956362189514
6.662220740246749,57.3761066269026
6.682227409136378,57.121667190513485
6.702234078026008,56.85640612931686
6.722240746915638,56.58049109963079
6.742247415805268,56.29409649153635
6.762254084694898,55.997403318655756
6.782260753584527,55.690599103743885
6.8022674224741575,55.373877760165946
6.822274091363788,55.047439469335956
6.842280760253417,54.71149055419358
6.862287429143047,54.36624334879914
6.882294098032677,54.01191606412945
6.902300766922307,53.64873265015918
6.922307435811937,53.27692265431495
6.942314104701566,52.896721076391444
6.9623207735911965,52.50836822002153
6.982327442480827,52.112109540794265
7.002334111370456,51.70819549111624
7.022340780260086,51.296881361915126
7.042347449149716,50.87842712128479
7.062354118039346,50.453097250174544
7.082360786928976,50.021160575225686
7.102367455818605,49.582890098861675
7.1223741247082355,49.138562826738934
7.142380793597866,48.688459592667506
7.162387462487495,48.23286488111197
7.182394131377125,47.77206664738521
7.202400800266755,47.30635613564826
7.222407469156385,46.83602769483176
7.242414138046015,46.36137859259462
7.262420806935644,45.88270882743828
7.2824274758252745,45.40032093909484
7.302434144714905,44.9145198173091
7.322440813604534,44.42561250913507
7.342447482494164,43.93390802486923
7.362454151383794,43.43971714274276
7.382460820273424,42.943352212496556
7.402467489163054,42.44512695796268
7.422474158052683,41.9453562787776
7.4424808269423135,41.44435605135215
7.462487495831944,40.94244292922423
7.482494164721573,40.43993414292009
7.502500833611203,39.937147299451205
7.522507502500833,39.43440018157302
7.542514171390463,38.9320105469328
7.562520840280093,38.43029592723307
7.582527509169722,37.92957342753808
7.6025341780593525,37.43015952584987
7.622540846948983,36.932369873080724
7.642547515838612,36.43651909354819
7.662554184728242,35.94292058611914
7.682560853617872,35.451886326128275
7.702567522507502,34.963726668196514
7.722574191397132,34.478750150073424
7.742580860286761,33.99726329762831
7.7625875291763915,33.51957043111271
7.782594198066022,33.04597347281717
7.802600866955651,32.57677175624319
7.822607535845281,32.1122618369119
7.842614204734911,31.65273730492814
7.862620873624541,31.19848859941918
7.882627542514171,30.749802824964554
7.9026342114038,30.30696357013386
7.9226408802934305,29.870250728246596
7.942647549183061,29.439940320467755
7.96265421807269,29.016304321350486
7.98266088696232,28.599610486936665
8.00266755585195,28.190122185523613
8.02267422474158,27.788098231204174
8.04268089363121,27.39379272028497
8.06268756252084,27.007454870686935
8.08269423141047,26.62932886442861
8.1027009003001,26.259653693293046
8.122707569189728,25.898663007774623
8.142714238079359,25.54658496940181
8.162720906968989,25.203642106529585
8.18272757585862,24.87005117369193
8.20273424474825,24.546023014603687
8.222740913637878,24.231762428898303
8.242747582527508,23.92746804268569
8.262754251417139,23.633332183012197
8.282760920306767,23.349540756301604
8.302767589196398,23.07627313085422
8.322774258086028,22.81370202347862
8.342780926975658,22.561993390327206
8.362787595865289,22.321306322004812
8.382794264754917,22.091792943016625
8.402800933644547,21.873598315618985
8.422807602534178,21.666860348133955
8.442814271423806,21.47170970778531
8.462820940313437,21.288269738111165
8.482827609203067,21.116656381005804
8.502834278092697,20.956978103439255
8.522840946982328,20.80933582890168
8.542847615871956,20.673822873615308
8.562854284761586,20.550524887554666
8.582860953651217,20.4395198003121
8.602867622540845,20.340877771843004
8.622874291430476,20.254661148121635
8.642880960320106,20.180924421735885
8.662887629209736,20.119714197445592
8.682894298099367,20.071069162726364
8.702900966988995,20.035020063317415
8.722907635878625,20.01158968378897
8.742914304768256,20.000792833141436
8.762920973657884,20.002636335445473
8.782927642547515,20.017119025528906
8.802934311437145,20.044231749713152
8.822940980326775,20.083957371598736
8.842947649216406,20.13627078289623
8.862954318106034,20.201138919295765
8.882960986995664,20.27852078136509
8.902967655885295,20.36836746046295
8.922974324774923,20.470622169651442
8.942980993664554,20.585220279587823
8.962987662554184,20.712089359372925
8.982994331443814,20.85114922233068
9.003001000333445,21.002311976689438
9.023007669223073,21.165482081133373
9.043014338112703,21.34055640518866
9.063021007002334,21.52742429440635
9.083027675891962,21.72596764030063
9.103034344781593,21.9360609549986
9.123041013671223,22.157571450553743
9.143047682560853,22.390359122873793
9.163054351450484,22.634276840209118
9.183061020340112,22.88917043614642
9.203067689229742,23.154878807048384
9.223074358119373,23.431234013878132
9.243081027009001,23.718061388343752
9.263087695898632,24.015179643296328
9.283094364788262,24.322400987310886
9.303101033677892,24.63953124337884
9.323107702567523,24.96636997163599
9.343114371457151,25.302710596049103
9.363121040346781,25.648340534980917
9.383127709236412,26.00304133555068
9.40313437812604,26.366588811705636
9.42314104701567,26.738753185916458
9.443147715905301,27.119299234406107
9.463154384794931,27.507986435821614
9.483161053684562,27.904569123253623
9.50316772257419,28.308796639508433
9.52317439146382,28.720413495534203
9.54318106035345,29.13915953190074
9.56318772924308,29.56477008323134
9.58319439813271,29.996976145482925
9.60320106702234,30.435504545967646
9.62320773591197,30.880078116010075
9.6432144048016,31.33041586612937
9.66322107369123,31.78623316363672
9.68322774258086,32.24724191253554
9.70323441147049,32.713150735610085
9.723241080360118,33.183665158588546
9.743247749249749,33.658487796263415
9.763254418139379,34.137318540451375
9.78326108702901,34.61985474967463
9.80326775591864,35.1057914404434
9.823274424808268,35.59482148001813
9.843281093697898,36.08663578053102
9.863287762587529,36.58092349434218
9.883294431477157,37.07737221050901
9.903301100366788,37.57566815224327
9.923307769256418,38.075496375231054
9.943314438146048,38.576540966691354
9.963321107035679,39.07848524504642
9.983327775925307,39.58101196007782
10.003334444814937,40.08380349344247
10.023341113704568,40.58654205942059
10.043347782594196,41.088909905770166
10.063354451483827,41.590589514559795
10.083361120373457,42.09126380285363
10.103367789263087,42.59061632312122
10.123374458152718,43.08833146324605
10.143381127042346,43.58409464600565
10.163387795931976,44.077592527898176
10.183394464821607,44.568513197188416
10.203401133711235,45.056546371049734
10.223407802600866,45.54138359167587
10.243414471490496,46.0227184212395
10.263421140380126,46.50024663557395
10.283427809269757,46.97366641645603
10.303434478159385,47.44267854236776
10.323441147049015,47.90698657761758
10.343447815938646,48.36629705969986
10.363454484828274,48.8203196847761
10.383461153717905,49.26876749115924
10.403467822607535,49.71135704068567
10.423474491497165,50.147808597860234
10.443481160386796,50.57784630666116
10.463487829276424,51.00119836489256
10.483494498166054,51.41759719597546
10.503501167055685,51.82677961806711
10.523507835945313,52.228487010403555
10.543514504834944,52.622465476758805
10.563521173724574,53.008466005918166
10.583527842614204,53.38624462906385
10.603534511503835,53.75556257397388
10.623541180393463,54.11618641593609
10.643547849283093,54.46788822528281
10.663554518172724,54.81044571145181
10.683561187062352,55.143642363483686
10.703567855951983,55.46726758686593
10.723574524841613,55.78111683663768
10.743581193731243,56.084991746670795
10.763587862620874,56.37870025504587
10.783594531510502,56.66205672544337
10.803601200400132,56.93488206447398
10.823607869289763,57.19700383487296
10.843614538179391,57.448256364488095
10.863621207069022,57.68848085099151
10.883627875958652,57.91752546224946
10.903634544848282,58.135245432286794
10.923641213737913,58.341503152785165
10.943647882627541,58.53616826005745
10.963654551517171,58.71911771744313
10.983661220406802,58.89023589307268
11.00366788929643,59.04941463295184
11.02367455818606,59.196553329319656
11.043681227075691,59.33155898423681
11.063687895965321,59.45434626836425
11.083694564854952,59.56483757489503
11.10370123374458,59.66296306860515
11.12370790263421,59.74866072999238
11.14371457152384,59.82187639447516
11.16372124041347,59.882563786627024
11.1837279093031,59.930684549424626
11.20373457819273,59.96620826849098
11.22374124708236,59.98911249131867
11.24374791597199,59.9993827414608
11.26375458486162,59.99701252768071
11.28376125375125,59.98200334805472
11.30376792264088,59.9543646890253
11.323774591530508,59.91411401940518
11.343781260420139,59.8612767793364
11.363787929309769,59.79588636421097
11.3837945981994,59.71798410356361
11.40380126708903,59.62761923494969
11.423807935978658,59.52484887282501
11.443814604868288,59.40973797244701
11.463821273757919,59.282359288820274
11.483827942647547,59.14279333071232
11.503834611537178,58.991128309768484
11.523841280426808,58.827460084758556
11.543847949316438,58.6518921009898
11.563854618206069,58.464535324925244
11.583861287095697,58.265508174047994
11.603867955985327,58.05493644201643
11.623874624874958,57.83295321915717
11.643881293764586,57.599698808346425
11.663887962654217,57.35532063633237
11.683894631543847,57.099973160555415
11.703901300433477,56.83381777152425
11.723907969323108,56.55702269081037
11.743914638212736,56.26976286472469
11.763921307102366,55.97221985374409
11.783927975991997,55.664581717757414
11.803934644881625,55.34704289720368
11.823941313771256,55.01980409017719
11.843947982660886,54.68307212557804
11.863954651550516,54.33705983238724
11.883961320440147,53.98198590514981
11.903967989329775,53.6180747657504
11.923974658219405,53.24555642156912
11.943981327109036,52.86466632010706
11.963987995998664,52.47564520017349
11.983994664888295,52.07873893972838
12.004001333777925,51.67419840047743
12.024008002667555,51.26227926931641
12.044014671557186,50.84324189672633
12.064021340446814,50.41735113222081
12.084028009336444,49.98487615694964
12.104034678226075,49.546090313565095
12.124041347115703,49.10127093345766
12.144048016005334,48.65069916147048
12.164054684894964,48.19465977820421
12.184061353784594,47.733441020023186
12.204068022674225,47.26733439687792
12.224074691563853,46.79663450805838
12.244081360453483,46.3216388559944
12.264088029343114,45.84264765822172
12.284094698232742,45.35996365763171
12.304101367122373,44.873891931124554
12.324108036012003,44.38473969678814
12.344114704901633,43.89281611972266
12.364121373791264,43.39843211663538
12.384128042680892,42.90190015932788
12.404134711570522,42.40353407720036
12.424141380460153,41.90364885889846
12.444148049349781,41.40256045322663
12.464154718239412,40.90058556945503
12.484161387129042,40.39804147714602
12.504168056018672,39.895245805626004
12.524174724908303,39.392516343230085
12.544181393797931,38.89017083644657
12.564188062687561,38.388526789087166
12.584194731577192,37.88790126161151
12.60420140046682,37.388610670731076
12.62420806935645,36.890970589420306
12.644214738246081,36.395295547461274
12.664221407135711,35.901898832647255
12.684228076025342,35.41109229277136
12.70423474491497,34.9231861385257
12.7242414138046,34.43848874743458
12.74424808269423,33.95730646894719
12.76425475158386,33.47994343081141
12.78426142047349,33.006701346851955
12.80426808936312,32.53787932627478
12.82427475825275,32.07377368461678
12.84428142714238,31.614677756462143
12.86428809603201,31.160881710042215
12.88429476492164,30.712672363836568
12.90430143381127,30.270333005291857
12.924308102700898,29.834143211771877
12.944314771590529,29.404378673852534
12.964321440480159,28.981311021074063
12.98432810936979,28.56520765025907
13.00433477825942,28.15633155650675
13.024341447149048,27.754941166968568
13.044348116038678,27.361290177511087
13.064354784928309,26.975627392369702
13.084361453817937,26.59819656689356
13.104368122707568,26.229236253481602
13.124374791597198,25.868979650807645
13.144381460486828,25.51765445642845
13.164388129376459,25.17548272286948
13.184394798266087,24.84268071727808
13.204401467155717,24.51945878473327
13.224408136045348,24.206021215298946
13.244414804934976,23.902566114903696
13.264421473824607,23.609285280129267
13.284428142714237,23.326364076987225
13.304434811603867,23.05398132375941
13.324441480493498,22.792309177977405
13.344448149383126,22.54151302761151
13.364454818272756,22.301751386538392
13.384461487162387,22.07317579435373
13.404468156052015,21.85593072059264
13.424474824941646,21.650153473418637
13.444481493831276,21.455974112839268
13.464488162720906,21.273515368502366
13.484494831610537,21.102892562125874
13.504501500500165,20.94421353460952
13.524508169389795,20.797578577874685
13.544514838279426,20.663080371475772
13.564521507169054,20.540803924022693
13.584528176058685,20.430826519451752
13.604534844948315,20.33321766817901
13.624541513837945,20.248039063166612
13.644548182727576,20.175344540930308
13.664554851617204,20.115180047512418
13.684561520506834,20.06758360944196
13.704568189396465,20.0325853097003
13.724574858286093,20.010207268707404
13.744581527175724,20.000463630340782
13.764588196065354,20.00336055299596
13.784594864954984,20.01889620569412
13.804601533844615,20.047060769239337
13.824608202734243,20.087836442424734
13.844614871623873,20.141197453283645
13.864621540513504,20.207110075378527
13.884628209403132,20.285532649117556
13.904634878292763,20.37641560808529
13.924641547182393,20.47970151037069
13.944648216072023,20.595325074872896
13.964654884961654,20.723213222561732
13.984661553851282,20.863285122666635
14.004668222740912,21.015452243765317
14.024674891630543,21.179618409739266
14.044681560520171,21.355679860561203
14.064688229409802,21.54352531787594
14.084694898299432,21.743036055332908
14.104701567189062,21.954085973626334
14.124708236078693,22.176541680195495
14.144714904968321,22.410262573534293
14.164721573857951,22.655100932057668
14.184728242747582,22.91090200746772
14.20473491163721,23.177504122561327
14.22474158052684,23.454738773417173
14.244748249416471,23.742430735897177
14.264754918306101,24.040398176395765
14.284761587195732,24.348452766766577
14.30476825608536,24.66639980335362
14.32477492497499,24.99403833005264
14.34478159386462,25.331161265323622
14.36478826275425,25.677555533075342
14.38479493164388,26.03300219733867
14.40480160053351,26.39727660064318
14.42480826942314,26.770148506010393
14.44481493831277,27.151382242473545
14.4648216072024,27.540736854031337
14.48482827609203,27.937966251942846
14.50483494498166,28.342819370265726
14.524841613871288,28.75504032454078
14.544848282760919,29.174368573522035
14.564854951650549,29.600539083849583
14.58486162054018,30.033282497562166
14.60486828942981,30.47232530234308
14.624874958319438,30.91739000439123
14.644881627209068,31.368195303809536
14.664888296098699,31.82445627239805
14.684894964988327,32.28588453374094
14.704901633877958,32.752188445472896
14.724908302767588,33.22307328360915
14.744914971657218,33.69824142882384
14.764921640546849,34.17739255455831
14.784928309436477,34.66022381683986
14.804934978326107,35.14643004569262
14.824941647215738,35.63570393801753
14.844948316105366,36.1277362518212
14.864954984994997,36.62221600167028
14.884961653884627,37.118830655247145
14.904968322774257,37.617266330883815
14.924974991663888,38.11720799594883
14.944981660553516,38.618339665960825
14.964988329443146,39.12034460430477
14.984994998332777,39.622905522422535
15.005001667222405,40.125704780353054
15.025008336112036,40.628424587494514
15.045015005001666,41.13074720346118
15.065021673891296,41.632355138909205
15.085028342780927,42.13293135620322
15.105035011670555,42.63215946979798
15.125041680560185,43.12972394620733
15.145048349449816,43.6253103034347
15.165055018339444,44.11860530973933
15.185061687229075,44.609297181612305
15.205068356118705,45.097075780836605
15.225075025008335,45.58163281050802
15.245081693897966,46.06266200989178
15.265088362787594,46.53985934799265
15.285095031677224,47.01292321571536
15.305101700566855,47.48155461649429
15.325108369456483,47.94545735527221
15.345115038346114,48.4043382257084
15.365121707235744,48.85790719549717
15.385128376125374,49.30587758968096
15.405135045015005,49.74796627184099
15.425141713904633,50.18389382305183
15.445148382794263,50.61338471848568
15.465155051683894,51.03616750155627
15.485161720573522,51.451974955490584
15.505168389463153,51.8605442722217
15.525175058352783,52.26161721849434
15.545181727242413,52.654940299079506
15.565188396132044,53.04026491699424
15.585195065021672,53.417347530625676
15.605201733911302,53.78594980765941
15.625208402800933,54.145838775716115
15.645215071690561,54.496786969599604
15.665221740580192,54.83857257506499
15.685228409469822,55.17097956901435
15.705235078359452,55.4937978560328
15.725241747249083,55.80682340117767
15.745248416138711,56.10985835893743
15.765255085028341,56.40271119827827
15.785261753917972,56.68519682370015
15.8052684228076,56.95713669222482
15.82527509169723,57.21835892624284
15.845281760586861,57.468698422147355
15.865288429476491,57.70799695468676
15.885295098366122,57.936103276969746
15.90530176725575,58.1528732160599
15.92530843614538,58.35816976409899
15.94531510503501,58.55186316490197
15.96532177392464,58.73383099596822
15.98532844281427,58.90395824585802
16.0053351117039,59.06213738688452
16.02534178059353,59.20826844307587
16.04534844948316,59.3422590533644
16.06535511837279,59.4640245299626
16.08536178726242,59.57348791188953
16.10536845615205,59.67058001361343
16.12537512504168,59.7552394687799
16.14538179393131,59.8274127689981
16.16538846282094,59.88705429766027
16.185395131710568,59.93412635877343
16.2054018006002,59.96859920078488
16.225408469489828,59.99045103538634
16.245415138379457,59.999668051285234
16.26542180726909,59.99624442293391
16.285428476158717,59.9801823142117
16.30543514504835,59.951491877057194
16.325441813937978,59.91019124505185
16.345448482827607,59.85630652195874
16.36545515171724,59.78987176522388
16.385461820606867,59.7109289644505
16.4054684894965,59.61952801485975
16.425475158386128,59.515726685754856
16.445481827275756,59.39959058400842
16.46548849616539,59.271193112596045
16.485495165055017,59.13061542420266
16.505501833944646,58.977946369930365
16.525508502834278,58.81328244314079
16.545515171723906,58.6367277184674
16.565521840613535,58.448393786035496
16.585528509503167,58.24839968093274
16.605535178392795,58.03687180797393
16.625541847282427,57.81394386180751
16.645548516172056,57.57975674241523
16.665555185061685,57.33445846605693
16.685561853951317,57.07820407171811
16.705568522840945,56.811155523118934
16.725575191730577,56.53348160634572
16.745581860620206,56.24535782317139
16.765588529509834,55.94696628013057
16.785595198399466,55.63849557342053
16.805601867289095,55.32014066970065
16.825608536178724,54.99210278286463
16.845615205068356,54.654589246864994
16.865621873957984,54.307813384669466
16.885628542847613,53.95199437343115
16.905635211737245,53.58735710595957
16.925641880626873,53.21413204857883
16.945648549516505,52.832555095462986
16.965655218406134,52.44286741954083
16.985661887295763,52.045315320064276
17.005668556185395,51.64015006693664
17.025675225075023,51.22762774189984
17.045681893964655,50.80800907667896
17.065688562854284,50.38155928818944
17.085695231743912,49.9485479109081
17.105701900633544,49.50924862651621
17.125708569523173,49.06393909092091
17.1457152384128,48.61290075876457
17.165721907302434,48.156418705533596
17.185728576192062,47.69478144737895
17.20573524508169,47.22828075876085
17.225741913971323,46.75721148803534
17.24574858286095,46.281871371097544
17.265755251750583,45.80256084319972
17.285761920640212,45.31958284906348
17.30576858952984,44.83324265140555
17.325775258419473,44.343847637998806
17.3457819273091,43.85170712739054
17.365788596198733,43.357132173399016
17.385795265088362,42.86043536851503
17.40580193397799,42.361930646329476
17.425808602867622,41.8619330831144
17.44581527175725,41.36075869868111
17.46582194064688,40.85872425664204
17.48582860953651,40.35614706420271
17.50583527842614,39.85334477161047
17.52584194731577,39.35063517138516
17.5458486162054,38.848335997461156
17.56585528509503,38.34676472436603
17.58586195398466,37.846238366562886
17.60586862287429,37.34707327808379
17.62587529176392,36.849584952580344
17.64588196065355,36.35408782391826
17.66588862954318,35.860895067442264
17.68589529843281,35.37031840203493
17.70590196732244,34.882667893097945
17.72590863621207,34.39825175657686
17.7459153051017,33.91737616415595
17.76592197399133,33.44034504974441
17.785928642880958,32.96745991737706
17.80593531177059,32.49901965065095
17.825941980660218,32.03532032381861
17.845948649549847,31.57665501465572
17.86595531843948,31.123313619223858
17.885961987329107,30.675582668644118
17.90596865621874,30.23374514799645
17.925975325108368,29.798080317461732
17.945981993997997,29.3688635358169
17.96598866288763,28.946366086396587
17.985995331777257,28.5308550056309
18.00600200066689,28.122592914266185
18.026008669556518,27.721837851378183
18.046015338446146,27.32884311128005
18.06602200733578,26.9438570834294
18.086028676225407,26.567123095435917
18.106035345115036,26.198879259267557
18.126042014004668,25.83935832075372
18.146048682894296,25.4887875124803
18.166055351783925,25.147388410168382
18.186062020673557,24.815376792629223
18.206068689563185,24.492962505383126
18.226075358452817,24.180349328027486
18.246082027342446,23.877734845439935
18.266088696232075,23.58531032289591
18.286095365121707,23.303260585180922
18.306102034011335,23.031763899773686
18.326108702900967,22.770991864172924
18.346115371790596,22.521109297440876
18.366122040680224,22.282274136030434
18.386128709569856,22.054637333962468
18.406135378459485,21.838342767416677
18.426142047349114,21.633527143795448
18.446148716238746,21.440319915319137
18.466155385128374,21.25884319720665
18.486162054018003,21.08921169049338
18.506168722907635,20.931532609535257
18.526175391797263,20.78590561424488
18.546182060686895,20.652422747101888
18.566188729576524,20.531168374978442
18.586195398466153,20.422219135815592
18.606202067355785,20.325643890184946
18.626208736245413,20.241503677765785
18.646215405135045,20.16985167876535
18.666222074024674,20.110733180306788
18.686228742914302,20.064185547805632
18.706235411803934,20.030238201353324
18.726242080693563,20.00891259712249
18.74624874958319,20.000222213805653
18.766255418472824,20.00417254409618
18.786262087362452,20.02076109121663
18.80626875625208,20.04997737049685
18.826275425141713,20.09180291600073
18.84628209403134,20.14621129219742
18.866288762920973,20.213168110669795
18.886295431810602,20.292631051849316
18.90630210070023,20.38454989176389
18.926308769589863,20.48886653378149
18.94631543847949,20.60551504532973
18.966322107369123,20.73442169956815
18.986328776258752,20.875505021986516
19.00633544514838,21.028675841900444
19.026342114038012,21.19383734881096
19.04634878292764,21.370885153592774
19.06635545181727,21.55970735447289
19.0863621207069,21.760184607757086
19.10636878959653,21.972190203260315
19.12637545848616,22.19559014439302
19.14638212737579,22.43024323285266
19.16638879626542,22.676001157866864
19.18639546515505,22.93270858993257
19.20640213404468,23.200203278990507
19.22640880293431,23.478316156974504
19.24641547182394,23.76687144466943
19.26642214071357,24.06568676281131
19.2864288096032,24.374573247358953
19.30643547849283,24.693335668863625
19.32644214738246,25.021772555862988
19.34644881627209,25.359676322219325
19.36645548516172,25.706833398322814
19.386462154051348,26.063024366076732
19.40646882294098,26.428024097579204
19.426475491830608,26.801601897413313
19.446482160720237,27.18352164845679
19.46648882960987,27.573541961118053
19.486495498499497,27.971416325904315
19.50650216738913,28.376893269226848
19.526508836278758,28.78971651234242
19.546515505168387,29.209625133332615
19.56652217405802,29.636353732017806
19.586528842947647,30.069632597701002
19.60653551183728,30.50918787963706
19.626542180726908,30.9547417601173
19.646548849616536,31.406012630062992
19.66655551850617,31.86271526701386
19.686562187395797,32.3245610154008
19.706568856285426,32.79125796898868
19.726575525175058,33.26251115537368
19.746582194064686,33.73802272241805
19.766588862954315,34.2174921265058
19.786595531843947,34.700616322499016
19.806602200733575,35.187089955274786
19.826608869623207,35.67660555272362
19.846615538512836,36.16885372008417
19.866622207402465,36.66352333549423
19.886628876292097,37.16030174663322
19.906635545181725,37.65887496833134
19.926642214071357,38.158927881022194
19.946648882960986,38.66014442991104
19.966655551850614,39.16220782473576
19.986662220740246,39.66480073999139
20.006668889629875,40.16760551549329
20.026675558519504,40.67030435715211
20.046682227409136,41.17257953783341
20.066688896298764,41.67411359817429
20.086695565188393,42.17458954723186
20.106702234078025,42.67369106283453
20.126708902967653,43.171102691511315
20.146715571857285,43.66651004787225
20.166722240746914,44.15960001331255
20.186728909636543,44.65006093391787
20.206735578526175,45.13758281744241
20.226742247415803,45.62185752923709
20.246748916305435,46.10257898700438
20.266755585195064,46.57944335425454
20.286762254084692,47.05214923234417
20.306768922974324,47.520397850972586
20.326775591863953,47.98389325701701
20.34678226075358,48.44234250158841
20.366788929643214,48.89545582518723
20.386795598532842,49.3429468408436
20.40680226742247,49.784532715126645
20.426808936312103,50.2199343469068
20.44681560520173,50.64887654375984
20.466822274091363,51.071088195900515
20.486828942980992,51.48630244753481
20.50683561187062,51.894256865525
20.526842280760253,52.29469360525818
20.54684894964988,52.687359573614955
20.566855618539513,53.07200658893555
20.586862287429142,53.44839153788056
20.60686895631877,53.81627652908968
20.626875625208402,54.17542904353883
20.64688229409803,54.52562208150187
20.66688896298766,54.86663430602469
20.68689563187729,55.19825018281926
20.70690230076692,55.52026011649041
20.72690896965655,55.83246058300945
20.74691563854618,56.13465425834964
20.76692230743581,56.426650143203624
20.78692897632544,56.70826368370325
20.80693564521507,56.979316888065064
20.8269423141047,57.239638439089276
20.84694898299433,57.489063802439205
20.86695565188396,57.72743533063402
20.88696232077359,57.954602362688775
20.90696898966322,58.170421319338494
20.92697565855285,58.374755793786555
20.94698232744248,58.5674766379195
20.96698899633211,58.748462043934005
20.986995665221738,58.917597621324944
21.00700233411137,59.07477646918486
21.027009003000998,59.219899243769916
21.047015671890627,59.3528742212894
21.06702234078026,59.47361735587914
21.087029009669887,59.582052332722
21.10703567855952,59.678110616282154
21.127042347449148,59.7617314936224
21.147049016338777,59.832862112777434
21.16705568522841,59.89145751615848
21.187062354118037,59.93748066896841
21.20706902300767,59.97090248260932
21.227075691897298,59.99170183306779
21.247082360786926,59.99986557426614
21.26708902967656,59.995388546371316
21.287095698566187,59.978273579056136
21.307102367455816,59.948531489710795
21.327109036345448,59.90618107660583
21.347115705235076,59.8512491070108
21.367122374124705,59.78377030027625
21.387129043014337,59.703787305889556
21.407135711903965,59.61135067651869
21.427142380793597,59.506518836060664
21.447149049683226,59.389358042715344
21.467155718572855,59.259942347107156
21.487162387462487,59.11835354548215
21.507169056352115,58.96468112800919
21.527175725241747,58.799022222218355
21.547182394131376,58.62148153161225
21.567189063021004,58.432171269488784
21.587195731910636,58.231211088017645
21.607202400800265,58.01872800261519
21.627209069689894,57.79485631166497
21.647215738579526,57.55973751163559
21.667222407469154,57.31352020764891
21.687229076358783,57.05636001955526
21.707235745248415,56.7884194835749
21.727242414138043,56.50986794956846
21.747249083027675,56.22088147400025
21.767255751917304,55.92164270866351
21.787262420806933,55.6123407852362
21.807269089696565,55.29317119574188
21.827275758586193,54.96433566899072
21.847282427475825,54.6260420430777
21.867289096365454,54.27850413402058
21.887295765255082,53.921941600618666
21.907302434144714,53.556579805619194
21.927309103034343,53.18264967327877
21.94731577192397,52.80038754340879
21.967322440813604,52.4100350219989
21.987329109703232,52.01183882851199
22.00733577859286,51.60605063994632
22.027342447482493,51.1929269317653
22.04734911637212,50.77272881579417
22.067355785261753,50.34572187518565
22.087362454151382,49.91217599656086
22.10736912304101,49.472365199428594
22.127375791930643,49.02656746299365
22.14738246082027,48.57506455046253
22.167389129709903,48.11814183095619
22.187395798599532,47.656088099145386
22.20740246748916,47.189195392719526
22.227409136378792,46.71775880780657
22.24741580526842,46.242076312460114
22.26742247415805,45.76244855833005
22.28742914304768,45.279178690638304
22.30743581193731,44.79257215657851
22.32744248082694,44.30293651225951
22.34744914971657,43.81058122831726
22.3674558186062,43.315817494316306
22.38746248749583,42.818958022064116
22.40746915638546,42.32031684796472
22.42747582527509,41.820209134533386
22.44748249416472,41.31895097120086
22.46748916305435,40.816859174531785
22.48749583194398,40.314251087982164
22.50750250083361,39.8114443813256
22.52750916972324,39.30875684987183
22.54751583861287,38.80650621360695
22.5675225075025,38.30500991638067
22.587529176392128,37.80458492526805
22.60753584528176,37.30554753023289
22.627542514171388,36.80821314421944
22.647549183061017,36.31289610379706
22.66755585195065,35.81990947048667
22.687562520840277,35.329564832892494
22.70756918972991,34.84217210976459
22.727575858619538,34.35803935411707
22.747582527509167,33.87747255852525
22.7675891963988,33.400775461725374
22.787595865288427,32.92824935663917
22.80760253417806,32.46019289994305
22.827609203067688,31.996901923305106
22.847615871957316,31.53866924640625
22.86762254084695,31.08578449186617
22.887629209736577,30.638533902189245
22.907635878626206,30.19720015884694
22.927642547515838,29.76206220361111
22.947649216405466,29.333395062251313
22.967655885295095,28.911469670706065
22.987662554184727,28.496552703840145
23.007669223074355,28.088906406894797
23.027675891963987,27.688788429737322
23.047682560853616,27.296451664015503
23.067689229743245,26.91214408331909
23.087695898632877,26.536108586449995
23.107702567522505,26.168582843900214
23.127709236412137,25.809799147633257
23.147715905301766,25.459984264266343
23.167722574191394,25.119359291743727
23.187729243081026,24.788139519593738
23.207735911970655,24.466534292856426
23.227742580860284,24.15474687976849
23.247749249749916,23.85297434328911
23.267755918639544,23.561407416548043
23.287762587529173,23.280230382293627
23.307769256418805,23.009620956418484
23.327775925308433,22.749750175635697
23.347782594198065,22.50078228937582
23.367789263087694,22.262874655974667
23.387795931977323,22.03617764321583
23.407802600866955,21.820834533291908
23.427809269756583,21.616981432244252
23.447815938646215,21.424747183937733
23.467822607535844,21.24425328862625
23.487829276425472,21.075613826159262
23.507835945315104,20.918935383878367
23.527842614204733,20.774316989249748
23.54784928309436,20.641850047274396
23.567855951983994,20.52161828271631
23.587862620873622,20.413697687185
23.60786928976325,20.31815647110531
23.627875958652883,20.235055020605664
23.64788262754251,20.16444585935149
23.667889296432143,20.10637361534787
23.687895965321772,20.06087499273288
23.7079026342114,20.02797874857893
23.727909303101033,20.007705674717073
23.74791597199066,20.000068584595724
23.767922640880293,20.005072305181955
23.787929309769922,20.022713673910687
23.80793597865955,20.052981540683543
23.827942647549182,20.095856774916207
23.84794931643881,20.151312277629742
23.86795598532844,20.219312998578328
23.88796265421807,20.299815958402533
23.9079693231077,20.392770275794
23.92797599199733,20.49811719965475
23.94798266088696,20.615790146230328
23.96798932977659,20.745714741193467
23.98799599866622,20.887808866652062
24.00800266755585,21.041982713050963
24.02800933644548,21.208138835935635
24.04801600533511,21.386172217541063
24.06802267422474,21.575970333167522
24.08802934311437,21.777413222301107
24.108036012004,21.990373564433597
24.12804268089363,22.214716759534817
24.14804934978326,22.45030101312542
24.16805601867289,22.69697742589695
24.188062687562518,22.954590087822844
24.20806935645215,23.222976176699945
24.228076025341778,23.501966061059207
24.248082694231407,23.7913834073801
24.26808936312104,24.091045291540905
24.288096032010667,24.400762314434264
24.3081027009003,24.72033872167605
24.328109369789928,25.049572527329996
24.348116038679557,25.388255641571813
24.36812270756919,25.736174002210532
24.388129376458817,26.0931077099851
24.40813604534845,26.458831167550283
24.428142714238078,26.83311322206328
24.448149383127706,27.215717311282845
24.46815605201734,27.60640161308639
24.488162720906967,28.00491919831174
24.508169389796596,28.41101818682734
24.528176058686228,28.824441906730826
24.548182727575856,29.2449290565768
24.568189396465485,29.672213870530655
24.588196065355117,30.106026286343827
24.608202734244745,30.546092116044278
24.628209403134377,30.992133219235775
24.648216072024006,31.443867678893774
24.668222740913635,31.901009979549574
24.688229409803267,32.36327118774784
24.708236078692895,32.83035913466508
24.728242747582527,33.30197860077307
24.748249416472156,33.77783150242951
24.768256085361784,34.25761708028041
24.788262754251416,34.741032089352466
24.808269423141045,35.22777099071671
24.828276092030674,35.717526144602274
24.848282760920306,36.209988004838145
24.868289429809934,36.704845314499
24.888296098699563,37.20178530263343
24.908302767589195,37.70049388194833
24.928309436478823,38.20065584732505
24.948316105368455,38.70195507504336
24.968322774258084,39.204074722584394
24.988329443147713,39.706697428888916
25.008336112037345,40.209505514943295
25.028342780926973,40.71218118456569
25.048349449816605,41.21440672526745
25.068356118706234,41.71586470906013
25.088362787595862,42.216238193084465
25.108369456485494,42.71521091993126
25.128376125375123,43.212467517529554
25.14838279426475,43.70769369847535
25.168389463154384,44.20057645867488
25.188396132044012,44.690804275176085
25.20840280093364,45.17806730306491
25.228409469823273,45.662057571300366
25.2484161387129,46.142469177364916
25.268422807602533,46.61899848060882
25.288429476492162,47.091344294163214
25.30843614538179,47.55920807530339
25.328442814271423,48.022294114140685
25.34844948316105,48.48030972052338
25.368456152050683,48.93296540902986
25.388462820940312,49.379975081935086
25.40846948982994,49.82105621003735
25.428476158719572,50.25593001122834
25.4484828276092,50.68432162669531
25.46848949649883,51.10596029464366
25.48849616538846,51.52057952143044
25.50850283427809,51.92791724999846
25.52850950316772,52.32771602550913
25.54851617205735,52.719723158063715
25.56852284094698,53.103690882414625
25.58852950983661,53.47937651456357
25.60853617872624,53.8465426051481
25.62854284761587,54.20495708952016
25.6485495165055,54.55439343442021
25.66855618539513,54.89463078115638
25.68856285428476,55.22545408519644
25.70856952317439,55.546654252085055
25.72857619206402,55.8580282696008
25.74858286095365,56.159379336067964
25.76858952984328,56.450516984744006
25.788596198732908,56.73125720420249
25.80860286762254,57.00142255463658
25.828609536512168,57.260842280007644
25.848616205401797,57.50935241597155
25.86862287429143,57.746795893510196
25.888629543181057,57.9730226382063
25.90863621207069,58.18788966509669
25.928642880960318,58.39126116904488
25.948649549849947,58.58300861057597
25.96865621873958,58.763010797118696
25.988662887629207,58.931153959604565
26.00866955651884,59.08733182437471
26.028676225408468,59.23144568034935
26.048682894298096,59.36340444141742
26.06868956318773,59.48312470400699
26.088696232077357,59.59053079979967
26.108702900966986,59.68555484355636
26.128709569856618,59.76813677602368
26.148716238746246,59.83822440189374
26.168722907635875,59.89577342279412
26.188729576525507,59.94074746528608
26.208736245415135,59.97311810385426
26.228742914304767,59.99286487887275
26.248749583194396,59.99997530953651
26.268756252084025,59.994444901749716
26.288762920973657,59.97627715096627
26.308769589863285,59.94548353998046
26.328776258752917,59.902083531669405
26.348782927642546,59.84610455669167
26.368789596532174,59.77758199614992
26.388796265421806,59.69655915922847
26.408802934311435,59.6030872558202
26.428809603201064,59.497225364159576
26.448816272090696,59.379040393482654
26.468822940980324,59.248607041737856
26.488829609869953,59.106007748373244
26.508836278759585,58.95133264223166
26.528842947649213,58.78467948458524
26.548849616538845,58.60615360734617
26.568856285428474,58.415867846492475
26.588862954318103,58.213942470750645
26.608869623207735,58.000505105580984
26.628876292097363,57.77569065251264
26.648882960986995,57.539641203880166
26.668889629876624,57.29250595301508
26.688896298766252,57.03444109994935
26.708902967655884,56.76560975269007
26.728909636545513,56.48618182412862
26.74891630543514,56.19633392464823
26.768922974324774,55.89624925049866
26.788929643214402,55.58611746800854
26.80893631210403,55.266134593707704
26.828942980993663,54.936502870436975
26.84894964988329,54.59743063952165
26.868956318772923,54.249132209091
26.888962987662552,53.89182771862649
26.90896965655218,53.52574299982378
26.928976325441813,53.15110943385809
26.94898299433144,52.76816380514102
26.968989663221073,52.37714815166278
26.988996332110702,51.97830961201382
27.00900300100033,51.571900269182834
27.029009669889962,51.15817699122908
27.04901633877959,50.73740126893148
27.06902300766922,50.30983905051483
27.08902967655885,49.875760573559276
27.10903634544848,49.43544019419873
27.12904301433811,48.98915621371563
27.14904968322774,48.53719070264333
27.16905635211737,48.079829322485026
27.189063021007,47.617361145163585
27.20906968989663,47.15007847031589
27.22907635878626,46.67827664054646
27.24908302767589,46.2022538547591
27.26908969656552,45.72231097968193
27.28909636545515,45.23875135970691
27.30910303434478,44.75188062516321
27.32910970323441,44.26200649914595
27.34911637212404,43.76943860302147
27.36912304101367,43.274488260734316
27.389129709903298,42.77746830203656
27.40913637879293,42.27869286476624
27.429143047682558,41.77847719629897
27.449149716572187,41.27713745429755
27.46915638546182,40.77499050688767
27.489163054351447,40.272353732383166
27.50916972324108,39.76954481868953
27.529176392130708,39.266881562511706
27.549183061020337,38.76468166849244
27.56918972990997,38.263262548410246
27.589196398799597,37.762941120561
27.60920306768923,37.264033609452234
27.629209736578858,36.766855345935724
27.649216405468486,36.27172056790504
27.66922307435812,35.778942221683266
27.689229743247747,35.28883176422838
27.709236412137376,34.80169896627856
27.729243081027008,34.31785171656406
27.749249749916636,33.83759582720846
27.769256418806265,33.36123484044184
27.789263087695897,32.889069836749904
27.809269756585525,32.42139924457777
27.829276425475157,31.95851865171052
27.849283094364786,31.500720618449158
27.869289763254415,31.048294492700077
27.889296432144047,30.60152622709436
27.909303101033675,30.160698198254256
27.929309769923307,29.72608902831858
27.949316438812936,29.29797340884176
27.969323107702564,28.876621927177162
27.989329776592196,28.46230089545384
28.009336445481825,28.055272182256637
28.029343114371454,27.65579304711356
28.049349783261086,27.264115977896893
28.069356452150714,26.880488531240196
28.089363121040343,26.505153176071502
28.109369789929975,26.138347140363265
28.129376458819603,25.78030226119369
28.149383127709235,25.43124483821593
28.169389796598864,25.091395490627047
28.189396465488493,24.760969017727312
28.209403134378125,24.44017426315756
28.229409803267753,24.129213982901593
28.249416472157385,23.82828471713542
28.269423141047014,23.537576666005524
28.289429809936642,23.25727356941434
28.309436478826274,22.987552590888487
28.329443147715903,22.72858420560431
28.34944981660553,22.480532092639987
28.369456485495164,22.24355303152343
28.389463154384792,22.017796803140996
28.40946982327442,21.803406095069317
28.429476492164053,21.600516411391045
28.44948316105368,21.409255987050216
28.469489829943313,21.22974570680238
28.489496498832942,21.062099028810234
28.50950316772257,20.9064219129333
28.529509836612203,20.762812753756574
28.54951650550183,20.63136231840121
28.569523174391463,20.512153689155653
28.589529843281092,20.405262210964132
28.60953651217072,20.310755443805455
28.629543181060352,20.22869311999209
28.64954984994998,20.159127106417078
28.66955651883961,20.102101371771592
28.68956318772924,20.05765195875511
28.70956985661887,20.025806961294776
28.7295765255085,20.006586506788842
28.74958319439813,20.000002743385334
28.76958986328776,20.006059832303865
28.78959653217739,20.024753945205585
28.80960320106702,20.056073266612852
28.82960986995665,20.0999980013771
28.84961653884628,20.156500387190267
28.86962320773591,20.2255447121317
28.88962987662554,20.307087337239654
28.90963654551517,20.401076724092963
28.9296432144048,20.507453467385492
28.94964988329443,20.626150332472992
28.96965655218406,20.757092297867903
28.989663221073688,20.900196602656614
29.00966988996332,21.055372798807507
29.029676558852948,21.222522808338113
29.049683227742577,21.401540985304724
29.06968989663221,21.592314182574878
29.089696565521837,21.794721823341348
29.10970323441147,22.0086359773318
29.129709903301098,22.233921441666176
29.149716572190727,22.470435826310634
29.16972324108036,22.718029644074377
29.189729909969987,22.97654640509157
29.20973657885962,23.24582271572986
29.229743247749248,23.525688381862075
29.249749916638876,23.81596651643608
29.26975658552851,24.1164736512754
29.289763254418137,24.42701985303796
29.309769923307766,24.747408843263337
29.329776592197398,25.0774381224281
29.349783261087026,25.416899097934643
29.369789929976655,25.765577215950415
29.389796598866287,26.123252097015502
29.409803267755915,26.489697675331247
29.429809936645547,26.864682341643906
29.449816605535176,27.247969089631475
29.469823274424805,27.639315665701695
29.489829943314437,28.038474722107118
29.509836612204065,28.44519397327878
29.529843281093697,28.859216355281884
29.549849949983326,29.280280188291094
29.569856618872954,29.708119341983224
29.589863287762586,30.14246340374357
29.609869956652215,30.583037849576908
29.629876625541844,31.029564217620077
29.649883294431476,31.48176028414042
29.669889963321104,31.93934024191387
29.689896632210733,32.40201488086703
29.709903301100365,32.869491770870845
29.729909969989993,33.341475446568126
29.749916638879625,33.817667594120806
29.769923307769254,34.29776723975691
29.789929976658883,34.781470939998634
29.809936645548515,35.26847297345222
29.829943314438143,35.758465534036034
29.849949983327775,36.25113892552773
29.869956652217404,36.74618175730535
29.889963321107032,37.24328114115936
29.909969989996664,37.74212288905204
29.929976658886293,38.24239171169624
29.94998332777592,38.74377141783358
29.969989996665554,39.245945114079326
29.989996665555182,39.74859540521323
30.01000333444481,40.25140459478657
30.030010003334443,40.754054885920475
30.05001667222407,41.256228582166216
30.070023341113703,41.75760828830356
30.090030010003332,42.257877110947895
30.11003667889296,42.7567188588403
30.130043347782593,43.25381824269459
30.15005001667222,43.748861074472075
30.170056685561853,44.24153446596377
30.190063354451482,44.73152702654758
30.21007002334111,45.21852906000103
30.230076692230742,45.702232760243035
30.25008336112037,46.182332405879
30.27009003001,46.65852455343169
30.29009669889963,47.13050822912897
30.31010336778926,47.59798511913279
30.33011003667889,48.06065975808595
30.35011670556852,48.518239715859394
30.37012337445815,48.970435782379745
30.39013004334778,49.41696215042292
30.41013671223741,49.85753659625638
30.43014338112704,50.29188065801648
30.45015005001667,50.719719811708856
30.4701567189063,51.14078364471795
30.49016338779593,51.55480602672105
30.51017005668556,51.96152527789272
30.53017672557519,52.360684334298035
30.55018339446482,52.752030910368475
30.57019006335445,53.135317658355945
30.590196732244078,53.5103023246686
30.61020340113371,53.87674790298435
30.630210070023338,54.23442278404944
30.650216738912967,54.58310090206522
30.6702234078026,54.922561877571766
30.690230076692227,55.252591156736536
30.71023674558186,55.57298014696191
30.730243414471488,55.883526348724565
30.750250083361117,56.18403348356372
30.77025675225075,56.47431161813789
30.790263421140377,56.75417728427003
30.81027009003001,57.02345359490832
30.830276758919638,57.28197035592552
30.850283427809266,57.52956417368927
30.8702900966989,57.766078558333795
30.890296765588527,57.99136402266811
30.910303434478156,58.20527817665857
30.930310103367788,58.40768581742505
30.950316772257416,58.5984590146952
30.970323441147045,58.777477191661774
30.990330110036677,58.94462720119243
31.010336778926305,59.09980339734332
31.030343447815937,59.242907702132044
31.050350116705566,59.373849667527
31.070356785595195,59.492546532614426
31.090363454484827,59.598923275907026
31.110370123374455,59.69291266276031
31.130376792264087,59.774455287868264
31.150383461153716,59.84349961280971
31.170390130043344,59.90000199862288
31.190396798932976,59.943926733387144
31.210403467822605,59.975246054794404
31.230410136712234,59.99394016769613
31.250416805601866,59.99999725661466
31.270423474491494,59.993413493211165
31.290430143381123,59.97419303870524
31.310436812270755,59.942348041244905
31.330443481160383,59.89789862822843
31.350450150050015,59.84087289358295
31.370456818939644,59.77130688000791
31.390463487829273,59.68924455619461
31.410470156718905,59.594737789035875
31.430476825608533,59.48784631084439
31.450483494498165,59.36863768159884
31.470490163387794,59.23718724624348
31.490496832277422,59.09357808706676
31.510503501167054,58.937900971189784
31.530510170056683,58.770254293197695
31.55051683894631,58.590744012949855
31.570523507835944,58.39948358860904
31.590530176725572,58.196593904930765
31.6105368456152,57.98220319685915
31.630543514504833,57.756446968476595
31.65055018339446,57.51946790736011
31.670556852284093,57.27141579439579
31.690563521173722,57.012447409111616
31.71057019006335,56.74272643058585
31.730576858952983,56.46242333399451
31.75058352784261,56.171715282864696
31.770590196732243,55.870786017098524
31.790596865621872,55.55982573684257
31.8106035345115,55.239030982272816
31.830610203401132,54.90860450937299
31.85061687229076,54.56875516178421
31.87062354118039,54.21969773880645
31.89063021007002,53.861652859636884
31.91063687895965,53.49484682392865
31.93064354784928,53.11951146876007
31.95065021673891,52.73588402210315
31.97065688562854,52.344206952886594
31.99066355451817,51.94472781774352
32.0106702234078,51.53769910454632
32.03067689229743,51.12337807282312
32.05068356118706,50.70202659115841
32.07069023007669,50.273910971681474
32.09069689896632,49.83930180174592
32.11070356785595,49.39847377290582
32.13071023674558,48.951705507300105
32.15071690563521,48.49927938155103
32.17072357452484,48.04148134828953
32.19073024341447,47.578600755422286
32.2107369123041,47.11093016325028
32.23074358119373,46.63876515955835
32.25075025008336,46.16240417279187
32.270756918972985,45.682148283436135
32.29076358786262,45.1983010337215
32.31077025675225,44.71116823577182
32.33077692564188,44.221057778316926
32.35078359453151,43.72827943209516
32.370790263421135,43.233144654064475
32.39079693231077,42.73596639054782
32.4108036012004,42.23705887943906
32.43081027009003,41.73673745158995
32.450816938979656,41.235318331507756
32.470823607869285,40.733118437488635
32.49083027675891,40.230455181310674
32.51083694564855,39.7276462676169
32.53084361453818,39.22500949311254
32.550850283427806,38.722862545702654
32.570856952317435,38.22152280370137
32.59086362120706,37.72130713523396
32.6108702900967,37.222531697963504
32.63087695898633,36.72551173926588
32.650883627875956,36.23056139697872
32.670890296765585,35.73799350085425
32.69089696565521,35.24811937483698
32.71090363454485,34.76124864029315
32.73091030343448,34.27768902031812
32.750916972324106,33.79774614524109
32.770923641213734,33.321723359453735
32.79093031010336,32.84992152968444
32.810936978993,32.38263885483647
32.83094364788263,31.920170677515028
32.850950316772256,31.46280929735685
32.870956985661884,31.010843786284546
32.89096365455151,30.56455980580157
32.91097032344114,30.1242394264409
32.93097699233078,29.690160949485218
32.950983661220405,29.26259873106869
32.970990330110034,28.841823008771087
32.99099699899966,28.428099730817333
33.01100366788929,28.021690387986347
33.03101033677893,27.622851848337266
33.051017005668555,27.23183619485902
33.071023674558184,26.848890566142064
33.09103034344781,26.474257000176376
33.11103701233744,26.10817228137376
33.13104368122707,25.750867790909137
33.151050350116705,25.402569360478388
33.171057019006334,25.06349712956316
33.19106368789596,24.733865406292423
33.21107035678559,24.41388253199168
33.23107702567522,24.103750749501458
33.251083694564855,23.803666075351806
33.27109036345448,23.51381817587149
33.29109703234411,23.234390247310042
33.31110370123374,22.96555890005076
33.33111037012337,22.707494046985026
33.351117039013005,22.46035879611986
33.37112370790263,22.224309347487385
33.39113037679226,21.999494894419104
33.41113704568189,21.786057529249437
33.43114371457152,21.584132153507657
33.451150383461155,21.393846392653856
33.47115705235078,21.215320515414785
33.49116372124041,21.048667357768405
33.51117039013004,20.893992251626813
33.53117705901967,20.75139295826224
33.5511837279093,20.620959606517395
33.57119039679893,20.502774635840467
33.59119706568856,20.396912744179843
33.61120373457819,20.303440840771557
33.63121040346782,20.222418003850112
33.65121707235745,20.15389544330835
33.67122374124708,20.0979164683306
33.69123041013671,20.05451646001955
33.71123707902634,20.023722849033746
33.73124374791597,20.005555098250284
33.7512504168056,20.00002469046349
33.771257085695225,20.007135121127245
33.79126375458486,20.02688189614574
33.81127042347449,20.0592525347139
33.83127709236412,20.10422657720586
33.85128376125375,20.16177559810623
33.871290430143375,20.23186322397629
33.89129709903301,20.314445156443604
33.91130376792264,20.409469200200313
33.93131043681227,20.51687529599296
33.9513171057019,20.636595558582528
33.971323774591525,20.768554319650594
33.99133044348116,20.912668175625274
34.01133711237079,21.068846040395414
34.03134378126042,21.236989202881237
34.051350450150046,21.41699138942396
34.071357119039675,21.608738830954984
34.09136378792931,21.812110334903288
34.11137045681894,22.026977361793673
34.13137712570857,22.253204106489704
34.151383794598196,22.49064758402836
34.171390463487825,22.739157719992257
34.19139713237745,22.99857744536332
34.21140380126709,23.268742795797397
34.23141047015672,23.549483015255962
34.251417139046346,23.84062066393192
34.271423807935975,24.141971730399078
34.2914304768256,24.45334574791473
34.31143714571524,24.774545914803525
34.33144381460487,25.105369218843578
34.351450483494496,25.44560656557965
34.371457152384124,25.7950429104797
34.39146382127375,26.153457394851657
34.41147049016338,26.52062348543629
34.43147715905302,26.896309117585332
34.451483827942646,27.28027684193613
34.471490496832274,27.672283974490703
34.4914971657219,28.072082750001385
34.51150383461153,28.479420478569395
34.53151050350117,28.894039705356175
34.551517172390795,29.31567837330464
34.571523841280424,29.744069988771493
34.59153051017005,30.178943789962478
34.61153717905968,30.620024918064672
34.63154384794932,31.067034590970085
34.651550516838945,31.519690279476507
34.671557185728574,31.97770588585913
34.6915638546182,32.44079192469643
34.71157052350783,32.90865570583653
34.73157719239747,33.381001519391056
34.751583861287095,33.857530822634956
34.771590530176724,34.33794242869944
34.79159719906635,34.82193269693483
34.81160386795598,35.309195724823724
34.83161053684561,35.799423541324856
34.851617205735245,36.29230630152452
34.87162387462487,36.78753248247038
34.8916305435145,37.28478908006854
34.91163721240413,37.78376180691534
34.93164388129376,38.284135290939595
34.951650550183395,38.78559327473249
34.97165721907302,39.28781881543418
34.99166388796265,39.7904944850565
35.01167055685228,40.29330257111088
35.03167722574191,40.795925277415336
35.05168389463154,41.29804492495637
35.07169056352117,41.79934415267482
35.0916972324108,42.29950611805147
35.11170390130043,42.7982146973663
35.13171057019006,43.2951546855008
35.15171723907969,43.79001199516159
35.17172390796932,44.2824738553976
35.19173057685895,44.77222900928324
35.21173724574858,45.25896791064734
35.23174391463821,45.7423829197194
35.25175058352784,46.22216849757024
35.27175725241747,46.698021399226874
35.2917639213071,47.1696408653348
35.31177059019673,47.636728812251974
35.33177725908636,48.098990020450245
35.35178392797599,48.55613232110605
35.37179059686562,49.00786678076411
35.39179726575525,49.45390788395561
35.41180393464488,49.893973713655996
35.43181060353451,50.32778612946911
35.45181727242414,50.75507094342303
35.471823941313765,51.17555809326895
35.4918306102034,51.58898181317255
35.51183727909303,51.995080801688154
35.53184394798266,52.39359838691345
35.55185061687229,52.784282688717
35.571857285761915,53.16688677793651
35.59186395465155,53.54116883244967
35.61187062354118,53.90689229001481
35.63187729243081,54.263825997789326
35.651883961320436,54.611744358428055
35.671890630210065,54.95042747266987
35.69189729909969,55.27966127832377
35.71190396798933,55.599237685565654
35.73191063687896,55.90895470845906
35.751917305768586,56.20861659261974
35.771923974658215,56.49803393894068
35.79193064354784,56.777023823299906
35.81193731243748,57.04540991217709
35.83194398132711,57.30302257410298
35.851950650216736,57.54969898687449
35.871957319106365,57.78528324046509
35.89196398799599,58.00962643556628
35.91197065688563,58.222586777698865
35.93197732577526,58.424029666832425
35.951983994664886,58.61382778245886
35.971990663554514,58.7918611640643
35.99199733244414,58.95801728694897
36.01200400133378,59.1121911333479
36.03201067022341,59.2542852588065
36.052017339113036,59.384209853769654
36.072024008002664,59.501882800345186
36.09203067689229,59.60722972420596
36.11203734578192,59.700184041597424
36.13204401467156,59.78068700142164
36.152050683561185,59.848687722370244
36.172057352450814,59.90414322508377
36.19206402134044,59.94701845931644
36.21207069023007,59.9772863260893
36.23207735911971,59.994927694818045
36.252084028009335,59.999931415404276
36.272090696898964,59.992294325282934
36.29209736578859,59.97202125142108
36.31210403467822,59.93912500726714
36.33211070356785,59.89362638465216
36.352117372457485,59.835554140648526
36.372124041347114,59.76494497939434
36.39213071023674,59.68184352889474
36.41213737912637,59.58630231281504
36.432144048016,59.47838171728375
36.452150716905635,59.358149952725654
36.47215738579526,59.22568301075029
36.49216405468489,59.081064616121694
36.51217072357452,58.9243861738408
36.53217739246415,58.755746711373845
36.552184061353785,58.57525281606232
36.57219073024341,58.3830185677558
36.59219739913304,58.17916546670818
36.61220406802267,57.96382235678429
36.6322107369123,57.73712534402543
36.652217405801935,57.499217710624244
36.67222407469156,57.25024982436437
36.69223074358119,56.99037904358155
36.71223741247082,56.71976961770652
36.73224408136045,56.43859258345207
36.75225075025008,56.14702565671105
36.77225741913971,55.84525312023163
36.79226408802934,55.533465707143655
36.81227075691897,55.21186048040639
36.8322774258086,54.88064070825641
36.85228409469823,54.540015735733796
36.87229076358786,54.19020085236683
36.89229743247749,53.831417156099874
36.91230410136712,53.46389141355015
36.93231077025675,53.087855916681114
36.95231743914638,52.70354833598465
36.972324108036005,52.31121157026289
36.99233077692564,51.911093593105306
37.01233744581527,51.50344729615996
37.0323441147049,51.08853032929416
37.05235078359453,50.66660493774886
37.072357452484155,50.237937796389126
37.09236412137379,49.80279984115323
37.11237079026342,49.36146609781087
37.13237745915305,48.914215508134006
37.15238412804268,48.461330753593934
37.172390796932305,48.00309807669508
37.19239746582194,47.53980710005706
37.21240413471157,47.07175064336095
37.2324108036012,46.59922453827468
37.252417472490826,46.12252744147501
37.272424141380455,45.641960645883124
37.29243081027009,45.157827890235396
37.31243747915972,44.67043516710763
37.33244414804935,44.18009052951346
37.352450816938976,43.68710389620321
37.372457485828605,43.19178685578076
37.39246415471823,42.69445246976738
37.41247082360787,42.195415074732146
37.4324774924975,41.694990083619466
37.452484161387126,41.193493786393255
37.472490830276755,40.69124315012837
37.49249749916638,40.1885556186746
37.51250416805602,39.68574891201797
37.53251083694565,39.18314082546834
37.552517505835276,38.681049028799194
37.572524174724904,38.179790865466884
37.59253084361453,37.67968315203548
37.61253751250416,37.181041977936154
37.6325441813938,36.68418250568389
37.652550850283426,36.18941877168287
37.672557519173054,35.697063487740756
37.69256418806268,35.207427843421684
37.71257085695231,34.72082130936196
37.73257752584195,34.23755144167014
37.752584194731575,33.757923687540014
37.772590863621204,33.282241192193624
37.79259753251083,32.81080460728073
37.81260420140046,32.343911900854806
37.8326108702901,31.881858169043923
37.852617539179725,31.42493544953759
37.872624208069354,30.973432537006403
37.89263087695898,30.527634800571647
37.91263754584861,30.087824003439312
37.93264421473825,29.654278124814336
37.952650883627875,29.227271184206003
37.972657552517504,28.807073068234804
37.99266422140713,28.393949360053902
38.01267089029676,27.988161171488173
38.03267755918639,27.589964978001312
38.052684228076025,27.19961245659136
38.07269089696565,26.817350326721332
38.09269756585528,26.443420194380955
38.11270423474491,26.078058399381526
38.13271090363454,25.72149586597956
38.152717572524175,25.373957956922382
38.1727242414138,25.035664331009365
38.19273091030343,24.70682880425816
38.21273757919306,24.38765921476397
38.23274424808269,24.07835729133661
38.25275091697232,23.779118525999905
38.27275758586195,23.490132050431647
38.29276425475158,23.21158051642517
38.31277092364121,22.943639980444885
38.33277759253084,22.686479792351196
38.35278426142047,22.440262488364574
38.3727909303101,22.205143688335113
38.39279759919973,21.981271997384862
38.41280426808936,21.76878891198244
38.43281093697899,21.567828730511323
38.45281760586862,21.378518468387824
38.47282427475825,21.200977777781688
38.49283094364788,21.035318871990857
38.51283761253751,20.88164645451789
38.53284428142714,20.740057652892915
38.55285095031677,20.61064195728471
38.5728576192064,20.49348116393933
38.59286428809603,20.38864932348135
38.61287095698566,20.296212694110466
38.63287762587529,20.216229699723787
38.65288429476492,20.148750892989224
38.672890963654545,20.09381892339419
38.69289763254418,20.051468510289215
38.71290430143381,20.02172642094387
38.73291097032344,20.004611453628684
38.75291763921307,20.00013442573386
38.772924308102695,20.008298166932207
38.79293097699233,20.029097517390678
38.81293764588196,20.06251933103158
38.83294431477159,20.108542483841504
38.852950983661216,20.167137887222527
38.872957652550845,20.23826850637757
38.89296432144047,20.321889383717796
38.91297099033011,20.417947667277964
38.93297765921974,20.52638264412083
38.952984328109366,20.64712577871054
38.972990996998995,20.78010075623003
38.99299766588862,20.925223530815078
39.01300433477826,21.082402378674992
39.03301100366789,21.251537956065953
39.053017672557516,21.432523362080477
39.073024341447145,21.62524420621334
39.09303101033677,21.82957868066142
39.11303767922641,22.045397637311236
39.13304434811604,22.27256466936592
39.153051017005666,22.510936197560735
39.173057685895294,22.76036156091059
39.19306435478492,23.02068311193483
39.21307102367456,23.291736316296763
39.23307769256419,23.57334985679626
39.253084361453816,23.86534574165028
39.273091030343444,24.167539416990387
39.29309769923307,24.479739883509417
39.3131043681227,24.801749817180614
39.33311103701234,25.133365693975172
39.353117705901965,25.474377918498035
39.373124374791594,25.82457095646113
39.39313104368122,26.183723470910127
39.41313771257085,26.55160846211929
39.43314438146049,26.927993411064463
39.453151050350115,27.312640426384892
39.473157719239744,27.70530639474172
39.49316438812937,28.105743134474782
39.513171057019,28.513697552465025
39.53317772590863,28.928911804099258
39.553184394798265,29.35112345623999
39.573191063687894,29.780065653093093
39.59319773257752,30.215467284873117
39.61320440146715,30.657053159156156
39.63321107035678,31.104544174812588
39.653217739246415,31.5576574984114
39.67322440813604,32.01610674298287
39.69323107702567,32.479602149027365
39.7132377459153,32.947850767655574
39.73324441480493,33.420556645745265
39.753251083694565,33.897421012995636
39.77325775258419,34.37814247076272
39.79326442147382,34.862417182557465
39.81327109036345,35.349939066081866
39.83327775925308,35.84039998668726
39.853284428142715,36.33348995212776
39.87329109703234,36.828897308488486
39.89329776592197,37.326308937165344
39.9133044348116,37.82541045276787
39.93331110370123,38.325886401825436
39.95331777259086,38.827420462166394
39.97332444148049,39.32969564284769
39.99333111037012,39.83239448450657
40.01333777925975,40.33519926000848
40.03334444814938,40.837792175263964
40.05335111703901,41.33985557008876
40.07335778592864,41.84107211897781
40.09336445481827,42.34112503166846
40.1133711237079,42.83969825336664
40.13337779259753,43.3364766645055
40.15338446148716,43.83114627991563
40.173391130376785,44.323394447276186
40.19339779926642,44.81291004472502
40.21340446815605,45.299383677500856
40.23341113704568,45.782507873494
40.25341780593531,46.26197727758169
40.273424474824935,46.73748884462613
40.29343114371457,47.20874203101126
40.3134378126042,47.675438984599076
40.33344448149383,48.13728473298602
40.35345115038346,48.59398736993676
40.373457819273085,49.045258239882514
40.39346448816272,49.490812120362946
40.41347115705235,49.93036740229882
40.43347782594198,50.363646267982084
40.453484494831606,50.79037486666716
40.473491163721235,51.210283487657414
40.49349783261087,51.6231067307731
40.5135045015005,52.02858367409553
40.53351117039013,52.42645803888185
40.553517839279756,52.816478351543054
40.573524508169385,53.19839810258648
40.59353117705901,53.57197590242065
40.61353784594865,53.936975633923225
40.63354451483828,54.2931666016771
40.653551183727906,54.640323677780586
40.673557852617535,54.978227444136834
40.69356452150716,55.30666433113625
40.7135711903968,55.625426752641054
40.73357785928643,55.93431323718857
40.753584528176056,56.233128555330495
40.773591197065684,56.52168384302534
40.79359786595531,56.79979672100934
40.81360453484494,57.06729141006733
40.83361120373458,57.32399884213304
40.853617872624206,57.569756767147275
40.873624541513834,57.80440985560689
40.89363121040346,58.02780979673957
40.91363787929309,58.23981539224283
40.93364454818273,58.44029264552709
40.953651217072355,58.62911484640715
40.973657885961984,58.806162651189
40.99366455485161,58.97132415809946
41.01367122374124,59.12449497801343
41.03367789263088,59.265578300431855
41.053684561520505,59.39448495467022
41.073691230410134,59.51113346621848
41.09369789929976,59.61545010823606
41.11370456818939,59.70736894815064
41.13371123707903,59.786831889330195
41.153717905968655,59.85378870780255
41.173724574858284,59.908197083999255
41.19373124374791,59.95002262950314
41.21373791263754,59.97923890878336
41.23374458152717,59.995827455903814
41.253751250416805,59.99977778619434
41.27375791930643,59.99108740287752
41.29376458819606,59.96976179864668
41.31377125708569,59.93581445219439
41.33377792597532,59.88926681969323
41.353784594864955,59.830148321234645
41.37379126375458,59.758496322234244
41.39379793264421,59.67435610981508
41.41380460153384,59.57778086418446
41.43381127042347,59.46883162502162
41.4538179393131,59.34757725289816
41.47382460820273,59.214094385755175
41.49383127709236,59.06846739046478
41.51383794598199,58.910788309506685
41.53384461487162,58.74115680279344
41.55385128376125,58.559680084680934
41.57385795265088,58.366472856204574
41.59386462154051,58.16165723258341
41.61387129043014,57.94536266603759
41.63387795931977,57.71772586396969
41.6538846282094,57.47889070255923
41.67389129709903,57.2290081358271
41.69389796598866,56.96823610022642
41.71390463487829,56.69673941481915
41.73391130376792,56.41468967710421
41.75391797265755,56.122265154560225
41.77392464154718,55.81965067197255
41.79393131043681,55.50703749461691
41.81393797932644,55.18462320737086
41.83394464821607,54.85261158983175
41.8539513171057,54.511212487519884
41.873957985995325,54.16064167924642
41.89396465488496,53.801120740732536
41.91397132377459,53.43287690456423
41.93397799266422,53.0561429165707
41.95398466155385,52.67115688872016
41.973991330443475,52.27816214862197
41.99399799933311,51.877407085733864
42.01400466822274,51.46914499436926
42.03401133711237,51.05363391360352
42.054018006001996,50.63113646418327
42.074024674891625,50.2019196825385
42.09403134378125,49.766254852003726
42.11403801267089,49.32441733135593
42.13404468156052,48.87668638077626
42.154051350450146,48.42334498534446
42.174058019339775,47.964679676181646
42.1940646882294,47.50098034934924
42.21407135711904,47.03254008262306
42.23407802600867,46.559654950255776
42.254084694898296,46.08262383584418
42.274091363787925,45.6017482434234
42.29409803267755,45.11733210690231
42.31410470156719,44.629681597965124
42.33411137045682,44.139104932557935
42.354118039346446,43.645912176081865
42.374124708236074,43.150415047419855
42.3941313771257,42.65292672191648
42.41413804601534,42.15376163343717
42.43414471490497,41.653235275634025
42.454151383794596,41.15166400253904
42.474158052684224,40.64936482861504
42.49416472157385,40.146655228389804
42.51417139046348,39.64385293579749
42.53417805935312,39.14127574335809
42.554184728242745,38.639241301319096
42.574191397132374,38.138066916885734
42.594198066022,37.638069353670794
42.61420473491163,37.13956463148524
42.63421140380127,36.64286782660105
42.654218072690895,36.14829287260966
42.674224741580524,35.65615236200132
42.69423141047015,35.16675734859464
42.71423807935978,34.68041715093678
42.73424474824941,34.19743915680047
42.754251417139045,33.71812862890251
42.774258086028674,33.24278851196485
42.7942647549183,32.77171924123933
42.81427142380793,32.3052185526213
42.83427809269756,31.84358129446659
42.854284761587195,31.387099241235546
42.87429143047682,30.936060909079274
42.89429809936645,30.4907513734839
42.91430476825608,30.051452089092137
42.93431143714571,29.618440711810788
42.954318106035345,29.191990923321093
42.97432477492497,28.772372258100333
42.9943314438146,28.359849933063465
43.01433811270423,27.954684679935887
43.03434478159386,27.557132580459374
43.054351450483495,27.16744490453706
43.07435811937312,26.785867951421206
43.09436478826275,26.41264289404058
43.11437145715238,26.048005626568994
43.13437812604201,25.692186615330726
43.15438479493164,25.34541075313514
43.17439146382127,25.007897217135458
43.1943981327109,24.679859330299486
43.21440480160053,24.36150442657955
43.23441147049016,24.053033719869553
43.25441813937979,23.754642176828774
43.27442480826942,23.46651839365432
43.29443147715905,23.188844476881176
43.31443814604868,22.921795928281956
43.33444481493831,22.665541533943173
43.35445148382794,22.420243257584904
43.374458152717565,22.186056138192583
43.3944648216072,21.963128192026126
43.41447149049683,21.75160031906734
43.43447815938646,21.551606213964583
43.45448482827609,21.3632722815327
43.474491497165715,21.18671755685927
43.49449816605535,21.022053630069678
43.51450483494498,20.869384575797397
43.53451150383461,20.728806887403987
43.55451817272424,20.600409415991624
43.574524841613865,20.4842733142452
43.5945315105035,20.38047198514026
43.61453817939313,20.289071035549505
43.63454484828276,20.210128234776136
43.654551517172386,20.14369347804128
43.674558186062015,20.089808754948177
43.69456485495165,20.048508122942813
43.71457152384128,20.019817685788304
43.73457819273091,20.003755577066087
43.754584861620536,20.000331948714766
43.774591530510165,20.009548964613654
43.79459819939979,20.031400799215113
43.81460486828943,20.065873641226556
43.83461153717906,20.11294570233971
43.854618206068686,20.172587231001877
43.874624874958315,20.24476053122007
43.89463154384794,20.329419986386522
43.91463821273758,20.426512088110456
43.93464488162721,20.535975470037393
43.954651550516836,20.657740946635553
43.974658219406464,20.79173155692407
43.99466488829609,20.937862613115396
44.01467155718572,21.096041754141886
44.03467822607536,21.266169004031738
44.054684894964986,21.44813683509796
44.074691563854614,21.64183023590093
44.09469823274424,21.84712678393998
44.11470490163387,22.063896723030133
44.13471157052351,22.29200304531321
44.154718239413135,22.531301577852542
44.174724908302764,22.781641073757058
44.19473157719239,23.042863307775075
44.21473824608202,23.314803176299698
44.23474491497166,23.59728880172166
44.254751583861285,23.890141641062534
44.274758252750914,24.193176598822212
44.29476492164054,24.506202143967116
44.31477159053017,24.829020430985473
44.33477825941981,25.161427424934924
44.354784928309435,25.503213030400303
44.374791597199064,25.854161224283747
44.39479826608869,26.214050192340448
44.41480493497832,26.58265246937413
44.43481160386795,26.959735083005558
44.454818272757585,27.345059700920448
44.47482494164721,27.738382781505507
44.49483161053684,28.13945572777814
44.51483827942647,28.548025044509252
44.5348449483161,28.9638324984435
44.554851617205735,29.38661528151421
44.57485828609536,29.816106176948118
44.59486495498499,30.252033728158835
44.61487162387462,30.694122410318926
44.63487829276425,31.14209280450259
44.65488496165388,31.595661774291358
44.67489163054351,32.05454264472767
44.69489829943314,32.51844538350552
44.71490496832277,32.98707678428445
44.7349116372124,33.46014065200703
44.75491830610203,33.93733799010796
44.77492497499166,34.418367189491924
44.79493164388129,34.9029242191632
44.81493831277092,35.3907028183875
44.83494498166055,35.88139469026047
44.85495165055018,36.374689696565035
44.87495831943981,36.870276053792544
44.89496498832944,37.36784053020189
44.91497165721907,37.86706864379658
44.9349783261087,38.36764486109067
44.95498499499833,38.86925279653854
44.97499166388796,39.37157541250536
44.99499833277759,39.87429521964682
45.01500500166722,40.37709447757726
45.03501167055685,40.87965539569503
45.05501833944648,41.381660334038976
45.075025008336105,41.8827920040509
45.09503167722574,42.38273366911606
45.11503834611537,42.8811693447528
45.135045015005,43.37778399832952
45.15505168389463,43.872263748178604
45.175058352784255,44.3642960619822
45.19506502167389,44.853569954307254
45.21507169056352,45.33977618316002
45.23507835945315,45.8226074454415
45.255085028342776,46.30175857117597
45.275091697232405,46.77692671639059
45.29509836612203,47.24781155452685
45.31510503501167,47.71411546625894
45.3351117039013,48.17554372760176
45.355118372790926,48.63180469619029
45.375125041680555,49.08260999560859
45.39513171057018,49.52767469765668
45.41513837945982,49.966717502437724
45.43514504834945,50.39946091615037
45.455151717239076,50.8256314264778
45.475158386128705,51.24495967545905
45.49516505501833,51.65718062973405
45.51517172390797,52.06203374805705
45.5351783927976,52.45926314596856
45.555185061687226,52.8486177575263
45.575191730576854,53.22985149398946
45.59519839946648,53.60272339935662
45.61520506835612,53.96699780266124
45.63521173724575,54.322444466924566
45.655218406135376,54.66883873467624
45.675225075025004,55.005961669947226
45.69523174391463,55.333600196646245
45.71523841280426,55.65154723323325
45.7352450816939,55.95960182360416
45.755251750583525,56.257569264102784
45.775258419473154,56.54526122658272
45.79526508836278,56.82249587743856
45.81527175725241,57.08909799253214
45.83527842614205,57.344899067942265
45.855285095031675,57.589737426465646
45.875291763921304,57.823458319804416
45.89529843281093,58.04591402637358
45.91530510170056,58.25696394466698
45.93531177059019,58.456474682123954
45.955318439479825,58.64432013943875
45.975325108369454,58.820381590260666
45.99533177725908,58.98454775623462
46.01533844614871,59.136714877333304
46.03534511503834,59.2767867774382
46.055351783927975,59.40467492512707
46.0753584528176,59.5202984896293
46.09536512170723,59.623584391914676
46.11537179059686,59.71446735088241
46.13537845948649,59.792889924621434
46.155385128376125,59.85880254671634
46.17539179726575,59.912163557575255
46.19539846615538,59.95293923076065
46.21540513504501,59.981103794305874
46.23541180393464,59.99663944700403
46.255418472824275,59.99953636965922
46.2754251417139,59.989792731292596
46.29543181060353,59.96741469029971
46.31543847949316,59.93241639055806
46.33544514838279,59.884819952487604
46.35545181727242,59.82465545906973
46.37545848616205,59.75196093683341
46.39546515505168,59.66678233182101
46.41547182394131,59.56917348054829
46.43547849283094,59.45919607597735
46.45548516172057,59.3369196285243
46.4754918306102,59.202421422125354
46.49549849949983,59.055786465390526
46.51550516838946,58.89710743787419
46.53551183727909,58.726484631497705
46.55551850616872,58.54402588716081
46.575525175058345,58.34984652658147
46.59553184394798,58.14406927940742
46.61553851283761,57.9268242056463
46.63554518172724,57.6982486134617
46.65555185061687,57.458486972388584
46.675558519506495,57.207690822022734
46.69556518839613,56.946018676240655
46.71557185728576,56.673635923012846
46.73557852617539,56.39071471987085
46.75558519506502,56.09743388509642
46.775591863954645,55.79397878470122
46.79559853284428,55.48054121526681
46.81560520173391,55.15731928272201
46.83561187062354,54.82451727713066
46.855618539513166,54.48234554357169
46.875625208402795,54.1310203491925
46.89563187729243,53.7707637465185
46.91563854618206,53.40180343310654
46.93564521507169,53.02437260763034
46.955651883961316,52.63870982248907
46.975658552850945,52.24505883303159
46.99566522174057,51.84366844349347
47.01567189063021,51.43479234974104
47.03567855951984,51.01868897892604
47.055685228409466,50.595621326147636
47.075691897299095,50.1658567882283
47.09569856618872,49.72966699470838
47.11570523507836,49.287327636163546
47.13571190396799,48.8391182899579
47.155718572857616,48.38532224353804
47.175725241747244,47.9262263153834
47.19573191063687,47.4621206737254
47.2157385795265,46.993298653148294
47.23574524841614,46.52005656918871
47.255751917305766,46.04269353105287
47.275758586195394,45.56151125256561
47.29576525508502,45.07681386147449
47.31577192397465,44.588907707228906
47.33577859286429,44.09810116735287
47.355785261753915,43.60470445253882
47.375791930643544,43.10902941057993
47.39579859953317,42.61138932926916
47.4158052684228,42.112098738388795
47.43581193731244,41.61147321091296
47.455818606202065,41.109829163553556
47.475825275091694,40.607483656770114
47.49583194398132,40.1047541943742
47.51583861287095,39.60195852285415
47.53584528176059,39.09941443054513
47.555851950650215,38.597439546773536
47.575858619539844,38.096351141101636
47.59586528842947,37.59646592279984
47.6158719573191,37.09809984067232
47.63587862620873,36.60156788336489
47.655885295098365,36.10718388027747
47.67589196398799,35.61526030321199
47.69589863287762,35.12610806887567
47.71590530176725,34.64003634236852
47.73591197065688,34.15735234177858
47.755918639546515,33.67836114400576
47.77592530843614,33.20336549194174
47.79593197732577,32.732665603122264
47.8159386462154,32.266558979977006
47.83594531510503,31.80534022179597
47.85595198399466,31.3493008385298
47.87595865288429,30.898729066542487
47.89596532177392,30.45390968643499
47.91597199066355,30.015123843050564
47.93597865955318,29.582648867779362
47.95598532844281,29.156758103273894
47.97599199733244,28.737720730683698
47.99599866622207,28.325801599522677
48.0160053351117,27.92126106027181
48.03601200400133,27.524354799826703
48.05601867289096,27.135333679893066
48.07602534178059,26.754443578431
48.09603201067022,26.381925234249696
48.11603867955985,26.018014094850255
48.13604534844948,25.6629401676129
48.15605201733911,25.316927874422092
48.17605868622874,24.980195909822832
48.19606535511837,24.652957102796424
48.216072024008,24.335418282242642
48.23607869289763,24.02778014625605
48.25608536178726,23.730237135275427
48.276092030676885,23.4429773091898
48.29609869956652,23.16618222847582
48.31610536845615,22.900026839444653
48.33611203734578,22.644679363667745
48.35611870623541,22.40030119165369
48.376125375125035,22.167046780842906
48.39613204401467,21.945063557983644
48.4161387129043,21.73449182595206
48.43614538179393,21.535464675074795
48.456152050683556,21.348107899010273
48.476158719573185,21.172539915241515
48.49616538846281,21.00887169023161
48.51617205735245,20.857206669287724
48.53617872624208,20.717640711179747
48.556185395131706,20.59026202755305
48.576192064021335,20.475151127175035
48.59619873291096,20.372380765050366
48.6162054018006,20.282015896436413
48.63621207069023,20.204113635789042
48.656218739579856,20.138723220663625
48.676225408469485,20.08588598059484
48.69623207735911,20.045635310974717
48.71623874624875,20.017996651945285
48.73624541513838,20.002987472319294
48.756252084028006,20.0006172585392
48.776258752917634,20.01088750868132
48.79626542180726,20.03379173150901
48.8162720906969,20.06931545057537
48.83627875958653,20.117436213372958
48.856285428476156,20.178123605524828
48.876292097365784,20.251339270007584
48.89629876625541,20.337036931394803
48.91630543514504,20.435162425104906
48.93631210403468,20.545653731635728
48.956318772924305,20.668441015763158
48.976325441813934,20.803446670680266
48.99633211070356,20.95058536704809
49.01633877959319,21.109764106927265
49.03634544848283,21.280882282556806
49.056352117372455,21.463831739942492
49.076358786262084,21.658496847214796
49.09636545515171,21.864754567713124
49.11637212404134,22.082474537750446
49.13637879293097,22.311519149008333
49.156385461820605,22.55174363551182
49.176392130710234,22.802996165126977
49.19639879959986,23.065117935525898
49.21640546848949,23.337943274556498
49.23641213737912,23.621299744953955
49.256418806268755,23.91500825332911
49.27642547515838,24.218883163362243
49.29643214404801,24.5327324131339
49.31643881293764,24.856357636516158
49.33644548182727,25.189554288548056
49.356452150716905,25.532111774717073
49.37645881960653,25.883813584063788
49.39646548849616,26.244437426026046
49.41647215738579,26.613755370935976
49.43647882627542,26.991533994081685
49.456485495165055,27.377534523241152
49.47649216405468,27.771512989596317
49.49649883294431,28.173220381932786
49.51650550183394,28.582402804024348
49.53651217072357,28.998801635107238
49.5565188396132,29.422153693338704
49.57652550850283,29.85219140213962
49.59653217739246,30.288642959314217
49.61653884628209,30.731232508840648
49.63654551517172,31.179680315223685
49.65655218406135,31.63370294029996
49.67655885295098,32.09301342238226
49.69656552184061,32.557321457632085
49.71657219073024,33.02633358354389
49.73657885961987,33.49975336442582
49.7565855285095,33.977281578760305
49.776592197399125,34.458616408323806
49.79659886628876,34.94345362895011
49.81660553517839,35.43148680281146
49.83661220406802,35.9224074721016
49.85661887295765,36.41590535399411
49.876625541847275,36.91166853675379
49.89663221073691,37.40938367687862
49.91663887962654,37.90873619714624
49.93664554851617,38.40941048544008
49.9566522174058,38.9110900942296
49.976658886295425,39.413457940579214
49.99666555518506,39.91619650655751
50.01667222407469,40.41898803992202
50.03667889296432,40.92151475495348
50.056685561853946,41.42345903330841
50.076692230743575,41.92450362476875
50.09669889963321,42.424331847756676
50.11670556852284,42.92262778949079
50.13671223741247,43.41907650565769
50.156718906302096,43.913364219468754
50.176725575191725,44.40517851998164
50.19673224408135,44.894208559556446
50.21673891297099,45.38014525032521
50.23674558186062,45.862681459548504
50.256752250750246,46.34151220373646
50.276758919639875,46.8163348414112
50.2967655885295,47.28684926438973
50.31677225741914,47.752758087464436
50.33677892630877,48.21376683636313
50.356785595198396,48.66958413387054
50.376792264088024,49.11992188398972
50.39679893297765,49.56449545403214
50.41680560186728,50.003023854516776
50.43681227075692,50.435229916768485
50.456818939646546,50.86084046809915
50.476825608536174,51.27958650446557
50.4968322774258,51.69120336049137
50.51683894631543,52.09543087674624
50.53684561520507,52.49201356417826
50.556852284094695,52.880700765593765
50.576858952984324,53.26124681408345
50.59686562187395,53.63341118829417
50.61687229076358,53.996958664449174
50.63687895965322,54.35165946501904
50.656885628542845,54.69728940395079
50.676892297432474,55.033630028363945
50.6968989663221,55.360468756621
50.71690563521173,55.677599012688965
50.73691230410137,55.984820356703636
50.756918972990995,56.28193861165613
50.776925641880624,56.56876598612179
50.79693231077025,56.84512119295147
50.81693897965988,57.11082956385346
50.83694564854951,57.365723159790775
50.856952317439145,57.609640877126125
50.87695898632877,57.84242854944618
50.8969656552184,58.06393904500135
50.91697232410803,58.274032359699255
50.93697899299766,58.47257570559351
50.956985661887295,58.659443594811314
50.97699233077692,58.83451791886662
50.99699899966655,58.99768802331048
51.01700566855618,59.14885077766925
51.03701233744581,59.28791064062701
51.05701900633544,59.41477972041213
51.07702567522507,59.529377830348515
51.0970323441147,59.63163253953702
51.11703901300433,59.72147921863489
51.13704568189396,59.79886108070422
51.15705235078359,59.863729217103725
51.17705901967322,59.91604262840126
51.19706568856285,59.95576825028685
51.21707235745248,59.98288097447109
51.23707902634211,59.99736366455453
51.25708569523174,59.99920716685857
51.27709236412137,59.98841031621104
51.297099033011,59.964979936682596
51.31710570190063,59.92893083727365
51.33711237079026,59.88028580255442
51.35711903967989,59.81907557826417
51.37712570856952,59.74533885187838
51.39713237745915,59.659122228157
51.41713904634878,59.56048019968796
51.43714571523841,59.4494751124454
51.45715238412804,59.32617712638475
51.477159053017665,59.190664171098376
51.4971657219073,59.043021896560795
51.51717239079693,58.883343618994246
51.53717905968656,58.711730261888874
51.55718572857619,58.52829029221474
51.577192397465815,58.33313965186618
51.59719906635545,58.12640168438104
51.61720573524508,57.9082070569834
51.63721240413471,57.67869367799531
51.657219073024336,57.43800660967291
51.677225741913965,57.1862979765215
51.69723241080359,56.92372686914591
51.71723907969323,56.650459243698506
51.73724574858286,56.36666781698788
51.757252417472486,56.07253195731439
51.777259086362115,55.76823757110178
51.79726575525174,55.45397698539653
51.81727242414138,55.12994882630809
51.83727909303101,54.79635789347043
51.857285761920636,54.4534150305984
51.877292430810265,54.10133699222557
51.89729909969989,53.740346306707096
51.91730576858953,53.37067113557154
51.93731243747916,52.992545129313214
51.957319106368786,52.606207279715136
51.977325775258414,52.211901768795926
51.99733244414804,51.809877814476465
52.01733911303768,51.40038951306341
52.03734578192731,50.98369567864957
52.057352450816936,50.56005967953226
52.077359119706564,50.12974927175364
52.09736578859619,49.693036429866375
52.11737245748582,49.25019717503565
52.13737912637546,48.801511400581
52.157385795265085,48.34726269507201
52.177392464154714,47.88773816308825
52.19739913304434,47.423228243756924
52.21740580193397,46.95402652718319
52.23741247082361,46.480429568887345
52.257419139713235,46.00273670237175
52.277425808602864,45.521249849926875
52.29743247749249,45.03627333180375
52.31743914638212,44.54811367387195
52.33744581527175,44.05707941388109
52.357452484161385,43.56348090645201
52.377459153051014,43.06763012691944
52.39746582194064,42.56984047415027
52.41747249083027,42.07042657246205
52.4374791597199,41.56970407276731
52.457485828609535,41.067989453067256
52.47749249749916,40.56559981842701
52.49749916638879,40.06285270054911
52.51750583527842,39.56006585708018
52.53751250416805,39.05755707077601
52.557519173057685,38.555643948648054
52.57752584194731,38.0546437212226
52.59753251083694,37.554873042037485
52.61753917972657,37.05664778750357
52.6375458486162,36.560282857257334
52.657552517505835,36.06609197513086
52.67755918639546,35.574387490864986
52.69756585528509,35.08548018269092
52.71757252417472,34.59967906090543
52.73757919306435,34.11729117256198
52.75758586195398,33.63862140740561
52.77759253084361,33.16397230516843
52.79759919973324,32.69364386435189
52.81760586862287,32.22793335261495
52.8376125375125,31.767135118888145
52.85761920640213,31.311540407332835
52.87762587529176,30.861437173261123
52.89763254418139,30.417109901138375
52.91763921307102,29.97883942477458
52.93764588196065,29.546902749825684
52.95765255085028,29.12157287871541
52.977659219739905,28.703118638085073
52.99766588862954,28.291804508883914
53.01767255751917,27.887890459205863
53.0376792264088,27.49163177997857
53.05768589529843,27.10327892360866
53.077692564188055,26.723077345685333
53.09769923307769,26.35126734984086
53.11770590196732,25.98808393587059
53.13771257085695,25.63375665120108
53.15771923974658,25.288509445806604
53.177725908636205,24.952560530664204
53.19773257752584,24.626122239834203
53.21773924641547,24.30940089625624
53.2377459153051,24.002596681344336
53.257752584194726,23.705903508463724
53.277759253084355,23.419508900369287
53.29776592197399,23.14359387068319
53.31777259086362,22.878332809486544
53.33777925975325,22.623893373097413
53.357785928642876,22.380436378105003
53.377792597532505,22.148115699726173
53.39779926642213,21.92707817455054
53.41780593531177,21.71746350773294
53.4378126042014,21.519404184693926
53.457819273091026,21.333025387383355
53.477825941980655,21.15844491516002
53.49783261087028,20.99577311033744
53.51783927975992,20.845112788442805
53.53784594864955,20.70655917323317
53.557852617539176,20.580199836509976
53.577859286428804,20.466114642769988
53.59786595531843,20.36437569872728
53.61787262420806,20.27504730773909
53.6378792930977,20.198185929163095
53.657885961987326,20.133840142672753
53.677892630876954,20.082050617552873
53.69789929976658,20.042850086994886
53.71790596865621,20.016263327408087
53.73791263754585,20.00230714275983
53.757919306435475,20.000990353954816
53.777925975325104,20.01231379325978
53.79793264421473,20.03627030377755
53.81793931310436,20.072844743970467
53.837945981994,20.122013997230496
53.857952650883625,20.183746986489915
53.877959319773254,20.258004693863338
53.89796598866288,20.344740185308694
53.91797265755251,20.443898640291543
53.93797932644215,20.55541738643399
53.957985995331775,20.67922593912631
53.977992664221404,20.815246046076233
53.99799933311103,20.963391736767637
54.01800600200066,21.12356937679794
54.03801267089029,21.295677727058525
54.058019339779925,21.47960800772252
54.07802600866955,21.67524396699821
54.09803267755918,21.882461954605127
54.11803934644881,22.10113099992632
54.13804601533844,22.331112894787356
54.158052684228075,22.572262280809824
54.1780593531177,22.824426741283993
54.19806602200733,23.087446897502726
54.21807269089696,23.361156509495434
54.23807935978659,23.645382581099476
54.25808602867622,23.939945469300202
54.27809269756585,24.24465899777361
54.29809936645548,24.55933057455758
54.31810603534511,24.88376131377823
54.33811270423474,25.217746161354277
54.35811937312437,25.561074024599762
54.378126042014,25.913527905644642
54.39813271090363,26.27488503858475
54.41813937979326,26.64491703028108
54.43814604868289,27.0233900047139
54.45815271757252,27.410064750801304
54.47815938646215,27.80469687359168
54.49816605535178,28.20703694873152
54.51817272424141,28.616830680112294
54.53817939313104,29.03381906059642
54.55818606202067,29.45773853572088
54.5781927309103,29.88832117027482
54.59819939979993,30.325294817646146
54.61820606868956,30.768383291829704
54.63821273757919,31.217306541988442
54.65821940646882,31.671780829458488
54.678226075358445,32.13151890708259
54.69823274424808,32.59623020076357
54.71823941313771,33.06562099311937
54.73824608202734,33.5393946091249
54.75825275091697,34.01725160362341
54.778259419806595,34.49888995058852
54.79826608869623,34.98400523401766
54.81827275758586,35.47229084033591
54.83827942647549,35.96343815218892
54.858286095365116,36.45713674350196
54.878292764254745,36.953074575683566
54.89829943314437,37.450938194845584
54.91830610203401,37.950412929920525
54.93831277092364,38.451183091546866
54.958319439813266,38.952932171598164
54.978326108702895,39.45534304322974
54.99833277759252,39.95809816131637
55.01833944648216,40.46087976315438
55.03834611537179,40.96337006930121
55.058352784261416,41.46525148442537
55.078359453151045,41.96620679804131
55.09836612204067,42.465919384998365
55.11837279093031,42.964073405602434
55.13837945981994,43.46035400523993
55.158386128709566,43.954447513379314
55.178392797599194,44.446041641824266
55.19839946648882,44.93482568209317
55.21840613537846,45.42049070180011
55.23841280426809,45.9027297399134
55.258419473157716,46.38123800076798
55.278426142047344,46.855713046709084
55.29843281093697,47.3258549892468
55.3184394798266,47.7913666785968
55.33844614871624,48.25195389149276
55.358452817605865,48.70732551714778
55.378459486495494,49.15719374124878
55.39846615538512,49.60127422786751
55.41847282427475,50.03928629917296
55.43847949316439,50.470953112831694
55.458486162054015,50.89600183698412
55.478492830943644,51.31416382268579
55.49849949983327,51.725174773704836
55.5185061687229,52.12877491356936
55.53851283761253,52.524709149755864
55.558519506502165,52.912727234919586
55.578526175391794,53.29258392506125
55.59853284428142,53.66403913453174
55.61853951317105,54.02685808777649
55.63854618206068,54.38081146772366
55.658552850950315,54.72567556072234
55.67855951983994,55.061232397939065
55.69856618872957,55.38726989312352
55.7185728576192,55.70358197665586
55.73857952650883,56.009968725792234
55.758586195398465,56.30623649102359
55.77859286428809,56.592198018470356
55.79859953317772,56.867672568236316
55.81860620206735,57.132486028642326
55.83861287095698,57.38647102627313
55.858619539846615,57.62946703176435
55.87862620873624,57.861320461263915
55.89863287762587,58.08188477350358
55.9186395465155,58.29102056241919
55.93864621540513,58.4885956452617
55.95865288429476,58.67448514614162
55.97865955318439,58.8485715749564
55.99866622207402,59.01074490164905
56.01867289096365,59.16090262575184
56.03867955985328,59.29894984117098
56.05868622874291,59.42479929617133
56.07869289763254,59.5383714485232
56.09869956652217,59.63959451577646
56.1187062354118,59.72840452063009
56.13871290430143,59.80474533136855
56.15871957319106,59.86856869733958
56.178726242080685,59.9198342794504
56.19873291097032,59.95850967566393
56.21873957985995,59.98457044147822
56.23874624874958,59.9980001053764
56.25875291763921,59.9987901792374
56.278759586528835,59.986940163700815
56.29876625541847,59.96245754848248
56.3187729243081,59.9253578076407
56.33877959319773,59.87566438979594
56.35878626208736,59.81340870331037
56.378792930976985,59.738630096436275
56.39879959986662,59.65137583244642
56.41880626875625,59.551701059761825
56.43881293764588,59.43966877709504
56.458819606535506,59.31534979363287
56.478826275425135,59.17882268428163
56.49883294431477,59.03017374000451
56.5188396132044,58.86949691328202
56.53884628209403,58.69689375873001
56.558852950983656,58.51247336891291
56.578859619873285,58.316352305392115
56.59886628876291,58.1086545250548
56.61887295765255,57.88951130176743
56.63887962654218,57.65906114340514
56.658886295431806,57.41744970430887
56.678892964321435,57.164829693225634
56.69889963321106,56.90136077679001
56.7189063021007,56.62720947860804
56.73891297099033,56.34254907400721
56.758919639879956,56.04755948051902
56.778926308769584,55.742427144163614
56.79893297765921,55.42734492160723
56.81893964654884,55.102511958269574
56.83894631543848,54.76813356245477
56.858952984328106,54.42442107558786
56.878959653217734,54.07159173863802
56.89896632210736,53.70986855481301
56.91897299099699,53.3394801486116
56.93897965988663,52.96066062132313
56.958986328776255,52.573649403065495
56.978992997665884,52.17869110145511
56.99899966655551,51.77603534700463
57.01900633544514,51.36593663534495
57.03901300433478,50.94865416637419
57.059019673224405,50.524451680432584
57.079026342114034,50.093597291605164
57.09903301100366,49.65636331826459
57.11903967989329,49.21302611095313
57.13904634878293,48.76386587771755
57.159053017672555,48.30916650700565
57.179059686562184,47.84921538823666
57.19906635545181,47.384303230158835
57.21907302434144,46.914723877109395
57.23907969323107,46.440774123291305
57.259086362120705,45.962753525187935
57.27909303101033,45.48096421223093
57.29909969989996,44.99571069583901
57.31910636878959,44.507299676956485
57.33911303767922,44.01603985220382
57.359119706568855,43.52224171876841
57.37912637545848,43.02621737815717
57.39913304434811,42.52828033893498
57.41913971323774,42.02874531857421
57.43914638212737,41.527928044538726
57.459153051017,41.02614505473228
57.47915971990663,40.523713497431984
57.49916638879626,40.02095093083728
57.51917305768589,39.51817512235962
57.53917972657552,39.0157038477799
57.55918639546515,38.513854690400585
57.57919306435478,38.0129448403195
57.59919973324441,37.51329089395215
57.61920640213404,37.015208653929264
57.63921307102367,36.51901292949632
57.6592197399133,36.02501733753954
57.67922640880293,35.533534104368044
57.69923307769256,35.044873868373735
57.71923974658219,34.55934548369209
57.73924641547182,34.07725582499593
57.75925308436145,33.59890959353613
57.77925975325108,33.12460912455768
57.79926642214071,32.65465419621095
57.81927309103034,32.18934184007904
57.83927975991997,31.728966153441164
57.8592864288096,31.27381811339086
57.879293097699225,30.82418539292503
57.89929976658886,30.380352179123584
57.91930643547849,29.94259899353132
57.93931310436812,29.511202514854062
57.95931977325775,29.086435404088427
57.979326442147375,28.668566132187163
57.99933311103701,28.257858810374298
58.01933977992664,27.854573023215572
58.03934644881627,27.458963664549895
58.059353117705896,27.07128077638579
58.079359786595525,26.691769390863293
58.09936645548515,26.32066937538446
58.11937312437479,25.958215281006087
58.13937979326442,25.604636194193628
58.159386462154046,25.260155592028763
58.179393131043675,24.92499120096235
58.1993997999333,24.599354859201995
58.21940646882294,24.283452382821274
58.23941313771257,23.977483435675186
58.259419806602196,23.68164140320405
58.279426475491825,23.396113270205838
58.29943314438145,23.12107950265312
58.31943981327109,22.85671393363173
58.33944648216072,22.60318365347087
58.359453151050346,22.360648904133626
58.379459819939974,22.129262977938627
58.3994664888296,21.90917212067206
58.41947315771924,21.700515439154213
58.43947982660887,21.503424813318027
58.459486495498496,21.31802481285536
58.479493164388124,21.14443261848359
58.49949983327775,20.982757947882533
58.51950650216738,20.83310298634778
58.53951317105702,20.695562322205728
58.559519839946645,20.57022288702971
58.579526508836274,20.45716390069488
58.5995331777259,20.35645682130861
58.61953984661553,20.268165300045546
58.63954651550517,20.19234514091742
58.659553184394795,20.12904426550254
58.679559853284424,20.078302682657284
58.69956652217405,20.04015246322882
58.71957319106368,20.01461771978497
58.73957985995331,20.00171459137395
58.759586528842945,20.001451233323948
58.779593197732574,20.013827812088483
58.7995998666222,20.03883650514127
58.81960653551183,20.076461505920363
58.83961320440146,20.126679033818565
58.859619873291095,20.189457349213825
58.87962654218072,20.264756773530003
58.89963321107035,20.352529714315427
58.91963987995998,20.45272069532332
58.93964654884961,20.565266391575353
58.959653217739245,20.69009566938551
58.97965988662887,20.827129631319426
58.9996665555185,20.976281666061645
59.01967322440813,21.137457503156934
59.03967989329776,21.31055527259359
59.059686562187395,21.495465569189562
59.07969323107702,21.69207152174122
59.09969989996665,21.90024886689092
59.11970656885628,22.119866027666784
59.13971323774591,22.35078419664479
59.15971990663554,22.592857423681558
59.17972657552517,22.84593270816041
59.1997332444148,23.1098500956941
59.21973991330443,23.384442779224134
59.23974658219406,23.669537204448492
59.25975325108369,23.964953179516108
59.27975991997332,24.27050398891565
59.29976658886295,24.5859965114877
59.31977325775258,24.911231342485586
59.33977992664221,25.24600291960767
59.35978659553184,25.590099652921335
59.379793264421465,25.94330405859762
59.3997999333111,26.30539289636934
59.41980660220073,26.676137310628192
59.43981327109036,27.05530297507316
59.45981993997999,27.442650240812682
59.479826608869615,27.83793428783399
59.49983327775925,28.24090527973963
59.51983994664888,28.65130852165473
59.53984661553851,29.068884621205036
59.55985328442814,29.49336965246372
59.579859953317765,29.92449532276481
59.5998666222074,30.361989142274407
59.61987329109703,30.805574596215628
59.63987995998666,31.254971319639992
59.659886628876286,31.70989527462754
59.679893297765915,32.1700589298122
59.69989996665555,32.63517144211362
59.71990663554518,33.10493884056241
59.73991330443481,33.57906421210238
59.759919973324436,34.05724788925223
59.779926642214065,34.53918763950795
59.79993331110369,35.02457885636774
59.81993997999333,35.51311475185499
59.83994664888296,36.00448655042108
59.859953317772586,36.498383684107175
59.879959986662215,36.99449398883374
59.89996665555184,37.49250390170288
59.91997332444148,37.99209865918324
59.93997999333111,38.49296249605401
59.959986662220736,38.994778844981994
59.979993331110364,39.497230536605706
60.0,39.99999999999994
