ts,pressure
0.0,30.0
0.020004000800160033,30.12568553461714
0.040008001600320066,30.25135121409021
0.0600120024004801,30.376977186411757
0.08001600320064013,30.502543605847052
0.10002000400080016,30.628030636069223
0.1200240048009602,30.753418453292888
0.14002800560112022,30.878687249405814
0.16003200640128026,31.00381723509811
0.1800360072014403,31.128788642988425
0.20004000800160032,31.253581730746696
0.22004400880176037,31.378176784212947
0.2400480096019204,31.502554120511626
0.2600520104020804,31.626694091161003
0.28005601120224044,31.750577085177124
0.3000600120024005,31.874183532171873
0.3200640128025605,31.997493905444582
0.34006801360272054,32.12048872506676
0.3600720144028806,32.24314856095943
0.38007601520304063,32.365454035962614
0.40008001600320064,32.487385828896386
0.4200840168033607,32.60892467761318
0.44008801760352073,32.73005138204071
0.46009201840368075,32.850746807215074
0.4800960192038408,32.97099188630363
0.5001000200040008,33.09076762361703
0.5201040208041608,33.21005509761012
0.5401080216043209,33.32883546387103
0.5601120224044809,33.44708995809809
0.580116023204641,33.56479989906418
0.600120024004801,33.68194669156784
0.620124024804961,33.79851182937086
0.640128025605121,33.914476898121826
0.6601320264052811,34.029823578265066
0.6801360272054411,34.14453364793473
0.7001400280056012,34.258588985833356
0.7201440288057612,34.37197157409458
0.7401480296059212,34.484663501129525
0.7601520304060813,34.596646964456355
0.7801560312062413,34.70790427351264
0.8001600320064013,34.81841785244999
0.8201640328065614,34.92817024291063
0.8401680336067214,35.03714410678536
0.8601720344068814,35.14532222895254
0.8801760352070415,35.252687519997636
0.9001800360072015,35.35922301891295
0.9201840368073615,35.46491189577699
0.9401880376075216,35.56973745441321
0.9601920384076816,35.673683135027545
0.9801960392078416,35.77673251682448
1.0002000400080016,35.878869320601105
1.0202040408081616,35.9800774113188
1.0402080416083217,36.0803408006522
1.0602120424084818,36.17964364951492
1.0802160432086418,36.27797027056174
1.100220044008802,36.37530513066681
1.1202240448089618,36.4716328533775
1.1402280456091218,36.56693822134346
1.160232046409282,36.66120617872063
1.180236047209442,36.75442183354965
1.200240048009602,36.846570460108396
1.2202440488097621,36.937637501238314
1.240248049609922,37.02760857064405
1.260252050410082,37.11646945516616
1.280256051210242,37.204206117026395
1.3002600520104022,37.29080469604531
1.3202640528105622,37.37625151183188
1.340268053610722,37.46053306594458
1.3602720544108822,37.54363604402386
1.3802760552110422,37.625547317895446
1.4002800560112023,37.70625394764426
1.4202840568113624,37.785743183658624
1.4402880576115225,37.864002468644344
1.4602920584116823,37.94101943960848
1.4802960592118424,38.01678192981237
1.5003000600120024,38.091277970693646
1.5203040608121625,38.16449579375701
1.5403080616123226,38.23642383243333
1.5603120624124827,38.30705072390686
1.5803160632126425,38.376365310910316
1.6003200640128026,38.444356643487396
1.6203240648129626,38.51101398072262
1.6403280656131227,38.57632679243814
1.6603320664132828,38.6402847608572
1.6803360672134429,38.70287778223414
1.7003400680136027,38.764095968450455
1.7203440688137628,38.823929648576964
1.7403480696139229,38.882369370401506
1.760352070414083,38.93940590192216
1.780356071214243,38.995030232805675
1.800360072014403,39.04923357581091
1.820364072814563,39.10200736817693
1.840368073614723,39.15334327297575
1.860372074414883,39.20323318042936
1.8803760752150431,39.251669209190844
1.9003800760152032,39.298643707589456
1.9203840768153633,39.34414925483938
1.9403880776155231,39.388178662212
1.9603920784156832,39.43072497417161
1.9803960792158433,39.47178146947414
2.000400080016003,39.511341662228965
2.020404080816163,39.54939930292355
2.0404080816163233,39.585948379410645
2.0604120824164833,39.62098311785813
2.0804160832166434,39.65449798366106
2.1004200840168035,39.686487682316056
2.1204240848169635,39.71694716025766
2.1404280856171236,39.7458716056567
2.1604320864172837,39.77325644918042
2.1804360872174438,39.79909736471432
2.200440088017604,39.82339027004558
2.2204440888177635,39.84613132750793
2.2404480896179235,39.867316944587955
2.2604520904180836,39.886943774492536
2.2804560912182437,39.905008716677656
2.3004600920184037,39.921508917338116
2.320464092818564,39.93644176985844
2.340468093618724,39.949804915224604
2.360472094418884,39.96159624239672
2.380476095219044,39.971813888642544
2.400480096019204,39.98045623983169
2.420484096819364,39.98752193069068
2.4404880976195242,39.99300984501859
2.460492098419684,39.99691911586339
2.480496099219844,39.9992491256589
2.500500100020004,39.99999950632233
2.520504100820164,39.99917013931248
2.540508101620324,39.996761155648414
2.560512102420484,39.99277293588878
2.5805161032206443,39.9872061100717
2.6005201040208044,39.98006155761524
2.6205241048209644,39.97134040717845
2.6405281056211245,39.961044036483116
2.6605321064212846,39.94917407209609
2.680536107221444,39.93573238917232
2.7005401080216043,39.92072111115864
2.7205441088217643,39.90414260945833
2.7405481096219244,39.88599950305646
2.7605521104220845,39.866294658106185
2.7805561112222446,39.84503118747596
2.8005601120224046,39.822212450257766
2.8205641128225647,39.797842051236486
2.8405681136227248,39.77192384032044
2.860572114422885,39.74446191193315
2.880576115223045,39.715460604366584
2.900580116023205,39.684924499095786
2.9205841168233646,39.652858420055125
2.9405881176235247,39.619267432876214
2.9605921184236847,39.5841568440877
2.980596119223845,39.54753220027696
3.000600120024005,39.50939928721386
3.020604120824165,39.46976412893677
3.040608121624325,39.42863298680089
3.060612122424485,39.386012358489175
3.080616123224645,39.34190897698578
3.1006201240248052,39.296329809512486
3.1206241248249653,39.24928205642802
3.1406281256251254,39.200773150090605
3.160632126425285,39.15081075368381
3.180636127225445,39.099402760005965
3.200640128025605,39.04655729022331
3.2206441288257652,38.99228269258706
3.2406481296259253,38.93658754111457
3.2606521304260854,38.879480634234866
3.2806561312262454,38.82097099339872
3.3006601320264055,38.76106786165348
3.3206641328265656,38.69978070218293
3.3406681336267257,38.637119196812286
3.3606721344268857,38.573093244478784
3.3806761352270454,38.507712959667835
3.4006801360272054,38.44098867081524
3.4206841368273655,38.372930918675515
3.4406881376275256,38.30355045465676
3.4606921384276856,38.232858239122166
3.4806961392278457,38.16086543965859
3.500700140028006,38.087583429312346
3.520704140828166,38.01302378479254
3.540708141628326,37.93719828464223
3.560712142428486,37.86011890737776
3.580716143228646,37.78179782959643
3.600720144028806,37.70224742405288
3.6207241448289658,37.62148025770454
3.640728145629126,37.53950908972635
3.660732146429286,37.45634686949514
3.680736147229446,37.37200673454396
3.700740148029606,37.28650200848664
3.720744148829766,37.19984619891307
3.740748149629926,37.112052995255276
3.7607521504300863,37.02313626662486
3.7807561512302463,36.93311005962204
3.8007601520304064,36.84198859611661
3.8207641528305665,36.749786271001284
3.8407681536307265,36.656517649917646
3.860772154430886,36.56219746695513
3.8807761552310462,36.46684062232343
3.9007801560312063,36.37046217999863
3.9207841568313664,36.27307736534349
3.9407881576315265,36.17470156270221
3.9607921584316865,36.07535031297007
3.9807961592318466,35.97503931113843
4.000800160032006,35.873784403815236
4.020804160832166,35.7716015867217
4.040808161632326,35.66850700216537
4.060812162432486,35.56451693649007
4.0808161632326465,35.45964781750304
4.100820164032807,35.35391621187976
4.120824164832967,35.24733882254686
4.140828165633127,35.13993248604345
4.160832166433287,35.03171416986139
4.180836167233447,34.92270096976483
4.200840168033607,34.812910107089564
4.220844168833767,34.70235892602243
4.240848169633927,34.591064890861375
4.260852170434087,34.47904558325659
4.280856171234247,34.36631869943301
4.300860172034407,34.252902047394755
4.320864172834567,34.13881354411192
4.340868173634727,34.02407121269016
4.3608721744348875,33.90869317952348
4.380876175235048,33.79269767143072
4.400880176035208,33.676103012776196
4.420884176835368,33.558927622574885
4.440888177635527,33.4411900115827
4.460892178435687,33.32290877937226
4.480896179235847,33.20410261139464
4.500900180036007,33.08479027602749
4.520904180836167,32.96499062161017
4.540908181636327,32.84472257346615
4.560912182436487,32.72400513091329
4.580916183236647,32.60285736426243
4.6009201840368075,32.48129841180475
4.6209241848369675,32.35934747678845
4.640928185637128,32.237023824385055
4.660932186437288,32.114346778646045
4.680936187237448,31.99133571945014
4.700940188037608,31.868010079441753
4.720944188837768,31.744389340961128
4.740948189637928,31.620493032966632
4.760952190438088,31.49634072794966
4.780956191238248,31.371952038842675
4.800960192038408,31.247346615920865
4.820964192838568,31.1225441436979
4.840968193638728,30.997564337816264
4.860972194438888,30.872426941932687
4.8809761952390485,30.747151724599146
4.900980196039208,30.62175847613993
4.920984196839368,30.496267005525254
4.940988197639528,30.370697137241976
4.960992198439688,30.245068708161806
4.980996199239848,30.11940156440757
5.001000200040008,29.993715558218046
5.021004200840168,29.868030544811802
5.041008201640328,29.742366379250566
5.061012202440488,29.61674291330263
5.081016203240648,29.491179992306783
5.101020204040808,29.365697452037235
5.121024204840968,29.24031511557006
5.1410282056411285,29.11505279015167
5.161032206441289,28.989930264069756
5.181036207241449,28.864967303527237
5.201040208041609,28.740183649519707
5.221044208841769,28.615599014716846
5.241048209641929,28.491233080348323
5.261052210442089,28.36710549309465
5.281056211242249,28.24323586198351
5.301060212042409,28.11964375529203
5.321064212842569,27.996348697455463
5.341068213642729,27.87337016598285
5.361072214442888,27.750727588380048
5.3810762152430485,27.62844033908067
5.4010802160432085,27.506527736385426
5.421084216843369,27.38500903941031
5.441088217643529,27.263903445044157
5.461092218443689,27.143230084916002
5.481096219243849,27.023008022372768
5.501100220044009,26.90325624946776
5.521104220844169,26.783993683960365
5.541108221644329,26.665239166327556
5.561112222444489,26.547011456787548
5.581116223244649,26.429329232336173
5.601120224044809,26.312211083796374
5.621124224844969,26.19567551288133
5.641128225645129,26.079740929271647
5.6611322264452895,25.96442564770711
5.6811362272454495,25.84974788509338
5.70114022804561,25.735725757624227
5.72114422884577,25.622377277919593
5.74114822964593,25.50972035218007
5.76115223044609,25.397772777358174
5.78115623124625,25.286552238346857
5.80116023204641,25.176076305185767
5.821164232846569,25.0663624302856
5.841168233646729,24.95742794567106
5.861172234446889,24.84929006024287
5.881176235247049,24.741965857059157
5.901180236047209,24.635472290636784
5.9211842368473695,24.529826184272967
5.94118823764753,24.425044227387595
5.96119223844769,24.321142972886747
5.98119623924785,24.218138834547737
6.00120024004801,24.11604808442616
6.02120424084817,24.0148868502853
6.04120824164833,23.91467111304838
6.06121224244849,23.815416704273957
6.08121624324865,23.71713930365493
6.10122024404881,23.61985443654156
6.12122424484897,23.523577471488863
6.14122824564913,23.428323617828735
6.16123224644929,23.33410792326729
6.18123624724945,23.24094527150769
6.2012402480496105,23.1488503798989
6.221244248849771,23.057837797110707
6.241248249649931,22.967921900835414
6.261252250450091,22.87911689551651
6.281256251250251,22.79143681010475
6.30126025205041,22.704895495841907
6.32126425285057,22.619506624072635
6.34126825365073,22.535283684084757
6.36127225445089,22.45223998097827
6.38127625525105,22.370388633563508
6.40128025605121,22.289742572288667
6.42128425685137,22.21031453719714
6.4412882576515305,22.132117075914913
6.4612922584516905,22.055162541668345
6.481296259251851,21.979463091332683
6.501300260052011,21.90503068351157
6.521304260852171,21.83187707664789
6.541308261652331,21.760013827166237
6.561312262452491,21.689452287647292
6.581316263252651,21.62020360503439
6.601320264052811,21.5522787188726
6.621324264852971,21.48568835958053
6.641328265653131,21.420443046755224
6.661332266453291,21.3565530875103
6.681336267253451,21.294028574847694
6.701340268053611,21.232879386063246
6.7213442688537715,21.173115181186297
6.7413482696539315,21.11474540145368
6.761352270454091,21.057779267818212
6.781356271254251,21.00222577949205
6.801360272054411,20.94809371252503
6.821364272854571,20.895391618418238
6.841368273654731,20.84412782277315
6.861372274454891,20.794310423976356
6.881376275255051,20.745947291920224
6.901380276055211,20.699046066759667
6.921384276855371,20.653614157705185
6.941388277655531,20.609658741852392
6.961392278455691,20.567186763048227
6.9813962792558515,20.526204930793988
7.001400280056012,20.486719719185405
7.021404280856172,20.448737365889908
7.041408281656332,20.41226387116122
7.061412282456492,20.377304996891464
7.081416283256652,20.343866265700942
7.101420284056812,20.311952960065696
7.121424284856972,20.281570121483007
7.141428285657132,20.25272254967497
7.161432286457292,20.22541480183025
7.181436287257452,20.19965119188418
7.201440288057612,20.175435789837234
7.2214442888577715,20.152772421112115
7.2414482896579315,20.1316646659494
7.261452290458092,20.11211585884196
7.281456291258252,20.09412908800821
7.301460292058412,20.077707194904214
7.321464292858572,20.062852773774857
7.341468293658732,20.04956817124397
7.361472294458892,20.037855485943652
7.381476295259052,20.027716568182726
7.401480296059212,20.019153019654446
7.421484296859372,20.012166193183468
7.441488297659532,20.006757192512133
7.461492298459692,20.002926872126103
7.481496299259852,20.00067583711938
7.5015003000600124,20.000004443098714
7.5215043008601725,20.000912796127423
7.541508301660333,20.003400752708643
7.561512302460493,20.007467919807993
7.581516303260653,20.013113654915664
7.601520304060813,20.020337066147924
7.621524304860973,20.029137012388002
7.641528305661133,20.039512103466375
7.661532306461293,20.051460700380364
7.681536307261453,20.064980915553054
7.701540308061612,20.080070613131497
7.721544308861772,20.096727409324107
7.741548309661932,20.114948672777256
7.7615523104620925,20.134731524990944
7.781556311262253,20.156072840773543
7.801560312062413,20.17896924873549
7.821564312862573,20.20341713182189
7.841568313662733,20.229412627883907
7.861572314462893,20.256951630288892
7.881576315263053,20.286029788569138
7.901580316063213,20.31664250910913
7.921584316863373,20.348784955871224
7.941588317663533,20.382452051159618
7.961592318463693,20.41763847642251
7.981596319263853,20.454338673092273
8.001600320064012,20.4925468434636
8.021604320864173,20.532256951609362
8.041608321664333,20.57346272433416
8.061612322464493,20.61615765216531
8.081616323264653,20.660334990381187
8.101620324064813,20.70598776007673
8.121624324864973,20.7531087492659
8.141628325665133,20.801690514021033
8.161632326465293,20.851725379648766
8.181636327265453,20.90320544190245
8.201640328065613,20.956122568230835
8.221644328865773,21.01046839906278
8.241648329665933,21.066234349127882
8.261652330466093,21.123411608812724
8.281656331266253,21.18199114555256
8.301660332066414,21.241963705258247
8.321664332866574,21.303319813778153
8.341668333666734,21.366049778394835
8.361672334466894,21.430143689356235
8.381676335267054,21.49559142144118
8.401680336067214,21.562382635558915
8.421684336867374,21.630506780382404
8.441688337667534,21.6999530940152
8.461692338467694,21.770710605691512
8.481696339267854,21.842768137509346
8.501700340068014,21.91611430619632
8.521704340868174,21.99073752490793
8.541708341668334,22.066626005057977
8.561712342468494,22.14376775818088
8.581716343268655,22.222150597825525
8.601720344068815,22.30176214148046
8.621724344868975,22.382589812529968
8.641728345669135,22.464620842240898
8.661732346469295,22.547842271779768
8.681736347269455,22.63224095425997
8.701740348069615,22.717803556818616
8.721744348869775,22.804516562722807
8.741748349669935,22.892366273504933
8.761752350470095,22.981338811126694
8.781756351270255,23.07142012017146
8.801760352070415,23.162595970064693
8.821764352870575,23.254851957322003
8.841768353670735,23.348173507824562
8.861772354470894,23.442545879121404
8.881776355271054,23.537954162758403
8.901780356071214,23.63438328663341
8.921784356871374,23.73181801737725
8.941788357671534,23.830242962760252
8.961792358471694,23.929642574123807
8.981796359271854,24.030001148836657
9.001800360072014,24.131302832775532
9.021804360872174,24.233531622829684
9.041808361672334,24.336671369429002
9.061812362472494,24.440705779095207
9.081816363272655,24.545618417015824
9.101820364072815,24.651392709640476
9.121824364872975,24.758011947299053
9.141828365673135,24.86545928684149
9.161832366473295,24.973717754298466
9.181836367273455,25.082770247562934
9.201840368073615,25.192599539091795
9.221844368873775,25.303188278627413
9.241848369673935,25.414518995938533
9.261852370474095,25.526574103580117
9.281856371274255,25.63933589967174
9.301860372074415,25.752786570694013
9.321864372874575,25.866908194302702
9.341868373674735,25.98168274215998
9.361872374474896,26.097092082782453
9.381876375275056,26.21311798440549
9.401880376075216,26.329742117863375
9.421884376875376,26.446946059484848
9.441888377675536,26.56471129400359
9.461892378475696,26.683019217483164
9.481896379275856,26.801851140255952
9.501900380076016,26.921188289875687
9.521904380876176,27.041011814082974
9.541908381676336,27.161302783783547
9.561912382476496,27.28204219603851
9.581916383276656,27.403210977066355
9.601920384076816,27.524789985256152
9.621924384876976,27.646760014191422
9.641928385677137,27.76910179568427
9.661932386477297,27.891796002819277
9.681936387277457,28.01482325300666
9.701940388077617,28.13816411104424
9.721944388877777,28.2617990921877
9.741948389677937,28.385708665228698
9.761952390478097,28.5098732555803
9.781956391278255,28.634273248369247
9.801960392078415,28.758888991534675
9.821964392878575,28.88370079893258
9.841968393678735,29.00868895344575
9.861972394478896,29.133833710098575
9.881976395279056,29.259115299176273
9.901980396079216,29.384513929347982
9.921984396879376,29.510009790793294
9.941988397679536,29.63558305833172
9.961992398479696,29.761213894554558
9.981996399279856,29.88688245295871
10.002000400080016,30.012568881081915
10.022004400880176,30.13825332363896
10.042008401680336,30.26391592565829
10.062012402480496,30.389536835618614
10.082016403280656,30.515096208584925
10.102020404080816,30.64057420934352
10.122024404880976,30.765951015535435
10.142028405681137,30.891206820787918
10.162032406481297,31.016321837843293
10.182036407281457,31.14127630168488
10.202040408081617,31.266050472659337
10.222044408881777,31.39062463959509
10.242048409681937,31.51497912291611
10.262052410482097,31.63909427775087
10.282056411282257,31.762950497035686
10.302060412082417,31.886528214612174
10.322064412882577,32.00980790831819
10.342068413682737,32.132770103071834
10.362072414482897,32.255395373948055
10.382076415283057,32.37766434924725
10.402080416083217,32.49955771355554
10.422084416883378,32.62105621079611
10.442088417683538,32.74214064727119
10.462092418483698,32.862791894694155
10.482096419283858,32.98299089321131
10.502100420084018,33.10271865441291
10.522104420884178,33.22195626433279
10.542108421684338,33.34068488643634
10.562112422484498,33.45888576459619
10.582116423284658,33.57654022605519
10.602120424084818,33.693629684376226
10.622124424884978,33.810135642378484
10.642128425685138,33.92603969505943
10.662132426485298,34.04132353250241
10.682136427285458,34.15596894276912
10.702140428085618,34.26995781477667
10.722144428885777,34.38327214115861
10.742148429685937,34.49589402110974
10.762152430486097,34.607805663213895
10.782156431286257,34.71898938825457
10.802160432086417,34.8294276320078
10.822164432886577,34.939102948016874
10.842168433686737,35.04799801034841
10.862172434486897,35.15609561632941
10.882176435287057,35.26337868926488
10.902180436087217,35.369830281135506
10.922184436887378,35.475433575275005
10.942188437687538,35.58017188902672
10.962192438487698,35.6840286763791
10.982196439287858,35.78698753057951
11.002200440088018,35.88903218672611
11.022204440888178,35.99014652433729
11.042208441688338,36.09031456989832
11.062212442488498,36.189520499384706
11.082216443288658,36.287748640762054
11.102220444088818,36.38498347646183
11.122224444888978,36.481209645832706
11.142228445689138,36.57641194756724
11.162232446489298,36.670575342103206
11.182236447289458,36.76368495399954
11.202240448089618,36.855726074286224
11.222244448889779,36.94668416278799
11.242248449689939,37.036544850421265
11.262252450490099,37.125293941464115
11.282256451290259,37.21291741579885
11.302260452090419,37.2994014311268
11.322264452890579,37.38473232515512
11.342268453690739,37.46889661775499
11.362272454490899,37.551881013091226
11.38227645529106,37.63367240172263
11.40228045609122,37.714257862672966
11.42228445689138,37.79362466547218
11.44228845769154,37.87176027216744
11.4622924584917,37.94865233930385
11.48229645929186,38.024288719874384
11.50230046009202,38.098657465238844
11.52230446089218,38.1717468270114
11.54230846169234,38.243545258916555
11.5623124624925,38.314041418613186
11.58231646329266,38.38322416948631
11.60232046409282,38.45108258240643
11.62232446489298,38.517605937456
11.642328465693138,38.58278372562296
11.662332466493298,38.64660565046092
11.682336467293458,38.70906162971563
11.702340468093618,38.77014179691781
11.722344468893779,38.829836502941795
11.742348469693939,38.88813631752981
11.762352470494099,38.94503203078177
11.782356471294259,39.00051465461015
11.802360472094419,39.05457542415994
11.822364472894579,39.10720579919323
11.842368473694739,39.158397465438355
11.862372474494899,39.20814233590335
11.88237647529506,39.256432552153484
11.90238047609522,39.303260485552705
11.92238447689538,39.34861873846878
11.94238847769554,39.39250014544189
11.9623924784957,39.43489777431664
11.98239647929586,39.475804927337144
12.00240048009602,39.5152151422051
12.02240448089618,39.55312219310068
12.04240848169634,39.58952009166604
12.0624124824965,39.624403087951336
12.08241648329666,39.657765671323084
12.10242048409682,39.689602571334675
12.12242448489698,39.71990875855897
12.14242848569714,39.74867944538289
12.1624324864973,39.77591008676363
12.18243648729746,39.80159638094675
12.20244048809762,39.8257342701457
12.22244448889778,39.848319941182865
12.24244848969794,39.869349826091934
12.2624524904981,39.88882060268158
12.28245649129826,39.90672919506024
12.30246049209842,39.923072774122055
12.32246449289858,39.93784875799381
12.34246849369874,39.95105481244278
12.3624724944989,39.96268885124546
12.382476495299061,39.97274903651721
12.402480496099221,39.98123377900251
12.422484496899381,39.98814173832608
12.442488497699541,39.9934718232046
12.462492498499701,39.997223191619106
12.482496499299861,39.99939525094802
12.502500500100021,39.99998765806075
12.522504500900181,39.99900031937193
12.542508501700341,39.996433390856154
12.562512502500502,39.99228727802338
12.58251650330066,39.98656263585486
12.60252050410082,39.97926036869964
12.62252450490098,39.97038163013174
12.64252850570114,39.95992782276788
12.6625325065013,39.94790059804594
12.68253650730146,39.93430185596404
12.70254050810162,39.91913374478038
12.72254450890178,39.90239866067394
12.74254850970194,39.88409924736586
12.7625525105021,39.86423839570184
12.78255651130226,39.84281924319545
12.80256051210242,39.81984517353251
12.82256451290258,39.79531981603648
12.84256851370274,39.76924704509522
12.8625725145029,39.741630979548844
12.882576515303061,39.71247598203911
12.902580516103221,39.68178665832017
12.922584516903381,39.64956785653106
12.942588517703541,39.61582466642973
12.962592518503701,39.58056241858907
12.982596519303861,39.54378668355473
13.002600520104021,39.50550327096519
13.022604520904181,39.46571822863395
13.042608521704341,39.42443784159413
13.062612522504502,39.38166863110557
13.082616523304662,39.3374173536247
13.102620524104822,39.29169099973711
13.122624524904982,39.2444967930533
13.142628525705142,39.195842189067434
13.162632526505302,39.14573487397964
13.182636527305462,39.09418276348176
13.202640528105622,39.04119400150685
13.222644528905782,38.98677695894267
13.242648529705942,38.930940232309275
13.262652530506102,38.87369264240101
13.282656531306262,38.815043232893025
13.302660532106422,38.75500126891257
13.322664532906582,38.69357623557543
13.342668533706743,38.63077783648741
13.362672534506903,38.5666159922115
13.382676535307063,38.50110083870062
13.402680536107223,38.434242725696414
13.422684536907383,38.36605221509424
13.442688537707543,38.29654007927469
13.462692538507703,38.22571729940178
13.482696539307863,38.15359506368823
13.502700540108021,38.08018476562802
13.522704540908181,38.00549800219647
13.542708541708341,37.92954657201824
13.562712542508502,37.852342473503434
13.582716543308662,37.773897902952164
13.602720544108822,37.6942252526278
13.622724544908982,37.61333710879938
13.642728545709142,37.53124624975322
13.662732546509302,37.44796564377433
13.682736547309462,37.36350844709771
13.702740548109622,37.27788800183001
13.722744548909782,37.191117833841815
13.742748549709942,37.10321165063091
13.762752550510102,37.014183339156816
13.782756551310262,36.92404696364701
13.802760552110422,36.832816763375156
13.822764552910582,36.74050715041162
13.842768553710743,36.64713270734675
13.862772554510903,36.552708184987196
13.882776555311063,36.45724850002565
13.902780556111223,36.36076873268436
13.922784556911383,36.2632841243329
13.942788557711543,36.164810075080325
13.962792558511703,36.06536214134245
13.982796559311863,35.964956033384226
14.002800560112023,35.86360761283798
14.022804560912183,35.761332890197664
14.042808561712343,35.65814802228958
14.062812562512503,35.55406930972005
14.082816563312663,35.44911319430027
14.102820564112823,35.343296256448966
14.122824564912984,35.23663521257312
14.142828565713144,35.129146912427146
14.162832566513304,35.02084833645108
14.182836567313464,34.911756593088114
14.202840568113624,34.80188891608188
14.222844568913784,34.69126266175394
14.242848569713944,34.579895306261946
14.262852570514104,34.46780444283884
14.282856571314264,34.35500777901356
14.302860572114424,34.241523133813715
14.322864572914584,34.127368434950604
14.342868573714744,34.01256171598712
14.362872574514904,33.89712111348888
14.382876575315064,33.78106486415908
14.402880576115225,33.66441130195762
14.422884576915385,33.547178855204756
14.442888577715543,33.42938604366991
14.462892578515703,33.31105147564599
14.482896579315863,33.19219384500977
14.502900580116023,33.07283192826872
14.522904580916183,32.95298458159479
14.542908581716343,32.83267073784564
14.562912582516503,32.711909403573664
14.582916583316663,32.590719656023495
14.602920584116823,32.46912064011824
14.622924584916984,32.347131565435106
14.642928585717144,32.22477170317073
14.662932586517304,32.102060383096855
14.682936587317464,31.979016990506633
14.702940588117624,31.855660963152364
14.722944588917784,31.732011788174727
14.742948589717944,31.60808899902434
14.762952590518104,31.483912172375945
14.782956591318264,31.359500925035807
14.802960592118424,31.234874910842755
14.822964592918584,31.11005381756335
14.842968593718744,30.98505736378174
14.862972594518904,30.859905295784593
14.882976595319064,30.734617384441716
14.902980596119225,30.60921342208273
14.922984596919385,30.483713219370383
14.942988597719545,30.35813660217098
14.962992598519705,30.232503408422385
14.982996599319865,30.106833485000127
15.003000600120025,29.9811466845821
15.023004600920185,29.855462862512336
15.043008601720345,29.729801873664368
15.063012602520505,29.604183569304645
15.083016603320665,29.47862779395655
15.103020604120825,29.35315438226547
15.123024604920985,29.22778315586539
15.143028605721145,29.10253392024761
15.163032606521305,28.977426461631964
15.183036607321466,28.852480543841093
15.203040608121626,28.72771590517826
15.223044608921786,28.603152255309208
15.243048609721946,28.47880927214851
15.263052610522106,28.354706598750973
15.283056611322266,28.230863840208514
15.303060612122426,28.107300560553067
15.323064612922586,27.98403627966595
15.343068613722746,27.86109047019422
15.363072614522906,27.73848255447448
15.383076615323064,27.61623190146466
15.403080616123225,27.49435782368414
15.423084616923385,27.372879574162976
15.443088617723545,27.251816343400318
15.463092618523705,27.131187256332815
15.483096619323865,27.01101136931338
15.503100620124025,26.891307667100737
15.523104620924185,26.77209505986032
15.543108621724345,26.653392380176957
15.563112622524505,26.535218380079773
15.583116623324665,26.417591728079863
15.603120624124825,26.30053100622112
15.623124624924985,26.184054707144764
15.643128625725145,26.068181231167944
15.663132626525305,25.95292888337697
15.683136627325466,25.83831587073557
15.703140628125626,25.724360299208644
15.723144628925786,25.611080170901975
15.743148629725946,25.49849338121836
15.763152630526106,25.386617716030592
15.783156631326266,25.2754708488717
15.803160632126426,25.16507033814304
15.823164632926586,25.055433624340466
15.843168633726746,24.946578027299193
15.863172634526906,24.83852074345768
15.883176635327066,24.73127884314104
15.903180636127226,24.624869267864366
15.923184636927386,24.51930882765638
15.943188637727546,24.41461419840389
15.963192638527707,24.310801919217404
15.983196639327867,24.207888389818386
16.003200640128025,24.1058898679485
16.023204640928185,24.0048224668013
16.043208641728345,23.90470215247677
16.063212642528505,23.80554474145902
16.083216643328665,23.70736589811778
16.103220644128825,23.610181132233734
16.123224644928985,23.514005796548435
16.143228645729145,23.418855084338905
16.163232646529305,23.324744027017502
16.183236647329466,23.231687491757352
16.203240648129626,23.13970017914368
16.223244648929786,23.04879662085152
16.243248649729946,22.958991177350043
16.263252650530106,22.87029803563399
16.283256651330266,22.782731206982486
16.303260652130426,22.696304524745592
16.323264652930586,22.611031642159
16.343268653730746,22.526926030187163
16.363272654530906,22.444000975395213
16.383276655331066,22.362269577850043
16.403280656131226,22.28174474905079
16.423284656931386,22.202439209889185
16.443288657731546,22.12436548863994
16.463292658531707,22.04753591898161
16.483296659331867,21.971962638048186
16.503300660132027,21.897657584511734
16.523304660932187,21.82463249669637
16.543308661732347,21.752898910723925
16.563312662532507,21.682468158691513
16.583316663332667,21.613351366881346
16.603320664132827,21.545559454003065
16.623324664932987,21.479103129468868
16.643328665733147,21.413992891701675
16.663332666533307,21.35023902647666
16.683336667333467,21.28785160529634
16.703340668133627,21.226840483799553
16.723344668933787,21.16721530020449
16.743348669733948,21.108985473786127
16.763352670534108,21.052160203388198
16.783356671334268,20.996748465970015
16.803360672134428,20.942759015188333
16.823364672934588,20.8902003800145
16.843368673734748,20.8390808633871
16.863372674534908,20.789408540900258
16.883376675335068,20.741191259527955
16.903380676135228,20.694436636384378
16.923384676935388,20.649152057520602
16.94338867773555,20.605344676757785
16.96339267853571,20.56302141455706
16.98339667933587,20.52218895692625
17.00340068013603,20.48285375436367
17.02340468093619,20.445022020839097
17.04340868173635,20.40869973281213
17.06341268253651,20.373892628288054
17.08341668333667,20.340606205911374
17.10342068413683,20.308845724097182
17.12342468493699,20.278616200200446
17.14342868573715,20.249922409723418
17.16343268653731,20.22276888556118
17.18343668733747,20.197159917285617
17.20344068813763,20.173099550467732
17.22344468893779,20.15059158603856
17.24344868973795,20.129639579688718
17.26345269053811,20.110246841306704
17.28345669133827,20.092416434456
17.30346069213843,20.076151175891113
17.32346469293859,20.06145363511262
17.34346869373875,20.048326133961208
17.36347269453891,20.036770746250927
17.38347669533907,20.026789297441546
17.40348069613923,20.0183833643502
17.42348469693939,20.01155427490228
17.44348869773955,20.006303107921653
17.46349269853971,20.002630692960246
17.48349669933987,20.00053761016698
17.50350070014003,20.000024190196143
17.52350470094019,20.00109051415514
17.54350870174035,20.00373641359168
17.56351270254051,20.0079614705204
17.58351670334067,20.01376501748888
17.60352070414083,20.021146137683086
17.62352470494099,20.03010366507222
17.64352870574115,20.04063618459291
17.66353270654131,20.05274203237275
17.68353670734147,20.066419295993157
17.703540708141627,20.081665814791492
17.723544708941787,20.09847918020237
17.743548709741948,20.116856736138175
17.763552710542108,20.136795579408645
17.783556711342268,20.15829256017949
17.803560712142428,20.181344282470008
17.823564712942588,20.205947104689557
17.843568713742748,20.23209714021283
17.863572714542908,20.259790257993842
17.883576715343068,20.28902208321854
17.903580716143228,20.31978799799591
17.923584716943388,20.35208314208748
17.94358871774355,20.385902413675126
17.96359271854371,20.421240470167028
17.98359671934387,20.458091729041648
18.00360072014403,20.496450368729665
18.02360472094419,20.53631032953359
18.04360872174435,20.577665314585083
18.06361272254451,20.62050879083968
18.08361672334467,20.66483399010885
18.10362072414483,20.71063391012921
18.12362472494499,20.757901315668697
18.14362872574515,20.80662873966954
18.16363272654531,20.8568084844279
18.18363672734547,20.908432622809876
18.20364072814563,20.961492999503825
18.22364472894579,21.01598123230865
18.24364872974595,21.07188871345805
18.26365273054611,21.129206610980255
18.28365673134627,21.18792587009329
18.30366073214643,21.248037214635406
18.32366473294659,21.30953114853046
18.34366873374675,21.37239795728808
18.36367273454691,21.43662770953828
18.38367673534707,21.5022102586004
18.40368073614723,21.569135244086
18.42368473694739,21.63739209353554
18.44368873774755,21.706970024088584
18.46369273854771,21.777858044187198
18.48369673934787,21.85004495531234
18.50370074014803,21.923519353752972
18.52370474094819,21.998269632407514
18.54370874174835,22.07428398261751
18.56371274254851,22.151550396033066
18.58371674334867,22.230056666509913
18.60372074414883,22.30979039203762
18.62372474494899,22.390738976698827
18.64372874574915,22.472889632659076
18.66373274654931,22.556229382186963
18.68373674734947,22.6407450597043
18.70374074814963,22.726423313865933
18.72374474894979,22.81325060966893
18.74374874974995,22.901213230590763
18.76375275055011,22.990297280756167
18.78375675135027,23.08048868713236
18.80376075215043,23.17177320175219
18.82376475295059,23.26413640396499
18.84376875375075,23.357563702714664
18.86377275455091,23.452040338844697
18.88377675535107,23.54755138742975
18.90378075615123,23.64408176013339
18.92378475695139,23.7416162075917
18.943788757751552,23.840139321822278
18.963792758551712,23.939635538658308
18.983796759351872,24.040089140207307
19.003800760152032,24.141484257334163
19.023804760952192,24.24380487216803
19.043808761752352,24.34703482063282
19.063812762552512,24.451157795000626
19.083816763352672,24.55615734646798
19.103820764152832,24.662016887754355
19.123824764952992,24.768719695722524
19.143828765753153,24.876248914020387
19.163832766553313,24.984587555743865
19.183836767353473,25.093718506120396
19.203840768153633,25.203624525212636
19.223844768953793,25.31428825064193
19.243848769753953,25.42569220033114
19.263852770554113,25.537818775266366
19.283856771354273,25.65065026227715
19.303860772154433,25.7641688368347
19.323864772954593,25.878356565867726
19.343868773754753,25.993195410595415
19.363872774554913,26.108667229377097
19.383876775355073,26.224753780578162
19.403880776155233,26.34143672545179
19.423884776955394,26.458697631036003
19.443888777755554,26.576517973065613
19.463892778555714,26.694879138898578
19.483896779355874,26.81376243045635
19.503900780156034,26.933149067177666
19.523904780956194,27.05302018898545
19.543908781756354,27.17335685926618
19.56391278255651,27.294140067861417
19.58391678335667,27.415350734070977
19.60392078415683,27.536969709667083
19.62392478495699,27.65897778191946
19.64392878575715,27.781355676630305
19.66393278655731,27.90408406117922
19.68393678735747,28.027143547577257
19.70394078815763,28.150514695529722
19.72394478895779,28.274178015507264
19.74394878975795,28.398113971824717
19.76395279055811,28.52230298572725
19.78395679135827,28.64672543848332
19.80396079215843,28.771361674483927
19.82396479295859,28.896192004347725
19.84396879375875,29.021196708031418
19.86397279455891,29.146356037945054
19.88397679535907,29.271650222071635
19.90398079615923,29.397059467090596
19.92398479695939,29.522563961504662
19.943988797759552,29.648143878769545
19.963992798559712,29.773779380426056
19.983996799359872,29.899450619234074
20.004000800160032,60.025137742307905
20.024004800960192,60.150820894252554
20.044008801760352,60.27648022030034
20.064012802560512,60.40209586944751
20.084016803360672,60.52764799759011
20.104020804160832,60.653116770658954
20.124024804960992,60.778482367752815
20.144028805761153,60.9037249842697
20.164032806561313,61.02882483503541
20.184036807361473,61.153762157429156
20.204040808161633,61.27851721450554
20.224044808961793,61.40307029811246
20.244048809761953,61.52740173200455
20.264052810562113,61.6514918749515
20.284056811362273,61.775321123840875
20.304060812162433,61.898869916774935
20.324064812962593,62.0221187361609
20.344068813762753,62.14504811179423
20.364072814562913,62.267638623934474
20.384076815363073,62.38987090637302
20.404080816163233,62.51172564949254
20.424084816963394,62.63318360331741
20.444088817763554,62.75422558055468
20.464092818563714,62.87483245962522
20.484096819363874,62.99498518768441
20.504100820164034,63.114664783632065
20.524104820964194,63.23385234111094
20.544108821764354,63.352529031493425
20.564112822564514,63.470676106856054
20.584116823364674,63.58827490294116
20.604120824164834,63.70530684210538
20.624124824964994,63.82175343625444
20.644128825765154,63.93759628976382
20.664132826565314,64.05281710238478
20.684136827365474,64.16739767213535
20.704140828165635,64.28131989817581
20.724144828965795,64.3945657836681
20.744148829765955,64.50711743861893
20.764152830566115,64.61895708270593
20.784156831366275,64.73006704808647
20.804160832166435,64.84042978218875
20.824164832966595,64.95002785048466
20.844168833766755,65.05884393924401
20.864172834566915,65.16686085826967
20.884176835367075,65.27406154361313
20.904180836167235,65.38042906027022
20.924184836967395,65.48594660485642
20.944188837767555,65.59059750826137
20.964192838567715,65.69436523828213
20.984196839367875,65.79723340223487
21.004200840168036,65.89918574954453
21.024204840968196,66.00020617431197
21.044208841768356,66.1002787178583
21.064212842568516,66.19938757124598
21.084216843368676,66.29751707777615
21.104220844168836,66.3946517354621
21.124224844968996,66.49077619947812
21.144228845769156,66.58587528458364
21.164232846569316,66.67993396752205
21.184236847369476,66.77293738939407
21.204240848169636,66.86487085800505
21.224244848969796,66.95571985018596
21.244248849769956,67.0454700140877
21.264252850570116,67.13410717144828
21.284256851370277,67.22161731983273
21.304260852170437,67.30798663484501
21.324264852970597,67.39320147231203
21.344268853770757,67.47724837043899
21.364272854570917,67.56011405193605
21.384276855371077,67.64178542611583
21.404280856171237,67.72224959096134
21.424284856971394,67.80149383516422
21.444288857771554,67.87950564013286
21.464292858571714,67.95627268196989
21.484296859371874,68.03178283341911
21.504300860172034,68.10602416578138
21.524304860972194,68.17898495079885
21.544308861772354,68.25065366250797
21.564312862572514,68.32101897906009
21.584316863372674,68.39006978451017
21.604320864172834,68.45779517057274
21.624324864972994,68.52418443834516
21.644328865773154,68.5892270999978
21.664332866573314,68.65291288043079
21.684336867373474,68.71523171889729
21.704340868173635,68.77617377059282
21.724344868973795,68.83572940821047
21.744348869773955,68.89388922346177
21.764352870574115,68.95064402856298
21.784356871374275,69.00598485768651
21.804360872174435,69.05990296837739
21.824364872974595,69.11238984293414
21.844368873774755,69.16343718975459
21.864372874574915,69.21303694464558
21.884376875375075,69.26118127209702
21.904380876175235,69.30786256651957
21.924384876975395,69.35307345344627
21.944388877775555,69.39680679069741
21.964392878575715,69.43905566950887
21.984396879375875,69.47981341562352
22.004400880176036,69.5190735903456
22.024404880976196,69.55682999155782
22.044408881776356,69.59307665470119
22.064412882576516,69.62780785371726
22.084416883376676,69.66101810195266
22.104420884176836,69.69270215302592
22.124424884976996,69.72285500165616
22.144428885777156,69.75147188445393
22.164432886577316,69.77854828067359
22.184436887377476,69.80407991292753
22.204440888177636,69.8280627478619
22.224444888977796,69.85049299679375
22.244448889777956,69.87136711630951
22.264452890578116,69.8906818088249
22.284456891378277,69.90843402310567
22.304460892178437,69.92462095474978
22.324464892978597,69.93924004663035
22.344468893778757,69.9522889892996
22.364472894578917,69.96376572135377
22.384476895379077,69.97366842975867
22.404480896179237,69.9819955501362
22.424484896979397,69.98874576701138
22.444488897779557,69.99391801402021
22.464492898579717,69.99751147407812
22.484496899379877,69.99952557950911
22.504500900180037,69.99996001213526
22.524504900980197,69.99881470332724
22.544508901780357,69.9960898340149
22.564512902580518,69.99178583465888
22.584516903380678,69.98590338518252
22.604520904180838,69.97844341486444
22.624524904980998,69.96940710219178
22.644528905781158,69.958795874674
22.664532906581318,69.94661140861737
22.684536907381478,69.93285562886018
22.704540908181638,69.91753070846866
22.724544908981798,69.90063906839364
22.744548909781958,69.88218337708818
22.76455291058212,69.86216655008596
22.78455691138228,69.84059174954072
22.80456091218244,69.81746238372673
22.8245649129826,69.79278210650034
22.84456891378276,69.76655481672282
22.86457291458292,69.73878465764435
22.88457691538308,69.70947601624957
22.90458091618324,69.67863352256451
22.9245849169834,69.6462620489252
22.94458891778356,69.61236670920789
22.96459291858372,69.57695285802124
22.98459691938388,69.54002608986045
23.00460092018404,69.5015922382234
23.0246049209842,69.46165737468917
23.04460892178436,69.42022780795884
23.06461292258452,69.37731008285888
23.08461692338468,69.3329109793073
23.10462092418484,69.28703751124249
23.124624924985,69.23969692551522
23.14462892578516,69.1908967007439
23.16463292658532,69.14064454613307
23.18463692738548,69.08894840025555
23.20464092818564,69.03581642979834
23.2246449289858,68.98125702827255
23.24464892978596,68.92527881468736
23.26465293058612,68.86789063218846
23.284656931386277,68.80910154666111
23.304660932186437,68.74892084529785
23.324664932986597,68.68735803513142
23.344668933786757,68.62442284153296
23.364672934586917,68.5601252066755
23.384676935387077,68.49447528796344
23.404680936187237,68.42748345642795
23.424684936987397,68.35916029508854
23.444688937787557,68.28951659728128
23.464692938587717,68.21856336495362
23.484696939387877,68.14631180692652
23.504700940188037,68.0727733371236
23.524704940988197,67.99795957276811
23.544708941788357,67.92188233254763
23.564712942588518,67.84455363474707
23.584716943388678,67.7659856953501
23.604720944188838,67.68619092610925
23.624724944988998,67.60518193258527
23.644728945789158,67.52297151215569
23.664732946589318,67.43957265199317
23.684736947389478,67.35499852701393
23.704740948189638,67.26926249779632
23.724744948989798,67.18237810847026
23.744748949789958,67.09435908457766
23.76475295059012,67.00521933090398
23.78475695139028,66.91497292928179
23.80476095219044,66.82363413636608
23.8247649529906,66.73121738138215
23.84476895379076,66.63773726384603
23.86477295459092,66.54320855125832
23.88477695539108,66.44764617677112
23.90478095619124,66.35106523682902
23.9247849569914,66.25348098878433
23.94478895779156,66.15490884848666
23.96479295859172,66.05536438784775
23.98479695939188,65.95486333238134
24.00480096019204,65.85342155871908
24.0248049609922,65.75105509210235
24.04480896179236,65.64778010385069
24.06481296259252,65.54361290880718
24.08481696339268,65.438569962761
24.10482096419284,65.33266785984793
24.124824964993,65.22592332992888
24.14482896579316,65.11835323594696
24.16483296659332,65.00997457126354
24.18483696739348,64.90080445697384
24.20484096819364,64.79086013920212
24.2248449689938,64.68015898637725
24.24484896979396,64.56871848648893
24.26485297059412,64.4565562443251
24.28485697139428,64.34368997869072
24.30486097219444,64.23013751960873
24.3248649729946,64.11591680550333
24.34486897379476,64.00104588036614
24.36487297459492,63.88554289090571
24.38487697539508,63.769426083680855
24.40488097619524,63.65271380221807
24.4248849769954,63.53542448411377
24.44488897779556,63.41757665812162
24.46489297859572,63.29918894122542
24.48489697939588,63.18028003569812
24.50490098019604,63.06086872614734
24.5249049809962,62.94097387654786
24.54490898179636,62.820614427261575
24.56491298259652,62.69980939204542
24.58491698339668,62.57857785504767
24.60492098419684,62.45693896779312
24.624924984997,62.33491194615763
24.64492898579716,62.21251606733251
24.66493298659732,62.08977066677918
24.68493698739748,61.9666951351747
24.70494098819764,61.8433089153485
24.7249449889978,61.719631499210905
24.74494898979796,61.595682424673925
24.764952990598122,61.471481272564745
24.784956991398282,61.34704766353241
24.804960992198442,61.22240125494834
24.824964992998602,61.09756173780091
24.844968993798762,60.97254883358476
24.864972994598922,60.847382291185326
24.884976995399082,60.72208188375899
24.904980996199242,60.596667405609445
24.924984996999402,60.47115866906067
24.944988997799562,60.34557550132711
24.964992998599723,60.219937741381436
24.984996999399883,60.09426523682052
25.005001000200043,59.96857784073002
25.025005001000203,59.84289540854806
25.045009001800363,59.71723779492861
25.065013002600523,59.59162485060492
25.085017003400683,59.466076419253625
25.105021004200843,59.34061233435993
25.125025005001003,59.21525241608444
25.14502900580116,59.09001646813206
25.16503300660132,58.964924274623485
25.18503700740148,58.83999559696987
25.20504100820164,58.71525017075096
25.2250450090018,58.590707702597435
25.24504900980196,58.46638786707767
25.26505301060212,58.34231030358974
25.28505701140228,58.21849461325883
25.30506101220244,58.09496035584078
25.3250650130026,57.971727046632125
25.34506901380276,57.84881415338717
25.36507301460292,57.72624109324261
25.38507701540308,57.60402722965003
25.40508101620324,57.48219186931705
25.4250850170034,57.360754259157325
25.44508901780356,57.23973358325002
25.46509301860372,57.11914895980918
25.48509701940388,56.999019438163614
25.50510102020404,56.87936399574744
25.5251050210042,56.76020153510232
25.54510902180436,56.64155088089112
25.56511302260452,56.523430776924315
25.58511702340468,56.405859883198715
25.60512102420484,56.28885677294987
25.625125025005,56.172439929717754
25.64512902580516,56.05662774442706
25.66513302660532,55.94143851248165
25.68513702740548,55.82689043087461
25.70514102820564,55.713001595313294
25.7251450290058,55.599789997360965
25.74514902980596,55.48727352159432
25.765153030606122,55.375469942778274
25.785157031406282,55.264396923058115
25.805161032206442,55.154072009169106
25.825165033006602,55.04451262966476
25.845169033806762,54.93573609216336
25.865173034606922,54.827759580614014
25.885177035407082,54.720600152581795
25.905181036207242,54.61427473655331
25.925185037007402,54.508800129262184
25.945189037807562,54.40419299303585
25.965193038607723,54.300469853163065
25.985197039407883,54.19764709528359
26.005201040208043,54.09574096279942
26.025205041008203,53.994767554308964
26.045209041808363,53.89474282106369
26.065213042608523,53.79568256444837
26.085217043408683,53.697602433484725
26.105221044208843,53.600517922359444
26.125225045009003,53.50444436797628
26.145229045809163,53.40939694753344
26.165233046609323,53.31539067612574
26.185237047409483,53.22244040437282
26.205241048209643,53.1305608160729
26.225245049009803,53.03976642588334
26.245249049809964,52.95007157702747
26.265253050610124,52.8614904390289
26.285257051410284,52.77403700547294
26.305261052210444,52.68772509179615
26.325265053010604,52.602568333103626
26.345269053810764,52.51858018201523
26.365273054610924,52.43577390654018
26.385277055411084,52.354162587981286
26.405281056211244,52.273759118868185
26.425285057011404,52.19457620092089
26.445289057811564,52.11662634304301
26.465293058611724,52.039921859345846
26.485297059411884,51.96447486720293
26.505301060212044,51.89029728533592
26.525305061012205,51.81740083193159
26.545309061812365,51.74579702279081
26.565313062612525,51.675497169509214
26.585317063412685,51.60651237769029
26.605321064212845,51.538853545191046
26.625325065013005,51.47253136040031
26.645329065813165,51.40755630055034
26.665333066613325,51.34393863006156
26.685337067413485,51.281688398921204
26.705341068213645,51.22081544109551
26.725345069013805,51.16132937297632
26.745349069813965,51.10323959186184
26.765353070614125,51.04655527447222
26.785357071414285,50.99128537549971
26.805361072214446,50.93743862619421
26.825365073014606,50.885023532983794
26.845369073814766,50.834048376131065
26.865373074614926,50.784521208424934
26.885377075415086,50.7364498539086
26.905381076215246,50.68984190664347
26.925385077015406,50.64470472950955
26.945389077815566,50.60104545304222
26.965393078615726,50.55887097430589
26.985397079415886,50.51818795580433
27.005401080216043,50.479002824428264
27.025405081016203,50.44132177044
27.045409081816363,50.40515074649555
27.065413082616523,50.37049546670431
27.085417083416683,50.337361405726305
27.105421084216843,50.30575379790737
27.125425085017003,50.27567763645224
27.145429085817163,50.24713767263575
27.165433086617323,50.22013841505229
27.185437087417483,50.19468412890347
27.205441088217643,50.17077883532445
27.225445089017803,50.14842631074859
27.245449089817964,50.127630086310944
27.265453090618124,50.10839344729038
27.285457091418284,50.09071943259064
27.305461092218444,50.074610834260206
27.325465093018604,50.06007019705128
27.345469093818764,50.047099818017756
27.365473094618924,50.03570174615235
27.385477095419084,50.02587778206289
27.405481096219244,50.017629477687905
27.425485097019404,50.01095813605142
27.445489097819564,50.00586481105714
27.465493098619724,50.002350307321905
27.485497099419884,50.00041518004869
27.505501100220044,50.000059734938766
27.525505101020205,50.0012840281435
27.545509101820365,50.00408786625546
27.565513102620525,50.008470806338934
27.585517103420685,50.014432155999955
27.605521104220845,50.021970973495655
27.625525105021005,50.031086067883024
27.645529105821165,50.04177599920709
27.665533106621325,50.05403907872835
27.685537107421485,50.06787336918956
27.705541108221645,50.083276685121824
27.725545109021805,50.10024659318975
27.745549109821965,50.11878041257594
27.765553110622125,50.138875215404425
27.785557111422285,50.16052782720327
27.805561112222446,50.18373482740598
27.825565113022606,50.20849254989192
27.845569113822766,50.23479708356545
27.865573114622926,50.26264427297377
27.885577115423086,50.29202971896341
27.905581116223246,50.322948779375146
27.925585117023406,50.35539656977734
27.945589117823566,50.38936796423762
27.965593118623726,50.42485759613259
27.985597119423886,50.461859858995616
28.005601120224046,50.50036890740256
28.025605121024206,50.54037865789513
28.045609121824366,50.581882789942036
28.065613122624526,50.6248747469373
28.085617123424687,50.66934773723622
28.105621124224847,50.71529473522814
28.125625125025007,50.76270848244639
28.145629125825167,50.8115814887149
28.165633126625327,50.86190603333152
28.185637127425487,50.913674166287606
28.205641128225647,50.96687770952401
28.225645129025807,51.02150825822295
28.245649129825967,51.077557182135784
28.265653130626127,51.13501562694635
28.285657131426287,51.19387451566976
28.305661132226447,51.2541245500863
28.325665133026607,51.31575621221034
28.345669133826767,51.37875976579389
28.365673134626928,51.44312525786478
28.385677135427088,51.50884252029883
28.405681136227248,51.575901171426324
28.425685137027408,51.64429061767189
28.445689137827568,51.71400005522818
28.465693138627728,51.78501847176244
28.485697139427888,51.85733464815631
28.505701140228048,51.93093716027806
28.525705141028208,52.00581438078742
28.545709141828368,52.081954480972286
28.56571314262853,52.159345432617485
28.58571714342869,52.237975009904794
28.60572114422885,52.31783079134447
28.62572514502901,52.39890016173735
28.64572914582917,52.481170314167926
28.66573314662933,52.56462825202732
28.68573714742949,52.64926079106661
28.70574114822965,52.73505456147943
28.72574514902981,52.8219960100142
28.74574914982997,52.91007140211519
28.76575315063013,52.999266824092075
28.78575715143029,53.089568185318164
28.80576115223045,53.1809612204562
28.82576515303061,53.27343149171203
28.84576915383077,53.36696439111532
28.865773154630926,53.461545142827326
28.885777155431086,53.55715880547511
28.905781156231246,53.65379027451175
28.925785157031406,53.751424284602706
28.945789157831566,53.85004541203715
28.965793158631726,53.94963807716469
28.985797159431886,54.05018654685641
29.005801160232046,54.15167493699047
29.025805161032206,54.25408721496119
29.045809161832366,54.357407202212066
29.065813162632526,54.46161857679128
29.085817163432687,54.56670487593042
29.105821164232847,54.67264949864495
29.125825165033007,54.779435708357
29.145829165833167,54.88704663553902
29.165833166633327,54.99546528037906
29.185837167433487,55.104674515466016
29.205841168233647,55.2146570884956
29.225845169033807,55.32539562499551
29.245849169833967,55.43687263107039
29.265853170634127,55.54907049616523
29.285857171434287,55.66197149584758
29.305861172234447,55.77555779460734
29.325865173034607,55.88981144867452
29.345869173834767,56.00471440885387
29.365873174634928,56.12024852337602
29.385877175435088,56.23639554076527
29.405881176235248,56.35313711272261
29.425885177035408,56.47045479702451
29.445889177835568,56.58833006043612
29.465893178635728,56.706744281639274
29.485897179435888,56.82567875417395
29.505901180236048,56.94511468939364
29.525905181036208,57.06503321943328
29.545909181836368,57.185415400190124
29.56591318263653,57.30624221431617
29.58591718343669,57.427494574222685
29.60592118423685,57.54915332509532
29.62592518503701,57.67119924792033
29.64592918583717,57.79361306252042
29.66593318663733,57.91637543060085
29.68593718743749,58.03946695880404
29.70594118823765,58.16286820177358
29.72594518903781,58.28655966522579
29.74594918983797,58.41052180902961
29.76595319063813,58.534735050293186
29.78595719143829,58.65917976645773
29.80596119223845,58.78383629839712
29.82596519303861,58.90868495352382
29.84596919383877,59.03370600889955
29.86597319463893,59.158879714351265
29.88597719543909,59.28418629559093
29.90598119623925,59.40960595733961
29.92598519703941,59.53511888645438
29.94598919783957,59.66070525505856
29.96599319863973,59.786345223673734
29.98599719943989,59.912018944354195
30.00600120024005,30.037706563822102
30.02600520104021,30.163388226604102
30.04600920184037,30.28904407816771
30.06601320264053,30.4146542680581
30.08601720344069,30.54019895303371
30.10602120424085,30.665658300201184
30.12602520504101,30.79101249014841
30.14602920584117,30.916241720075348
30.16603320664133,31.041326206922626
30.18603720744149,31.1662461904965
30.20604120824165,31.290981936590722
30.22604520904181,31.41551374010378
30.24604920984197,31.53982192815209
30.26605321064213,31.66388686317753
30.28605721144229,31.78768894604996
30.30606121224245,31.9112086191631
30.32606521304261,32.034426369524446
30.34606921384277,32.15732273183752
30.36607321464293,32.279878291577184
30.38607721544309,32.40207368805638
30.40608121624325,32.52388961748491
30.42608521704341,32.645306836018634
30.44608921784357,32.76630616279983
30.46609321864373,32.88686848298699
30.48609721944389,33.00697475077476
30.50610122024405,33.12660599240243
30.52610522104421,33.24574330915157
30.54610922184437,33.364367880331294
30.566113222644532,33.48246096625171
30.586117223444692,33.60000391118406
30.606121224244852,33.716978146308115
30.626125225045012,33.833365192645324
30.646129225845172,33.949146663978276
30.666133226645332,34.064304269755006
30.686137227445492,34.178819817978706
30.706141228245652,34.29267521808133
30.726145229045812,34.405852483781715
30.74614922984597,34.51833373592666
30.76615323064613,34.630101205315796
30.78615723144629,34.74113723550817
30.80616123224645,34.85142428561195
30.82616523304661,34.96094493305513
30.84616923384677,35.06968187633812
30.86617323464693,35.1776179377667
30.88617723544709,35.28473606616589
30.90618123624725,35.391019339573404
30.92618523704741,35.49645096791306
30.94618923784757,35.60101429564703
30.96619323864773,35.7046928044072
30.98619723944789,35.80747011560439
31.00620124024805,35.90932999301604
31.02620524104821,36.010256345350854
31.04620924184837,36.11023322879108
31.06621324264853,36.209244849510995
31.08621724344869,36.307275566172116
31.10622124424885,36.40430989239398
31.12622524504901,36.50033249920078
31.14622924584917,36.595328217442734
31.16623324664933,36.68928204019267
31.18623724744949,36.78217912511652
31.20624124824965,36.874004796818234
31.22624524904981,36.96474454915791
31.24624924984997,37.05438404754366
31.26625325065013,37.14290913119579
31.28625725145029,37.2303058153842
31.30626125225045,37.3165602936373
31.32626525305061,37.40165893992333
31.34626925385077,37.485588310802726
31.36627325465093,37.568335147552055
31.38627725545109,37.64988637825834
31.40628125625125,37.730229119884285
31.42628525705141,37.80935068030332
31.44628925785157,37.88723856030476
31.46629325865173,37.963880455568244
31.48629725945189,38.03926425860763
31.50630126025205,38.11337806068356
31.52630526105221,38.186210153684826
31.54630926185237,38.257749031977944
31.566313262652532,38.32798339422465
31.586317263452692,38.39690214516742
31.606321264252852,38.46449439738201
31.626325265053012,38.53074947299763
31.646329265853172,38.595656905383564
31.666333266653332,38.65920644080282
31.686337267453492,38.7213880400318
31.706341268253652,38.78219187994636
31.726345269053812,38.84160835507355
31.746349269853972,38.89962807910909
31.766353270654133,38.956241886400115
31.786357271454293,39.01144083339315
31.806361272254453,39.065216200046954
31.826365273054613,39.11755949121009
31.846369273854773,39.168462437962866
31.866373274654933,39.21791699892376
31.886377275455093,39.265915361519596
31.906381276255253,39.31244994321986
31.926385277055413,39.35751339273444
31.946389277855573,39.40109859117507
31.966393278655733,39.44319865317979
31.986397279455893,39.48380692800082
32.00640128025605,39.52291700055502
32.02640528105621,39.560522692437516
32.04640928185637,39.59661806289756
32.066413282656534,39.63119740977715
32.08641728345669,39.6642552704117
32.106421284256854,39.695786422493164
32.12642528505701,39.725785884894826
32.146429285857174,39.75424891845841
32.16643328665733,39.78117102674254
32.186437287457494,39.80654795673326
32.20644128825765,39.83037569951572
32.226445289057814,39.85265049090765
32.24644928985797,39.873368812053855
32.266453290658134,39.892527389982234
32.28645729145829,39.91012319812073
32.306461292258454,39.92615345677553
32.32646529305861,39.94061563357011
32.346469293858775,39.95350744384535
32.36647329465893,39.964826851020426
32.386477295459095,39.974572066914526
32.40648129625925,39.98274155202936
32.426485297059415,39.989334015792366
32.44648929785957,39.994348416760545
32.466493298659735,39.99778396278505
32.48649729945989,39.99964011113626
32.506501300260055,39.999916568589555
32.52650530106021,39.998613291471635
32.546509301860375,39.99573048566741
32.56651330266053,39.99126860658748
32.586517303460695,39.98522835909618
32.60652130426085,39.977610697400266
32.626525305061016,39.96841682489812
32.64652930586117,39.957648193989684
32.666533306661336,39.945306505847
32.68653730746149,39.93139371014549
32.706541308261656,39.91591200475592
32.72654530906181,39.89886383539721
32.746549309861976,39.88025189525008
32.76655331066213,39.86007912453161
32.786557311462296,39.8383487100307
32.80656131226245,39.8150640846047
32.826565313062616,39.79022892663707
32.84656931386277,39.76384715945631
32.866573314662936,39.73592295071616
32.88657731546309,39.70646071173721
32.90658131626326,39.675465096810036
32.92658531706341,39.64294100245995
32.94658931786358,39.60889356667343
32.96659331866373,39.5733281680865
32.9865973194639,39.53625042513498
33.00660132026405,39.49766619516701
33.02660532106422,39.4575815735176
33.04660932186437,39.41600289254589
33.06661332266454,39.37293672063461
33.086617323464694,39.32838986115262
33.10662132426486,39.282369351380005
33.126625325065014,39.23488246139647
33.14662932586518,39.18593669293275
33.166633326665334,39.135539778185645
33.1866373274655,39.0836996785964
33.206641328265654,39.03042458359312
33.22664532906582,38.97572290929693
33.246649329865974,38.91960329719255
33.26665333066614,38.86207461276305
33.286657331466294,38.803145944089465
33.30666133226646,38.74282660041492
33.326665333066614,38.68112611067423
33.34666933386678,38.61805422198832
33.366673334666935,38.553620898124684
33.3866773354671,38.48783631792312
33.406681336267255,38.42071087368793
33.42668533706742,38.35225516954604
33.446689337867575,38.28248001977196
33.46669333866774,38.21139644707923
33.486697339467895,38.13901568087932
33.50670134026806,38.06534915550744
33.526705341068215,37.99040850841642
33.54670934186837,37.91420557833813
33.566713342668535,37.836752403413215
33.58671734346869,37.758061219289715
33.606721344268855,37.67814445718961
33.62672534506901,37.59701474194554
33.646729345869176,37.51468489000592
33.66673334666933,37.43116790741071
33.686737347469496,37.346476987736345
33.70674134826965,37.26062551001189
33.726745349069816,37.17362703660518
33.74674934986997,37.08549531108054
33.766753350670136,36.996244256027445
33.78675735147029,36.90588797086129
33.806761352270456,36.814440729595866
33.82676535307061,36.72191697858858
33.846769353870776,36.62833133425816
33.86677335467093,36.533698580775756
33.8867773554711,36.438033667729286
33.90678135627125,36.341351707761916
33.92678535707142,36.24366797418449
33.94678935787157,36.14499789856289
33.96679335867174,36.04535706828008
33.98679735947189,35.94476122407388
34.00680136027206,35.843226257550086
34.02680536107221,35.740768208672264
34.04680936187238,35.6374032632276
34.066813362672534,35.533147750270146
34.0868173634727,35.42801813954107
34.106821364272854,35.32203103886704
34.12682536507302,35.215203191536396
34.146829365873174,35.107551473654354
34.16683336667334,34.99909289147678
34.186837367473494,34.88984457872387
34.20684136827366,34.77982379387319
34.226845369073814,34.66904791743356
34.24684936987398,34.55753444919908
34.266853370674134,34.44530100548489
34.2868573714743,34.33236531634395
34.306861372274454,34.21874522276642
34.32686537307462,34.104458673860975
34.346869373874775,33.98952372401954
34.36687337467494,33.873958530064904
34.386877375475095,33.757781348382665
34.40688137627526,33.6410105320369
34.426885377075415,33.523664527871134
34.44688937787558,33.40576187359392
34.466893378675735,33.28732119485062
34.4868973794759,33.16836120228076
34.506901380276055,33.04890068856248
34.52690538107622,32.928958525443505
34.546909381876375,32.808553660760154
34.56691338267654,32.68770511544377
34.586917383476695,32.56643198051621
34.60692138427686,32.4447534140736
34.626925385077016,32.3226886382602
34.64692938587718,32.20025693623145
34.666933386677336,32.077477649108005
34.6869373874775,31.954370172920083
34.706941388277656,31.830953955543606
34.72694538907782,31.707248493627702
34.746949389877976,31.583273329514963
34.76695339067814,31.459048048153996
34.786957391478296,31.334592274005757
34.80696139227846,31.209925667943107
34.826965393078616,31.085067924145182
34.84696939387878,30.960038766985907
34.866973394678936,30.834857947918337
34.8869773954791,30.709545242354146
34.90698139627926,30.584120446539885
34.92698539707942,30.4586033744294
34.94698939787958,30.333013854554007
34.96699339867974,30.207371726889786
34.9869973994799,30.08169683972368
35.00700140028006,29.956009046517654
35.02700540108022,29.830328202772648
35.04700940188038,29.704674162891617
35.06701340268054,29.579066777043366
35.0870174034807,29.453525888026245
35.10702140428086,29.328071328134186
35.12702540508102,29.202722916022857
35.14702940588118,29.077500453579695
35.16703340668134,28.952423722794823
35.1870374074815,28.82751248263688
35.20704140828166,28.702786465930725
35.22704540908182,28.57826537624101
35.24704940988198,28.453968884758673
35.26705341068214,28.32991662719421
35.2870574114823,28.20612820067494
35.30706141228246,28.082623160649806
35.32706541308262,27.959421017799674
35.34706941388278,27.836541234955416
35.36707341468294,27.71400322402303
35.3870774154831,27.591826342917305
35.407081416283255,27.470029892503526
35.42708541708342,27.348633113548523
35.447089417883575,27.22765518368122
35.46709341868374,27.107115214362818
35.487097419483895,26.98703224786793
35.50710142028406,26.867425254276117
35.527105421084215,26.748313128475363
35.54710942188438,26.62971468717689
35.567113422684535,26.511648665942857
35.5871174234847,26.394133716226353
35.607121424284855,26.277188402425203
35.62712542508502,26.160831198948987
35.647129425885176,26.045080487300826
35.66713342668534,25.9299545531733
35.687137427485496,25.815471583560026
35.70714142828566,25.701649663882318
35.727145429085816,25.588506775132412
35.74714942988598,25.476060791032644
35.767153430686136,25.36432947521214
35.7871574314863,25.253330478400322
35.807161432286456,25.14308133563881
35.82716543308662,25.03359946351108
35.847169433886776,24.92490215739133
35.86717343468694,24.817006588711983
35.8871774354871,24.709929802251303
35.90718143628726,24.603688713440487
35.92718543708742,24.498300105691712
35.94718943788758,24.39378062774653
35.96719343868774,24.290146791046027
35.9871974394879,24.187414967122187
36.00720144028806,24.085601385011852
36.02720544108822,23.984722128692706
36.04720944188838,23.884793134542637
36.06721344268854,23.785830188821965
36.0872174434887,23.68784892517985
36.10722144428886,23.59086482218432
36.12722544508902,23.49489320087729
36.14722944588918,23.399949222354007
36.16723344668934,23.30604788536818
36.1872374474895,23.213204023962344
36.20724144828966,23.12143230512469
36.22724544908982,23.030747226471803
36.24724944988998,22.941163113958645
36.26725345069014,22.852694119615194
36.2872574514903,22.76535421931099
36.30726145229046,22.679157210547093
36.32726545309062,22.594116710276623
36.34726945389078,22.510246152753446
36.36727345469094,22.42755878741007
36.3872774554911,22.34606767676439
36.40728145629126,22.265785694356346
36.42728545709142,22.186725522713992
36.44728945789158,22.108899651350242
36.46729345869174,22.032320374789514
36.4872974594919,21.956999790625925
36.50730146029206,21.8829497976117
36.52730546109222,21.81018209377796
36.54730946189238,21.738708174586225
36.56731346269254,21.66853933111293
36.5873174634927,21.59968664826523
36.60732146429286,21.532161003030325
36.62732546509302,21.465973062756724
36.64732946589318,21.401133283469523
36.66733346669334,21.337651908218177
36.6873374674935,21.275538965458722
36.70734146829366,21.21480426746929
36.72734546909382,21.155457408800174
36.74734946989398,21.097507764757985
36.76735347069414,21.040964489924754
36.7873574714943,20.985836516711565
36.80736147229446,20.932132553947625
36.82736547309462,20.879861085504345
36.84736947389478,20.82903036895523
36.86737347469494,20.779648434271262
36.8873774754951,20.7317230825525
36.907381476295264,20.685261884795576
36.92738547709542,20.640272180697785
36.947389477895584,20.59676107749749
36.96739347869574,20.554735448851456
36.987397479495904,20.5142019337489
37.00740148029606,20.47516693546277
37.027405481096224,20.43763662053813
37.04740948189638,20.401616917818053
37.067413482696544,20.36711351750696
37.0874174834967,20.334131870271776
37.107421484296864,20.30267718638079
37.12742548509702,20.272754434880632
37.147429485897185,20.24436834281122
37.16743348669734,20.217523394459086
37.187437487497505,20.192223830648896
37.20744148829766,20.168473648073565
37.227445489097825,20.14627659866283
37.24744948989798,20.125636188990597
37.26745349069814,20.106555679720934
37.2874574914983,20.089038085092994
37.30746149229846,20.073086172444864
37.32746549309862,20.058702461776345
37.34746949389878,20.045889225350905
37.36747349469894,20.034648487336682
37.3874774954991,20.024982023486736
37.40748149629926,20.016891360858523
37.42748549709942,20.01037777757265
37.44748949789958,20.00544230261097
37.46749349869974,20.002085715654033
37.4874974994999,20.00030854695791
37.50750150030006,20.000111077270425
37.52750550110022,20.001493337786805
37.54750950190038,20.004455110144754
37.56751350270054,20.008995926458958
37.5875175035007,20.015115069394973
37.60752150430086,20.022811572282578
37.62752550510102,20.032084219268448
37.64752950590118,20.042931545508274
37.66753350670134,20.05535183739812
37.6875375075015,20.06934313284518
37.70754150830166,20.08490322157769
37.72754550910182,20.10202964549414
37.74754950990198,20.120719699051563
37.76755351070214,20.140970429692945
37.7875575115023,20.162778638313668
37.80756151230246,20.18614087976689
37.82756551310262,20.211053463407744
37.84756951390278,20.237512453676473
37.86757351470294,20.265513670719994
37.887577515503104,20.295052691052387
37.90758151630326,20.326124848253507
37.927585517103424,20.358725233706366
37.94758951790358,20.392848697372337
37.967593518703744,20.42848984860499
37.9875975195039,20.4656430570014
38.007601520304064,20.504302453291906
38.02760552110422,20.54446193026699
38.047609521904384,20.586115143742376
38.06761352270454,20.629255513560988
38.087617523504704,20.673876224632636
38.10762152430486,20.719970228010496
38.127625525105024,20.76753024200477
38.14762952590518,20.816548753332924
38.167633526705345,20.867018018306673
38.1876375275055,20.91893006405521
38.207641528305665,20.97227668978481
38.22764552910582,21.02704946807424
38.247649529905985,21.08323974620619
38.26765353070614,21.140838647534082
38.287657531506305,21.199837072884467
38.30766153230646,21.26022570199433
38.327665533106625,21.321994994983598
38.34766953390678,21.38513519386207
38.367673534706945,21.449636324071065
38.3876775355071,21.515488196059003
38.407681536307265,21.582680406891253
38.42768553710742,21.65120234189338
38.447689537907586,21.72104317632815
38.46769353870774,21.792191877105406
38.487697539507906,21.864637204525188
38.50770154030806,21.938367714053143
38.527705541108226,22.013371758128653
38.54770954190838,22.089637488004676
38.567713542708546,22.167152855619726
38.5877175435087,22.245905615500998
38.607721544308866,22.325883326699
38.62772554510902,22.40707335475274
38.647729545909186,22.48946287368585
38.66773354670934,22.573038868032548
38.687737547509506,22.657788134893977
38.70774154830966,22.743697286023703
38.72774554910983,22.830752749942953
38.74774954990998,22.91894077408434
38.76775355071015,23.00824742696463
38.7877575515103,23.098658600385363
38.80776155231047,23.190160011661803
38.82776555311062,23.28273720587903
38.84776955391079,23.376375558175653
38.86777355471094,23.471060276053976
38.88777755551111,23.566776401717036
38.907781556311264,23.663508814431353
38.92778555711143,23.761242232915833
38.947789557911584,23.859961217755618
38.96779355871175,23.959650173841325
38.987797559511904,24.06029335283248
39.00780156031207,24.16187485564558
39.027805561112224,24.26437863496549
39.04780956191239,24.367788497780786
39.067813562712544,24.472088107941588
39.08781756351271,24.57726098874049
39.107821564312864,24.68329052551524
39.12782556511302,24.79015996827364
39.147829565913185,24.897852434339534
39.16783356671334,25.006350911019744
39.187837567513505,25.11563825829188
39.20784156831366,25.225697211511747
39.227845569113825,25.336510384141107
39.24784956991398,25.448060270493748
39.267853570714145,25.560329248501642
39.2878575715143,25.67329958249805
39.307861572314465,25.786953426020055
39.32786557311462,25.901272824627085
39.347869573914785,26.016239718738053
39.36787357471494,26.131835946483513
39.387877575515105,26.248043246575584
39.40788157631526,26.364843261191968
39.427885577115426,26.48221753887678
39.44788957791558,26.600147537454802
39.467893578715746,26.7186146269611
39.4878975795159,26.83760009258377
39.507901580316066,26.957085137620712
39.52790558111622,27.07705088644874
39.547909581916386,27.19747838750572
39.56791358271654,27.318348616284187
39.587917583516706,27.439642478337003
39.60792158431686,27.561340812293516
39.627925585117026,27.683424392886856
39.64792958591718,27.805873933990757
39.667933586717346,27.92867009166657
39.6879375875175,28.051793467218836
39.70794158831767,28.175224610260052
39.72794558911782,28.298944021783086
39.74794958991799,28.422932157241792
39.76795359071814,28.547169429638284
39.78795759151831,28.671636212617464
39.80796159231846,28.796312843567208
39.82796559311863,28.921179626724843
39.84796959391878,29.04621683628832
39.86797359471895,29.171404719532635
39.887977595519104,29.29672349993002
39.90798159631927,29.422153380274395
39.927985597119424,29.547674545808537
39.94798959791959,29.67326716735463
39.967993598719744,29.79891140444645
39.98799759951991,29.924587408463967
40.008001600320064,30.05027532576864
40.02800560112023,30.175955300840066
40.048009601920384,30.30160747941237
40.06801360272055,30.427212011610976
40.088017603520704,30.552749055088082
40.10802160432087,30.678198778157544
40.128025605121024,30.803541362927497
40.14802960592119,30.928757008431372
40.168033606721345,31.053825933755657
40.18803760752151,31.17872838116507
40.208041608321665,31.303444619223495
40.22804560912183,31.427954945911342
40.248049609921985,31.552239691737682
40.26805361072215,31.67627922284781
40.288057611522305,31.800053944124627
40.30806161232247,31.923544302284437
40.328065613122625,32.04673078896561
40.34806961392279,32.16959394381068
40.368073614722945,32.292114357540335
40.38807761552311,32.41427267501982
40.408081616323265,32.53604959831634
40.42808561712343,32.657425889747884
40.448089617923586,32.778382374922046
40.46809361872375,32.89889994576535
40.488097619523906,33.018959563541564
40.50810162032407,33.13854226185965
40.528105621124226,33.257629149669654
40.54810962192439,33.37620141424732
40.568113622724546,33.49424032416576
40.58811762352471,33.61172723225477
40.608121624324866,33.728643578546425
40.62812562512503,33.844970893207254
40.648129625925186,33.960690799455826
40.66813362672535,34.075785016466035
40.688137627525506,34.19023536225477
40.70814162832567,34.30402375655446
40.72814562912583,34.41713222366902
40.74814962992599,34.52954289531388
40.76815363072615,34.64123801343839
40.78815763152631,34.75219993303145
40.80816163232647,34.86241112490866
40.82816563312663,34.971854178481934
40.84816963392679,35.0805118045093
40.86817363472695,35.188366837826905
40.88817763552711,35.29540224005994
40.90818163632727,35.401601102314984
40.92818563712743,35.50694664785047
40.94818963792759,35.61142223472771
40.96819363872775,35.71501135843919
40.988197639527904,35.8176976545165
41.00820164032807,35.91946490111511
41.028205641128224,36.02029702157706
41.04820964192839,36.12017808697085
41.068213642728544,36.21909231860759
41.08821764352871,36.317024090533835
41.108221644328864,36.41395793199987
41.12822564512903,36.50987852990394
41.148229645929185,36.604770731211126
41.16823364672935,36.698619545347306
41.188237647529505,36.79141014656712
41.20824164832967,36.88312787629626
41.228245649129825,36.97375824544694
41.24824964992999,37.06328693670702
41.268253650730145,37.1516998068016
41.28825765153031,37.23898288872745
41.308261652330465,37.32512239395927
41.32826565313063,37.41010471462815
41.348269653930785,37.49391642567104
41.36827365473095,37.57654428695179
41.388277655531105,37.65797524535254
41.40828165633127,37.738196436836
41.428285657131426,37.817195188477434
41.44828965793159,37.894959020466864
41.468293658731746,37.97147564808038
41.48829765953191,38.04673298362097
41.508301660332066,38.12071913832795
41.52830566113223,38.19342242425519
41.548309661932386,38.264831356117426
41.56831366273255,38.334934653104725
41.588317663532706,38.40372124066449
41.60832166433287,38.47118025225104
41.628325665133026,38.537301031042155
41.64832966593319,38.60207313162272
41.668333666733346,38.66548632163467
41.68833766753351,38.7275305833936
41.70834166833367,38.788196115471195
41.72834566913383,38.84747333424369
41.74834966993399,38.90535287540574
41.76835367073415,38.96182559544988
41.78835767153431,39.01688257311084
41.80836167233447,39.07051511077498
41.82836567313463,39.12271473585419
41.84836967393479,39.17347320212446
41.86837367473495,39.22278249102848
41.88837767553511,39.27063481294245
41.90838167633527,39.31702260840653
41.92838567713543,39.36193854931922
41.94838967793559,39.405375540094795
41.96839367873575,39.44732671878446
41.98839767953591,39.487785458160154
42.00840168033607,39.52674536676165
42.02840568113623,39.564200289906125
42.04840968193639,39.60014431066054
42.06841368273655,39.63457175077628
42.08841768353671,39.667477171586256
42.10842168433687,39.69885537486398
42.12842568513703,39.72870140364489
42.14842968593719,39.75701054300926
42.16843368673735,39.783778320827196
42.18843768753751,39.80900050846499
42.20844168833767,39.832673121453254
42.22844568913783,39.85479242011623
42.24844968993799,39.875354910162734
42.26845369073815,39.894357343237985
42.28845769153831,39.91179671743693
42.30846169233847,39.927670277778304
42.32846569313863,39.94197551664003
42.34846969393879,39.95471017415518
42.36847369473895,39.96587223856912
42.38847769553911,39.97545994655721
42.40848169633927,39.98347178350346
42.42848569713943,39.989906483739716
42.44848969793959,39.994763030745666
42.46849369873975,39.99804065730938
42.48849769953991,39.999738845648544
42.50850170034007,39.99985732749223
42.52850570114023,39.9983960841233
42.54850970194039,39.99535534638135
42.56851370274055,39.99073559462624
42.58851770354071,39.984537558662204
42.60852170434087,39.97676221762259
42.62852570514103,39.96741079981515
42.64852970594119,39.95648478252801
42.66853370674135,39.94398589179629
42.688537707541514,39.92991610212943
42.70854170834167,39.914277636199316
42.728545709141834,39.89707296448907
42.74854970994199,39.87830480490285
42.768553710742154,39.857976122336424
42.78855771154231,39.836090128208866
42.808561712342474,39.812650279955164
42.82856571314263,39.78766028048009
42.84856971394279,39.761124077573186
42.86857371474295,39.733045863285135
42.88857771554311,39.70343007326553
42.90858171634327,39.672281386062124
42.92858571714343,39.639604722381804
42.94858971794359,39.60540524431313
42.96859371874375,39.569688354511
42.98859771954391,39.53245969534301
43.00860172034407,39.49372514799825
43.02860572114423,39.4534908315581
43.04860972194439,39.41176310202968
43.06861372274455,39.368548551341654
43.08861772354471,39.32385400630297
43.10862172434487,39.27768652752431
43.12862572514503,39.23005340830277
43.14862972594519,39.18096217346964
43.16863372674535,39.13042057820171
43.18863772754551,39.078436606796096
43.20864172834567,39.02501847140904
43.22864572914583,38.97017461075843
43.24864972994599,38.91391368879084
43.26865373074615,38.856244593312745
43.28865773154631,38.79717643458657
43.30866173234647,38.73671854389136
43.32866573314663,38.67488047204885
43.34866973394679,38.61167198791449
43.36867373474695,38.5471030768344
43.38867773554711,38.48118393906772
43.40868173634727,38.41392498817548
43.42868573714743,38.34533684937528
43.44868973794759,38.27543035786295
43.46869373874775,38.204216557100736
43.48869773954791,38.13170669707284
43.50870174034807,38.05791223250805
43.52870574114823,37.98284482107036
43.54870974194839,37.90651632151715
43.56871374274855,37.82893879182606
43.58871774354871,37.75012448728978
43.60872174434887,37.67008585858048
43.62872574514903,37.588835549782395
43.64872974594919,37.50638639639492
43.66873374674935,37.42275142330439
43.68873774754951,37.337943842727
43.708741748349674,37.25197705212109
43.72874574914983,37.16486463207122
43.748749749949994,37.076620344142206
43.76875375075015,36.98725812870573
43.788757751550314,36.89679210273758
43.80876175235047,36.80523655758792
43.828765753150634,36.71260595672335
43.84876975395079,36.618914933442284
43.868773754750954,36.52417828856299
43.88877775555111,36.4284109880857
43.908781756351274,36.33162816082811
43.92878575715143,36.23384509603565
43.948789757951594,36.13507724096594
43.96879375875175,36.03534019844873
43.988797759551915,35.93464972442082
44.00880176035207,35.83302172543727
44.028805761152235,35.73047225615829
44.04880976195239,35.62701751681331
44.068813762752555,35.522673850641446
44.08881776355271,35.417457741309946
44.108821764352875,35.31138581030998
44.12882576515303,35.204474814331036
44.148829765953195,35.096741642613615
44.16883376675335,34.98820331428135
44.188837767553515,34.8788769756522
44.20884176835367,34.76877989752997
44.228845769153835,34.657929472475764
44.24884976995399,34.54634321206061
44.268853770754156,34.43403874409886
44.28885777155431,34.321033809863636
44.308861772354476,34.20734626128394
44.32886577315463,34.09299405812477
44.348869773954796,33.977995265149644
44.36887377475495,33.862368049267076
44.388877775555116,33.74613067666043
44.40888177635527,33.629301509902575
44.428885777155436,33.511899005054794
44.44888977795559,33.393941708751456
44.468893778755756,33.27544825526984
44.48889777955591,33.1564373635867
44.50890178035608,33.0369278344208
44.52890578115623,32.91693854726322
44.5489097819564,32.79648845739454
44.56891378275655,32.67559659289069
44.58891778355672,32.55428205161672
44.60892178435687,32.43256399821006
44.62892578515704,32.31046166105276
44.64892978595719,32.18799432923416
44.66893378675736,32.06518134950338
44.688937787557514,31.94204212321335
44.70894178835767,31.818596103255622
44.728945789157834,31.694862790987393
44.74894978995799,31.570861733150927
44.768953790758154,31.446612518785372
44.78895779155831,31.3221347761325
44.808961792358474,31.197448169535647
44.82896579315863,31.07257239633352
44.848969793958794,30.94752718374824
44.86897379475895,30.82233228576921
44.888977795559114,30.697007480032227
44.90898179635927,30.571572564695355
44.928985797159434,30.446047355311073
44.94898979795959,30.320451681696177
44.968993798759755,30.194805384798887
44.98899779955991,30.06912831356481
45.009001800360075,29.94344032180084
45.02900580116023,29.81776126503942
45.049009801960395,29.692110997401066
45.06901380276055,29.56650936845877
45.089017803560715,29.440976220101405
45.10902180436087,29.315531383400067
45.129025805161035,29.190194675474412
45.14902980596119,29.064985896362902
45.169033806761355,28.93992482589408
45.18903780756151,28.815031220562545
45.209041808361675,28.69032481040744
45.22904580916183,28.565825295895937
45.249049809961996,28.44155234481077
45.26905381076215,28.317525589143514
45.289057811562316,28.193764621992937
45.30906181236247,28.07028899447006
45.329065813162636,27.947118212609315
45.34906981396279,27.824271734287326
45.369073814762956,27.701768966148816
45.38907781556311,27.579629260541104
45.409081816363276,27.457871912456646
45.42908581716343,27.336516156485203
45.449089817963596,27.215581163774957
45.46909381876375,27.095086039004258
45.489097819563916,26.975049817363278
45.50910182036407,26.855491461547203
45.52910582116424,26.736429858760346
45.54910982196439,26.617883817732697
45.56911382276456,26.49987206574836
45.58911782356471,26.38241324568739
45.60912182436488,26.2655259130804
45.62912582516503,26.149228533177542
45.6491298259652,26.033539478031194
45.66913382676535,25.918477023593887
45.68913782756552,25.80405934683092
45.709141828365674,25.690304522849118
45.72914582916584,25.577230522041155
45.749149829965994,25.464855207246945
45.76915383076616,25.35319633093151
45.789157831566314,25.242271532380784
45.80916183236648,25.13209833491482
45.829165833166634,25.022694143119768
45.8491698339668,24.91407624009817
45.869173834766954,24.806261784738883
45.88917783556712,24.699267809006194
45.909181836367274,24.59311121524942
45.92918583716744,24.48780877353252
45.949189837967594,24.383377118985116
45.96919383876776,24.279832749174282
45.989197839567915,24.17719202149862
46.00920184036808,24.075471150603942
46.029205841168235,23.97468620582201
46.0492098419684,23.874853108631758
46.069213842768555,23.77598763014432
46.08921784356872,23.67810538861137
46.109221844368875,23.581221846958062
46.12922584516904,23.485352310340048
46.149229845969195,23.390511923725867
46.16923384676936,23.296715669504216
46.189237847569515,23.203978365117315
46.20924184836968,23.112314660719917
46.229245849169835,23.02173903686517
46.24924984997,22.93226580221683
46.269253850770156,22.843909091289063
46.28925785157032,22.756682862213374
46.309261852370476,22.67060089453372
46.32926585317064,22.585676787029552
46.349269853970796,22.501923955567698
46.36927385477096,22.419355630982825
46.389277855571116,22.33798485698749
46.40928185637128,22.257824488111375
46.429285857171436,22.178887187670767
46.4492898579716,22.101185425767913
46.469293858771756,22.024731477321215
46.48929785957192,21.94953742012595
46.50930186037208,21.87561513294643
46.52930586117224,21.80297629363931
46.5493098619724,21.731632377308955
46.56931386277255,21.661594654494447
46.58931786357272,21.592874189389295
46.60932186437287,21.52548183809356
46.62932586517304,21.45942824689875
46.64932986597319,21.39472385060611
46.66933386677336,21.331378870878062
46.689337867573514,21.26940331462357
46.70934186837368,21.208806972417158
46.729345869173834,21.149599416952398
46.749349869974,21.091790001529517
46.769353870774154,21.03538785857795
46.78935787157432,20.980401898213508
46.809361872374474,20.92684080683095
46.82936587317464,20.87471304573161
46.849369873974794,20.824026849786865
46.86937387477496,20.774790226137082
46.889377875575114,20.72701095292684
46.90938187637528,20.680696578076056
46.929385877175434,20.635854418087707
46.9493898779756,20.592491556891908
46.969393878775755,20.55061484472693
46.98939787957592,20.510230897056935
47.009401880376075,20.471346093527
47.02940588117624,20.433966576955193
47.049409881976395,20.398098252362267
47.06941388277656,20.363746786038707
47.089417883576715,20.330917604649706
47.10942188437688,20.299615894377784
47.129425885177035,20.269846600103605
47.1494298859772,20.241614424624725
47.169433886777355,20.214923827912727
47.18943788757752,20.189779026408612
47.209441888377675,20.166183992356757
47.22944588917784,20.144142453177345
47.249449889977996,20.12365789087759
47.26945389077816,20.10473354150159
47.289457891578316,20.08737239461921
47.30946189237848,20.071577192853702
47.329465893178636,20.057350431448526
47.3494698939788,20.044694357873112
47.369473894778956,20.033610971467837
47.38947789557912,20.024102023128176
47.409481896379276,20.016169015028105
47.42948589717944,20.009813200382794
47.449489897979596,20.005035583250635
47.46949389877976,20.001836918374615
47.489497899579916,20.000217711063105
47.50950190038008,20.000178217110008
47.52950590118024,20.00171844275438
47.5495099019804,20.004838144679415
47.56951390278056,20.00953683005091
47.58951790358072,20.01581375659509
47.60952190438088,20.023667932715906
47.62952590518104,20.033098117651647
47.6495299059812,20.044102821670965
47.66953390678136,20.056680306308223
47.68953790758152,20.070828584638107
47.70954190838168,20.08654542158954
47.72954590918184,20.103828334298733
47.749549909982,20.122674592501433
47.76955391078216,20.14308121896424
47.78955791158232,20.16504498995494
47.80956191238248,20.188562435751727
47.82956591318264,20.213629841191413
47.8495699139828,20.24024324625624
47.86957391478296,20.26839844669955
47.88957791558312,20.29809099470986
47.90958191638328,20.329316199613594
47.92958591718344,20.362069128616003
47.9495899179836,20.396344607580545
47.96959391878376,20.43213722184607
47.98959791958392,20.469441317082456
48.00960192038408,20.508251000183584
48.02960592118424,20.548560140198553
48.0496099219844,20.59036236929997
48.06961392278456,20.633651083790166
48.08961792358472,20.678419445144126
48.10962192438488,20.724660381090107
48.12962592518504,20.772366586726577
48.1496299259852,20.821530525676494
48.16963392678536,20.87214443127762
48.18963792758552,20.924200307809617
48.20964192838568,20.977689931757077
48.22964592918584,21.03260485310871
48.249649929986,21.08893639669214
48.26965393078616,21.146675663544464
48.28965793158632,21.205813532317947
48.30966193238648,21.266340660721113
48.32966593318664,21.32824748699442
48.3496699339868,21.39152423142095
48.36967393478696,21.45616089787119
48.38967793558712,21.52214727538233
48.40968193638728,21.589472939771188
48.429685937187436,21.658127255281087
48.4496899379876,21.728099376261994
48.469693938787756,21.79937824888379
48.48969793958792,21.871952612882648
48.50970194038808,21.945811003339685
48.52970594118824,22.020941752492327
48.5497099419884,22.097332991577325
48.56971394278856,22.174972652705904
48.58971794358872,22.253848470770016
48.60972194438888,22.333947985380085
48.62972594518904,22.415258542833257
48.6497299459892,22.497767298112542
48.66973394678936,22.58146121691584
48.68973794758952,22.666327077715195
48.70974194838968,22.75235147384528
48.72974594918984,22.83952081562151
48.74974994999,22.92782133248667
48.76975395079016,23.017239075186517
48.78975795159032,23.107759917973205
48.80976195239048,23.199369560837003
48.82976595319064,23.29205353176512
48.8497699539908,23.385797189028153
48.86977395479096,23.480585723492872
48.88977795559112,23.576404160961907
48.90978195639128,23.673237364539098
48.92978595719144,23.771070037020934
48.9497899579916,23.86988672331293
48.96979395879176,23.969671812871347
48.98979795959192,24.07040954216904
49.00980196039208,24.17208399718593
49.02980596119224,24.2746791159228
49.0498099619924,24.378178690938896
49.06981396279256,24.482566371912064
49.08981796359272,24.587825668221942
49.10982196439288,24.6939399515548
49.12982596519304,24.800892458530654
49.1498299659932,24.908666293351207
49.16983396679336,25.017244430469194
49.18983796759352,25.126609717277763
49.20984196839368,25.23674487682038
49.22984596919384,25.34763251051993
49.249849969994,25.459255100927468
49.26985397079416,25.57159501448932
49.28985797159432,25.684634504332955
49.30986197239448,25.798355713070304
49.32986597319464,25.912740675619137
49.3498699739948,26.027771322040532
49.36987397479496,26.14342948039418
49.38987797559512,26.259696879608327
49.40988197639528,26.376555152366926
49.42988597719544,26.493985838010413
49.4498899779956,26.611970385452835
49.46989397879576,26.730490156111642
49.48989797959592,26.84952642685291
49.50990198039608,26.969060392948347
49.529905981196244,27.089073171046692
49.5499099819964,27.209545802156224
49.569913982796564,27.330459254640196
49.58991798359672,27.451794427223078
49.609921984396884,27.57353215200833
49.62992598519704,27.695653197506186
49.649929985997204,27.81813827167202
49.66993398679736,27.940968024953705
49.689937987597524,28.064123053348666
49.70994198839768,28.187583901468916
49.729945989197844,28.3113310656148
49.749949989998,28.435344996855825
49.769953990798165,28.55960610411916
49.78995799159832,28.684094757284253
49.809961992398485,28.80879129028419
49.82996599319864,28.93367600421214
49.849969993998805,29.05872917043357
49.86997399479896,29.1839310337026
49.889977995599125,29.309261815283104
49.90998199639928,29.43470171607298
49.929985997199445,29.56023091973217
49.9499899979996,29.685829595812887
49.969993998799765,29.811477902892594
49.98999799959992,29.937155991708163
50.010002000400085,30.062844008291847
50.03000600120024,30.188522097107416
50.050010002000406,30.314170404187124
50.07001400280056,30.439769080267844
50.090018003600726,30.565298283927035
50.11002200440088,30.690738184716906
50.130026005201046,30.81606896629741
50.1500300060012,30.94127082956644
50.170034006801366,31.066323995787872
50.19003800760152,31.191208709715823
50.210042008401686,31.315905242715758
50.23004600920184,31.440393895880852
50.250050010002006,31.564655003144185
50.27005401080216,31.688668934385213
50.29005801160232,31.81241609853106
50.31006201240248,31.935876946651344
50.33006601320264,32.05903197504627
50.3500700140028,32.181861728327995
50.37007401480296,32.30434680249379
50.39007801560312,32.42646784799168
50.41008201640328,32.5482055727769
50.43008601720344,32.66954074535981
50.4500900180036,32.79045419784375
50.47009401880376,32.910926828953315
50.49009801960392,33.03093960705163
50.510102020404084,33.15047357314713
50.53010602120424,33.269509843888336
50.550110022004404,33.38802961454721
50.57011402280456,33.50601416198956
50.590118023604724,33.62344484763312
50.61012202440488,33.74030312039165
50.630126025205044,33.85657051960586
50.6501300260052,33.97222867795944
50.670134026805364,34.0872593243809
50.69013802760552,34.20164428692968
50.710142028405684,34.31536549566709
50.73014602920584,34.42840498551066
50.750150030006004,34.54074489907257
50.77015403080616,34.65236748948005
50.790158031606325,34.76325512317966
50.81016203240648,34.87339028272222
50.830166033206645,34.982755569530845
50.8501700340068,35.091333706648776
50.870174034806965,35.19910754146939
50.89017803560712,35.306060048445175
50.910182036407285,35.41217433177807
50.93018603720744,35.51743362808794
50.950190038007605,35.62182130906111
50.97019403880776,35.72532088407718
50.990198039607925,35.827916002814106
51.01020204040808,35.92959045783097
51.030206041208245,36.03032818712866
51.0502100420084,36.13011327668705
51.070214042808566,36.2289299629791
51.09021804360872,36.32676263546091
51.110222044408886,36.4235958390381
51.13022604520904,36.51941427650711
51.150230046009206,36.61420281097188
51.17023404680936,36.70794646823489
51.190238047609526,36.80063043916301
51.21024204840968,36.892240082026774
51.230246049209846,36.98276092481352
51.25025005001,37.07217866751334
51.270254050810166,37.1604791843785
51.29025805161032,37.247648526154705
51.310262052410486,37.33367292228483
51.33026605321064,37.418538783084166
51.35027005401081,37.502232701887465
51.37027405481096,37.58474145716673
51.39027805561113,37.66605201461994
51.41028205641128,37.74615152922999
51.43028605721145,37.8250273472941
51.4502900580116,37.90266700842266
51.47029405881177,37.9790582475077
51.49029805961192,38.05418899666028
51.51030206041209,38.12804738711736
51.530306061212244,38.200621751116195
51.55031006201241,38.271900623738034
51.570314062812564,38.34187274471888
51.59031806361273,38.410527060228816
51.610322064412884,38.47785272461768
51.63032606521305,38.543839102128835
51.650330066013204,38.60847576857904
51.67033406681337,38.671752513005586
51.690338067613524,38.733659339278894
51.71034206841369,38.79418646768204
51.730346069213844,38.85332433645553
51.75035007001401,38.911063603307866
51.770354070814165,38.96739514689129
51.79035807161433,39.022310068242916
51.810362072414485,39.07579969219037
51.83036607321465,39.12785556872239
51.850370074014805,39.17846947432351
51.87037407481497,39.22763341327341
51.890378075615125,39.275339618909896
51.91038207641529,39.32158055485588
51.930386077215445,39.36634891620985
51.95039007801561,39.40963763070002
51.970394078815765,39.451439859801454
51.99039807961593,39.49174899981642
52.010402080416085,39.53055868291756
52.03040608121625,39.56786277815392
52.050410082016406,39.60365539241946
52.07041408281657,39.637930871384
52.090418083616726,39.67068380038642
52.11042208441689,39.70190900529015
52.130426085217046,39.73160155330045
52.1504300860172,39.75975675374375
52.170434086817366,39.786370158808595
52.19043808761752,39.81143756424827
52.210442088417686,39.834955010045064
52.23044608921784,39.85691878103575
52.250450090018006,39.877325407498574
52.27045409081816,39.896171665701274
52.290458091618326,39.91345457841046
52.31046209241848,39.929171415361886
52.33046609321865,39.94331969369178
52.3504700940188,39.95589717832904
52.37047409481897,39.96690188234835
52.39047809561912,39.97633206728409
52.41048209641929,39.98418624340491
52.43048609721944,39.990463169949095
52.45049009801961,39.99516185532059
52.47049409881976,39.99828155724562
52.49049809961993,39.999821782889995
52.510502100420084,39.9997822889369
52.53050610122025,39.998163081625385
52.550510102020404,39.99496441674937
52.57051410282057,39.990186799617206
52.590518103620724,39.983830984971895
52.61052210442089,39.97589797687182
52.630526105221044,39.96638902853216
52.65053010602121,39.95530564212689
52.670534106821364,39.942649568551474
52.69053810762153,39.9284228071463
52.710542108421684,39.91262760538079
52.73054610922185,39.8952664584984
52.750550110022004,39.87634210912241
52.77055411082217,39.855857546822655
52.790558111622325,39.83381600764325
52.81056211242249,39.81022097359138
52.830566113222645,39.78507617208727
52.85057011402281,39.75838557537527
52.870574114822965,39.730153399896395
52.89057811562313,39.700384105622206
52.910582116423285,39.669082395350316
52.93058611722345,39.63625321396129
52.950590118023605,39.60190174763774
52.97059411882377,39.56603342304479
52.990598119623925,39.52865390647302
53.01060212042409,39.48976910294306
53.030606121224245,39.44938515527308
53.05061012202441,39.40750844310808
53.070614122824566,39.36414558191231
53.09061812362473,39.31930342192394
53.110622124424886,39.27298904707317
53.13062612522505,39.22520977386293
53.150630126025206,39.17597315021316
53.17063412682537,39.12528695426838
53.190638127625526,39.07315919316906
53.21064212842569,39.01959810178651
53.230646129225846,38.96461214142208
53.25065013002601,38.908209998470475
53.270654130826166,38.850400583047616
53.29065813162633,38.79119302758285
53.310662132426486,38.73059668537646
53.33066613322665,38.66862112912193
53.35067013402681,38.6052761493939
53.37067413482697,38.54057175310126
53.39067813562713,38.474518161906474
53.41068213642729,38.4071258106107
53.43068613722745,38.338405345505564
53.45069013802761,38.26836762269106
53.47069413882777,38.19702370636068
53.49069813962793,38.12438486705354
53.51070214042809,38.05046257987402
53.53070614122825,37.975268522678775
53.55071014202841,37.898814574232084
53.57071414282857,37.821112812329204
53.59071814362873,37.7421755118886
53.61072214442889,37.6620151430125
53.63072614522905,37.58064436901717
53.65073014602921,37.498076044432274
53.67073414682937,37.414323212970416
53.69073814762953,37.32939910546627
53.71074214842969,37.24331713778662
53.73074614922985,37.1560909087109
53.75075015003001,37.06773419778314
53.77075415083017,36.97826096313482
53.79075815163033,36.887685339280075
53.81076215243049,36.79602163488265
53.83076615323065,36.70328433049575
53.85077015403081,36.609488076274125
53.87077415483097,36.514647689659945
53.89077815563113,36.4187781530419
53.91078215643129,36.32189461138859
53.93078615723145,36.22401236985567
53.95079015803161,36.12514689136823
53.97079415883177,36.025313794177954
53.99079815963193,35.92452884939602
54.010802160432085,35.82280797850137
54.03080616123225,35.72016725082571
54.050810162032406,35.616622881014905
54.07081416283257,35.512191226467436
54.090818163632726,35.40688878475057
54.11082216443289,35.3007321909938
54.130826165233046,35.193738215261135
54.15083016603321,35.08592375990179
54.170834166833366,34.97730585688022
54.19083816763353,34.86790166508517
54.210842168433686,34.75772846761924
54.23084616923385,34.64680366906845
54.250850170034006,34.535144792753044
54.27085417083417,34.42276947795884
54.290858171634326,34.3096954771509
54.31086217243449,34.19594065316904
54.33086617323465,34.08152297640617
54.35087017403481,33.9664605219688
54.37087417483497,33.85077146682248
54.39087817563513,33.734474086919555
54.41088217643529,33.61758675431267
54.43088617723545,33.50012793425163
54.45089017803561,33.382116182267325
54.47089417883577,33.263570141239676
54.49089817963593,33.144508538452854
54.51090218043609,33.024950182636715
54.53090618123625,32.90491396099577
54.55091018203641,32.78441883622507
54.57091418283657,32.663483843514854
54.59091818363673,32.54212808754334
54.61092218443689,32.42037073945892
54.63092618523705,32.29823103385121
54.65093018603721,32.175728265712735
54.67093418683737,32.052881787390675
54.69093818763753,31.92971100552996
54.71094218843769,31.806235378007088
54.73094618923785,31.682474410856543
54.75095019003801,31.55844765518922
54.77095419083817,31.434174704104088
54.79095819163833,31.309675189592582
54.81096219243849,31.18496877943751
54.83096619323865,31.060075174105908
54.85097019403881,30.935014103637123
54.87097419483897,30.809805324525577
54.89097819563913,30.684468616599993
54.91098219643929,30.55902377989855
54.93098619723945,30.433490631541254
54.95099019803961,30.307889002598923
54.97099419883977,30.18223873496064
54.99099819963993,30.056559678199115
55.01100220044009,29.930871686435214
55.03100620124025,29.805194615201103
55.05101020204041,29.679548318303848
55.07101420284057,29.55395264468888
55.09101820364073,29.428427435304634
55.11102220444089,29.302992519967763
55.13102620524105,29.17766771423081
55.15103020604121,29.052472816251715
55.17103420684137,28.92742760366647
55.19103820764153,28.802551830464342
55.21104220844169,28.677865223867524
55.23104620924185,28.553387481214582
55.25105021004201,28.429138266849062
55.27105421084217,28.305137209012596
55.29105821164233,28.181403896744403
55.31106221244249,28.057957876786602
55.33106621324265,27.934818650496574
55.351070214042814,27.812005670765828
55.37107421484297,27.689538338947226
55.391078215643134,27.567436001789897
55.41108221644329,27.44571794838324
55.431086217243454,27.324403407109298
55.45109021804361,27.203511542605447
55.471094218843774,27.083061452736736
55.49109821964393,26.963072165579153
55.511102220444094,26.843562636413292
55.53110622124425,26.724551744730146
55.551110222044414,26.6060582912485
55.57111422284457,26.48810099494516
55.591118223644735,26.37069849009741
55.61112222444489,26.253869323339558
55.631126225245055,26.13763195073288
55.65113022604521,26.022004734850317
55.671134226845375,25.90700594187522
55.69113822764553,25.792653738716048
55.711142228445695,25.678966190136325
55.73114622924585,25.565961255901097
55.751150230046015,25.453656787939373
55.77115423084617,25.34207052752423
55.791158231646335,25.231220102469994
55.81116223244649,25.121123024347764
55.831166233246655,25.011796685718636
55.85117023404681,24.903258357386374
55.87117423484697,24.795525185668986
55.89117823564713,24.688614189690043
55.91118223644729,24.582542258690104
55.93118623724745,24.477326149358547
55.95119023804761,24.372982483186707
55.97119423884777,24.269527743841724
55.99119823964793,24.16697827456278
56.01120224044809,24.065350275579167
56.03120624124825,23.96465980155129
56.05121024204841,23.864922759034073
56.07121424284857,23.76615490396439
56.09121824364873,23.66837183917188
56.11122224444889,23.57158901191432
56.13122624524905,23.47582171143703
56.15123024604921,23.38108506655776
56.17123424684937,23.287394043276638
56.19123824764953,23.194763442412103
56.21124224844969,23.10320789726244
56.23124624924985,23.012741871294306
56.25125025005001,22.92337965585776
56.27125425085017,22.835135367928796
56.29125825165033,22.748022947878898
56.31126225245049,22.662056157273035
56.331266253250654,22.57724857669558
56.35127025405081,22.493613603605095
56.371274254850974,22.411164450217598
56.39127825565113,22.329914141419557
56.411282256451294,22.249875512710187
56.43128625725145,22.171061208173953
56.451290258051614,22.09348367848284
56.47129425885177,22.01715517892966
56.491298259651934,21.942087767491923
56.51130226045209,21.868293302927157
56.531306261252254,21.795783442899257
56.55131026205241,21.724569642137062
56.571314262852574,21.654663150624696
56.59131826365273,21.586075011824512
56.611322264452895,21.51881606093227
56.63132626525305,21.452896923165618
56.651330266053215,21.38832801208548
56.67133426685337,21.325119527951145
56.691338267653535,21.263281456108633
56.71134226845369,21.202823565413446
56.731346269253855,21.143755406687234
56.75135027005401,21.086086311209158
56.771354270854175,21.02982538924157
56.79135827165433,20.974981528590973
56.811362272454495,20.921563393203883
56.83136627325465,20.869579421798292
56.851370274054815,20.819037826530362
56.87137427485497,20.769946591697234
56.891378275655136,20.722313472475673
56.91138227645529,20.676145993697023
56.931386277255456,20.63145144865834
56.95139027805561,20.588236897970326
56.971394278855776,20.546509168441883
56.99139827965593,20.506274852001745
57.011402280456096,20.467540304656985
57.03140628125625,20.430311645489006
57.051410282056416,20.394594755686853
57.07141428285657,20.360395277618196
57.091418283656736,20.32771861393787
57.11142228445689,20.296569926734477
57.13142628525706,20.26695413671486
57.15143028605721,20.238875922426807
57.17143428685738,20.212339719519907
57.19143828765753,20.187349720044836
57.2114422884577,20.163909871791127
57.23144628925785,20.142023877663583
57.25145029005802,20.121695195097153
57.27145429085817,20.102927035510923
57.29145829165834,20.085722363800674
57.31146229245849,20.070083897870568
57.33146629325866,20.056014108203716
57.351470294058814,20.043515217471995
57.37147429485898,20.032589200184844
57.391478295659134,20.023237782377414
57.4114822964593,20.015462441337796
57.431486297259454,20.009264405373763
57.45149029805962,20.004644653618648
57.471494298859774,20.0016039158767
57.49149829965994,20.00014267250777
57.511502300460094,20.000261154351456
57.53150630126026,20.00195934269062
57.551510302060414,20.00523696925433
57.57151430286058,20.01009351626028
57.591518303660735,20.01652821649654
57.6115223044609,20.024540053442784
57.631526305261055,20.03412776143088
57.65153030606122,20.04528982584482
57.671534306861375,20.058024483359972
57.69153830766154,20.07232972222169
57.711542308461695,20.08820328256307
57.73154630926185,20.105642656762
57.751550310062015,20.124645089837273
57.77155431086217,20.145207579883767
57.791558311662335,20.167326878546753
57.81156231246249,20.190999491535003
57.831566313262655,20.21622167917281
57.85157031406281,20.242989456990742
57.871574314862976,20.271298596355116
57.89157831566313,20.30114462513601
57.911582316463296,20.332522828413758
57.93158631726345,20.36542824922372
57.951590318063616,20.39985568933946
57.97159431886377,20.435799710093864
57.991598319663936,20.473254633238362
58.01160232046409,20.512214541839846
58.031606321264256,20.552673281215544
58.05161032206441,20.59462445990519
58.071614322864576,20.6380614506808
58.09161832366473,20.682977391593468
58.111622324464896,20.72936518705756
58.13162632526505,20.77721750897151
58.15163032606522,20.826526797875555
58.17163432686537,20.87728526414582
58.19163832766554,20.929484889225023
58.21164232846569,20.983117426889144
58.23164632926586,21.038174404550137
58.25165033006601,21.094647124594267
58.27165433086618,21.15252666575632
58.29165833166633,21.21180388452879
58.3116623324665,21.27246941660642
58.331666333266654,21.33451367836534
58.35167033406682,21.397926868377287
58.371674334866974,21.46269896895783
58.39167833566714,21.52881974774899
58.411682336467294,21.59627875933552
58.43168633726746,21.66506534689528
58.451690338067614,21.73516864388256
58.47169433886778,21.806577575744832
58.491698339667934,21.879280861672058
58.5117023404681,21.953267016379034
58.531706341268254,22.028524351919607
58.55171034206842,22.105040979533165
58.571714342868574,22.182804811522573
58.59171834366874,22.26180356316401
58.611722344468895,22.342024754647444
58.63172634526906,22.42345571304824
58.651730346069215,22.50608357432892
58.67173434686938,22.58989528537186
58.691738347669535,22.674877606040717
58.7117423484697,22.761017111272587
58.731746349269855,22.848300193198355
58.75175035007002,22.936713063292984
58.771754350870175,23.02624175455305
58.79175835167034,23.11687212370378
58.811762352470495,23.208589853432837
58.83176635327066,23.3013804546527
58.851770354070815,23.395229268788853
58.87177435487098,23.490121470096035
58.891778355671136,23.586042068000086
58.9117823564713,23.682975909466176
58.931786357271456,23.780907681392385
58.95179035807162,23.879821913029126
58.971794358871776,23.979702978422893
58.99179835967194,24.080535098884898
59.011802360472096,24.18230234548348
59.03180636127226,24.284988641560787
59.051810362072416,24.388577765272295
59.07181436287258,24.493053352149538
59.091818363672736,24.598398897685055
59.1118223644729,24.704597759940036
59.13182636527306,24.811633162173102
59.15183036607322,24.91948819549071
59.17183436687338,25.02814582151811
59.19183836767354,25.137588875091318
59.2118423684737,25.247800066968562
59.23184636927386,25.35876198656165
59.25185037007402,25.47045710468616
59.27185437087418,25.582867776330986
59.29185837167434,25.695976243445553
59.3118623724745,25.80976463774527
59.33186637327466,25.924214983534007
59.35187037407482,26.039309200544185
59.37187437487498,26.155029106792757
59.39187837567514,26.27135642145362
59.4118823764753,26.38827276774527
59.43188637727546,26.505759675834256
59.45189037807562,26.623798585752688
59.47189437887578,26.742370850330392
59.49189837967594,26.8614577381404
59.5119023804761,26.981040436458446
59.53190638127626,27.101100054234664
59.55191038207642,27.221617625077997
59.57191438287658,27.34257411025216
59.591918383676735,27.46395040168367
59.6119223844769,27.58572732498019
59.631926385277055,27.707885642459644
59.65193038607722,27.83040605618936
59.671934386877375,27.953269211034403
59.69193838767754,28.076455697715573
59.711942388477695,28.19994605587535
59.73194638927786,28.323720777152236
59.751950390078015,28.44776030826233
59.77195439087818,28.57204505408867
59.791958391678335,28.696555380776484
59.8119623924785,28.821271618834977
59.831966393278655,28.946174066244353
59.85197039407882,29.07124299156864
59.871974394878976,29.196458637072478
59.89197839567914,29.321801221842506
59.911982396479296,29.44725094491193
59.93198639727946,29.572787988389035
59.951990398079616,29.698392520587603
59.97199439887978,29.82404469915998
59.991998399679936,29.949724674231373
60.0120024004801,65.07541259153604
60.032006401280256,65.20108859555353
60.05201040208042,65.32673283264542
60.072014402880576,65.4523254541914
60.09201840368074,65.57784661972562
60.112022404480896,65.70327650006996
60.13202640528106,65.82859528046741
60.15203040608122,65.95378316371162
60.17203440688138,66.07882037327516
60.19203840768154,66.20368715643278
60.2120424084817,66.32836378738251
60.23204640928186,66.45283057036166
60.25205041008202,66.57706784275823
60.27205441088218,66.70105597821689
60.29205841168234,66.82477538973993
60.3120624124825,66.94820653278111
60.33206641328266,67.07132990833344
60.35207041408282,67.19412606600922
60.37207441488298,67.31657560711312
60.39207841568314,67.43865918770643
60.4120824164833,67.56035752166301
60.43208641728346,67.68165138371579
60.45209041808362,67.80252161249426
60.47209441888378,67.9229491135512
60.49209841968394,68.04291486237929
60.5121024204841,68.16239990741622
60.53210642128426,68.28138537303889
60.55211042208442,68.39985246254514
60.57211442288458,68.51778246112323
60.59211842368474,68.635156738808
60.6121224244849,68.75195675342442
60.63212642528506,68.86816405351644
60.65213042608522,68.983760281262
60.67213442688538,69.09872717537289
60.69213842768554,69.21304657397997
60.7121424284857,69.3267004175019
60.73214642928586,69.4396707514984
60.75215043008602,69.55193972950623
60.77215443088618,69.66348961585891
60.79215843168634,69.7743027884882
60.8121624324865,69.88436174170815
60.83216643328666,69.99364908898026
60.85217043408682,70.10214756566049
60.87217443488698,70.20984003172634
60.89217843568714,70.3167094744848
60.9121824364873,70.42273901125955
60.93218643728746,70.52791189205843
60.95219043808762,70.63221150221922
60.97219443888778,70.73562136503455
60.99219843968794,70.83812514435445
61.0122024404881,70.93970664716753
61.03220644128826,71.04034982615869
61.05221044208842,71.14003878224442
61.07221444288858,71.2387577670842
61.09221844368874,71.33649118556866
61.1122224444889,71.43322359828298
61.132226445289064,71.52893972394605
61.15223044608922,71.62362444182438
61.172234446889384,71.71726279412098
61.19223844768954,71.80983998833821
61.212242448489704,71.90134139961467
61.23224644928986,71.9917525730354
61.252250450090024,72.08105922591567
61.27225445089018,72.16924725005705
61.292258451690344,72.25630271397632
61.3122624524905,72.34221186510607
61.332266453290664,72.42696113196746
61.35227045409082,72.51053712631416
61.372274454890984,72.59292664524729
61.39227845569114,72.67411667330103
61.412282456491305,72.75409438449901
61.43228645729146,72.83284714438028
61.452290458091625,72.91036251199534
61.47229445889178,72.98662824187137
61.49229845969194,73.06163228594681
61.5123024604921,73.13536279547482
61.53230646129226,73.20780812289458
61.55231046209242,73.27895682367188
61.57231446289258,73.34879765810659
61.59231846369274,73.41731959310874
61.6123224644929,73.48451180394099
61.63232646529306,73.55036367592892
61.65233046609322,73.61486480613789
61.67233446689338,73.67800500501642
61.69233846769354,73.73977429800566
61.7123424684937,73.80016292711552
61.73234646929386,73.85916135246589
61.75235047009402,73.91676025379381
61.77235447089418,73.97295053192576
61.79235847169434,74.02772331021518
61.8123624724945,74.08106993594475
61.83236647329466,74.13298198169333
61.85237047409482,74.18345124666706
61.87237447489498,74.23246975799522
61.89237847569514,74.28002977198949
61.9123824764953,74.32612377536736
61.93238647729546,74.37074448643901
61.95239047809562,74.41388485625762
61.97239447889578,74.455538069733
61.99239847969594,74.49569754670812
62.0124024804961,74.53435694299858
62.03240648129626,74.57151015139502
62.05241048209642,74.60715130262764
62.07241448289658,74.64127476629365
62.09241848369674,74.67387515174649
62.1124224844969,74.70494730894762
62.13242648529706,74.73448632927999
62.152430486097224,74.76248754632354
62.17243448689738,74.78894653659225
62.192438487697544,74.8138591202331
62.2124424884977,74.83722136168632
62.232446489297864,74.85902957030706
62.25245049009802,74.87928030094844
62.272454490898184,74.89797035450586
62.29245849169834,74.91509677842231
62.312462492498504,74.93065686715482
62.33246649329866,74.94464816260188
62.352470494098824,74.95706845449172
62.37247449489898,74.96791578073154
62.392478495699145,74.97718842771742
62.4124824964993,74.98488493060503
62.432486497299465,74.99100407354103
62.45249049809962,74.99554488985524
62.472494498899785,74.9985066622132
62.49249849969994,74.99988892272958
62.512502500500105,74.99969145304209
62.53250650130026,74.99791428434597
62.552510502100425,74.99455769738903
62.57251450290058,74.98962222242736
62.592518503700745,74.98310863914148
62.6125225045009,74.97501797651327
62.632526505301065,74.96535151266332
62.65253050610122,74.9541107746491
62.672534506901385,74.94129753822365
62.69253850770154,74.92691382755514
62.712542508501706,74.910961914907
62.73254650930186,74.89344432027906
62.752550510102026,74.8743638110094
62.77255451090218,74.85372340133716
62.792558511702346,74.83152635192643
62.8125625125025,74.80777616935109
62.832566513302666,74.78247660554091
62.85257051410282,74.75563165718879
62.872574514902986,74.72724556511936
62.89257851570314,74.6973228136192
62.912582516503306,74.66586812972822
62.93258651730346,74.63288648249303
62.95259051810363,74.59838308218193
62.97259451890378,74.56236337946186
62.99259851970395,74.52483306453723
63.0126025205041,74.4857980662511
63.03260652130427,74.44526455114853
63.05261052210442,74.40323892250251
63.07261452290459,74.35972781930221
63.09261852370474,74.31473811520442
63.11262252450491,74.26827691744748
63.132626525305064,74.22035156572875
63.15263052610523,74.17096963104477
63.172634526905384,74.12013891449564
63.19263852770555,74.06786744605239
63.212642528505704,74.01416348328844
63.23264652930587,73.95903551007524
63.252650530106024,73.90249223524201
63.27265453090619,73.84454259119984
63.292658531706344,73.78519573253072
63.31266253250651,73.72446103454126
63.332666533306664,73.66234809178181
63.35267053410682,73.5988667165305
63.372674534906984,73.53402693724327
63.39267853570714,73.4678389969697
63.412682536507305,73.40031335173475
63.43268653730746,73.33146066888708
63.452690538107625,73.26129182541376
63.47269453890778,73.18981790622207
63.492698539707945,73.11705020238827
63.5127025405081,73.04300020937409
63.532706541308265,72.96767962521048
63.55271054210842,72.89110034864979
63.572714542908585,72.81327447728597
63.59271854370874,72.73421430564365
63.612722544508905,72.65393232323561
63.63272654530906,72.57244121258995
63.652730546109225,72.48975384724653
63.67273454690938,72.40588328972336
63.692738547709546,72.3208427894529
63.7127425485097,72.23464578068902
63.732746549309866,72.14730588038478
63.75275055011002,72.05883688604135
63.772754550910186,71.96925277352818
63.79275855171034,71.87856769487533
63.812762552510506,71.78679597603762
63.83276655331066,71.69395211463181
63.852770554110826,71.60005077764598
63.87277455491098,71.50510679912273
63.892778555711146,71.40913517781564
63.9127825565113,71.31215107482015
63.932786557311466,71.21416981117802
63.95279055811162,71.11520686545738
63.97279455891179,71.01527787130726
63.99279855971194,70.91439861498813
64.0128025605121,70.8125850328778
64.03280656131227,70.70985320895394
64.05281056211243,70.60621937225343
64.07281456291258,70.50169989430827
64.09281856371274,70.3963112865595
64.11282256451291,70.29007019774866
64.13282656531307,70.18299341128798
64.15283056611322,70.07509784260866
64.17283456691338,69.96640053648898
64.19283856771355,69.85691866436115
64.21284256851371,69.74666952159964
64.23284656931386,69.63567052478786
64.25285057011402,69.5239392089674
64.27285457091419,69.41149322486754
64.29285857171435,69.29835033611764
64.3128625725145,69.18452841643997
64.33286657331466,69.07004544682675
64.35287057411483,68.95491951269912
64.37287457491499,68.83916880105096
64.39287857571514,68.72281159757486
64.4128825765153,68.60586628377371
64.43288657731547,68.4883513340571
64.45289057811563,68.37028531282306
64.47289457891578,68.2516868715247
64.49289857971594,68.13257474572394
64.51290258051611,68.01296775213203
64.53290658131627,67.89288478563714
64.55291058211643,67.77234481631884
64.57291458291658,67.65136688645154
64.59291858371675,67.52997010749644
64.61292258451691,67.40817365708273
64.63292658531707,67.285996775977
64.65293058611722,67.16345876504465
64.67293458691739,67.04057898220024
64.69293858771755,66.91737683935021
64.7129425885177,66.79387179932509
64.73294658931786,66.67008337280585
64.75295059011803,66.54603111524122
64.77295459091819,66.42173462375902
64.79295859171835,66.29721353406927
64.8129625925185,66.17248751736318
64.83296659331867,66.04757627720514
64.85297059411883,65.92249954642033
64.87297459491899,65.79727708397712
64.89297859571914,65.67192867186587
64.91298259651931,65.54647411197371
64.93298659731947,65.42093322295666
64.95299059811963,65.29532583710838
64.97299459891978,65.16967179722738
64.99299859971995,65.04399095348231
65.01300260052011,64.91830316027631
65.03300660132027,64.79262827311021
65.05301060212042,64.66698614544602
65.0730146029206,64.54139662557056
65.09301860372075,64.4158795534601
65.1130226045209,64.29045475764585
65.13302660532106,64.16514205208169
65.15303060612123,64.03996123301405
65.17303460692139,63.91493207585481
65.19303860772155,63.79007433205688
65.2130426085217,63.66540772599427
65.23304660932186,63.540951951846026
65.25305061012203,63.416726670485026
65.27305461092219,63.292751506372284
65.29305861172234,63.16904604445642
65.3130626125225,63.04562982707994
65.33306661332267,62.92252235089198
65.35307061412283,62.79974306376854
65.37307461492298,62.677311361739825
65.39307861572314,62.555246585926426
65.41308261652331,62.433568019483786
65.43308661732347,62.312294884556216
65.45309061812362,62.191446339239874
65.47309461892378,62.071041474556516
65.49309861972395,61.95109931143751
65.51310262052411,61.83163879771923
65.53310662132427,61.7126788051494
65.55311062212442,61.594238126406104
65.57311462292459,61.47633547212886
65.59311862372475,61.35898946796309
65.6131226245249,61.242218651617364
65.63312662532506,61.12604146993512
65.65313062612523,61.01047627598045
65.67313462692539,60.89554132613901
65.69313862772555,60.7812547772336
65.7131426285257,60.667634683656075
65.73314662932587,60.5546989945151
65.75315063012603,60.442465550800904
65.77315463092619,60.33095208256646
65.79315863172634,60.22017620612683
65.81316263252651,60.11015542127612
65.83316663332667,60.00090710852321
65.85317063412683,59.89244852634567
65.87317463492698,59.784796808463625
65.89317863572715,59.67796896113295
65.91318263652731,59.57198186045892
65.93318663732747,59.466852249729875
65.95319063812762,59.362596736772424
65.9731946389278,59.25923179132772
65.99319863972795,59.1567737424499
66.0132026405281,59.05523877592614
66.03320664132826,58.95464293171993
66.05321064212843,58.8550021014371
66.07321464292859,58.7563320258155
66.09321864372875,58.6586482922381
66.1132226445289,58.56196633227073
66.13322664532907,58.46630141922424
66.15323064612923,58.371668665741836
66.17323464692939,58.27808302141143
66.19323864772954,58.185559270404156
66.21324264852971,58.0941120291387
66.23324664932987,58.00375574397255
66.25325065013003,57.91450468891947
66.27325465093018,57.82637296339483
66.29325865173035,57.7393744899881
66.31326265253051,57.65352301226365
66.33326665333067,57.568832092589304
66.35327065413082,57.485315109994076
66.373274654931,57.40298525805444
66.39327865573115,57.32185554281036
66.41328265653131,57.2419387807103
66.43328665733146,57.16324759658678
66.45329065813164,57.085794421661866
66.47329465893179,57.00959149158355
66.49329865973195,56.93465084449253
66.5133026605321,56.860984319120675
66.53330666133228,56.78860355292072
66.55331066213243,56.71751998022802
66.57331466293259,56.64774483045393
66.59331866373275,56.57928912631206
66.61332266453292,56.51216368207684
66.63332666533307,56.446379101875294
66.65333066613323,56.381945778011655
66.67333466693339,56.31887388932577
66.69333866773356,56.257173399585035
66.71334266853371,56.196854055910514
66.73334666933387,56.137925387236926
66.75335067013403,56.08039670280745
66.7733546709342,56.02427709070304
66.79335867173435,55.96957541640686
66.81336267253451,55.91630032140358
66.83336667333467,55.864460221814355
66.85337067413484,55.814063307067215
66.873374674935,55.76511753860352
66.89337867573515,55.71763064861997
66.9133826765353,55.67161013884737
66.93338667733548,55.62706327936536
66.95339067813563,55.583997107454095
66.97339467893579,55.542418426482385
66.99339867973595,55.50233380483299
67.01340268053612,55.46374957486499
67.03340668133627,55.426671831913495
67.05341068213643,55.391106433326556
67.07341468293659,55.357058997540044
67.09341868373674,55.32453490318998
67.11342268453691,55.29353928826278
67.13342668533707,55.264077049283834
67.15343068613723,55.2361528405437
67.17343468693738,55.209771073362944
67.19343868773755,55.18493591539529
67.21344268853771,55.16165128996929
67.23344668933787,55.1399208754684
67.25345069013802,55.119748104749924
67.2734546909382,55.101136164602785
67.29345869173835,55.084087995244076
67.31346269253851,55.068606289854515
67.33346669333866,55.054693494153
67.35347069413884,55.04235180601031
67.37347469493899,55.031583175101886
67.39347869573915,55.022389302599734
67.4134826965393,55.01477164090382
67.43348669733948,55.00873139341252
67.45349069813963,55.00426951433259
67.47349469893979,55.00138670852837
67.49349869973994,55.000083431410445
67.51350270054012,55.00035988886375
67.53350670134027,55.00221603721495
67.55351070214043,55.005651583239455
67.57351470294059,55.010665984207634
67.59351870374076,55.01725844797063
67.61352270454091,55.025427933085474
67.63352670534107,55.03517314897957
67.65353070614123,55.04649255615464
67.6735347069414,55.05938436642988
67.69353870774155,55.07384654322446
67.71354270854171,55.08987680187926
67.73354670934187,55.10747261001776
67.75355071014204,55.126631187946145
67.7735547109422,55.14734950909235
67.79355871174235,55.16962430048427
67.8135627125425,55.19345204326673
67.83356671334268,55.21882897325746
67.85357071414283,55.24575108154159
67.87357471494299,55.27421411510516
67.89357871574315,55.30421357750683
67.91358271654332,55.33574472958829
67.93358671734347,55.368802590222856
67.95359071814363,55.40338193710243
67.97359471894379,55.439477307562484
67.99359871974396,55.47708299944499
68.01360272054411,55.51619307199919
68.03360672134427,55.556801346820194
68.05361072214443,55.59890140882492
68.0736147229446,55.64248660726556
68.09361872374475,55.68755005678015
68.11362272454491,55.7340846384804
68.13362672534507,55.78208300107623
68.15363072614524,55.83153756203714
68.1736347269454,55.88244050878992
68.19363872774555,55.93478379995304
68.21364272854571,55.988559166606834
68.23364672934588,56.04375811359989
68.25365073014603,56.10037192089091
68.27365473094619,56.15839164492644
68.29365873174635,56.21780812005363
68.31366273254652,56.27861195996822
68.33366673334667,56.34079355919718
68.35367073414683,56.40434309461642
68.37367473494699,56.46925052700236
68.39367873574716,56.535505602617995
68.41368273654732,56.60309785483259
68.43368673734747,56.67201660577533
68.45369073814763,56.74225096802204
68.4736947389478,56.813789846315174
68.49369873974796,56.88662193931645
68.51370274054811,56.96073574139238
68.53370674134827,57.03611954443174
68.55371074214844,57.11276143969527
68.5737147429486,57.19064931969669
68.59371874374875,57.269770880115715
68.61372274454891,57.35011362174164
68.63372674534908,57.43166485244797
68.65373074614924,57.51441168919728
68.67373474694939,57.59834106007668
68.69373874774955,57.683439706362684
68.71374274854972,57.76969418461583
68.73374674934988,57.857090868804214
68.75375075015003,57.94561595245635
68.77375475095019,58.035255450842065
68.79375875175036,58.1259952031818
68.81376275255052,58.217820874883486
68.83376675335067,58.310717959807334
68.85377075415083,58.40467178255725
68.873774754951,58.49966750079926
68.89377875575116,58.595690107606025
68.91378275655131,58.69272443382789
68.93378675735147,58.79075515048899
68.95379075815163,58.8897667712089
68.9737947589518,58.98974365464916
68.99379875975195,59.09067000698397
69.01380276055211,59.19252988439559
69.03380676135227,59.29530719559278
69.05381076215244,59.398985704352974
69.0738147629526,59.50354903208695
69.09381876375275,59.60898066042658
69.1138227645529,59.71526393383408
69.13382676535308,59.82238206223331
69.15383076615323,59.93031812366189
69.17383476695339,60.039055066944854
69.19383876775355,60.14857571438803
69.21384276855372,60.25886276449184
69.23384676935387,60.36989879468422
69.25385077015403,60.48166626407331
69.27385477095419,60.5941475162183
69.29385877175436,60.707324781918715
69.31386277255451,60.82118018202134
69.33386677335467,60.93569573024501
69.35387077415483,61.05085333602174
69.373874774955,61.16663480735472
69.39387877575516,61.28302185369193
69.41388277655531,61.39999608881595
69.43388677735547,61.5175390337483
69.45389077815564,61.63563211966875
69.4738947789558,61.75425669084847
69.49389877975595,61.87339400759758
69.51390278055611,61.993025249225255
69.53390678135628,62.11313151701306
69.55391078215644,62.233693837200214
69.57391478295659,62.35469316398138
69.59391878375675,62.4761103825151
69.61392278455692,62.59792631194366
69.63392678535708,62.720121708422866
69.65393078615723,62.84267726816249
69.67393478695739,62.96557363047556
69.69393878775756,63.088791380836945
69.71394278855772,63.21231105395009
69.73394678935787,63.336113136822476
69.75395079015803,63.46017807184792
69.7739547909582,63.584486259896266
69.79395879175836,63.709018063409324
69.81396279255851,63.83375380950351
69.83396679335867,63.95867379307738
69.85397079415884,64.0837582799247
69.873974794959,64.20898750985164
69.89397879575915,64.33434169979883
69.91398279655931,64.45980104696623
69.93398679735948,64.58534573194198
69.95399079815964,64.71095592183234
69.9739947989598,64.83661177339594
69.99399879975995,64.96229343617784
70.01400280056012,30.087981055645887
70.03400680136028,30.21365477632631
70.05401080216043,30.33929474494149
70.07401480296059,30.464881113545566
70.09401880376076,30.590394042660478
70.11402280456092,30.715813704409122
70.13402680536107,30.841120285648714
70.15403080616123,30.96629399110039
70.1740348069614,31.09131504647626
70.19403880776156,31.216163701602927
70.21404280856171,31.340820233542246
70.23404680936187,31.465264949706754
70.25405081016204,31.58947819097047
70.2740548109622,31.71344033477426
70.29405881176235,31.837131798226398
70.31406281256251,31.9605330411959
70.33406681336268,32.083624569399234
70.35407081416284,32.20638693747955
70.374074814963,32.32880075207965
70.39407881576315,32.450846674904625
70.41408281656332,32.57250542577739
70.43408681736348,32.69375778568381
70.45409081816364,32.81458459980985
70.47409481896379,32.93496678056666
70.49409881976396,33.05488531060644
70.51410282056412,33.17432124582603
70.53410682136428,33.2932557183607
70.55411082216443,33.41166993956382
70.5741148229646,33.5295452029755
70.59411882376476,33.64686288727737
70.61412282456492,33.763604459234706
70.63412682536507,33.87975147662392
70.65413082616524,33.995285591146136
70.6741348269654,34.11018855132545
70.69413882776556,34.22444220539264
70.71414282856571,34.3380285041524
70.73414682936588,34.45092950383478
70.75415083016604,34.563127368929614
70.7741548309662,34.67460437500447
70.79415883176635,34.78534291150438
70.81416283256651,34.895325484533934
70.83416683336668,35.00453471962095
70.85417083416684,35.112953364460964
70.874174834967,35.22056429164299
70.89417883576715,35.327350501355
70.91418283656732,35.433295124069595
70.93418683736748,35.538381423208705
70.95419083816763,35.64259279778791
70.97419483896779,35.745912785038755
70.99419883976796,35.84832506300954
71.01420284056812,35.94981345314357
71.03420684136827,36.050361922835286
71.05421084216843,36.1499545879628
71.0742148429686,36.2485757153973
71.09421884376876,36.34620972548824
71.11422284456891,36.442841194524874
71.13422684536907,36.538454857172624
71.15423084616924,36.63303560888469
71.1742348469694,36.726568508287976
71.19423884776955,36.81903877954379
71.21424284856971,36.910431814681814
71.23424684936988,37.00073317590794
71.25425085017004,37.08992859788482
71.2742548509702,37.178003989985775
71.29425885177035,37.264945438520556
71.31426285257052,37.350739208933426
71.33426685337068,37.43537174797269
71.35427085417084,37.51882968583208
71.37427485497099,37.601099838262634
71.39427885577116,37.68216920865556
71.41428285657132,37.76202499009521
71.43428685737148,37.84065456738253
71.45429085817163,37.9180455190277
71.4742948589718,37.99418561921261
71.49429885977196,38.06906283972195
71.51430286057212,38.142665351843696
71.53430686137227,38.214981528237544
71.55431086217244,38.285999944771845
71.5743148629726,38.355709382328115
71.59431886377276,38.42409882857368
71.61432286457291,38.49115747970116
71.63432686537308,38.55687474213525
71.65433086617324,38.62124023420611
71.6743348669734,38.68424378778967
71.69433886777355,38.74587544991369
71.71434286857372,38.80612548433025
71.73434686937388,38.86498437305366
71.75435087017404,38.922442817864216
71.7743548709742,38.97849174177704
71.79435887177436,39.033122290476
71.81436287257452,39.0863258337124
71.83436687337468,39.138093966668485
71.85437087417483,39.18841851128509
71.874374874975,39.23729151755363
71.89437887577516,39.284705264771866
71.91438287657532,39.33065226276378
71.93438687737547,39.37512525306269
71.95439087817564,39.418117210057986
71.9743948789758,39.45962134210487
71.99439887977596,39.49963109259745
72.01440288057611,39.53814014100438
72.03440688137628,39.57514240386742
72.05441088217644,39.61063203576238
72.0744148829766,39.64460343022266
72.09441888377675,39.67705122062486
72.11442288457692,39.7079702810366
72.13442688537708,39.737355727026234
72.15443088617724,39.76520291643455
72.1744348869774,39.791507450108085
72.19443888777757,39.81626517259403
72.21444288857772,39.83947217279674
72.23444688937788,39.861124784595575
72.25445089017803,39.88121958742406
72.2744548909782,39.899753406810255
72.29445889177836,39.91672331487818
72.31446289257852,39.93212663081044
72.33446689337867,39.945960921271656
72.35447089417885,39.95822400079292
72.374474894979,39.968913932116976
72.39447889577916,39.978029026504345
72.41448289657932,39.985567844000045
72.43448689737949,39.991529193661066
72.45449089817964,39.99591213374454
72.4744948989798,39.9987159718565
72.49449889977996,39.999940265061234
72.51450290058013,39.99958481995131
72.53450690138028,39.997649692678095
72.55451090218044,39.99413518894286
72.5745149029806,39.98904186394858
72.59451890378077,39.98237052231209
72.61452290458092,39.97412221793711
72.63452690538108,39.96429825384765
72.65453090618124,39.952900181982244
72.67453490698139,39.939929802948726
72.69453890778156,39.92538916573979
72.71454290858172,39.909280567409354
72.73454690938188,39.89160655270962
72.75455091018203,39.87236991368907
72.7745549109822,39.8515736892514
72.79455891178236,39.829221164675545
72.81456291258252,39.805315871096525
72.83456691338267,39.77986158494773
72.85457091418284,39.752862327364234
72.874574914983,39.724322363547756
72.89457891578316,39.69424620209264
72.91458291658331,39.66263859427371
72.93458691738348,39.62950453329567
72.95459091818364,39.594849253504435
72.9745949189838,39.55867822956002
72.99459891978395,39.52099717557175
73.01460292058412,39.48181204419564
73.03460692138428,39.441129025694096
73.05461092218444,39.39895454695779
73.0746149229846,39.35529527049047
73.09461892378476,39.3101580933565
73.11462292458492,39.263550146091404
73.13462692538508,39.21547879157508
73.15463092618523,39.165951623868956
73.1746349269854,39.11497646701617
73.19463892778556,39.062561373805806
73.21464292858572,39.0087146245003
73.23464692938587,38.95344472552781
73.25465093018605,38.89676040813812
73.2746549309862,38.838670627023696
73.29465893178636,38.779184558904504
73.31466293258651,38.718311601078824
73.33466693338669,38.656061369938435
73.35467093418684,38.592443699449674
73.374674934987,38.527468639599704
73.39467893578716,38.46114645480898
73.41468293658733,38.393487622309706
73.43468693738748,38.3245028304908
73.45469093818764,38.254202977209204
73.4746949389878,38.18259916806842
73.49469893978797,38.10970271466407
73.51470294058812,38.03552513279706
73.53470694138828,37.96007814065417
73.55471094218844,37.883373656957005
73.5747149429886,37.8054237990791
73.59471894378876,37.7262408811318
73.61472294458892,37.645837412018736
73.63472694538908,37.56422609345984
73.65473094618925,37.481419817984765
73.6747349469894,37.39743166689637
73.69473894778956,37.31227490820387
73.71474294858972,37.22596299452707
73.73474694938989,37.138509560971094
73.75475095019004,37.04992842297253
73.7747549509902,36.96023357411667
73.79475895179036,36.86943918392711
73.81476295259053,36.777559595627174
73.83476695339068,36.684609323874255
73.85477095419084,36.59060305246658
73.874774954991,36.49555563202374
73.89477895579117,36.39948207764055
73.91478295659132,36.30239756651527
73.93478695739148,36.20431743555165
73.95479095819164,36.105257178936334
73.97479495899181,36.00523244569102
73.99479895979196,35.904259037200575
74.01480296059212,35.80235290471643
74.03480696139228,35.69953014683695
74.05481096219245,35.59580700696414
74.0748149629926,35.4911998707378
74.09481896379276,35.38572526344671
74.11482296459292,35.279399847418226
74.13482696539309,35.17224041938598
74.15483096619324,35.06426390783663
74.1748349669934,34.95548737033526
74.19483896779356,34.845927990830916
74.21484296859373,34.73560307694187
74.23484696939389,34.62453005722172
74.25485097019404,34.5127264784057
74.2748549709942,34.40021000263906
74.29485897179437,34.28699840468666
74.31486297259453,34.17310956912538
74.33486697339468,34.05856148751833
74.35487097419484,33.94337225557296
74.37487497499501,33.827560070282196
74.39487897579517,33.711143227050115
74.41488297659532,33.59414011680128
74.43488697739548,33.47656922307571
74.45489097819565,33.35844911910884
74.4748949789958,33.23979846489767
74.49489897979596,33.12063600425255
74.51490298059612,33.00098056183641
74.53490698139628,32.88085104019085
74.55491098219645,32.76026641674997
74.5749149829966,32.63924574084268
74.59491898379676,32.51780813068298
74.61492298459692,32.39597277035001
74.63492698539709,32.27375890675738
74.65493098619724,32.15118584661282
74.6749349869974,32.02827295336788
74.69493898779756,31.905039644159245
74.71494298859773,31.78150538674114
74.73494698939788,31.657689696410248
74.75495099019804,31.533612132922336
74.7749549909982,31.40929229740259
74.79495899179837,31.284749829249005
74.81496299259852,31.16000440303012
74.83496699339868,31.03507572537652
74.85497099419884,30.90998353186796
74.87497499499901,30.784747583915514
74.89497899579916,30.65938766564004
74.91498299659932,30.533923580746364
74.93498699739948,30.408375149395084
74.95499099819965,30.282762205071343
74.9749949989998,30.15710459145191
74.99499899979996,30.03142215926997
75.01500300060012,29.905734763179485
75.03500700140029,29.780062258618518
75.05501100220044,29.65442449867286
75.0750150030006,29.528841330939315
75.09501900380076,29.403332594390562
75.11502300460093,29.277918116240965
75.13502700540108,29.15261770881465
75.15503100620124,29.02745116641523
75.1750350070014,28.902438262199098
75.19503900780157,28.777598745051613
75.21504300860173,28.652952336467564
75.23504700940188,28.528518727435248
75.25505101020204,28.40431757532607
75.27505501100221,28.28036850078903
75.29505901180237,28.156691084651452
75.31506301260252,28.03330486482527
75.33506701340268,27.91022933322081
75.35507101420285,27.787483932667428
75.375075015003,27.66508805384232
75.39507901580316,27.54306103220685
75.41508301660332,27.42142214495232
75.43508701740349,27.30019060795452
75.45509101820365,27.179385572738383
75.4750950190038,27.059026123452114
75.49509901980396,26.939131273852645
75.51510302060413,26.819719964301818
75.53510702140429,26.70081105877454
75.55511102220444,26.582423341878357
75.5751150230046,26.464575515886217
75.59511902380477,26.34728619778187
75.61512302460493,26.230573916319102
75.63512702540508,26.11445710909426
75.65513102620524,25.998954119633922
75.67513502700541,25.88408319449661
75.69513902780557,25.769862480391225
75.71514302860572,25.65631002130926
75.73514702940588,25.543443755674957
75.75515103020605,25.43128151351101
75.77515503100621,25.31984101362271
75.79515903180636,25.209139860797844
75.81516303260652,25.099195543026198
75.83516703340669,24.9900254287364
75.85517103420685,24.881646764053013
75.875175035007,24.774076670071157
75.89517903580716,24.66733214015212
75.91518303660733,24.56143003723895
75.93518703740749,24.45638709119278
75.95519103820764,24.352219896149336
75.9751950390078,24.2489449078977
75.99519903980797,24.146578441280877
76.01520304060813,24.045136667618628
76.03520704140828,23.944635612152286
76.05521104220844,23.84509115151337
76.07521504300861,23.74651901121561
76.09521904380877,23.648934763170985
76.11522304460892,23.55235382322891
76.13522704540908,23.45679144874171
76.15523104620925,23.3622627361539
76.17523504700941,23.268782618617863
76.19523904780957,23.17636586363393
76.21524304860972,23.085027070718237
76.23524704940989,22.99478066909596
76.25525105021005,22.905640915422353
76.2752550510102,22.81762189152975
76.29525905181036,22.730737502203716
76.31526305261053,22.645001472986063
76.33526705341069,22.560427348006826
76.35527105421085,22.47702848784433
76.375275055011,22.394818067414757
76.39527905581116,22.313809073890788
76.41528305661133,22.234014304649907
76.43528705741149,22.155446365252942
76.45529105821164,22.078117667452396
76.4752950590118,22.002040427231922
76.49529905981197,21.92722666287639
76.51530306061213,21.853688193073488
76.53530706141228,21.7814366350464
76.55531106221244,21.71048340271876
76.57531506301261,21.640839704911453
76.59531906381277,21.572516543572057
76.61532306461292,21.505524712036575
76.63532706541308,21.439874793324535
76.65533106621325,21.375577158467046
76.6753350670134,21.312641964868586
76.69533906781356,21.251079154702175
76.71534306861372,21.19089845333891
76.73534706941389,21.13210936781152
76.75535107021405,21.074721185312637
76.7753550710142,21.01874297172745
76.79535907181436,20.964183570201666
76.81536307261453,20.911051599744443
76.83536707341469,20.859355453866925
76.85537107421484,20.809103299256098
76.875375075015,20.76030307448479
76.89537907581517,20.712962488757512
76.91538307661533,20.667089020692693
76.93538707741548,20.622689917141116
76.95539107821564,20.57977219204118
76.97539507901581,20.53834262531083
76.99539907981597,20.4984077617766
77.01540308061612,20.459973910139556
77.03540708141628,20.423047141978767
77.05541108221645,20.38763329079211
77.07541508301661,20.353737951074798
77.09541908381676,20.32136647743549
77.11542308461692,20.290523983750443
77.13542708541709,20.261215342355655
77.15543108621725,20.233445183277183
77.1754350870174,20.207217893499656
77.19543908781756,20.182537616273276
77.21544308861773,20.159408250459272
77.23544708941789,20.137833449914034
77.25545109021805,20.11781662291181
77.2754550910182,20.099360931606356
77.29545909181837,20.082469291531332
77.31546309261853,20.06714437113981
77.33546709341869,20.053388591382628
77.35547109421884,20.041204125326004
77.37547509501901,20.030592897808212
77.39547909581917,20.02155658513555
77.41548309661933,20.01409661481747
77.43548709741948,20.00821416534111
77.45549109821965,20.003910165985094
77.47549509901981,20.001185296672762
77.49549909981997,20.00003998786473
77.51550310062012,20.000474420490896
77.5355071014203,20.00248852592187
77.55551110222045,20.00608198597979
77.5755151030206,20.011254232988616
77.59551910382076,20.018004449863792
77.61552310462093,20.026331570241325
77.63552710542109,20.03623427864624
77.65553110622125,20.047711010700407
77.6755351070214,20.06075995336966
77.69553910782157,20.075379045250227
77.71554310862173,20.091565976894334
77.73554710942189,20.109318191175106
77.75555111022204,20.128632883690482
77.77555511102221,20.149507003206267
77.79555911182237,20.171937252138108
77.81556311262253,20.195920087072473
77.83556711342268,20.221451719326417
77.85557111422285,20.248528115546087
77.87557511502301,20.277144998343847
77.89557911582317,20.30729784697409
77.91558311662332,20.338981898047336
77.9355871174235,20.372192146282753
77.95559111822365,20.406923345298814
77.97559511902381,20.44317000844218
77.99559911982396,20.480926409654394
78.01560312062414,20.52018658437649
78.03560712142429,20.56094433049114
78.05561112222445,20.603193209302596
78.0756151230246,20.64692654655373
78.09561912382478,20.69213743348044
78.11562312462493,20.73881872790299
78.13562712542509,20.786963055354416
78.15563112622524,20.83656281024541
78.17563512702542,20.88761015706588
78.19563912782557,20.940097031622628
78.21564312862573,20.994015142313483
78.23564712942589,21.04935597143703
78.25565113022604,21.106110776538237
78.27565513102621,21.164270591789556
78.29565913182637,21.223826229407194
78.31566313262653,21.284768281102714
78.33566713342668,21.347087119569217
78.35567113422685,21.410772900002236
78.37567513502701,21.475815561654855
78.39567913582717,21.54220482942727
78.41568313662732,21.609930215489786
78.4356871374275,21.678981020939933
78.45569113822765,21.74934633749205
78.4756951390278,21.82101504920115
78.49569913982796,21.893975834218587
78.51570314062813,21.968217166580914
78.53570714142829,22.043727318030136
78.55571114222845,22.120494359867145
78.5757151430286,22.19850616483572
78.59571914382877,22.277750409038703
78.61572314462893,22.3582145738842
78.63572714542909,22.439885948063917
78.65573114622924,22.52275162956097
78.67573514702941,22.60679852768801
78.69573914782957,22.692013365155013
78.71574314862973,22.778382680167244
78.73574714942988,22.865892828551676
78.75575115023005,22.95452998591235
78.77575515103021,23.044280149814075
78.79575915183037,23.135129141994923
78.81576315263052,23.227062610605895
78.8357671534307,23.320066032478014
78.85577115423085,23.41412471541636
78.87577515503101,23.50922380052186
78.89577915583116,23.605348264537866
78.91578315663133,23.702482922223915
78.93578715743149,23.80061242875402
78.95579115823165,23.899721282141677
78.9757951590318,23.999793825688002
78.99579915983198,24.100814250455542
79.01580316063213,24.202766597765134
79.03580716143229,24.305634761717858
79.05581116223244,24.409402491738593
79.07581516303262,24.514053395143584
79.09581916383277,24.619570939729776
79.11582316463293,24.725938456386857
79.13582716543308,24.833139141730292
79.15583116623326,24.941156060755993
79.17583516703341,25.049972149515334
79.19583916783357,25.159570217811236
79.21584316863373,25.269932951913493
79.2358471694339,25.381042917294074
79.25585117023405,25.492882561381055
79.27585517103421,25.605434216331876
79.29585917183437,25.71868010182415
79.31586317263454,25.832602327864656
79.33586717343469,25.947182897615217
79.35587117423485,26.06240371023616
79.375875175035,26.17824656374552
79.39587917583518,26.29469315789463
79.41588317663533,26.411725097058834
79.43588717743549,26.529323893143925
79.45589117823565,26.647470968506536
79.47589517903582,26.766147658889075
79.49589917983597,26.885335216367924
79.51590318063613,27.00501481231557
79.53590718143629,27.125167540374747
79.55591118223646,27.24577441944533
79.57591518303661,27.36681639668258
79.59591918383677,27.48827435050744
79.61592318463693,27.610129093626956
79.6359271854371,27.73236137606556
79.65593118623725,27.85495188820578
79.67593518703741,27.977881263839095
79.69593918783757,28.10113008322504
79.71594318863774,28.224678876159153
79.7359471894379,28.34850812504851
79.75595119023805,28.472598267995444
79.77595519103821,28.596929701887515
79.79595919183838,28.72148278549449
79.81596319263853,28.846237842570854
79.83596719343869,28.971175164964585
79.85597119423885,29.096275015730278
79.87597519503902,29.22151763224721
79.89597919583917,29.346883229341056
79.91598319663933,29.47235200240988
79.93598719743949,29.597904130552468
79.95599119823966,29.723519779699686
79.97599519903982,29.849179105747456
79.99599919983997,29.974862257692084
80.01600320064013,30.1005493807659
80.0360072014403,30.226220619573972
80.05601120224046,30.351856121230465
80.07601520304061,30.477436038495334
80.09601920384077,30.60294053290938
80.11602320464092,30.728349777928322
80.1360272054411,30.853643962054957
80.15603120624125,30.978803291968575
80.17603520704141,31.10380799565225
80.19603920784157,31.22863832551603
80.21604320864174,31.35327456151669
80.23604720944189,31.477697014272742
80.25605121024205,31.601886028175258
80.2760552110422,31.725821984492693
80.29605921184238,31.84948530447029
80.31606321264253,31.972856452422736
80.33606721344269,32.09591593882076
80.35607121424285,32.21864432336966
80.37607521504302,32.34102221808055
80.39607921584317,32.46303029033291
80.41608321664333,32.584649265929016
80.43608721744349,32.70585993213856
80.45609121824366,32.826643140733864
80.47609521904381,32.94697981101458
80.49609921984397,33.06685093282234
80.51610322064413,33.18623756954364
80.5361072214443,33.305120861101464
80.55611122224445,33.423482026934416
80.57611522304461,33.541302368964004
80.59611922384477,33.65856327454821
80.61612322464494,33.77524621942188
80.6361272254451,33.89133277062293
80.65613122624525,34.006804589404595
80.6761352270454,34.12164343413227
80.69613922784558,34.235831163165344
80.71614322864573,34.349349737722875
80.73614722944589,34.46218122473364
80.75615123024605,34.57430779966885
80.77615523104622,34.68571174935811
80.79615923184637,34.79637547478739
80.81616323264653,34.90628149387961
80.83616723344669,35.01541244425613
80.85617123424686,35.123751085979656
80.87617523504701,35.231280304277504
80.89617923584717,35.33798311224565
80.91618323664733,35.443842653532016
80.9361872374475,35.54884220499942
80.95619123824765,35.6529651793672
80.97619523904781,35.75619512783198
80.99619923984797,35.858515742665844
81.01620324064814,35.95991085979274
81.0362072414483,36.06036446134173
81.05621124224845,36.15986067817774
81.07621524304861,36.25838379240831
81.09621924384878,36.35591823986666
81.11622324464894,36.45244861257029
81.13622724544909,36.547959661155325
81.15623124624925,36.64243629728534
81.17623524704942,36.73586359603506
81.19623924784958,36.82822679824785
81.21624324864973,36.91951131286766
81.23624724944989,37.00970271924384
81.25625125025006,37.09878676940929
81.27625525105022,37.1867493903311
81.29625925185037,37.273576686134085
81.31626325265053,37.359254940295706
81.3362672534507,37.44377061781308
81.35627125425086,37.52711036734095
81.37627525505101,37.609261023301194
81.39627925585117,37.69020960796234
81.41628325665134,37.769943333490126
81.4362872574515,37.84844960396696
81.45629125825165,37.92571601738251
81.47629525905181,38.00173036759245
81.49629925985198,38.07648064624706
81.51630326065214,38.14995504468769
81.5363072614523,38.222141955812816
81.55631126225245,38.29302997591138
81.57631526305262,38.3626079064645
81.59631926385278,38.43086475591403
81.61632326465293,38.49778974139958
81.63632726545309,38.563372290461686
81.65633126625326,38.627602042711956
81.67633526705342,38.69046885146956
81.69633926785357,38.751962785364576
81.71634326865373,38.81207412990668
81.7363472694539,38.870793389019774
81.75635127025406,38.92811128654197
81.77635527105421,38.98401876769133
81.79635927185437,39.03850700049616
81.81636327265454,39.09156737719016
81.8363672734547,39.1431915155721
81.85637127425485,39.19337126033045
81.87637527505501,39.24209868433129
81.89637927585518,39.28936608987082
81.91638327665534,39.33516600989115
81.9363872774555,39.379491209160314
81.95639127825565,39.4223346854149
81.97639527905581,39.463689670466394
81.99639927985598,39.50354963127033
82.01640328065614,39.541908270958345
82.03640728145629,39.578759529832965
82.05641128225645,39.61409758632486
82.07641528305662,39.64791685791252
82.09641928385678,39.68021200200408
82.11642328465693,39.71097791678145
82.13642728545709,39.740209742006144
82.15643128625726,39.76790285978717
82.17643528705742,39.794052895310436
82.19643928785757,39.818655717529985
82.21644328865773,39.8417074398205
82.2364472894579,39.86320442059136
82.25645129025806,39.88314326386182
82.27645529105821,39.901520819797625
82.29645929185837,39.9183341852085
82.31646329265854,39.93358070400684
82.3364672934587,39.94725796762725
82.35647129425885,39.95936381540709
82.37647529505901,39.969896334927775
82.39647929585918,39.97885386231692
82.41648329665934,39.98623498251112
82.4364872974595,39.9920385294796
82.45649129825965,39.99626358640832
82.47649529905982,39.99890948584486
82.49649929985998,39.99997580980386
82.51650330066013,39.99946238983302
82.53650730146029,39.997369307039754
82.55651130226046,39.99369689207835
82.57651530306062,39.98844572509772
82.59651930386077,39.9816166356498
82.61652330466093,39.973210702558454
82.6365273054611,39.96322925374907
82.65653130626126,39.95167386603879
82.67653530706141,39.93854636488738
82.69653930786157,39.92384882410889
82.71654330866174,39.907583565544
82.7365473094619,39.889753158693296
82.75655131026205,39.870360420311286
82.77655531106221,39.84940841396144
82.79655931186238,39.82690044953226
82.81656331266254,39.80284008271438
82.8365673134627,39.77723111443882
82.85657131426285,39.75007759027659
82.87657531506302,39.72138379979955
82.89657931586318,39.69115427590282
82.91658331666333,39.65939379408863
82.93658731746349,39.62610737171195
82.95659131826366,39.59130026718786
82.97659531906382,39.554977979160896
82.99659931986398,39.51714624563633
83.01660332066413,39.47781104307376
83.0366073214643,39.43697858544293
83.05661132226446,39.39465532324221
83.07661532306462,39.350847942479405
83.09661932386477,39.30556336361563
83.11662332466494,39.258808740472034
83.1366273254651,39.21059145909974
83.15663132626526,39.160919136612904
83.17663532706541,39.1097996199855
83.19663932786558,39.05724098481165
83.21664332866574,39.00325153402997
83.2366473294659,38.947839796611795
83.25665133026605,38.89101452621387
83.27665533106622,38.83278469979549
83.29665933186638,38.77315951620044
83.31666333266654,38.712148394703654
83.33666733346669,38.64976097352334
83.35667133426686,38.586007108298304
83.37667533506702,38.52089687053112
83.39667933586718,38.45444054599693
83.41668333666733,38.38664863311866
83.4366873374675,38.317531841308465
83.45669133826766,38.24710108927606
83.47669533906782,38.17536750330362
83.49669933986797,38.10234241548827
83.51670334066814,38.02803736195179
83.5367073414683,37.95246408101838
83.55671134226846,37.875634511360055
83.57671534306861,37.79756079011082
83.59671934386878,37.71825525094918
83.61672334466894,37.63773042214994
83.6367273454691,37.55599902460478
83.65673134626925,37.473073969812845
83.67673534706942,37.388968357840966
83.69673934786958,37.303695475254386
83.71674334866974,37.21726879301751
83.7367473494699,37.129701964366014
83.75675135027006,37.04100882264993
83.77675535107022,36.95120337914846
83.79675935187038,36.86029982085631
83.81676335267053,36.76831250824265
83.83676735347069,36.67525597298251
83.85677135427086,36.58114491566107
83.87677535507102,36.485994203451554
83.89677935587117,36.389818867766266
83.91678335667133,36.29263410188224
83.9367873574715,36.194455258540955
83.95679135827166,36.09529784752322
83.97679535907182,35.99517753319869
83.99679935987197,35.89411013205151
84.01680336067214,35.79211161018158
84.0368073614723,35.689198080782575
84.05681136227246,35.585385801596104
84.07681536307261,35.480691172343626
84.09681936387278,35.375130732135595
84.11682336467294,35.26872115685894
84.1368273654731,35.161479256542314
84.15683136627325,35.053421972700875
84.17683536707342,34.94456637565949
84.19683936787358,34.83492966185693
84.21684336867374,34.72452915112829
84.23684736947389,34.61338228396947
84.25685137027406,34.50150661878158
84.27685537107422,34.388919829097986
84.29685937187438,34.27563970079133
84.31686337267453,34.161684129264486
84.3368673734747,34.04707111662297
84.35687137427486,33.93181876883202
84.37687537507502,33.815945292855275
84.39687937587517,33.699468993778936
84.41688337667534,33.58240827192008
84.4368873774755,33.46478161992018
84.45689137827566,33.34660761982308
84.47689537907581,33.22790494013974
84.49689937987598,33.1086923328992
84.51690338067614,32.98898863068658
84.5369073814763,32.86881274366722
84.55691138227645,32.74818365659974
84.57691538307662,32.627120425836964
84.59691938387678,32.50564217631588
84.61692338467694,32.383768098535384
84.6369273854771,32.26151744552556
84.65693138627726,32.1389095298057
84.67693538707742,32.01596372033406
84.69693938787758,31.892699439446957
84.71694338867773,31.76913615979153
84.7369473894779,31.645293401248946
84.75695139027806,31.521190727851497
84.77695539107822,31.396847744690817
84.79695939187837,31.27228409482178
84.81696339267855,31.147519456158896
84.8369673934787,31.022573538368043
84.85697139427886,30.897466079752416
84.87697539507901,30.772216844134654
84.89697939587919,30.64684561773452
84.91698339667934,30.521372206043452
84.9369873974795,30.39581643069538
84.95699139827965,30.270198126335675
84.97699539907983,30.14453713748765
84.99699939987998,30.018853315417907
85.01700340068014,29.893166514999898
85.0370074014803,29.767496591577657
85.05701140228047,29.64186339782901
85.07701540308062,29.516286780629624
85.09701940388078,29.390786577917297
85.11702340468094,29.265382615558327
85.1370274054811,29.140094704215397
85.15703140628126,29.01494263621827
85.17703540708142,28.889946182436674
85.19703940788158,28.765125089157287
85.21704340868175,28.640499074964183
85.2370474094819,28.516087827624062
85.25705141028206,28.391911000975686
85.27705541108222,28.267988211825312
85.29705941188239,28.144339036847626
85.31706341268254,28.020983009493374
85.3370674134827,27.897939616903173
85.35707141428286,27.775228296829294
85.37707541508303,27.652868434564862
85.39707941588318,27.530879359881745
85.41708341668334,27.409280343976512
85.4370874174835,27.28809059642636
85.45709141828367,27.167329262154333
85.47709541908382,27.047015418405195
85.49709941988398,26.92716807173129
85.51710342068414,26.807806154990256
85.53710742148431,26.688948524353982
85.55711142228446,26.570613956330078
85.57711542308462,26.452821144795248
85.59711942388478,26.335588698042404
85.61712342468495,26.218935135840894
85.6371274254851,26.10287888651111
85.65713142628526,25.98743828401287
85.67713542708542,25.872631565049403
85.69713942788557,25.75847686618631
85.71714342868574,25.644992220986413
85.7371474294859,25.532195557161153
85.75715143028606,25.42010469373806
85.77715543108621,25.308737338246083
85.79715943188639,25.198111083918093
85.81716343268654,25.08824340691187
85.8371674334867,24.979151663548926
85.85717143428685,24.870853087572875
85.87717543508703,24.763364787426855
85.89717943588718,24.656703743551024
85.91718343668734,24.55088680569974
85.9371874374875,24.445930690279972
85.95719143828767,24.34185197771039
85.97719543908782,24.23866710980233
85.99719943988798,24.136392387162026
86.01720344068814,24.035043966615795
86.0372074414883,23.934637858657528
86.05721144228846,23.83518992491966
86.07721544308862,23.73671587566711
86.09721944388878,23.639231267315655
86.11722344468895,23.54275149997433
86.1372274454891,23.447291815012797
86.15723144628926,23.352867292653258
86.17723544708942,23.2594928495884
86.19723944788959,23.167183236624826
86.21724344868974,23.075953036352985
86.2372474494899,22.98581666084319
86.25725145029006,22.89678834936911
86.27725545109023,22.808882166158163
86.29725945189038,22.722111998169986
86.31726345269054,22.636491552902296
86.3372674534907,22.55203435622569
86.35727145429087,22.468753750246762
86.37727545509102,22.386662891200615
86.39727945589118,22.305774747372205
86.41728345669134,22.22610209704785
86.43728745749151,22.147657526496538
86.45729145829166,22.070453427981747
86.47729545909182,21.994501997803525
86.49729945989198,21.91981523437199
86.51730346069215,21.846404936311743
86.5373074614923,21.774282700598206
86.55731146229246,21.703459920725304
86.57731546309262,21.63394778490576
86.59731946389279,21.565757274303564
86.61732346469294,21.498899161299363
86.6373274654931,21.433384007788494
86.65733146629326,21.369222163512593
86.67733546709343,21.30642376442455
86.69733946789358,21.244998731087414
86.71734346869374,21.18495676710697
86.7373474694939,21.126307357598982
86.75735147029407,21.069059767690693
86.77735547109422,21.013223041057312
86.79735947189438,20.95880599849314
86.81736347269454,20.905817236518235
86.83736747349471,20.854265126020334
86.85737147429487,20.804157810932548
86.87737547509502,20.755503206946692
86.89737947589518,20.70830900026288
86.91738347669535,20.662582646375277
86.9373874774955,20.618331368894413
86.95739147829566,20.575562158405866
86.97739547909582,20.534281771366047
86.99739947989599,20.494496729034786
87.01740348069615,20.456213316445258
87.0374074814963,20.419437581410925
87.05741148229646,20.384175333570262
87.07741548309663,20.35043214346892
87.09741948389679,20.318213341679815
87.11742348469694,20.287524017960884
87.1374274854971,20.258369020451163
87.15743148629727,20.230752954904766
87.17743548709743,20.204680183963507
87.19743948789758,20.18015482646749
87.21744348869774,20.157180756804557
87.23744748949791,20.135761604298153
87.25745149029807,20.115900752634133
87.27745549109822,20.097601339326054
87.29745949189838,20.080866255219625
87.31746349269855,20.06569814403596
87.3374674934987,20.052099401954052
87.35747149429886,20.04007217723212
87.37747549509902,20.029618369868267
87.39747949589919,20.020739631300355
87.41748349669935,20.013437364145137
87.4374874974995,20.007712721976617
87.45749149829966,20.003566609143846
87.47749549909983,20.00099968062807
87.49749949989999,20.000012341939247
87.51750350070014,20.00060474905198
87.5375075015003,20.002776808380894
87.55751150230046,20.0065281767954
87.57751550310063,20.01185826167392
87.59751950390078,20.018766220997488
87.61752350470094,20.02725096348279
87.6375275055011,20.037311148754533
87.65753150630127,20.048945187557226
87.67753550710142,20.062151242006188
87.69753950790158,20.07692722587794
87.71754350870174,20.09327080493976
87.73754750950191,20.111179397318427
87.75755151030206,20.130650173908066
87.77755551110222,20.151680058817135
87.79755951190238,20.17426572985429
87.81756351270255,20.198403619053252
87.8375675135027,20.224089913236366
87.85757151430286,20.251320554617102
87.87757551510302,20.280091241441013
87.89757951590319,20.31039742866533
87.91758351670335,20.34223432867691
87.9375875175035,20.37559691204865
87.95759151830366,20.410479908333947
87.97759551910383,20.446877806899323
87.99759951990399,20.484784857794892
88.01760352070414,20.524195072662845
88.0376075215043,20.565102225683344
88.05761152230447,20.607499854558114
88.07761552310463,20.651381261531217
88.09761952390478,20.696739514447284
88.11762352470494,20.7435674478465
88.13762752550511,20.79185766409666
88.15763152630527,20.841602534561645
88.17763552710542,20.892794200806758
88.19763952790558,20.945424575840036
88.21764352870575,20.999485345389854
88.2376475295059,21.054967969218232
88.25765153030606,21.11186368247018
88.27765553110622,21.170163497058187
88.29765953190639,21.229858203082195
88.31766353270655,21.29093837028437
88.3376675335067,21.35339434953907
88.35767153430686,21.417216274377015
88.37767553510703,21.48239406254402
88.39767953590719,21.548917417593582
88.41768353670734,21.61677583051368
88.4376875375075,21.6859585813868
88.45769153830767,21.75645474108346
88.47769553910783,21.82825317298861
88.49769953990798,21.901342534761152
88.51770354070814,21.9757112801256
88.53770754150831,22.051347660696173
88.55771154230847,22.128239727832568
88.57771554310862,22.206375334527813
88.59771954390878,22.285742137327016
88.61772354470895,22.366327598277394
88.63772754550911,22.44811898690878
88.65773154630926,22.531103382245004
88.67773554710942,22.615267674844866
88.69773954790959,22.700598568873215
88.71774354870975,22.787082584201162
88.7377475495099,22.874706058535885
88.75775155031006,22.963455149578724
88.77775555111023,23.053315837212033
88.79775955191039,23.14427392571379
88.81776355271055,23.236315046000467
88.8377675535107,23.32942465789678
88.85777155431087,23.42358805243279
88.87777555511103,23.518790354167308
88.89777955591119,23.615016523538177
88.91778355671134,23.712251359237932
88.93778755751151,23.810479500615326
88.95779155831167,23.9096854301017
88.97779555911183,24.00985347566271
88.99779955991198,24.110967813273877
89.01780356071215,24.213012469420523
89.03780756151231,24.315971323620914
89.05781156231247,24.419828110973278
89.07781556311262,24.52456642472498
89.0978195639128,24.630169718864522
89.11782356471295,24.73662131073514
89.1378275655131,24.8439043836706
89.15783156631326,24.95200198965159
89.17783556711343,25.060897051983165
89.19783956791359,25.170572367992225
89.21784356871375,25.281010611745444
89.2378475695139,25.3921943367861
89.25785157031407,25.504105978890298
89.27785557111423,25.61672785884141
89.29785957191439,25.730042185223347
89.31786357271454,25.84403105723088
89.33786757351471,25.95867646749764
89.35787157431487,26.073960304940606
89.37787557511503,26.189864357621534
89.39787957591518,26.306370315623774
89.41788357671534,26.423459773944806
89.43788757751551,26.541114235403853
89.45789157831567,26.659315113563682
89.47789557911582,26.77804373566722
89.49789957991598,26.897281345587086
89.51790358071615,27.017009106788734
89.53790758151631,27.137208105305874
89.55791158231646,27.257859352728815
89.57791558311662,27.37894378920388
89.59791958391679,27.500442286444507
89.61792358471695,27.62233565075278
89.6379275855171,27.74460462605196
89.65793158631726,27.86722989692816
89.67793558711743,27.99019209168186
89.69793958791759,28.113471785387855
89.71794358871774,28.237049502964325
89.7379475895179,28.360905722249125
89.75795159031807,28.485020877083933
89.77795559111823,28.60937536040494
89.79795959191839,28.733949527340673
89.81796359271854,28.858723698315124
89.83796759351871,28.98367816215676
89.85797159431887,29.108793179212118
89.87797559511903,29.234048984464582
89.89797959591918,29.359425790656484
89.91798359671935,29.484903791415128
89.93798759751951,29.610463164381425
89.95799159831967,29.73608407434173
89.97799559911982,29.861746676360973
89.99799959991999,29.987431118918142
90.01800360072015,30.11311754704133
90.0380076015203,30.238786105445463
90.05801160232046,30.364416941668214
90.07801560312063,30.489990209206763
90.09801960392079,30.615486070652057
90.11802360472095,30.740884700823674
90.1380276055211,30.866166289901354
90.15803160632127,30.99131104655431
90.17803560712143,31.11629920106746
90.19803960792159,31.241111008465275
90.21804360872174,31.365726751630692
90.23804760952191,31.490126744419776
90.25805161032207,31.614291334771355
90.27805561112223,31.738200907812267
90.29805961192238,31.86183588895571
90.31806361272255,31.98517674699341
90.33806761352271,32.10820399718071
90.35807161432287,32.2308982043157
90.37807561512302,32.35323998580853
90.3980796159232,32.47521001474392
90.41808361672335,32.59678902293363
90.43808761752351,32.71795780396146
90.45809161832366,32.8386972162164
90.47809561912383,32.95898818591709
90.49809961992399,33.078811710124306
90.51810362072415,33.19814885974402
90.5381076215243,33.316980782516794
90.55811162232447,33.43528870599642
90.57811562312463,33.55305394051514
90.59811962392479,33.6702578821366
90.61812362472494,33.78688201559447
90.63812762552512,33.90290791721756
90.65813162632527,34.01831725784002
90.67813562712543,34.133091805697276
90.69813962792558,34.247213429305944
90.71814362872576,34.36066410032827
90.73814762952591,34.473425896419876
90.75815163032607,34.58548100406145
90.77815563112622,34.69681172137255
90.7981596319264,34.80740046090821
90.81816363272655,34.91722975243706
90.83816763352671,35.02628224570151
90.85817163432687,35.13454071315847
90.87817563512704,35.241988052700954
90.89817963592719,35.348607290359524
90.91818363672735,35.45438158298416
90.9381876375275,35.55929422090477
90.95819163832768,35.663328630571016
90.97819563912783,35.76646837717032
90.99819963992799,35.86869716722446
91.01820364072815,35.96999885116332
91.03820764152832,36.07035742587621
91.05821164232847,36.16975703723975
91.07821564312863,36.268181982622735
91.09821964392879,36.36561671336657
91.11822364472896,36.46204583724161
91.13822764552911,36.557454120878596
91.15823164632927,36.65182649217543
91.17823564712943,36.74514804267798
91.1982396479296,36.837404029935335
91.21824364872975,36.928579879828554
91.23824764952991,37.01866118887331
91.25825165033007,37.10763372649505
91.27825565113022,37.19548343727717
91.2982596519304,37.2821964431814
91.31826365273055,37.36775904574003
91.3382676535307,37.45215772822022
91.35827165433086,37.53537915775908
91.37827565513103,37.61741018747004
91.39827965593119,37.69823785851954
91.41828365673135,37.77784940217447
91.4382876575315,37.8562322418191
91.45829165833167,37.93337399494203
91.47829565913183,38.00926247509207
91.49829965993199,38.083885693803666
91.51830366073214,38.15723186249063
91.53830766153231,38.2292893943085
91.55831166233247,38.3000469059848
91.57831566313263,38.36949321961759
91.59831966393278,38.43761736444107
91.61832366473296,38.50440857855884
91.63832766553311,38.56985631064377
91.65833166633327,38.63395022160516
91.67833566713342,38.69668018622183
91.6983396679336,38.75803629474177
91.71834366873375,38.81800885444745
91.73834766953391,38.876588391187276
91.75835167033406,38.933765650872104
91.77835567113424,38.989531600937234
91.79835967193439,39.04387743176917
91.81836367273455,39.09679455809754
91.8383676735347,39.14827462035122
91.85837167433488,39.19830948597898
91.87837567513503,39.2468912507341
91.89837967593519,39.29401223992327
91.91838367673535,39.3396650096188
91.93838767753552,39.3838423478347
91.95839167833567,39.426537275665844
91.97839567913583,39.46774304839064
91.99839967993599,39.50745315653639
92.01840368073616,39.545661326907734
92.03840768153631,39.5823615235775
92.05841168233647,39.61754794884038
92.07841568313663,39.651215044128776
92.0984196839368,39.68335749089088
92.11842368473695,39.71397021143087
92.13842768553711,39.74304836971111
92.15843168633727,39.7705873721161
92.17843568713744,39.79658286817812
92.1984396879376,39.821030751264516
92.21844368873775,39.84392715922646
92.2384476895379,39.86526847500905
92.25845169033808,39.885051327222754
92.27845569113823,39.9032725906759
92.29845969193839,39.9199293868685
92.31846369273855,39.93501908444695
92.33846769353872,39.94853929961964
92.35847169433887,39.96048789653363
92.37847569513903,39.970862987612
92.39847969593919,39.979662933852076
92.41848369673936,39.98688634508434
92.43848769753951,39.99253208019201
92.45849169833967,39.99659924729136
92.47849569913983,39.99908720387258
92.49849969994,39.99999555690128
92.51850370074015,39.99932416288062
92.53850770154031,39.9970731278739
92.55851170234047,39.99324280748787
92.57851570314064,39.987833806816525
92.5985197039408,39.980846980345554
92.61852370474095,39.972283431817274
92.63852770554111,39.96214451405635
92.65853170634128,39.950431828756024
92.67853570714144,39.937147226225136
92.69853970794159,39.92229280509578
92.71854370874175,39.90587091199179
92.73854770954192,39.887884141158025
92.75855171034208,39.86833533405059
92.77855571114223,39.84722757888788
92.79855971194239,39.82456421016276
92.81856371274256,39.800348808115814
92.83856771354272,39.77458519816974
92.85857171434287,39.74727745032502
92.87857571514303,39.718429878517
92.8985797159432,39.68804703993428
92.91858371674336,39.65613373429905
92.93858771754351,39.622695003108525
92.95859171834367,39.5877361288388
92.97859571914384,39.55126263411007
92.998599719944,39.51328028081458
93.01860372074415,39.473795069206005
93.03860772154431,39.43281323695179
93.05861172234448,39.390341258147586
93.07861572314464,39.346385842294794
93.0986197239448,39.30095393324034
93.11862372474495,39.2540527080798
93.1386277255451,39.20568957602367
93.15863172634528,39.155872177226826
93.17863572714543,39.10460838158178
93.19863972794559,39.05190628747499
93.21864372874575,38.99777422050798
93.23864772954592,38.94222073218176
93.25865173034607,38.88525459854633
93.27865573114623,38.826884818813724
93.29865973194639,38.76712061393678
93.31866373274656,38.70597142515231
93.33866773354671,38.643446912489715
93.35867173434687,38.5795569532448
93.37867573514703,38.5143116404195
93.3986797359472,38.4477212811274
93.41868373674735,38.37979639496562
93.43868773754751,38.31054771235273
93.45869173834767,38.239986172833795
93.47869573914784,38.168122923352115
93.498699739948,38.094969316488445
93.51870374074815,38.02053690866734
93.53870774154831,37.94483745833168
93.55871174234848,37.86788292408509
93.57871574314863,37.78968546280287
93.59871974394879,37.710257427711355
93.61872374474895,37.62961136643653
93.63872774554912,37.54776001902173
93.65873174634928,37.464716315915254
93.67873574714943,37.38049337592739
93.69873974794959,37.295104504158125
93.71874374874976,37.208563189895244
93.73874774954992,37.1208831044835
93.75875175035007,37.03207809916461
93.77875575115023,36.94216220288932
93.7987597519504,36.85114962010109
93.81876375275056,36.75905472849231
93.83876775355071,36.665892076732725
93.85877175435087,36.57167638217129
93.87877575515104,36.47642252851113
93.8987797559512,36.38014556345844
93.91878375675135,36.28286069634509
93.93878775755151,36.18458329572607
93.95879175835168,36.0853288869516
93.97879575915184,35.9851131497147
93.99879975995199,35.88395191557386
94.01880376075215,35.78186116545229
94.03880776155232,35.67885702711324
94.05881176235248,35.574955772612405
94.07881576315263,35.47017381572705
94.09881976395279,35.364527709363244
94.11882376475296,35.25803414294083
94.13882776555312,35.15070993975713
94.15883176635327,35.04257205432896
94.17883576715343,34.93363756971443
94.1988397679536,34.82392369481421
94.21884376875376,34.71344776165313
94.23884776955391,34.60222722264183
94.25885177035407,34.490279647819946
94.27885577115424,34.37762272208038
94.2988597719544,34.26427424237576
94.31886377275455,34.15025211490663
94.33886777355471,34.03557435229291
94.35887177435488,33.92025907072832
94.37887577515504,33.804324487118656
94.3988797759552,33.68778891620363
94.41888377675535,33.57067076766385
94.43888777755552,33.45298854321242
94.45889177835568,33.33476083367243
94.47889577915583,33.21600631603964
94.49889977995599,33.09674375053226
94.51890378075616,32.9769919776272
94.53890778155632,32.85676991508399
94.55891178235647,32.73609655495584
94.57891578315663,32.61499096058971
94.5989197839568,32.493472263614535
94.61892378475696,32.37155966091931
94.63892778555712,32.24927241161995
94.65893178635727,32.12662983401716
94.67893578715744,32.0036513025445
94.6989397879576,31.880356244707947
94.71894378875776,31.75676413801648
94.73894778955791,31.63289450690536
94.75895179035808,31.508766919651634
94.77895579115824,31.384400985283126
94.7989597919584,31.259816350480282
94.81896379275855,31.13503269647277
94.83896779355872,31.010069735930198
94.85897179435888,30.884947209848303
94.87897579515904,30.75968488442993
94.89897979595919,30.634302547962772
94.91898379675936,30.508820007693167
94.93898779755952,30.383257086697338
94.95899179835968,30.25763362074942
94.97899579915983,30.131969455188198
94.99899979995999,30.006284441781972
95.01900380076016,29.880598435592397
95.03900780156032,29.75493129183818
95.05901180236047,29.629302862758024
95.07901580316063,29.503732994474767
95.0990198039608,29.378241523860037
95.11902380476096,29.252848275400833
95.13902780556111,29.127573058067306
95.15903180636127,29.002435662183746
95.17903580716144,28.877455856302056
95.1990398079616,28.75265338407911
95.21904380876175,28.628047961157318
95.23904780956191,28.50365927205035
95.25905181036208,28.379506967033322
95.27905581116224,28.255610659038844
95.2990598119624,28.131989920558237
95.31906381276255,28.008664280549866
95.33906781356272,27.88565322135391
95.35907181436288,27.76297617561492
95.37907581516303,27.640652523211543
95.39907981596319,27.518701588195256
95.41908381676336,27.39714263573753
95.43908781756352,27.27599486908668
95.45909181836367,27.155277426533836
95.47909581916383,27.03500937838983
95.499099819964,26.915209723972463
95.51910382076416,26.795897388605333
95.53910782156431,26.677091220627723
95.55911182236447,26.558809988417302
95.57911582316464,26.441072377425066
95.5991198239648,26.323896987223765
95.61912382476496,26.207302328569256
95.63912782556511,26.091306820476515
95.65913182636528,25.975928787309787
95.67913582716544,25.861186455888046
95.6991398279656,25.747097952605227
95.71914382876575,25.633681300567048
95.73914782956592,25.520954416743358
95.75915183036608,25.40893510913859
95.77915583116624,25.297641073977555
95.79915983196639,25.18708989291049
95.81916383276656,25.07729903023511
95.83916783356672,24.968285830138576
95.85917183436688,24.860067513956587
95.87917583516703,24.75266117745319
95.8991798359672,24.646083788120187
95.91918383676736,24.540352182496925
95.93918783756752,24.435483063509963
95.95919183836767,24.331492997834676
95.97919583916784,24.22839841327825
95.999199839968,24.12621559618473
96.01920384076816,24.0249606888616
96.03920784156831,23.92464968702997
96.05921184236848,23.82529843729774
96.07921584316864,23.72692263465652
96.0992198439688,23.629537820001396
96.11922384476895,23.53315937767661
96.13922784556912,23.437802533044813
96.15923184636928,23.34348235008236
96.17923584716944,23.250213728998734
96.1992398479696,23.158011403883428
96.21924384876976,23.06688994037791
96.23924784956992,22.976863733375147
96.25925185037008,22.887947004744746
96.27925585117023,22.800153801086964
96.2992598519704,22.713497991513353
96.31926385277056,22.62799326545605
96.33926785357072,22.54365313050487
96.35927185437087,22.460490910273677
96.37927585517104,22.378519742295452
96.3992798559712,22.297752575947122
96.41928385677136,22.218202170403586
96.43928785757151,22.13988109262226
96.45929185837169,22.062801715357764
96.47929585917184,21.986976215207466
96.499299859972,21.91241657068766
96.51930386077215,21.839134560341428
96.53930786157233,21.767141760877823
96.55931186237248,21.696449545343242
96.57931586317264,21.627069081324493
96.5993198639728,21.55901132918478
96.61932386477297,21.492287040332155
96.63932786557312,21.426906755521216
96.65933186637328,21.36288080318772
96.67933586717344,21.30021929781709
96.6993398679736,21.23893213834651
96.71934386877376,21.179029006601283
96.73934786957392,21.12051936576514
96.75935187037408,21.063412458885445
96.77935587117425,21.007717307412925
96.7993598719744,20.953442709776684
96.81936387277456,20.900597239994042
96.83936787357472,20.849189246316204
96.85937187437487,20.79922684990941
96.87937587517504,20.750717943571974
96.8993798759752,20.703670190487518
96.91938387677536,20.65809102301423
96.93938787757551,20.61398764151084
96.95939187837568,20.5713670131991
96.97939587917584,20.530235871063237
96.999399879976,20.490600712786147
97.01940388077615,20.452467799723053
97.03940788157632,20.415843155912295
97.05941188237648,20.38073256712379
97.07941588317664,20.347141579944882
97.0994198839768,20.31507550090422
97.11942388477696,20.28453939563341
97.13942788557712,20.25553808806685
97.15943188637728,20.228076159679564
97.17943588717743,20.202157948763514
97.1994398879776,20.17778754974223
97.21944388877776,20.15496881252404
97.23944788957792,20.133705341893815
97.25945189037807,20.11400049694354
97.27945589117824,20.095857390541664
97.2994598919784,20.07927888884135
97.31946389277856,20.06426761082768
97.33946789357871,20.05082592790391
97.35947189437888,20.038955963516877
97.37947589517904,20.028659592821548
97.3994798959792,20.019938442384763
97.41948389677935,20.012793889928297
97.43948789757953,20.007227064111213
97.45949189837968,20.003238844351582
97.47949589917984,20.000829860687517
97.49949989998,20.000000493677668
97.51950390078017,20.0007508743411
97.53950790158032,20.003080884136608
97.55951190238048,20.00699015498141
97.57951590318063,20.012478069309317
97.5995199039808,20.01954376016831
97.61952390478096,20.028186111357456
97.63952790558112,20.038403757603277
97.65953190638128,20.050195084775396
97.67953590718145,20.063558230141563
97.6995399079816,20.078491082661884
97.71954390878176,20.094991283322347
97.73954790958192,20.11305622550746
97.75955191038209,20.132683055412055
97.77955591118224,20.153868672492074
97.7995599119824,20.176609729954425
97.81956391278256,20.20090263528568
97.83956791358273,20.226743550819585
97.85957191438288,20.2541283943433
97.87957591518304,20.28305283974234
97.8995799159832,20.313512317683944
97.91958391678337,20.345502016338955
97.93958791758352,20.37901688214188
97.95959191838368,20.414051620589355
97.97959591918384,20.450600697076453
97.999599919984,20.48865833777105
98.01960392078416,20.528218530525873
98.03960792158432,20.569275025828397
98.05961192238448,20.611821337787998
98.07961592318465,20.65585074516064
98.0996199239848,20.701356292410555
98.11962392478496,20.748330790809163
98.13962792558512,20.796766819570642
98.15963192638529,20.846656727024275
98.17963592718544,20.897992631823087
98.1996399279856,20.950766424189098
98.21964392878576,21.004969767194325
98.23964792958593,21.06059409807787
98.25965193038608,21.117630629598512
98.27965593118624,21.176070351423043
98.2996599319864,21.235904031549545
98.31966393278657,21.297122217765896
98.33966793358672,21.35971523914282
98.35967193438688,21.423673207561876
98.37967593518704,21.488986019277384
98.39967993598721,21.55564335651264
98.41968393678737,21.623634689089712
98.43968793758752,21.692949276093156
98.45969193838768,21.763576167566683
98.47969593918785,21.83550420624303
98.499699939988,21.908722029306382
98.51970394078816,21.98321807018765
98.53970794158832,22.058980560391525
98.55971194238849,22.1359975313557
98.57971594318865,22.21425681634141
98.5997199439888,22.29374605235576
98.61972394478896,22.37445268210452
98.63972794558913,22.456363955976183
98.65973194638929,22.539466934055454
98.67973594718944,22.623748488168143
98.6997399479896,22.70919530395465
98.71974394878976,22.795793882973562
98.73974794958993,22.883530544833878
98.75975195039008,22.972391429355977
98.77975595119024,23.062362498761654
98.7997599519904,23.153429539891555
98.81976395279057,23.245578166450393
98.83976795359072,23.338793821279342
98.85977195439088,23.4330617786565
98.87977595519104,23.528367146622458
98.8997799559912,23.62469486933324
98.91978395679136,23.72202972943824
98.93978795759152,23.820356350485046
98.95979195839168,23.91965919934775
98.97979595919185,24.01992258868125
98.999799959992,24.121130679398874
99.01980396079216,24.223267483175484
99.03980796159232,24.326316864972405
99.05981196239249,24.43026254558679
99.07981596319264,24.535088104222993
99.0998199639928,24.64077698108702
99.11982396479296,24.747312480002318
99.13982796559313,24.854677771047463
99.15983196639328,24.962855893214623
99.17983596719344,25.07182975708934
99.1998399679936,25.181582147549964
99.21984396879377,25.292095726487364
99.23984796959392,25.40335303554363
99.25985197039408,25.515336498870447
99.27985597119424,25.628028425905377
99.29985997199441,25.74141101416665
99.31986397279456,25.855466352065257
99.33986797359472,25.970176421734905
99.35987197439488,26.08552310187813
99.37987597519505,26.201488170629144
99.3998799759952,26.318053308432155
99.41988397679536,26.4352001009358
99.43988797759552,26.552910041901868
99.45989197839569,26.67116453612898
99.47989597919585,26.78994490238987
99.499899979996,26.909232376382946
99.51990398079616,27.029008113696335
99.53990798159633,27.149253192784936
99.55991198239649,27.269948617959287
99.57991598319664,27.391075322386797
99.5999199839968,27.51261417110358
99.61992398479697,27.634545964037404
99.63992798559713,27.756851439040567
99.65993198639728,27.879511274933225
99.67993598719744,28.002506094555383
99.69993998799761,28.125816467828145
99.71994398879777,28.249422914822876
99.73994798959792,28.373305908838983
99.75995199039808,28.497445879488343
99.77995599119825,28.621823215787074
99.7999599919984,28.74641826925331
99.81996399279856,28.871211357011564
99.83996799359872,28.99618276490186
99.85997199439889,29.121312750594207
99.87997599519905,29.24658154670712
99.8999799959992,29.371969363930766
99.91998399679936,29.49745639415292
99.93998799759953,29.62302281358827
99.95999199839969,29.7486487859098
99.97999599919984,29.874314465382852
100.0,29.999999999999975
