时间戳,压力传感器1,压力传感器2,True_Label
0.0,44.52567691920061,40.723041826094914,3
0.020001333422228148,44.91728873651286,41.86590580638917,3
0.040002666844456296,47.72092839985881,45.999507294265705,3
0.06000400026668444,50.12013269760832,49.03381970070173,3
0.08000533368891259,53.3423789449544,50.63724789294332,3
0.10000666711114074,52.08532569514071,52.36023986017261,3
0.12000800053336888,52.38891119725824,53.72328206700539,3
0.14000933395559703,55.16575944059043,54.75188688439941,3
0.16001066737782518,59.98303502422815,58.59564837299083,3
0.18001200080005333,60.19329495758872,58.58479333962274,3
0.20001333422228149,63.67863100859424,61.63708975270689,3
0.22001466764450964,65.61292715750162,63.89488456594469,3
0.24001600106673776,66.08209339118744,64.73523676161514,3
0.2600173344889659,68.11789572177001,64.77201180172669,3
0.28001866791119406,68.21099162262082,68.60992899628457,3
0.3000200013334222,69.79176848629001,67.40614095030682,3
0.32002133475565037,71.82941925237795,70.01355044987771,3
0.3400226681778785,72.55398901985127,70.5591666956419,3
0.36002400160010667,74.0928467117414,71.60304182934891,3
0.3800253350223348,73.51521736378716,69.76645851362822,3
0.40002666844456297,75.62704040957306,71.94657850304652,3
0.4200280018667911,74.63359190737796,72.8027914490763,3
0.4400293352890193,78.2931293634615,70.93879622612346,3
0.4600306687112474,76.73216787660219,72.70788800961262,3
0.4800320021334755,76.49211827306,73.4556065127637,3
0.5000333355557037,77.33794198461878,72.33773574017553,3
0.5200346689779318,76.69183234203705,72.27292712268587,3
0.54003600240016,75.67863726772894,72.24401940815861,3
0.5600373358223881,76.29546815427301,69.68945067399106,3
0.5800386692446163,74.98229389797145,69.08935621866974,3
0.6000400026668444,74.82207000940382,69.09354631741827,3
0.6200413360890726,75.30801544112927,68.984556804692,3
0.6400426695113007,70.71900316774264,68.60146479489212,3
0.6600440029335288,71.28483578236717,65.4989699111788,3
0.680045336355757,71.97405109357055,65.46583444371866,3
0.7000466697779851,71.60006243275083,63.44578690773539,3
0.7200480032002133,67.3150305514026,62.134492072846975,3
0.7400493366224414,66.18917505987281,61.05077052102811,3
0.7600506700446696,68.09770640458548,59.2747611588947,3
0.7800520034668977,64.4187083873808,56.563156199438716,3
0.8000533368891259,61.871624715254704,55.9736593817687,3
0.820054670311354,61.64332759535784,55.46860077836674,3
0.8400560037335822,59.554457942861816,51.41225263900536,3
0.8600573371558103,57.30981038311463,49.93214087018063,3
0.8800586705780385,54.411140335602965,48.95064276359968,3
0.9000600040002666,53.96608899366437,46.929121118956466,3
0.9200613374224949,50.77873875069827,43.02204885480289,3
0.940062670844723,49.36115500286551,41.53921490982804,3
0.960064004266951,46.589957007700114,38.71883121744845,3
0.9800653376891793,43.53919353916686,35.076533766906685,3
1.0000666711114075,42.66756463321693,35.610114522926736,3
1.0200680045336354,40.795151109326234,33.35906035210454,3
1.0400693379558636,36.86300611502775,29.1798044526725,3
1.0600706713780919,37.38632583085101,27.594159078684456,3
1.08007200480032,33.720600063443676,26.648969909333626,3
1.100073338222548,32.141310381610474,23.523089616219153,3
1.1200746716447763,28.783217006588245,22.459686166546458,3
1.1400760050670045,26.1163520125378,19.828111935846593,3
1.1600773384892327,25.004459174398686,18.314412649236065,3
1.1800786719114607,23.412341339879674,16.287047389927576,3
1.2000800053336889,21.829293728513775,12.369522909685163,3
1.220081338755917,18.640836978644458,11.962515561619522,3
1.2400826721781453,17.565553487516986,10.44325122459639,3
1.2600840056003733,16.84964930115836,12.374118307409386,3
1.2800853390226015,15.555756025685982,9.047097964510305,3
1.3000866724448297,13.493605303429433,7.470421212828276,3
1.3200880058670577,13.330953765570165,6.221133106463974,3
1.3400893392892859,12.7000971088599,4.988224001978963,3
1.360090672711514,10.102684490185718,5.406692612751744,3
1.3800920061337423,9.720072572328188,6.1740145033583955,3
1.4000933395559703,9.028408743722206,4.426794222866298,3
1.4200946729781985,6.7734746529063115,3.440189752870989,3
1.4400960064004267,9.510408800367749,2.1530774033512765,3
1.4600973398226549,6.168500434079604,3.6171363383250585,3
1.4800986732448829,5.852605298655002,2.183846691739902,3
1.500100006667111,6.463950312362577,3.08622384457785,3
1.5201013400893393,5.890354464351292,3.953984347266777,3
1.5401026735115675,8.395364532348257,3.5921385462337914,3
1.5601040069337955,7.575264298363374,3.297201239533058,3
1.5801053403560237,8.3415501340973,3.4112262463536416,3
1.6001066737782519,9.289788724522186,6.038731728846073,3
1.6201080072004799,10.252516858681917,4.509389399686123,3
1.640109340622708,9.802523771398093,6.981385547500753,3
1.6601106740449363,12.44998916466309,6.901829907367396,3
1.6801120074671645,12.993876132222937,9.957065667048289,3
1.7001133408893925,13.854113469246098,13.467518887115956,3
1.7201146743116207,15.46741144800755,12.57680391343668,3
1.740116007733849,15.002549130094419,16.556909505553378,3
1.760117341156077,18.275331057914816,17.936532969061506,3
1.780118674578305,20.537806585980682,18.62197789751942,3
1.8001200080005333,23.909882850915192,21.502087687084867,3
1.8201213414227615,22.804426304368977,21.887855670262816,3
1.8401226748449897,25.446007198479947,24.782164075532133,3
1.8601240082672177,25.764128723124283,26.144701301660955,3
1.880125341689446,30.089948107259435,29.14214841579368,3
1.900126675111674,31.410055418468556,31.434886886385648,3
1.920128008533902,31.940115893570994,34.23321879712233,3
1.9401293419561303,34.074069960725616,35.100751056716234,3
1.9601306753783585,36.28672246470358,37.078873204206616,3
1.9801320088005867,39.3771235201339,40.29080205905963,3
2.000133342222815,41.97594421969238,41.35804578640225,3
2.020134675645043,43.90691360648342,43.43518253452722,3
2.040136009067271,48.46057763417125,46.14013594838328,3
2.060137342489499,48.17169732756176,46.0852773278268,3
2.0801386759117273,51.92595690268512,50.47986463609103,3
2.1001400093339555,53.36956855692803,51.19327937472648,3
2.1201413427561837,54.45692956649408,54.12918338059486,3
2.140142676178412,58.88299636995767,55.28889318846918,3
2.16014400960064,59.301561918704685,57.936596357979894,3
2.1801453430228683,58.90266730868566,58.714450225212765,3
2.200146676445096,62.64731486740172,62.85427946160355,3
2.2201480098673243,62.710093872023485,60.12635577951373,3
2.2401493432895525,66.44618192701424,62.783313699330215,3
2.2601506767117807,67.71856324260001,65.06305793330328,3
2.280152010134009,70.23077188387292,67.52973384949416,3
2.300153343556237,70.50617021512969,67.39691073215054,3
2.3201546769784653,71.00738562029485,70.33520967279284,3
2.340156010400693,71.99076616577261,69.73956355531307,3
2.3601573438229213,73.7711776789026,71.95147576684118,3
2.3801586772451495,74.05411764035631,71.9363051317565,3
2.4001600106673777,74.00264906192503,71.18157288582601,3
2.420161344089606,74.94295677409542,73.39280288050692,3
2.440162677511834,76.96821687693915,72.8072745243409,3
2.4601640109340623,76.22447979857627,72.4551686506471,3
2.4801653443562905,76.92588426583043,73.05233216081021,3
2.5001666777785183,77.4683187495888,72.53511417332248,3
2.5201680112007465,75.90378889108858,72.9779669848232,3
2.5401693446229747,77.27616483872477,73.03704453652139,3
2.560170678045203,75.57123969515469,70.86629167608605,3
2.580172011467431,77.89479247257812,70.46272164460242,3
2.6001733448896593,75.98217417651337,70.04546545689077,3
2.6201746783118876,75.20673983806043,70.47757640867069,3
2.6401760117341153,72.03553815124661,64.56594660907432,3
2.6601773451563435,72.67460368289755,66.27798989803118,3
2.6801786785785717,72.29904586173349,64.97389214123974,3
2.7001800120008,69.551781421482,64.11268050928248,3
2.720181345423028,70.28705974125103,62.72317244677472,3
2.7401826788452563,69.07956959261422,61.45387168460751,3
2.7601840122674846,67.78786046107452,59.03165994781206,3
2.7801853456897128,65.02768566959494,58.19172465719027,3
2.8001866791119405,61.747897520203544,55.859055357097866,3
2.8201880125341687,60.86559434258764,53.52990541049414,3
2.840189345956397,58.10302142693948,52.37597450610207,3
2.860190679378625,57.29520099423946,49.19239619727681,3
2.8801920128008534,56.03728168132752,46.73125323028426,3
2.9001933462230816,51.90641729138512,44.62750571658906,3
2.9201946796453098,50.53897787926025,42.60587459189381,3
2.9401960130675375,48.95223098530369,41.64776698420213,3
2.9601973464897657,46.39279850282814,37.61023990524429,3
2.980198679911994,44.869612303570406,36.80962619507405,3
3.000200013334222,42.4555889315056,33.57431882932541,3
3.0202013467564504,40.516755019008464,31.02708901567293,3
3.0402026801786786,37.15597893067179,29.888671871761414,3
3.0602040136009068,34.873404524034555,27.455626497749897,3
3.080205347023135,32.8318353325014,23.92185948911932,3
3.1002066804453627,31.490171103158982,25.577393711513498,3
3.120208013867591,29.667567341468818,21.32676271847916,3
3.140209347289819,25.925281104359605,21.455901382686125,3
3.1602106807120474,25.73870088343961,19.184046855697087,3
3.1802120141342756,22.329434100251408,17.188170077730245,3
3.2002133475565038,20.961096112954024,16.310934719121292,3
3.220214680978732,19.579284447295407,11.867619479823327,3
3.2402160144009597,18.642929229245087,11.150098900626887,3
3.260217347823188,17.36987102005432,11.605617863624179,3
3.280218681245416,15.833523142083198,8.827549127269025,3
3.3002200146676444,14.11276046917532,7.36332803079996,3
3.3202213480898726,10.904284334040126,6.331807838494793,3
3.3402226815121008,11.916547040356267,4.411287053239772,3
3.360224014934329,10.271394058303475,4.994998382625252,3
3.380225348356557,8.74313507813882,3.6738776764260477,3
3.400226681778785,8.404261859946013,3.6197363093199826,3
3.420228015201013,9.198140375786855,3.2255618362794753,3
3.4402293486232414,7.098341410848568,1.3273603513028511,3
3.4602306820454696,7.181565616288878,3.63859097152993,3
3.480232015467698,7.621255108511542,2.35511667684367,3
3.500233348889926,4.628687836080153,3.7165704246074007,3
3.520234682312154,6.805816843341635,4.389980658921792,3
3.540236015734382,6.162344161413642,4.624388326503711,3
3.56023734915661,8.13159020686495,4.605039055583995,3
3.5802386825788384,7.901093850507291,3.846183656776467,3
3.6002400160010666,8.412559324632607,6.40252648647699,3
3.620241349423295,10.35852125069679,6.8798992011142435,3
3.640242682845523,10.76191806819707,8.983461677908856,3
3.660244016267751,11.452841781809415,7.680527475968693,3
3.6802453496899794,11.178868169606275,11.193299555326309,3
3.700246683112207,15.308371881251162,12.415905203068984,3
3.7202480165344354,15.379409743457714,14.902229882870843,3
3.7402493499566636,14.740163278022841,14.744658823370871,3
3.760250683378892,18.44029649021985,14.95969641383443,3
3.78025201680112,19.792945268253355,17.91643382004237,3
3.800253350223348,21.954748706267978,19.072716466556944,3
3.8202546836455764,22.57548743758819,23.45551736398812,3
3.840256017067804,25.175647379004932,23.420580095394957,3
3.8602573504900324,26.716778302586942,25.259382901614945,3
3.8802586839122606,28.21960909410953,27.594583609960846,3
3.900260017334489,30.75003080907419,29.84523649621582,3
3.920261350756717,34.229865107398176,33.53558432803281,3
3.940262684178945,34.26384922281964,32.96219209147995,3
3.9602640176011734,37.20772556705963,36.91228357061117,3
3.9802653510234016,40.206702898335564,39.82723234811904,3
4.00026668444563,40.25956033798886,41.334172294156836,3
4.020268017867858,45.466201394681285,45.700048226329415,3
4.040269351290086,44.24116638324573,44.3600467752325,3
4.0602706847123144,49.28038217898048,48.830839475170244,3
4.080272018134542,51.61417292323116,49.148844504463284,3
4.10027335155677,54.78044067444886,49.68186214199013,3
4.120274684978998,53.72691647637744,54.09525872432081,3
4.140276018401226,56.31111353858332,57.16126171553392,3
4.160277351823455,59.18265041050521,56.20652300521631,3
4.180278685245683,61.426718515884666,59.28032303707369,3
4.200280018667911,62.39900726117979,60.35687961299062,3
4.220281352090139,65.19690141772219,62.011884891875276,3
4.240282685512367,65.82398922399237,63.75874529245345,3
4.260284018934596,68.40497468396073,64.64184822407098,3
4.280285352356824,69.45028140781768,69.11906122616584,3
4.300286685779052,70.42911241229093,66.70982000942934,3
4.32028801920128,72.10915976634587,68.60806645885556,3
4.3402893526235085,73.3254464946336,67.86866711904382,3
4.360290686045737,73.88035486543752,70.93346103452679,3
4.380292019467964,77.42736437480315,71.21723811975804,3
4.400293352890192,77.16874377928323,69.87662125268861,3
4.42029468631242,75.4247883699408,73.33757660997644,3
4.440296019734649,76.28724932657032,70.94719578740049,3
4.460297353156877,77.12759787015912,72.39668915745305,3
4.480298686579105,77.18178213533109,73.28848310473143,3
4.500300020001333,76.41046261343351,71.66562193463164,3
4.520301353423561,74.28027528824799,72.57709589319425,3
4.54030268684579,77.10104466739544,72.36338186463016,3
4.560304020268018,78.34332154320305,70.64103733151454,3
4.580305353690246,76.37106314791096,69.80318100410508,3
4.600306687112474,74.99067070491982,71.13173810979194,3
4.6203080205347025,74.34816353506837,68.36638485690797,3
4.640309353956931,73.63646460837354,68.55517899321302,3
4.660310687379159,70.6516597618088,67.73965976659699,3
4.680312020801386,72.42762408613692,65.87890453593901,3
4.700313354223614,68.31097202164425,64.34239580716253,3
4.720314687645843,68.82800091203801,63.350948643085445,3
4.740316021068071,68.0488046364115,59.579267824826104,3
4.760317354490299,65.89459812026014,59.57696153267681,3
4.780318687912527,65.09408186399331,58.29131006897541,3
4.800320021334755,60.09573970142465,54.40308479096173,3
4.820321354756984,59.37478157972932,53.94162256016799,3
4.840322688179212,58.18144052055615,52.05200883064457,3
4.86032402160144,58.085463943200736,48.198603323552064,3
4.880325355023668,53.23971025266259,46.47656855125643,3
4.9003266884458965,50.46558557856552,45.640550701082404,3
4.920328021868125,50.401065856334476,42.8978438112824,3
4.940329355290353,49.55260427643005,40.82781019428964,3
4.960330688712581,45.912868068275465,37.10436441813772,3
4.980332022134808,43.19312782460653,35.442226841964235,3
5.000333355557037,39.98587335834269,35.17577298099531,3
5.020334688979265,42.271113448385236,33.740959619717366,3
5.040336022401493,37.57538144133788,28.934219980010866,3
5.060337355823721,35.94239645719661,27.058396449545487,3
5.0803386892459494,31.80121846341653,26.229923141894727,3
5.100340022668178,30.418625689888287,24.396161399979928,3
5.120341356090406,28.012434187630834,21.791920409390343,3
5.140342689512634,27.93960929835969,20.582450369849415,3
5.160344022934862,25.607703613211797,20.902619385740326,3
5.1803453563570905,24.61373240395324,17.377707367381564,3
5.200346689779319,21.318477637161614,14.944217275228967,3
5.220348023201547,17.800143241087262,13.547863253680502,3
5.240349356623775,19.10677340694531,10.617023874014704,3
5.260350690046003,17.866671212039993,9.991357684040691,3
5.280352023468231,14.005426600797504,9.279077189899079,3
5.300353356890459,12.3693248716866,8.066608915793045,3
5.320354690312687,13.593671720233688,7.036820518147435,3
5.340356023734915,12.185880067911045,5.163842746036587,3
5.3603573571571435,11.539629129052953,4.302065442642259,3
5.380358690579372,11.446145931686193,0.9689332520685494,3
5.4003600240016,8.639153876654689,4.065727259453959,3
5.420361357423828,8.995852538531999,2.33248872182458,3
5.440362690846056,4.650268219966596,2.3347090684170677,3
5.4603640242682845,7.099036488769058,3.153546669615239,3
5.480365357690513,9.593844152006772,2.664638092400318,3
5.500366691112741,6.993780940137581,3.648628127785704,3
5.520368024534969,6.362764199737436,2.087808615973506,3
5.540369357957197,8.001438856962906,3.7485712505369997,3
5.5603706913794255,8.200102016556825,5.857983758113431,3
5.580372024801653,9.41356418441249,5.294183219544209,3
5.600373358223881,9.70579271712082,6.1043999518232335,3
5.620374691646109,9.865304511416314,7.015328008041278,3
5.6403760250683375,11.49023619588704,7.689714114174524,3
5.660377358490566,11.10901083296014,8.80788093726514,3
5.680378691912794,11.15417320684516,11.037652598684609,3
5.700380025335022,14.425538248004884,10.918188155053452,3
5.72038135875725,14.870872018172841,13.246093901412594,3
5.7403826921794785,16.272644115807683,14.213419421968505,3
5.760384025601707,18.623247021023005,17.891315646464136,3
5.780385359023935,20.043697721313038,18.49025650788004,3
5.800386692446163,22.936407231489717,20.596511903219675,3
5.820388025868391,24.213659572179964,22.93722721185532,3
5.8403893592906195,24.97657061823447,24.9015657716374,3
5.860390692712848,26.556406288380636,28.488042977580015,3
5.880392026135075,30.758657819411408,29.738201429049738,3
5.900393359557303,30.91862806168027,30.8656581781765,3
5.9203946929795315,33.55484304958725,33.50735010152723,3
5.94039602640176,33.854075709239204,35.724056514505804,3
5.960397359823988,37.58693058794595,35.06619131133337,3
5.980398693246216,38.76079582993022,39.10044759445468,3
6.000400026668444,43.17071696167174,41.82530603652525,3
6.0204013600906725,44.632035318855465,42.573005461691224,3
6.040402693512901,47.47041793109878,45.4499443910027,3
6.060404026935129,48.96753000438875,47.4530876968092,3
6.080405360357357,48.703390018703004,50.08529200635673,3
6.100406693779585,52.989943274256845,52.316490189218435,3
6.1204080272018135,53.65729638567366,53.114574635865154,3
6.140409360624042,56.43803964559764,53.139414920925375,3
6.16041069404627,59.87566548055745,58.16080368985692,3
6.180412027468497,62.7778797964047,59.41977316581389,3
6.2004133608907255,62.0357716667196,60.77603704303179,3
6.220414694312954,64.28719572625388,62.30370001970064,3
6.240416027735182,66.18460754910072,63.59099202779437,3
6.26041736115741,67.70316409705893,66.3785252508306,3
6.280418694579638,68.37013196579015,67.75021695039601,3
6.3004200280018665,69.65556131059911,68.11159769640129,3
6.320421361424095,72.63115475772638,69.8478367196742,3
6.340422694846323,73.1470238323182,70.25292675820542,3
6.360424028268551,74.01612001526385,70.16325865489767,3
6.380425361690779,72.65868631873144,70.95354934514324,3
6.4004266951130075,74.18777475365498,70.92702226113678,3
6.420428028535236,75.56060789654927,72.19127230307735,3
6.440429361957464,76.38935793993602,73.46116150976032,3
6.460430695379692,76.88333679560392,73.16888149191918,3
6.4804320288019195,77.35462868110024,73.87113155543605,3
6.500433362224148,76.84439535665062,71.92226691727437,3
6.520434695646376,77.77611863729193,74.06063425325038,3
6.540436029068604,76.06190621153766,72.20333484973689,3
6.560437362490832,76.71265811270432,72.575400404043,3
6.5804386959130605,74.82332784935821,70.1947530537993,3
6.600440029335289,75.94615121190586,69.08197643119945,3
6.620441362757517,75.47749236468125,67.70665825435843,3
6.640442696179745,73.1427262685756,69.95673746815648,3
6.660444029601973,73.69549444198564,66.33081242708894,3
6.6804453630242016,70.89036108778606,65.55429147228008,3
6.70044669644643,71.25737833954071,64.92360695154521,3
6.720448029868658,70.05564028580177,64.20199557182299,3
6.740449363290886,67.03791918940912,61.16397471759371,3
6.760450696713114,65.37093663522018,59.35170644500305,3
6.780452030135342,65.84065919809393,57.59610787223559,3
6.80045336355757,63.66345597238261,56.94236938505646,3
6.820454696979798,59.894062275872535,52.95553335762388,3
6.840456030402026,57.81544754300997,50.80062769105482,3
6.8604573638242545,57.21526787433742,48.44735020940407,3
6.880458697246483,55.715143539198785,45.659055195555545,3
6.900460030668711,53.5139896292119,47.21117894764072,3
6.920461364090939,49.51775319285912,41.96531152235678,3
6.940462697513167,48.75752034934377,41.18738752341431,3
6.960464030935396,45.89019206127916,39.78390908823068,3
6.980465364357624,43.98465284148276,36.73787946754342,3
7.000466697779852,41.83172725027906,32.41852875606486,3
7.02046803120208,40.497317698652374,33.00376183287979,3
7.040469364624308,36.35755973747886,29.605638511530454,3
7.060470698046537,35.67607525894252,27.595383860232047,3
7.080472031468764,32.09256052662855,24.528322679509696,3
7.100473364890992,34.00675894148029,22.942093714128028,3
7.12047469831322,29.035740837593096,22.675303975217588,3
7.1404760317354485,27.877094173875594,19.625494076754197,3
7.160477365157677,23.794050287229336,18.181018740438457,3
7.180478698579905,24.40943911234249,15.437382082308694,3
7.200480032002133,21.0844406035084,16.26392480321081,3
7.220481365424361,21.0354051264795,13.726768337343922,3
7.24048269884659,18.04679701587729,13.612348080140483,3
7.260484032268818,14.446073830202039,10.687223775086284,3
7.280485365691046,15.931706424780801,9.342464838148219,3
7.300486699113274,13.141610820423768,8.23212499001244,3
7.320488032535502,12.183103797954903,6.432902575375823,3
7.340489365957731,11.077883766093697,7.075334778873514,3
7.360490699379959,10.436372796049305,5.098819032304676,3
7.380492032802186,7.1027998702904025,4.765512065208974,3
7.400493366224414,8.716589687113611,2.5845274757870924,3
7.4204946996466425,9.98289952891636,0.6535145679290468,3
7.440496033068871,7.155489311509976,1.6583861416981338,3
7.460497366491099,7.480953762039644,3.0353505778751266,3
7.480498699913327,6.847263116699758,2.999433328891228,3
7.500500033335555,6.729753632287807,4.579074221331769,3
7.520501366757784,8.914392947626812,1.9580039606536688,3
7.540502700180012,7.432419537483274,3.8835725957482667,3
7.56050403360224,8.129045504583424,5.384070553163988,3
7.580505367024468,8.644680117167631,4.0926568284683364,3
7.600506700446696,9.595387818795247,4.189812847352634,3
7.620508033868925,8.331016767249448,8.004716117567222,3
7.640509367291153,10.323613577065213,9.549040640338877,3
7.660510700713381,10.673814436893824,7.4241708045978045,3
7.680512034135608,12.14237944644651,10.736834817971479,3
7.7005133675578366,12.661781087444982,12.103153727784626,3
7.720514700980065,15.248172165626224,12.312911473069196,3
7.740516034402293,17.10943269375491,15.895538903397531,3
7.760517367824521,18.908697184207778,17.140857087431097,3
7.780518701246749,21.4564548778913,19.83285418133348,3
7.800520034668978,20.03419041774556,19.16702901295913,3
7.820521368091206,23.97094600110618,24.48269459095197,3
7.840522701513434,25.714639425650297,25.182392233187812,3
7.860524034935662,26.524710908949128,27.319894699865166,3
7.88052536835789,30.517343242861763,26.603271014898883,3
7.900526701780119,31.74592407428331,28.818971782205928,3
7.920528035202347,32.3278305196423,31.299494888864945,3
7.940529368624575,35.902596451881,33.5303310641826,3
7.960530702046803,39.82055490325145,34.58841122181557,3
7.9805320354690314,39.371922241440814,39.264201632266165,3
8.00053336889126,41.423367860346765,43.065167845604456,3
8.020534702313487,43.56838144192679,43.427831658425625,3
8.040536035735716,47.621528352001555,44.150736668202796,3
8.060537369157943,48.791106408481774,48.67851692897317,3
8.080538702580172,50.74578427329199,47.30826052223141,3
8.1005400360024,51.960504678705504,51.28810448655887,3
8.120541369424629,56.03494480210195,54.814462495671386,3
8.140542702846856,56.73814963156965,53.79914019534629,3
8.160544036269084,58.387481917682614,57.24567032291572,3
8.180545369691313,60.925330788410356,60.37173361238015,3
8.20054670311354,62.57986484174111,61.29145319705721,3
8.220548036535769,64.92911417051731,62.07609355704519,3
8.240549369957996,66.73862416687652,65.00965036854426,3
8.260550703380225,67.06929800567525,66.41397237888819,3
8.280552036802453,68.09818518864958,66.18688219284533,3
8.300553370224682,70.73425437444871,67.5796674598657,3
8.32055470364691,72.0319293672841,69.46681104910637,3
8.340556037069138,72.2552770590548,68.88761172112606,3
8.360557370491366,72.50525188092853,71.17842101516511,3
8.380558703913595,75.55385850224563,72.64918267625588,3
8.400560037335822,76.72120313825177,70.84913343952596,3
8.420561370758051,75.18532772532586,73.76650146116776,3
8.440562704180278,75.72948418650991,73.7153392313567,3
8.460564037602506,76.55739882106047,73.30320073565402,3
8.480565371024735,77.58105911332362,74.39944746268866,3
8.500566704446962,76.83561465780998,71.90178956775618,3
8.520568037869191,76.7791999011086,71.64918240130143,3
8.540569371291419,77.9703250246488,71.82452696849784,3
8.560570704713648,76.53291181090377,72.55810177389499,3
8.580572038135875,75.90445196721113,70.2390621418415,3
8.600573371558104,76.44825399835294,68.33981769307759,3
8.620574704980331,75.72085400992775,70.69116634242611,3
8.64057603840256,75.8051822487314,67.6839121302009,3
8.660577371824788,73.49805397700605,65.3392009379836,3
8.680578705247017,71.6017431234199,66.09991744862448,3
8.700580038669244,70.62880461567823,65.58809666425597,3
8.720581372091473,68.11403652891495,62.73667919740885,3
8.7405827055137,67.0855587694294,61.28041959328972,3
8.760584038935928,66.87249313434211,58.149329079359056,3
8.780585372358157,65.23234085342348,55.93640683009832,3
8.800586705780384,63.96691593362973,57.276793713228116,3
8.820588039202613,61.67637254499039,54.22261896402441,3
8.84058937262484,56.09359862133563,52.53621378228343,3
8.86059070604707,54.84551133472401,49.75503720349488,3
8.880592039469297,55.1167562537614,46.73298882513272,3
8.900593372891526,53.2925220499862,44.896532714900836,3
8.920594706313754,49.6020417001664,43.65293912032853,3
8.940596039735983,48.19014393231355,40.26700384961247,3
8.96059737315821,45.802230379384234,37.56121308085905,3
8.98059870658044,42.50132199960039,36.025194829401805,3
9.000600040002666,40.83573539325521,34.47621868672915,3
9.020601373424896,39.784866832523456,32.45881913467946,3
9.040602706847123,37.67868387286754,30.866659470188285,3
9.06060404026935,35.3743227690613,27.264743493833926,3
9.08060537369158,32.94872372811894,26.3849162932801,3
9.100606707113807,32.500293460487356,24.975011609112936,3
9.120608040536036,29.241863066524306,22.245879292540952,3
9.140609373958263,26.722081947162827,19.18388827143082,3
9.160610707380492,24.001350748622542,16.689228423527727,3
9.18061204080272,22.22792069108017,16.044293434754003,3
9.200613374224949,20.384784099246172,14.514701810994135,3
9.220614707647176,19.220235253624253,15.822463368811299,3
9.240616041069405,16.40400408234362,11.155263920709762,3
9.260617374491632,14.646809108450183,8.523626998982582,3
9.280618707913861,15.544912803274242,9.950929894447718,3
9.300620041336089,15.094452275818524,6.952438595097753,3
9.320621374758318,11.388626792166988,5.42692559130621,3
9.340622708180545,9.8883783692426,5.130300735586118,3
9.360624041602772,12.007523235812242,5.270084108872195,3
9.380625375025001,7.060437737031301,3.922301919528292,3
9.400626708447229,10.0375213785829,5.584277628577394,3
9.420628041869458,7.301644576396344,4.207363984994345,3
9.440629375291685,6.6214034444291165,2.3469791738687245,3
9.460630708713914,7.735490041173069,1.1750689601002084,3
9.480632042136142,4.95800891432642,2.2608326636426455,3
9.50063337555837,5.6443002500333135,1.778216693426922,3
9.520634708980598,9.693515784766412,3.525350022822289,3
9.540636042402827,6.239600802082576,2.490984646746287,3
9.560637375825054,8.304019257252634,3.629409857719427,3
9.580638709247284,8.100222572397524,5.668082767567523,3
9.60064004266951,9.586074559738972,6.302569126426667,3
9.62064137609174,10.63048744476609,6.355124575106219,3
9.640642709513967,9.633337669621039,7.763167146278755,3
9.660644042936195,11.758641532951884,10.961290055947622,3
9.680645376358424,11.804732292884495,9.905507424540591,3
9.700646709780651,14.28560640560134,12.637898601502556,3
9.72064804320288,13.854841890552471,12.675506044710167,3
9.740649376625107,18.268235678701835,15.773163976402344,3
9.760650710047337,16.46395805561533,15.875675128014297,3
9.780652043469564,20.943699446130182,18.99472373610305,3
9.800653376891793,21.423396931917424,19.150890267303293,3
9.82065471031402,22.53950465884878,23.02651659133926,3
9.84065604373625,26.04925692771532,24.819080135780506,3
9.860657377158477,27.669115292321496,26.404316429309866,3
9.880658710580706,28.446881051600485,27.601170336794624,3
9.900660044002933,29.716203887019667,30.2887896605152,3
9.920661377425162,34.96663975614552,32.847583995796676,3
9.94066271084739,33.77720759320194,34.98482022581383,3
9.960664044269617,37.879460739044106,35.864003644563894,3
9.980665377691846,40.264601121805285,39.48133437619111,3
10.000666711114073,42.752825090418696,40.532447054663294,3
10.020668044536302,44.093863028582,43.40843449613806,3
10.04066937795853,47.303435070564774,45.826081467882645,3
10.060670711380759,50.19852850355159,47.583426747077425,3
10.080672044802986,52.166015052423184,48.80579706812239,3
10.100673378225215,53.1940046864856,52.35003669993373,3
10.120674711647442,54.77934633367502,54.22716291513493,3
10.140676045069672,57.38039882795233,55.24936094957906,3
10.160677378491899,57.35388548785192,57.296290211562294,3
10.180678711914128,61.23037617616845,59.47001444107055,3
10.200680045336355,63.0624001206707,59.81303859549351,3
10.220681378758584,64.60427972682403,61.61028876939459,3
10.240682712180812,65.95985094643824,64.67146946336496,3
10.260684045603039,67.66162949796804,67.28613962411322,3
10.280685379025268,70.23528134544982,65.46643127504873,3
10.300686712447495,68.96070404482147,68.93715441477808,3
10.320688045869725,73.25309822072593,70.45556949063821,3
10.340689379291952,72.22666861814915,68.52968283012413,3
10.360690712714181,72.89960587479756,69.61182295881119,3
10.380692046136408,73.76139554987624,70.88418437758779,3
10.400693379558637,75.84133998007809,71.71548300072482,3
10.420694712980865,76.67177091826996,71.7759340220132,3
10.440696046403094,77.83518723221923,71.69589466563274,3
10.460697379825321,77.63547786814708,71.2974250121901,3
10.48069871324755,76.73319960339109,75.93613189250622,3
10.500700046669778,77.44252998501746,72.71449515103971,3
10.520701380092007,76.76196465925791,71.56161098288877,3
10.540702713514234,76.424992956246,70.59334078404476,3
10.560704046936461,76.79112237031102,71.13967984292694,3
10.58070538035869,76.51960551593999,70.67971633497716,3
10.600706713780918,74.19089025128632,68.37045113917686,3
10.620708047203147,73.59767954071053,67.38655197428753,3
10.640709380625374,74.89800338199518,67.27961835124324,3
10.660710714047603,72.17517162388086,67.42081404676323,3
10.68071204746983,72.91073892890451,65.19755615057387,3
10.70071338089206,69.93247302722108,64.15682210096448,3
10.720714714314287,68.91632053288193,62.745959505611985,3
10.740716047736516,67.2322022005403,62.5392249458446,3
10.760717381158743,64.94632327037685,58.672335591598575,3
10.780718714580972,64.13069215001825,58.345778571576815,3
10.8007200480032,60.63794500628494,55.19000216592176,3
10.820721381425429,61.50855865037926,52.60735961641891,3
10.840722714847656,57.32611209546666,51.86285486459117,3
10.860724048269883,57.91575840092837,46.84908184101628,3
10.880725381692113,57.514651836079416,48.93805552112754,3
10.90072671511434,53.34438240051909,44.07874040747917,3
10.920728048536569,52.36902472933808,43.12760378113508,3
10.940729381958796,47.52084661071159,41.005590573324874,3
10.960730715381025,45.448484928507845,37.46693832505463,3
10.980732048803253,45.28985315695209,37.17069371094614,3
11.000733382225482,41.04376265318793,35.42731971707675,3
11.02073471564771,38.845662809508205,33.0643406752455,3
11.040736049069938,37.02035659790967,30.566545376611487,3
11.060737382492166,35.13282942558603,28.475141657937108,3
11.080738715914395,32.71784115423886,25.099699014779038,3
11.100740049336622,30.971257284964594,22.708403597187232,3
11.120741382758851,30.556840535909405,19.53075444012413,3
11.140742716181078,26.997859953564266,20.775438544321904,3
11.160744049603306,25.09047096216818,16.87813456143305,3
11.180745383025535,23.32626126812717,15.487630240726958,3
11.200746716447762,20.714573175195653,15.052467421656026,3
11.220748049869991,18.5136817772923,12.747969761800112,3
11.240749383292219,18.126660093082908,11.64593793498856,3
11.260750716714448,17.69674381677057,9.939452567537359,3
11.280752050136675,14.104867184589217,9.878767726747867,3
11.300753383558904,13.756545088605547,6.543775344260762,3
11.320754716981131,13.863550789482533,4.684739886661527,3
11.34075605040336,10.99648281347626,7.099052146429795,3
11.360757383825588,10.87043519110364,5.8003576397626375,3
11.380758717247817,9.444863312738851,4.4176072812209854,3
11.400760050670044,9.017094102096747,3.6159605190079054,3
11.420761384092273,8.307059727035874,2.7783627430228552,3
11.4407627175145,8.325489531703724,1.5632747252471624,3
11.460764050936728,7.859815662559646,4.011872226609885,3
11.480765384358957,5.220164676295213,2.221462582923876,3
11.500766717781184,6.521322039459436,3.156347644129382,3
11.520768051203413,6.336919193511272,0.8283313926698739,3
11.54076938462564,7.7021089296094525,3.274609405527115,3
11.56077071804787,7.933813638400167,7.0108484641140345,3
11.580772051470097,7.444132186709948,6.87541579556542,3
11.600773384892326,8.961035160176486,4.714432058837072,3
11.620774718314554,9.724417036003556,4.389329239498406,3
11.640776051736783,11.076576932917655,6.126198048396682,3
11.66077738515901,11.464717646987662,9.844385664031705,3
11.680778718581239,12.951653154253535,9.08415180123702,3
11.700780052003466,12.859427025337249,13.327959258729006,3
11.720781385425695,14.9762226498649,12.715599178628375,3
11.740782718847923,16.517221038831387,14.572522941139542,3
11.76078405227015,18.415561029874127,15.903654891039702,3
11.78078538569238,21.116390144141057,20.660535296728195,3
11.800786719114607,21.215191290425587,21.304682805559345,3
11.820788052536836,23.819687726756843,22.074823817326163,3
11.840789385959063,23.742589673414976,22.24707444387564,3
11.860790719381292,27.489442153278308,26.47478553722297,3
11.88079205280352,29.440323390892466,28.03481577572259,3
11.900793386225748,31.760928077379997,29.104640154214234,3
11.920794719647976,35.46729090018867,33.39776437199731,3
11.940796053070205,35.14803944954217,37.03259098674694,3
11.960797386492432,38.48954995290925,36.925933283839804,3
11.980798719914661,39.06001966256808,38.530343358680945,3
12.000800053336889,43.46679970841896,41.405665494549034,3
12.020801386759118,44.741949658189874,42.79149130834053,3
12.040802720181345,46.99280671647536,44.503316321634586,3
12.060804053603572,50.360911669204135,50.92826933742012,3
12.080805387025801,49.75981023066529,49.82073438697201,3
12.100806720448029,52.795513148692734,52.47571647114225,3
12.120808053870258,54.018654357642525,54.128089641825596,3
12.140809387292485,57.15809420175337,54.5089256581598,3
12.160810720714714,58.726975967564286,56.92771251084676,3
12.180812054136942,60.53825664992662,60.41476578772546,3
12.20081338755917,63.35717392254576,61.850459384736595,3
12.220814720981398,65.13180785648917,62.42202097770473,3
12.240816054403627,66.21537764887323,63.15058718885501,3
12.260817387825854,67.38226676617501,64.34086252795447,3
12.280818721248083,70.27325524336258,67.64767071201472,3
12.30082005467031,68.92549756533506,68.20755889156379,3
12.32082138809254,70.50445572749094,69.73475098349961,3
12.340822721514767,72.84347528904271,70.63568074805691,3
12.360824054936995,70.98572967727,71.48706389134324,3
12.380825388359224,74.84545061672678,70.31017708165244,3
12.400826721781451,76.15325350036203,70.63022559239626,3
12.42082805520368,75.01093540639738,73.18915278444133,3
12.440829388625907,76.38041682825092,72.85417148441647,3
12.460830722048136,77.91326853700522,74.41290643175181,3
12.480832055470364,77.4787418041737,71.8754504922043,3
12.500833388892593,77.86811878832094,72.53704851623608,3
12.52083472231482,75.32027336675789,72.47228826161859,3
12.54083605573705,76.03333492170574,69.78691653567732,3
12.560837389159277,76.89254850507056,70.0235724592085,3
12.580838722581506,77.43522398081794,70.94694415072084,3
12.600840056003733,74.76849214101584,70.07109836441448,3
12.620841389425962,72.73146775059489,67.87689045971582,3
12.64084272284819,74.30715653730189,67.8803838356658,3
12.660844056270417,74.27008848783925,67.39135269181548,3
12.680845389692646,70.2685645731155,64.68292122815181,3
12.700846723114873,69.34867169559385,64.73960946861351,3
12.720848056537102,69.21913141236615,61.68932827759071,3
12.74084938995933,67.57872492698014,61.48712865056192,3
12.760850723381559,66.61792559413614,58.907936016543864,3
12.780852056803786,64.01994976368358,57.43317819228806,3
12.800853390226015,62.746957683653264,54.17483302524758,3
12.820854723648242,62.48929416870412,52.843483717665094,3
12.840856057070472,59.47423146225181,50.43965103286951,3
12.860857390492699,57.262916446794065,49.09554082442101,3
12.880858723914928,54.311375091137215,47.07441945139857,3
12.900860057337155,52.774840933877485,44.760297312580335,3
12.920861390759384,51.86832161287262,43.85169077303412,3
12.940862724181612,47.814526056199,39.574367704452776,3
12.960864057603839,46.93285313514844,37.2308371984066,3
12.980865391026068,44.64880288035295,36.305392017286415,3
13.000866724448295,43.32946780400396,33.15602709409613,3
13.020868057870524,38.796333643385815,33.0667220687595,3
13.040869391292752,39.06556782087711,29.67465374944435,3
13.060870724714981,36.4457338738514,27.375771791852873,3
13.080872058137208,33.99298057324824,24.759455385872187,3
13.100873391559437,32.06382896151988,22.79133136646147,3
13.120874724981665,27.976929076221037,21.506899157319385,3
13.140876058403894,26.173544544370444,20.65008172065709,3
13.160877391826121,22.55527702321785,18.977545188425132,3
13.18087872524835,23.29889026226084,15.218483874350126,3
13.200880058670577,20.78931798166901,15.266975845966188,3
13.220881392092807,20.594529183588563,16.473790679096307,3
13.240882725515034,16.907570821167983,11.814108442096781,3
13.260884058937261,16.19206098434602,10.224710150210239,3
13.28088539235949,15.076550055587452,9.057837659918833,3
13.300886725781718,11.932777048232174,6.510957115580027,3
13.320888059203947,11.40185765377391,4.926824934282587,3
13.340889392626174,11.198456771960796,4.699255562131611,3
13.360890726048403,8.911020674582376,4.326881003774562,3
13.38089205947063,7.528623439359097,3.508364772682672,3
13.40089339289286,10.533998117595758,3.5874548491036276,3
13.420894726315087,7.553451162160899,4.077798519909875,3
13.440896059737316,7.209365178758913,2.266149612711409,3
13.460897393159543,6.275491568787099,2.1713992952340204,3
13.480898726581772,7.892559428354073,4.655852604729452,3
13.500900060004,8.609395097409584,3.5926211019753627,3
13.520901393426229,6.690924134344032,4.138805811740875,3
13.540902726848456,9.890974081968784,3.8369488895136845,3
13.560904060270683,7.322053663358789,3.2251644228947134,3
13.580905393692912,8.063376273258902,5.065599402892531,3
13.60090672711514,8.9278190773372,6.029060553505654,3
13.620908060537369,9.915778338287188,5.1147033801803765,3
13.640909393959596,10.608203957512986,8.943668620584809,3
13.660910727381825,12.34488406519279,8.739453962477633,3
13.680912060804053,13.70028148520312,9.981734226769797,3
13.700913394226282,12.794091683399932,12.18731769004928,3
13.720914727648509,14.716453170128965,14.316125875736713,3
13.740916061070738,17.274032362772715,14.285872269910758,3
13.760917394492965,18.4725628001408,17.105981874570322,3
13.780918727915195,18.875544294120903,17.65974363749465,3
13.800920061337422,20.620864014044425,20.01699672972606,3
13.820921394759651,22.769756823854145,21.49129408904361,3
13.840922728181878,24.61997791737921,24.334632868958263,3
13.860924061604106,26.79434181559887,26.935887724681933,3
13.880925395026335,27.13729163333585,30.09266143339999,3
13.900926728448562,31.128792788466896,30.681662844592672,3
13.920928061870791,33.85595407067302,30.883113161914743,3
13.940929395293018,34.26500430755917,34.56082386545662,3
13.960930728715248,36.33110371343494,36.87170093116484,3
13.980932062137475,39.28247573069715,37.18038612668684,3
14.000933395559704,41.71525242067969,40.85507982839131,3
14.020934728981931,44.02220431789895,43.289919701001615,3
14.04093606240416,45.0989206437076,47.092072329504255,3
14.060937395826388,50.43804889886688,48.92585412063699,3
14.080938729248617,50.0062417973356,51.312009887399995,3
14.100940062670844,52.10986349874074,51.72949518037297,3
14.120941396093073,56.55962721632454,53.53962791280204,3
14.1409427295153,55.5957531642235,55.215288477465116,3
14.160944062937528,57.21770490724296,57.38605410976448,3
14.180945396359757,61.31289164431775,60.10400551081061,3
14.200946729781984,62.425287805667665,60.6773151878732,3
14.220948063204213,65.71677401931345,64.64894859829641,3
14.24094939662644,66.16324384838114,64.00408343952384,3
14.26095073004867,68.65791821153189,65.6434808372379,3
14.280952063470897,67.94073241792387,66.88883068756651,3
14.300953396893126,70.79861536900415,68.84230822167378,3
14.320954730315353,70.66617401740741,70.01928855488987,3
14.340956063737583,73.53185975940738,70.09350845106063,3
14.36095739715981,73.11034841664626,70.49626717133606,3
14.380958730582039,75.97097135880746,72.76747837511486,3
14.400960064004266,76.317215325211,72.52242050337938,3
14.420961397426495,76.37320178289194,70.96602894253498,3
14.440962730848723,75.43641938847574,74.4668509944057,3
14.46096406427095,76.27682252524689,73.02818527852845,3
14.48096539769318,77.3013287187181,72.96196975259802,3
14.500966731115406,75.58879370928327,72.98625531201328,3
14.520968064537636,76.35294904171015,72.8438792213283,3
14.540969397959863,77.01164488333329,70.92960016281057,3
14.560970731382092,77.46013412364314,70.54872644545509,3
14.58097206480432,75.90666791753003,72.51505094878299,3
14.600973398226548,75.56393248617978,69.54468311341193,3
14.620974731648776,74.32552891854692,68.44467543433177,3
14.640976065071005,73.77188761750719,67.55390255195985,3
14.660977398493232,71.25291617494467,65.39610769471443,3
14.680978731915461,71.53061898477762,64.5456300057801,3
14.700980065337689,69.78247364478213,63.30042274824191,3
14.720981398759918,70.13662407790036,62.32740010831015,3
14.740982732182145,68.34049324090381,60.29254427929911,3
14.760984065604372,66.15298025906301,59.604956826673344,3
14.780985399026601,63.90363054210278,56.57562577848402,3
14.800986732448829,61.87613504104,56.36237485109409,3
14.820988065871058,60.87407087711546,54.08027360072007,3
14.840989399293285,59.9804663092549,50.536395189178045,3
14.860990732715514,56.059852216764504,50.00770240454999,3
14.880992066137742,56.79999919703452,47.70545698809809,3
14.90099339955997,52.76615161903754,43.9898057956873,3
14.920994732982198,51.25982199348996,44.20459525920567,3
14.940996066404427,47.67910919468776,40.55064065681588,3
14.960997399826654,47.26343173330616,39.6735642605546,3
14.980998733248883,45.02753146511396,37.65258762902997,3
15.00100006667111,43.64251423304719,32.90430584722045,3
15.02100140009334,38.61149494824331,31.686579136632577,3
15.041002733515567,36.03188477390894,28.955819265015037,3
15.061004066937794,37.87926500343955,26.66654809275336,3
15.081005400360024,32.50383699913891,26.33424822586562,3
15.101006733782251,31.045805382640285,23.559564204866664,3
15.12100806720448,29.115144938735817,21.826950672695993,3
15.141009400626707,27.36265716670875,19.158148051550928,3
15.161010734048936,25.01108268468944,19.178710923241976,3
15.181012067471164,22.86598323146715,16.109574615814196,3
15.201013400893393,19.91599838172244,13.855021150083935,3
15.22101473431562,19.006902582180714,14.175480808092207,3
15.24101606773785,20.638826394161057,11.917859680596404,3
15.261017401160077,16.099054945223415,10.406514770596974,3
15.281018734582306,14.334059419521985,10.22580053791235,3
15.301020068004533,15.097534340096937,7.8190445519195855,3
15.321021401426762,12.181408900096573,5.328789944694733,3
15.34102273484899,11.176871598275243,5.26026917043774,3
15.361024068271217,10.081414519123392,2.928701390468536,3
15.381025401693446,10.231087884026838,2.9699966412979784,3
15.401026735115673,10.842349620646086,2.33036781529034,3
15.421028068537902,6.935438323511696,3.121480563908182,3
15.44102940196013,7.367698937808616,3.638192856810089,3
15.461030735382359,7.969024098564036,4.717691744655434,3
15.481032068804586,6.8507067588911745,3.387709542798919,3
15.501033402226815,6.756476212213802,3.7712109717512026,3
15.521034735649042,6.768360515994725,4.481945144445239,3
15.541036069071271,7.198168611704806,2.764301036348587,3
15.561037402493499,9.245860966668006,4.1204410812427446,3
15.581038735915728,8.771883085795032,6.7879352302470055,3
15.601040069337955,7.61608956332575,6.44948527926888,3
15.621041402760184,10.798284651049574,6.40092887363871,3
15.641042736182412,10.60407208029156,7.290869809959499,3
15.66104406960464,12.931487532474693,8.800711874776246,3
15.681045403026868,14.47285307484626,10.122249384778641,3
15.701046736449095,14.298554777155658,11.091843265040838,3
15.721048069871324,13.798832415294138,13.229110440714663,3
15.741049403293552,18.216124496349362,14.672773829362113,3
15.76105073671578,18.740214508657438,17.169973983061702,3
15.781052070138008,20.374968783001012,18.67531683693927,3
15.801053403560237,21.903273828134076,19.570367035009973,3
15.821054736982465,20.851007351135088,22.829004056413034,3
15.841056070404694,24.66688568264722,22.938073029919035,3
15.861057403826921,26.828504454177086,24.402382224632962,3
15.88105873724915,28.922238358857456,29.560909748036227,3
15.901060070671377,33.621806975762965,28.664736967038674,3
15.921061404093606,33.72263503467848,32.57049416107906,3
15.941062737515834,36.151743558210235,35.95542889597065,3
15.961064070938063,37.5380319205105,37.51440414361869,3
15.98106540436029,40.33831412845076,40.85793277849053,3
16.00106673778252,42.08368596614774,40.16479074912732,3
16.021068071204745,44.240853396044784,41.812289854021024,3
16.041069404626974,45.112077752827716,46.60287913993379,3
16.061070738049203,48.22568238828469,47.54757960968639,3
16.081072071471432,51.21288528772049,50.18142095857503,3
16.101073404893658,51.847526399122195,52.21511783209191,3
16.121074738315887,53.9211736483938,53.3726150147255,3
16.141076071738116,57.82914061544857,56.670559734829695,3
16.161077405160345,58.89476517689198,57.91817663559913,3
16.18107873858257,60.55548620994162,60.13114941434269,3
16.2010800720048,62.12946982505167,61.16779125989355,3
16.22108140542703,66.18023801925646,61.6479449541831,3
16.241082738849258,66.39801177582704,64.54541467031842,3
16.261084072271483,67.50416000636085,64.57838032012513,3
16.281085405693712,70.12437917905505,67.67746426742805,3
16.30108673911594,71.37434745942994,66.84157358715225,3
16.321088072538167,70.92507409555067,69.8144618980003,3
16.341089405960396,74.186435323352,72.18282783734145,3
16.361090739382625,72.05546010782341,71.18050946246944,3
16.381092072804854,75.13281222950943,72.41782138801914,3
16.40109340622708,76.1108924182258,72.71614746664187,3
16.42109473964931,73.488716658933,71.32232567977148,3
16.441096073071538,76.3600378527958,73.0486692499309,3
16.461097406493767,75.87406607085697,73.32089032355427,3
16.481098739915993,76.76848679195821,72.60489909962617,3
16.501100073338222,78.68625440528164,73.14711828784664,3
16.52110140676045,75.59599744599399,70.61492623018482,3
16.54110274018268,77.63688105375033,72.37562353827741,3
16.561104073604906,75.07786841863069,70.71756066054711,3
16.581105407027135,76.38923225186906,70.0047395986717,3
16.601106740449364,75.95494857277124,68.49716944102624,3
16.62110807387159,73.37552228430468,68.42031879086211,3
16.64110940729382,72.75231650754547,67.45987157759552,3
16.661110740716047,72.64424271444376,65.16463602443095,3
16.681112074138277,71.30888425067853,64.68652445396374,3
16.701113407560502,69.39915281741276,64.63647672363768,3
16.72111474098273,68.7966896347027,61.68809351313299,3
16.74111607440496,68.33420708960095,60.45207492161173,3
16.76111740782719,68.48513318932972,60.06835569645918,3
16.781118741249415,64.003617772958,56.96525266680236,3
16.801120074671644,62.23060280880254,54.39387495372516,3
16.821121408093873,61.280964449207225,52.42056037010645,3
16.841122741516102,58.96018802939195,50.47572846153132,3
16.861124074938328,56.35430489717588,48.09207897844691,3
16.881125408360557,54.40141442719811,47.4133593448764,3
16.901126741782786,53.65031648030212,43.78657967199791,3
16.92112807520501,50.40424813814284,44.68680128805781,3
16.94112940862724,47.213523407427495,40.19967986453332,3
16.96113074204947,47.065985911649754,38.441514617220136,3
16.9811320754717,43.41748630236426,37.090914385209985,3
17.001133408893924,41.338583699493974,35.68895169311786,3
17.021134742316153,39.68845572711482,32.08725083542809,3
17.041136075738383,37.94809036707554,31.81199194678278,3
17.06113740916061,35.504846276041434,27.267196897208805,3
17.081138742582837,31.211589292037516,25.31094863477135,3
17.101140076005066,31.13647388257424,23.408859911496172,3
17.121141409427295,28.911130496561704,21.128276248332313,3
17.141142742849524,26.672484654026956,17.831383398153793,3
17.16114407627175,25.13138909680188,17.527575004162557,3
17.18114540969398,23.827606116547987,15.765751210218541,3
17.201146743116208,21.893743467109058,13.289433359850715,3
17.221148076538434,18.934192809616313,12.931789951550378,3
17.241149409960663,18.20763391889459,11.550156904329386,3
17.261150743382892,17.881003301963666,11.207290500363413,3
17.28115207680512,16.785252104883938,9.64320807398822,3
17.301153410227347,13.234848374060006,6.927480138921619,3
17.321154743649576,12.02097335741237,5.599256133917575,3
17.341156077071805,11.819102675538836,5.215100308820609,3
17.361157410494034,9.09525262244149,4.275059604152052,3
17.38115874391626,6.87584730962044,4.187455263495451,3
17.40116007733849,7.771161641413499,0.7073369067788979,3
17.421161410760718,6.136223438625365,3.1792022328110803,3
17.441162744182947,7.714733328292152,1.8759353908492116,3
17.461164077605172,7.235276398117711,2.7908303258681104,3
17.4811654110274,7.449025617861357,4.218845018233908,3
17.50116674444963,6.889701277224954,2.6765112091697123,3
17.521168077871856,5.340079618413645,2.980581596196572,3
17.541169411294085,6.678878317638655,3.146983154091227,3
17.561170744716314,6.89878087303513,2.678570487912464,3
17.581172078138543,9.645749364305287,5.607791463212753,3
17.60117341156077,7.7401376104454815,6.267797941768535,3
17.621174744982998,8.618651771549253,4.050271697672114,3
17.641176078405227,8.922783901737771,8.677724724935548,3
17.661177411827456,11.935513968044823,10.380702652691568,3
17.68117874524968,14.883065252047714,10.82761780928888,3
17.70118007867191,14.369110594002477,13.371827640813787,3
17.72118141209414,14.903779823074778,14.027277255649134,3
17.74118274551637,15.073106210168955,15.770960603042074,3
17.761184078938594,19.274153144312628,17.091899620710297,3
17.781185412360824,19.604543240423528,19.748869272168726,3
17.801186745783053,21.98692788792958,19.84218151952762,3
17.821188079205278,23.810041853070615,22.956025401228647,3
17.841189412627507,25.101969928078347,24.694404634413953,3
17.861190746049736,28.14508782507086,25.997799889953125,3
17.881192079471965,31.01614897025474,27.67851832290163,3
17.90119341289419,31.578809001059128,29.044269893363115,3
17.92119474631642,33.366865527210265,34.49288301119411,3
17.94119607973865,36.099576517380754,34.64816506998735,3
17.96119741316088,36.025988530063394,37.528061835666875,3
17.981198746583104,39.59762454590418,41.24775657291421,3
18.001200080005333,42.16982685104422,42.36767448997948,3
18.021201413427562,44.64378598887522,44.199703701560715,3
18.04120274684979,47.23069971893615,47.306854175701254,3
18.061204080272017,48.986018524426505,47.563752125352906,3
18.081205413694246,51.50746218105675,51.7828291864402,3
18.101206747116475,55.107081837349824,52.231718684799304,3
18.1212080805387,53.59174714096382,53.26702943295429,3
18.14120941396093,57.331178533867934,55.431635575728365,3
18.16121074738316,58.893693769099876,58.944744808507245,3
18.181212080805388,61.54405246315682,59.82683679489367,3
18.201213414227613,63.50866995110315,60.13098674971452,3
18.221214747649842,64.55097006788039,63.26382396163483,3
18.24121608107207,65.70795636997994,64.42871222242071,3
18.2612174144943,68.13684331411936,67.94970790568856,3
18.281218747916526,70.08097269176828,68.49057627748464,3
18.301220081338755,69.3283769851971,69.05948111087093,3
18.321221414760984,70.922173648402,70.94443978256858,3
18.341222748183213,73.53603032066205,70.13407824786984,3
18.36122408160544,74.53348081995797,70.34746416646773,3
18.381225415027668,74.44989231901259,72.39650299727654,3
18.401226748449897,75.72491124829902,74.07860346143327,3
18.421228081872123,76.10763219411258,72.64048133324589,3
18.44122941529435,76.60005849753193,71.76139562670745,3
18.46123074871658,76.84192991349884,73.27379655457419,3
18.48123208213881,76.30798725021504,71.86673347323735,3
18.501233415561035,76.553729690245,72.18278332654967,3
18.521234748983264,76.28191651969064,73.11826108351218,3
18.541236082405494,77.32157434002713,70.31901858278482,3
18.561237415827723,75.67210706027006,71.32476883875637,3
18.58123874924995,74.21247546953212,71.48833838834635,3
18.601240082672177,76.59553779403333,69.29635568116538,3
18.621241416094406,74.18974347136427,69.08961130471714,3
18.641242749516636,73.5322328011814,66.94378710696508,3
18.66124408293886,72.29557781411033,68.01892503215143,3
18.68124541636109,70.10720014763528,65.0508618297914,3
18.70124674978332,69.21072858072922,63.44408514291552,3
18.721248083205545,68.44343311840572,61.34086018877364,3
18.741249416627774,67.25858972642212,61.44832762266695,3
18.761250750050003,65.04683848661286,59.17274604110828,3
18.781252083472232,64.12513176570533,55.86840865197255,3
18.801253416894458,61.92409100484482,53.06193262017107,3
18.821254750316687,60.203692846711746,52.63012646312407,3
18.841256083738916,58.2120098097837,52.09412703158263,3
18.861257417161145,57.304341111816306,49.40503847815552,3
18.88125875058337,55.17761562881964,47.153347682205634,3
18.9012600840056,52.77820004405657,45.096255019893675,3
18.92126141742783,49.45383034937983,43.18080140231871,3
18.941262750850058,48.68813996239934,40.759061641989945,3
18.961264084272283,48.358241139513744,39.09379875978124,3
18.981265417694512,42.744353230757305,35.72245021439231,3
19.00126675111674,41.75254208599233,32.631899787786914,3
19.021268084538967,39.0891561562225,31.363476864284582,3
19.041269417961196,37.10730096708631,29.83086379121186,3
19.061270751383425,35.37080822373153,29.782205930748436,3
19.081272084805654,31.52586471992906,24.953723191539307,3
19.10127341822788,32.354977958638344,24.803917172364898,3
19.12127475165011,29.82042106318996,21.297549651835258,3
19.141276085072338,25.753057071627175,20.922284620377,3
19.161277418494567,23.22752036081088,19.267128739678324,3
19.181278751916793,22.98374189772314,15.30009392804749,3
19.20128008533902,21.814896741660142,14.235554453613965,3
19.22128141876125,17.009896552264898,13.43209815789137,3
19.24128275218348,18.94377718349505,10.690719927409205,3
19.261284085605705,17.373409169885065,10.562478129689827,3
19.281285419027935,15.691171877476043,7.73219767625441,3
19.301286752450164,13.070113892590609,5.680176240338733,3
19.32128808587239,11.84779228959765,7.281759387931429,3
19.34128941929462,11.845262381503751,3.3274964259202955,3
19.361290752716847,8.550290225381339,3.2330890492617304,3
19.381292086139077,7.826189408976248,3.7081326942304362,3
19.401293419561302,8.067551121717566,4.983298886778803,3
19.42129475298353,8.314238184169383,3.5160920401952884,3
19.44129608640576,7.176718779844482,2.828994829507887,3
19.46129741982799,7.145760588157592,2.050689667986902,3
19.481298753250215,5.859933923976641,2.285923047099213,3
19.501300086672444,6.357401238706302,3.897367905289907,3
19.521301420094673,6.567291373717559,3.714571886967854,3
19.541302753516902,5.857530010459886,4.269365205478131,3
19.561304086939128,8.194132979039969,6.2216922706314906,3
19.581305420361357,6.826072602012328,4.182775119060974,3
19.601306753783586,9.152049650438544,4.958352535691565,3
19.62130808720581,9.598034726319701,7.228618676386184,3
19.64130942062804,9.968907227958148,7.557998685949146,3
19.66131075405027,11.247640462043828,9.438709413107727,3
19.6813120874725,11.027611063799409,10.2557781534548,3
19.701313420894724,14.826367278893377,11.881874569234581,3
19.721314754316953,14.962410170228884,13.047134026006331,3
19.741316087739182,16.152115023677105,13.817228821532527,3
19.76131742116141,17.471203055660155,15.533584822311912,3
19.781318754583637,18.308951392327934,18.43512984846527,3
19.801320088005866,21.999987465227925,19.72730031118655,3
19.821321421428095,22.99515200646427,22.908647031180674,3
19.841322754850324,25.901073793511515,22.473659023697664,3
19.86132408827255,27.072834624195707,25.634280752860786,3
19.88132542169478,28.62045285982435,27.835932787405802,3
19.901326755117008,32.618663271312116,31.51412169129133,3
19.921328088539234,32.701091963009496,33.028177720351316,3
19.941329421961463,35.656940258697404,35.546722703709214,3
19.961330755383692,37.15230377170453,36.33002985067033,3
19.98133208880592,39.94870453475288,36.71716760686811,3
20.001333422228146,41.421770197139914,41.47683912959345,3
20.021334755650376,44.080043367466146,43.976506020455886,3
20.041336089072605,46.55553695099708,45.603623779225906,3
20.061337422494834,49.41265140276003,47.454707816036716,3
20.08133875591706,50.70938850393681,50.75004796944447,3
20.10134008933929,51.879258117879154,49.621724112479114,3
20.121341422761517,54.06036297362028,53.356485878118335,3
20.141342756183747,56.95614361213356,56.55354411829474,3
20.161344089605972,58.76140888122765,57.41270686915167,3
20.1813454230282,59.87496353554128,61.43902793650878,3
20.20134675645043,63.528838996095786,61.46813498741427,3
20.221348089872656,64.17805073428278,63.39447340920682,3
20.241349423294885,66.31714286341689,64.97680432397884,3
20.261350756717114,66.48093102870526,63.82959790804829,3
20.281352090139343,67.53936492550861,65.54390937990539,3
20.30135342356157,71.43314425420992,69.06667490982632,3
20.321354756983798,71.07881990887968,70.08754431455348,3
20.341356090406027,74.09683317160712,69.84335529831017,3
20.361357423828256,73.9067773347193,70.6333842240409,3
20.38135875725048,74.22940397291107,71.27501346319762,3
20.40136009067271,74.48057329236477,71.0843904224807,3
20.42136142409494,74.95693299940575,71.49211400434889,3
20.44136275751717,78.29190737456996,73.21647038947141,3
20.461364090939394,76.39067412670657,72.90510281595728,3
20.481365424361623,77.7050325244064,72.50597281701143,3
20.501366757783853,75.35704599583464,72.452069538397,3
20.521368091206078,75.5963019282431,70.79445308947679,3
20.541369424628307,75.8253111588321,72.47616633713012,3
20.561370758050536,75.95630811275748,71.31760681786645,3
20.581372091472765,75.31427318470688,70.53336443958605,3
20.60137342489499,76.62931922447771,70.46256320645794,3
20.62137475831722,75.86785880484157,67.55365768972507,3
20.64137609173945,71.96974560938256,67.25387082437433,3
20.661377425161678,72.49039246963672,67.11991939005958,3
20.681378758583904,71.36679621016347,65.12283161379638,3
20.701380092006133,71.50745172527104,65.96013216997633,3
20.721381425428362,69.35639167987264,62.22553577767593,3
20.74138275885059,66.44431067443277,62.4692891360375,3
20.761384092272817,65.9440983845426,57.6472720192278,3
20.781385425695046,64.68935423924471,58.120819209958476,3
20.801386759117275,62.22540141348333,54.169792082543246,3
20.8213880925395,62.579837878504435,53.011206970987004,3
20.84138942596173,58.73301754088845,51.86657517627747,3
20.86139075938396,55.89488219279604,49.172684842893275,3
20.881392092806188,55.13851235636704,47.48974483528115,3
20.901393426228413,52.11345496461103,44.46344397731413,3
20.921394759650642,49.815038228672776,41.8661894806164,3
20.94139609307287,48.36191869269928,41.28928215191501,3
20.9613974264951,45.59323379943106,38.93003456311725,3
20.981398759917326,44.451131148632534,35.45645733051162,3
21.001400093339555,41.46613540900472,35.84304307433694,3
21.021401426761784,39.66357160122032,32.173262436165324,3
21.041402760184013,39.07973787971527,31.078184675900737,3
21.06140409360624,35.76451601107047,27.396819106054007,3
21.081405427028468,34.81828157259906,25.81054002101972,3
21.101406760450697,30.682305051227875,22.37892760283285,3
21.121408093872923,27.855319125318168,21.438206894743857,3
21.14140942729515,27.060988899731996,19.061772723065033,3
21.16141076071738,24.690766799140814,16.726346604708645,3
21.18141209413961,23.151697411991528,15.271526561739043,3
21.201413427561835,21.750203410831663,13.565410415183143,3
21.221414760984064,18.555707040171132,11.601953266664184,3
21.241416094406294,18.36429364024835,11.780387974941593,3
21.261417427828523,17.294920264957256,9.374276010279743,3
21.281418761250748,16.292926034278057,8.375775449582727,3
21.301420094672977,14.12804779235642,6.783510705192945,3
21.321421428095206,12.035838645206377,5.249909482375617,3
21.341422761517435,12.39763302894086,4.613358885352981,3
21.36142409493966,9.944559223150085,3.0985675833438044,3
21.38142542836189,10.165563892821954,4.865597542783151,3
21.40142676178412,9.540844977436835,4.012168312983027,3
21.421428095206345,5.769622887129444,3.3207102690308425,3
21.441429428628574,7.900422717796126,1.8510810660527326,3
21.461430762050803,7.76626909796349,2.4864530883178118,3
21.481432095473032,6.832411271494482,4.2344912977050155,3
21.501433428895258,5.7105788124691665,2.041566402937331,3
21.521434762317487,7.418280056454618,2.615022569125899,3
21.541436095739716,6.301751748929246,3.028981273358182,3
21.561437429161945,8.643760202281118,5.595756490194125,3
21.58143876258417,7.235738811123345,6.456657160402537,3
21.6014400960064,7.9758764580259545,5.026109132411866,3
21.62144142942863,10.871861798949109,5.066082007133371,3
21.641442762850858,12.989985360910834,6.3244149573147705,3
21.661444096273083,10.072782337922074,8.711046508825262,3
21.681445429695312,13.931988992016988,12.403493754490393,3
21.70144676311754,14.435131325065806,10.629372518546297,3
21.721448096539767,16.560331380782806,13.816182639068368,3
21.741449429961996,19.375250392260792,15.454872609496935,3
21.761450763384225,17.323945770206258,14.82775944918692,3
21.781452096806454,19.55920881327546,20.18277104882503,3
21.80145343022868,19.69589252081818,18.82567787780556,3
21.82145476365091,22.795836414148106,22.88647893334435,3
21.841456097073138,25.41053560067265,25.855910525764404,3
21.861457430495367,28.079332564173722,26.26568470527337,3
21.881458763917593,31.171755083336212,29.778175797474386,3
21.90146009733982,31.77559100974074,31.313423491589997,3
21.92146143076205,33.282260959430666,32.33703591526189,3
21.94146276418428,34.697271982635016,34.69068222530563,3
21.961464097606505,37.822326467159336,36.16676230815333,3
21.981465431028735,39.92408706987241,39.746024144828915,3
22.001466764450964,41.87139033902987,41.42928408760271,3
22.02146809787319,44.8284382591741,43.90253755470187,3
22.04146943129542,47.576383091387775,45.568562757543305,3
22.061470764717647,48.47280433997065,48.47365629090352,3
22.081472098139876,51.096885240312524,50.872121330032535,3
22.101473431562102,54.09764606884914,51.59991333459384,3
22.12147476498433,56.05763424024591,52.79699523391269,3
22.14147609840656,55.849852230320074,55.4184800644338,3
22.16147743182879,58.562373570600606,56.99652106823982,3
22.181478765251015,61.83985549555853,60.246235892622146,3
22.201480098673244,63.43863012713009,63.262586948699166,3
22.221481432095473,63.42891895555559,63.176470552721,3
22.241482765517702,66.24342704210208,64.31469772456975,3
22.261484098939928,67.27489089918053,66.83965022114113,3
22.281485432362157,67.48012269486512,67.89290354484228,3
22.301486765784386,71.89677131062936,67.98362313506045,3
22.32148809920661,72.40491593933082,69.56691682428401,3
22.34148943262884,70.98944005632309,68.70412987047398,3
22.36149076605107,73.10949622691132,70.61127269979336,3
22.3814920994733,72.6140347456662,70.96911399405775,3
22.401493432895524,75.55542599844357,73.06592706464056,3
22.421494766317753,73.5239592388262,73.42099528423915,3
22.441496099739982,75.31482394521059,73.98312710238217,3
22.46149743316221,76.8012772801963,73.52876003556722,3
22.481498766584437,76.06687202435474,72.07089718703149,3
22.501500100006666,76.4021596346534,71.64927826862488,3
22.521501433428895,76.44624820332591,73.29457501105377,3
22.541502766851124,76.53566718497079,72.01258084653561,3
22.56150410027335,75.38144291863222,72.7385562209333,3
22.58150543369558,73.75614003392697,70.36357134702403,3
22.601506767117808,75.32121570056128,71.71374063268875,3
22.621508100540034,74.80126863099892,68.99096696375868,3
22.641509433962263,74.18535161095657,66.2934975734778,3
22.66151076738449,71.72850132904834,66.17712973565855,3
22.68151210080672,72.52334607967023,66.83625118600966,3
22.701513434228946,71.0251584249105,64.23759078503045,3
22.721514767651176,69.86240734895503,63.78587701749842,3
22.741516101073405,67.30796279766535,60.24934715700953,3
22.761517434495634,64.93601267027142,59.179354908613874,3
22.78151876791786,63.84370853381671,55.73255602196045,3
22.80152010134009,61.999492423956234,55.34772019032406,3
22.821521434762317,61.81191146905951,52.261309212171454,3
22.841522768184547,57.13244122582131,51.56584775129283,3
22.861524101606772,56.77304148569381,50.14221469687793,3
22.881525435029,55.3302219968433,46.76746723442317,3
22.90152676845123,51.39455209500152,43.74393971197316,3
22.921528101873456,50.149927281793154,43.11886736610917,3
22.941529435295685,49.410737828065656,40.49202325262826,3
22.961530768717914,44.78331806264424,38.67027795422082,3
22.981532102140143,43.662176565172125,36.255694616457134,3
23.00153343556237,43.17539504061079,34.397319555404,3
23.021534768984598,40.71509804390511,32.377209992925806,3
23.041536102406827,36.25436086442017,29.288918627931302,3
23.061537435829056,33.10518286503592,26.94216558186688,3
23.08153876925128,32.37464182593608,27.163959836126015,3
23.10154010267351,30.864719297989584,24.09120915793286,3
23.12154143609574,27.885077508833213,22.552730394809352,3
23.14154276951797,27.449308240986404,19.758230617328465,3
23.161544102940194,24.662993650290666,16.058301027597356,3
23.181545436362423,22.95892821073102,15.707033944300978,3
23.201546769784652,22.674778597152464,14.181216885179555,3
23.221548103206878,20.25673077728903,12.87311306350876,3
23.241549436629107,19.73218450914896,12.425739193341773,3
23.261550770051336,15.518957467419218,9.502006981336288,3
23.281552103473565,14.78453284754954,8.76915997917447,3
23.30155343689579,14.49161782895223,7.5636141082034865,3
23.32155477031802,11.615133488916536,7.7093493476134745,3
23.34155610374025,12.463986619444771,6.04024764454117,3
23.361557437162478,11.441262704471159,5.164175194448457,3
23.381558770584704,9.260776479437487,4.774745732279888,3
23.401560104006933,9.035424682132534,2.7312894587082113,3
23.421561437429162,8.051677199813556,3.2668474468784403,3
23.44156277085139,7.7227987788184995,1.6065721201819725,3
23.461564104273616,7.151270072094707,3.7503038264091235,3
23.481565437695846,9.994503123566387,3.0770908949071454,3
23.501566771118075,7.570465339610919,2.253483991096524,3
23.5215681045403,6.800430738456721,2.177735254713899,3
23.54156943796253,6.476598277938292,4.048208311328166,3
23.56157077138476,8.061899435521301,4.532546705502974,3
23.581572104806988,7.84980120440875,4.7213974042094815,3
23.601573438229213,8.976759639116787,7.752066255701919,3
23.621574771651442,9.745972731254955,6.6684317282498675,3
23.64157610507367,9.929428820479671,7.587403527857286,3
23.6615774384959,10.619021643313772,8.900921191942517,3
23.681578771918126,14.268935177355285,10.983785057140583,3
23.701580105340355,14.25949157609456,12.714271282350664,3
23.721581438762584,15.902016784516189,12.303039299154323,3
23.741582772184813,17.03040894556788,16.433782809539846,3
23.76158410560704,19.300048271723192,15.49675440691482,3
23.781585439029268,18.631457089367732,18.46299200111392,3
23.801586772451497,21.30085908673444,21.11612488080377,3
23.821588105873722,23.23486531093447,23.660818911324377,3
23.84158943929595,26.55409384913572,22.785662997102705,3
23.86159077271818,27.076971564987378,27.766557285115336,3
23.88159210614041,27.922755370829957,27.221648786311167,3
23.901593439562635,32.782536985330786,29.96997993479052,3
23.921594772984864,32.310356915646096,31.676086946152402,3
23.941596106407093,32.84782982004738,36.22671552860639,3
23.961597439829323,38.01090942583042,36.94964290559167,3
23.981598773251548,39.35177925351673,40.44016910594452,3
24.001600106673777,41.317446028419816,40.81382317685811,3
24.021601440096006,45.23802141781744,44.27555670291418,3
24.041602773518235,46.062476440553496,45.93061895086506,3
24.06160410694046,49.06066654221506,49.1012520372423,3
24.08160544036269,48.78017991201809,49.63384225429144,3
24.10160677378492,53.38702035865441,51.647212476193374,3
24.121608107207145,56.90416592380275,55.30931127227402,3
24.141609440629374,57.00903076304632,56.39673200604286,3
24.161610774051603,59.405267146305135,57.89922727348127,3
24.181612107473832,61.501886360283635,59.428251779088214,3
24.201613440896057,62.88392428129423,59.333667883131625,3
24.221614774318287,65.51364391344345,63.473062756186934,3
24.241616107740516,66.17004017890014,64.2858514961796,3
24.261617441162745,66.7750676785353,63.07182309692874,3
24.28161877458497,69.42897030850246,65.69294410447364,3
24.3016201080072,71.21585990883183,69.50476265579853,3
24.32162144142943,69.59399843095193,68.54852042330108,3
24.341622774851658,73.00491220037775,70.25029439658555,3
24.361624108273883,72.28826530325497,70.7776190150661,3
24.381625441696112,71.55965588319748,71.5675829017862,3
24.40162677511834,75.14059424962996,70.22193420712172,3
24.421628108540567,76.86142936632511,73.17117113732262,3
24.441629441962796,76.15183730023358,72.89512800362786,3
24.461630775385025,76.43174839163244,72.46373985543869,3
24.481632108807254,75.6542277932613,72.26654965854742,3
24.50163344222948,76.90704897326647,72.44805946963803,3
24.52163477565171,73.54946804035427,72.21165073847513,3
24.541636109073938,76.11037688903481,72.42174334085436,3
24.561637442496167,76.8761000168935,72.62637151036935,3
24.581638775918393,74.92686076666449,71.29189904519306,3
24.60164010934062,72.84420411864568,68.0866991509661,3
24.62164144276285,74.52705620757726,68.35283756748532,3
24.64164277618508,71.9281291702065,68.5102649916385,3
24.661644109607305,71.41322759249064,65.58024529195244,3
24.681645443029534,72.50057320769514,66.533532934288,3
24.701646776451764,71.29166808700963,63.2771114208689,3
24.72164810987399,68.01102620443557,60.9951030186759,3
24.741649443296218,67.3633996940375,59.069492586159825,3
24.761650776718447,65.86181173434034,58.934338225281515,3
24.781652110140676,63.01709734051602,58.61332030638417,3
24.801653443562902,61.937864787629586,54.91550305027907,3
24.82165477698513,62.08036322485333,53.34175218085121,3
24.84165611040736,59.23171614994822,51.798612731644944,3
24.86165744382959,56.51552248539322,48.5973333100914,3
24.881658777251815,54.906225944145206,48.32182969153082,3
24.901660110674044,53.49528929605724,45.27652843680939,3
24.921661444096273,51.01581386227551,42.865354133404985,3
24.941662777518502,46.92331163359639,41.182356148471314,3
24.961664110940728,46.45521708206975,39.340668327588375,3
24.981665444362957,44.0869954702369,36.87273590623978,3
25.001666777785186,40.61701563927663,34.352934365618324,3
25.02166811120741,41.13213260066696,33.452617086328694,3
25.04166944462964,34.3134876095135,28.852699110092882,3
25.06167077805187,33.88321195549864,28.184971699187944,3
25.0816721114741,32.472958558671536,25.515257402825785,3
25.101673444896324,31.920185547935134,25.15121617212401,3
25.121674778318553,28.487787970450093,20.627747734091074,3
25.141676111740782,26.19603331801416,19.311974446882587,3
25.16167744516301,26.296023564273995,17.951012266514237,3
25.181678778585237,24.52477149719617,13.031225959751726,3
25.201680112007466,20.32356449970968,11.846090685215172,3
25.221681445429695,18.647567718360154,12.643678998465411,3
25.241682778851924,18.081777895237348,11.93071790228616,3
25.26168411227415,16.21699903918487,10.041614360435634,3
25.28168544569638,13.366438063052904,10.32970722868573,3
25.301686779118608,16.262499236176396,8.077829856549657,3
25.321688112540834,12.279295238536022,5.695093370050841,3
25.341689445963063,9.822713958610827,5.815762035752425,3
25.36169077938529,9.952989945996283,5.528398380651845,3
25.38169211280752,7.618240348068323,3.933158652674321,3
25.401693446229746,8.997895262665887,4.22300461564231,3
25.421694779651975,8.105976104059474,2.281776057796508,3
25.441696113074205,7.40033227131457,2.4354687141724325,3
25.461697446496434,6.380299102176207,3.261680956357404,3
25.48169877991866,7.267649738275445,2.6375853600236274,3
25.50170011334089,6.868923887726695,3.281569000268407,3
25.521701446763117,7.444198883527402,2.580803646945016,3
25.541702780185346,7.670238128563629,3.5698530427270723,3
25.561704113607572,9.335850277663804,3.8523319220814294,3
25.5817054470298,9.278371616246938,4.821931617535862,3
25.60170678045203,6.483174907905355,6.220706190742013,3
25.621708113874256,8.356247618697473,7.099829673661647,3
25.641709447296485,9.835951825173126,5.3891889109917965,3
25.661710780718714,10.602874570645247,8.933273370370584,3
25.681712114140943,12.234597815110227,9.765101144725252,3
25.70171344756317,14.52471920405739,9.047229842374827,3
25.721714780985398,16.02099852874901,15.276709652379296,3
25.741716114407627,15.949553464704364,14.986906895511922,3
25.761717447829856,19.159774873819863,15.659426211226577,3
25.78171878125208,21.006230630689934,20.161291818117128,3
25.80172011467431,20.803507496056845,19.2336491077604,3
25.82172144809654,24.095870243145864,22.973082738117657,3
25.84172278151877,24.535271266679423,24.45104742073856,3
25.861724114940994,25.982603982071424,25.417226647089493,3
25.881725448363223,29.23484525817343,28.025348546050306,3
25.901726781785452,31.625580262288093,31.97455606712226,3
25.921728115207678,34.42438382158267,32.1035358307679,3
25.941729448629907,35.093772890625274,36.20782677748532,3
25.961730782052136,36.272310060814945,37.10734698093394,3
25.981732115474365,39.01071552377184,39.239869899074016,3
26.00173344889659,42.06132265513138,41.387474386592515,3
26.02173478231882,44.85412924857983,43.20570316189711,3
26.04173611574105,44.11162134897701,46.01896562092131,3
26.061737449163278,48.24427176986648,49.248884753304225,3
26.081738782585504,51.56962277378259,49.394606546473035,3
26.101740116007733,52.816512882619875,50.710650241358834,3
26.121741449429962,55.96928135929261,53.28125245748897,3
26.14174278285219,55.64945823022604,54.31787529254137,3
26.161744116274416,59.389904215011214,56.0362558684755,3
26.181745449696646,61.33344702864653,59.94088529793288,3
26.201746783118875,64.2046611433312,61.93078534973372,3
26.2217481165411,65.93172469040387,61.31897964556949,3
26.24174944996333,65.84772230742057,65.42600175380939,3
26.26175078338556,68.22752225677847,64.58829971288105,3
26.281752116807787,70.74477703588373,66.50463168889128,3
26.301753450230013,70.95745574578338,67.98653338179994,3
26.321754783652242,70.75996906530267,69.03678804720893,3
26.34175611707447,71.82279619204955,71.28241081044058,3
26.3617574504967,76.86845482930453,70.5926270366273,3
26.381758783918926,75.51057131961929,72.16755364212686,3
26.401760117341155,74.56107762334742,71.47880820542764,3
26.421761450763384,75.11208870481204,72.92879790273679,3
26.441762784185613,76.38250869063961,72.39550946267805,3
26.46176411760784,77.81422853847738,72.87361941984832,3
26.481765451030068,79.76342293579715,73.40125781457904,3
26.501766784452297,76.16197988398368,73.66779678063448,3
26.521768117874522,75.43574838326045,71.38087199719241,3
26.54176945129675,75.38279032991181,71.37805683622874,3
26.56177078471898,73.78992986067945,71.14123229631412,3
26.58177211814121,75.55037937621226,71.32675801335718,3
26.601773451563435,75.21195490037245,68.76175639630057,3
26.621774784985664,74.40981179256143,69.71937058765972,3
26.641776118407893,71.71413273850294,68.72046688476779,3
26.661777451830122,72.45689966821321,65.08993273814484,3
26.681778785252348,69.79460933081222,62.93697283170042,3
26.701780118674577,71.29292272869971,61.18532242239172,3
26.721781452096806,68.58534157115037,62.639197930708136,3
26.741782785519035,66.88996005255817,60.77348440193611,3
26.76178411894126,66.32566196270564,58.03671263452068,3
26.78178545236349,61.85210163298759,56.740317531470545,3
26.80178678578572,63.672354973565604,54.369060199643705,3
26.821788119207945,61.47525558906916,53.58022540082889,3
26.841789452630174,57.40526343498959,49.18445044010117,3
26.861790786052403,57.86308490504553,49.44226795136929,3
26.881792119474632,56.187659612760996,47.64168636656263,3
26.901793452896857,51.23240638850694,46.56864300515434,3
26.921794786319087,49.14603793443192,42.69994698559583,3
26.941796119741316,49.39013039407077,41.47839567812126,3
26.961797453163545,45.329661767497555,40.04224489585227,3
26.98179878658577,45.40169691179125,35.879674237917634,3
27.001800120008,42.85188664070997,34.5225222313363,3
27.02180145343023,39.21035324088227,32.435704303691665,3
27.041802786852458,37.433805736175486,30.858484731441568,3
27.061804120274683,35.668544943368424,27.11046605004475,3
27.081805453696912,30.718799241276102,24.68052403973398,3
27.10180678711914,31.767307938647058,22.11911109723146,3
27.121808120541367,29.434256310365882,21.546546386595978,3
27.141809453963596,27.13184356711481,18.831833204329346,3
27.161810787385825,23.798785964451756,17.219969795329426,3
27.181812120808054,22.905327764120376,14.853630737595036,3
27.20181345423028,21.597032365876405,14.621518371448934,3
27.22181478765251,19.249372617945657,11.852812904041606,3
27.241816121074738,17.06360028638025,11.173077734867181,3
27.261817454496967,14.800973079216703,8.546874849589736,3
27.281818787919192,14.580740764042327,9.676073086656647,3
27.30182012134142,11.941712353952898,5.37039905805012,3
27.32182145476365,12.24481028921357,6.8727860574775255,3
27.34182278818588,10.49695561426531,6.228289836641087,3
27.361824121608105,10.290560057679556,4.244937116401799,3
27.381825455030334,8.959895291048806,4.785650714766257,3
27.401826788452563,8.933181831263395,3.944948974890089,3
27.42182812187479,8.442027491144776,3.148133392947683,3
27.441829455297018,7.573837671932,1.7456064065021648,3
27.461830788719247,7.231473543068007,3.1653716067951922,3
27.481832122141476,8.34508538855878,2.7246190444172727,3
27.501833455563702,6.237317617528117,2.392309474090153,3
27.52183478898593,8.740969226191096,4.0401610269622354,3
27.54183612240816,8.098456810986463,3.8946631110125898,3
27.56183745583039,6.964789902660116,4.115019617347365,3
27.581838789252615,9.746405866888212,4.937669733996314,3
27.601840122674844,8.240179377299185,4.428125490562111,3
27.621841456097073,8.576399679383577,7.127602344944699,3
27.641842789519302,9.640870180544097,8.126294357966076,3
27.661844122941528,14.198866360139037,8.706394743422903,3
27.681845456363757,13.29192165919934,9.701078011661137,3
27.701846789785986,13.994658490037324,10.905509478649236,3
27.72184812320821,16.00073656083753,12.546176835322974,3
27.74184945663044,16.85274101566646,16.31859369168597,3
27.76185079005267,16.58831356410702,16.258071412464965,3
27.7818521234749,19.01492810596184,18.7958904079987,3
27.801853456897124,20.98746325869866,18.53838048855648,3
27.821854790319353,21.295557692944715,22.658664758455227,3
27.841856123741582,25.12467332258142,23.87420698687008,3
27.86185745716381,27.85518965374434,27.398943435271672,3
27.881858790586037,30.11316343650603,29.433489855729672,3
27.901860124008266,31.243140101507475,30.375341922450342,3
27.921861457430495,33.80858343282899,33.64769548193785,3
27.941862790852724,36.23997308067574,34.43075963170395,3
27.96186412427495,36.16989407581675,38.95216157563843,3
27.98186545769718,39.694001397275365,39.66086476875882,3
28.001866791119408,41.61348982937876,41.69542588776492,3
28.021868124541633,43.91101949422361,44.14745385168436,3
28.041869457963863,47.36596220433155,46.516216273749,3
28.06187079138609,48.687724475765435,47.560892186052804,3
28.08187212480832,51.6536214921516,49.02488396739983,3
28.101873458230546,55.83517996783775,51.11446914550656,3
28.121874791652775,53.75343772389564,54.43142563076549,3
28.141876125075004,57.832963125718784,57.62572009975485,3
28.161877458497234,60.35547757428875,58.35987869517518,3
28.18187879191946,60.42908505406738,58.277069010120414,3
28.201880125341688,61.41775620392182,60.17039886164682,3
28.221881458763917,65.38171965202578,63.38195873067125,3
28.241882792186146,67.83770513946105,64.51012008656508,3
28.261884125608372,64.49094727035762,64.86948657438101,3
28.2818854590306,68.96469127870972,66.61526599376491,3
28.30188679245283,70.29427807355448,66.89526196603629,3
28.321888125875056,70.70383059443782,66.94982242368975,3
28.341889459297285,74.79414538583183,69.61185523690891,3
28.361890792719514,73.24558916285339,71.41219626043465,3
28.381892126141743,75.81128225344351,70.52880530617803,3
28.40189345956397,74.31335215922266,71.54338784794668,3
28.421894792986198,75.40012693408401,72.07227422518126,3
28.441896126408427,75.56542733488787,72.9881228621757,3
28.461897459830656,76.39259705586329,73.58158039039921,3
28.48189879325288,78.70035336891846,75.76777784118457,3
28.50190012667511,76.70432085024918,72.99443499720157,3
28.52190146009734,76.30554607534293,72.07654657814602,3
28.54190279351957,77.87152314641287,71.13788122457011,3
28.561904126941794,77.219349724108,71.38262772415202,3
28.581905460364023,75.36619437977842,70.50710740509555,3
28.601906793786252,76.15726884854887,69.3390525943908,3
28.621908127208478,74.13261995774963,69.72094454600489,3
28.641909460630707,72.25431447118451,67.21093746871199,3
28.661910794052936,72.73355239304897,65.47313924083072,3
28.681912127475165,70.18086408658175,65.47625785812694,3
28.70191346089739,71.34214842631108,62.42919590394298,3
28.72191479431962,69.56861141153863,61.58749548686151,3
28.74191612774185,66.18299267930647,60.752775043275285,3
28.761917461164078,65.47263776542889,59.50792964096775,3
28.781918794586304,63.6718215706057,57.721636838348694,3
28.801920128008533,61.75208637142686,56.61549104969783,3
28.82192146143076,61.11077112272499,52.636001493243086,3
28.84192279485299,58.97627617351433,50.56405037242659,3
28.861924128275216,56.74497794471641,50.265573774786986,3
28.881925461697445,54.58869227231302,47.55581372479522,3
28.901926795119675,52.265685757623345,44.54283911256539,3
28.9219281285419,50.334184168360366,42.281094640548815,3
28.94192946196413,48.31475963918998,39.2768761567345,3
28.96193079538636,45.06075285797601,37.210981586708805,3
28.981932128808587,44.06762376088194,35.47861081457543,3
29.001933462230813,42.17748513817048,34.60848743371777,3
29.021934795653042,39.41840440794171,31.281020614778754,3
29.04193612907527,36.17283340354311,29.379130619892862,3
29.0619374624975,36.45497432484037,27.783031261633123,3
29.081938795919726,34.73966391005473,25.30596988567855,3
29.101940129341955,30.130625073874235,23.299049942815248,3
29.121941462764184,29.523135582908097,22.60449301875898,3
29.141942796186413,27.556606720715273,19.30873154384203,3
29.16194412960864,23.59494678005007,16.50861873257276,3
29.181945463030868,23.96895430813642,17.214307035774127,3
29.201946796453097,21.645578199343046,14.204243295023414,3
29.221948129875322,20.259765973796878,11.011401024331168,3
29.24194946329755,18.162994755330104,10.371329873151614,3
29.26195079671978,18.98952037956009,9.971661375202856,3
29.28195213014201,14.719952551642137,6.645853364634694,3
29.301953463564235,14.650012743406547,7.86028533246253,3
29.321954796986464,13.417777407323767,6.951043794930025,3
29.341956130408693,9.043572143423045,7.331448827333119,3
29.361957463830922,10.61134209961438,4.759066336319152,3
29.381958797253148,9.604920563817176,3.8938982778320717,3
29.401960130675377,8.329053347524663,3.664601552718858,3
29.421961464097606,9.172751314860681,2.1803070461800944,3
29.441962797519835,7.863160907995566,1.7210085588271802,3
29.46196413094206,6.138245931606407,2.734715400147616,3
29.48196546436429,6.432535607566682,2.8447281761575933,3
29.50196679778652,8.173603127705292,2.3615020606644745,3
29.521968131208745,8.27494282491143,1.7635874496043304,3
29.541969464630974,6.340542370753254,2.031192387668848,3
29.561970798053203,8.81598584762307,3.3555589269135395,3
29.581972131475432,7.353201444535557,5.008676975964321,3
29.601973464897657,9.150125651088976,4.952023918668637,3
29.621974798319886,8.710608083873174,5.929310509689295,3
29.641976131742116,9.50726600642618,7.535383899142817,3
29.661977465164345,11.12601078077882,9.477764040799148,3
29.68197879858657,12.575617804297861,10.870337198839653,3
29.7019801320088,13.682496342439636,12.824787674552477,3
29.72198146543103,15.309359857285237,13.609149640759192,3
29.741982798853257,17.00764223615261,16.044331010872476,3
29.761984132275483,18.578827195429117,15.518912922720927,3
29.781985465697712,20.297030921850997,18.161116982774047,3
29.80198679911994,21.568023952094514,21.30187757650497,3
29.821988132542167,23.96586611364983,20.725502959444132,3
29.841989465964396,25.421254779136497,23.496799817571976,3
29.861990799386625,29.106390736266757,26.63276121923236,3
29.881992132808854,29.120908452466505,26.94482659881827,3
29.90199346623108,31.18887949836848,29.919071213426434,3
29.92199479965331,33.90803853871596,33.74767957718936,3
29.941996133075538,35.45770368878273,36.00943140288165,3
29.961997466497767,38.35492362807568,35.79410661708768,3
29.981998799919992,41.0565886815396,38.576149736332944,3
30.00200013334222,41.59553843982226,41.73379590478594,3
30.02200146676445,44.57759153214118,43.04285469118778,3
30.04200280018668,45.28931122825273,44.931092526578915,3
30.062004133608905,48.99209899926005,48.63115088368423,3
30.082005467031134,51.57664315962709,49.31891962357295,3
30.102006800453363,53.08002504875489,53.379218922408334,3
30.12200813387559,55.546929632972144,52.38559792540621,3
30.142009467297818,56.1567360081533,56.018504606066564,3
30.162010800720047,58.50137335738138,57.27589654019156,3
30.182012134142276,59.67541762037148,58.7877451483329,3
30.202013467564502,64.3194484915701,61.28868231451778,3
30.22201480098673,65.02771104547286,61.53211252612964,3
30.24201613440896,66.89428822649107,65.28243060462266,3
30.26201746783119,66.1351745443317,64.79129950270651,3
30.282018801253415,69.72096567594346,66.88736581775063,3
30.302020134675644,69.59216901201557,68.38294216614356,3
30.322021468097873,72.2612123356435,69.466913537081,3
30.342022801520102,72.06706297419953,69.18463306856874,3
30.362024134942327,72.5436619265264,70.51577243502062,3
30.382025468364557,75.98648902003791,71.90613333367638,3
30.402026801786786,75.34383434100666,73.26163113714193,3
30.42202813520901,76.90032981143143,73.09100298094515,3
30.44202946863124,76.87522985327314,72.62552432650159,3
30.46203080205347,74.65962263447842,74.69622998261475,3
30.4820321354757,78.83432468602012,72.19723495355859,3
30.502033468897924,76.1509878864954,72.77552882211926,3
30.522034802320153,78.31912819174102,71.5142216895764,3
30.542036135742382,78.54275120824663,73.3983289091845,3
30.56203746916461,74.14854147475873,72.03243445568174,3
30.582038802586837,76.00500848397509,70.97969003339917,3
30.602040136009066,76.69108675731465,69.97019581582542,3
30.622041469431295,72.0585769560054,68.52906907584195,3
30.642042802853524,73.22035168532473,67.26772462116806,3
30.66204413627575,71.6534964600638,65.69780694540424,3
30.68204546969798,72.11118089465008,62.815250308745,3
30.702046803120208,71.27682309152432,64.19265693935203,3
30.722048136542433,68.88272551705025,62.19923601746188,3
30.742049469964662,67.49367474291856,59.773658389726265,3
30.76205080338689,66.39299038880992,59.589341502819465,3
30.78205213680912,64.16223526359916,57.49019758763715,3
30.802053470231346,61.39288182332529,54.89717788848472,3
30.822054803653575,62.07854286116487,53.737454210774644,3
30.842056137075804,58.80699709081493,50.20041615053568,3
30.862057470498033,55.654021703249995,47.74438857906882,3
30.88205880392026,56.13031515209735,46.438468077340055,3
30.902060137342488,51.27011416614256,43.742800529763,3
30.922061470764717,51.56426613798068,43.518596427345955,3
30.942062804186946,48.84487776479098,40.45453270886146,3
30.962064137609172,46.50305566296751,37.94882697954717,3
30.9820654710314,43.78172285443244,36.95825197498742,3
31.00206680445363,42.2867197147418,32.39417289158083,3
31.02206813787586,39.5370382076045,31.83106292195063,3
31.042069471298085,36.47432131785197,30.092204437344773,3
31.062070804720314,37.7903559254801,28.199786400812155,3
31.082072138142543,34.04423917490856,24.9605565754658,3
31.10207347156477,28.77300702357153,24.798834465042447,3
31.122074804986998,28.88872071840189,21.592870887069935,3
31.142076138409227,28.161179544242497,20.257157240654106,3
31.162077471831456,25.984818505130388,18.06520297478601,3
31.18207880525368,22.621443688163318,13.943018462523451,3
31.20208013867591,20.66518454143145,14.776315015275362,3
31.22208147209814,18.952675374610315,10.74868752154777,3
31.24208280552037,15.975373909502455,11.572329616891828,3
31.262084138942594,16.109139562183895,11.375986735979573,3
31.282085472364823,13.888393673861453,9.62897017726009,3
31.302086805787052,12.833070840140234,7.819373476578573,3
31.32208813920928,12.51494968324227,7.519392184599004,3
31.342089472631507,10.60457499329241,3.3380897923183905,3
31.362090806053736,10.951109498175528,5.828899469023909,3
31.382092139475965,6.743588787028031,4.6299993140324585,3
31.40209347289819,9.333579721636571,3.745592367035606,3
31.42209480632042,9.488884031549478,2.911436535970038,3
31.44209613974265,6.9385819738487795,3.403941361194483,3
31.462097473164878,5.871396769370593,4.799201816660582,3
31.482098806587103,8.371542903093854,1.1888916179049034,3
31.502100140009333,7.454873513937152,2.992551583532817,3
31.52210147343156,7.281416644987215,4.397659661995286,3
31.54210280685379,6.929066981144761,2.17179386995197,3
31.562104140276016,7.391009520984826,5.281380847422856,3
31.582105473698245,7.642313705608873,3.454419330656704,3
31.602106807120474,9.529248075799131,6.11130759960311,3
31.622108140542704,9.25518344278206,6.29425056607951,3
31.64210947396493,10.439177780201213,8.688465451216869,3
31.662110807387158,10.17866726053761,9.74148100730605,3
31.682112140809387,12.195547192995637,10.34213389963205,3
31.702113474231613,14.472361910695808,12.292267520844662,3
31.722114807653842,14.105155239281723,13.3273586980377,3
31.74211614107607,16.74454052125021,12.738671487901982,3
31.7621174744983,18.511337892931497,16.395887531436536,3
31.782118807920526,19.762100790018863,16.79807124916088,3
31.802120141342755,22.860129122559307,19.799510126566066,3
31.822121474764984,23.041905588840383,23.346832167118258,3
31.842122808187213,24.473967124121963,24.62329422801365,3
31.86212414160944,26.59019086102964,26.892069817222072,3
31.882125475031668,28.438939503716973,28.735745109221504,3
31.902126808453897,31.8202593156087,31.06885431485132,3
31.922128141876126,34.16885971516588,31.136591798151006,3
31.94212947529835,34.94600037061701,34.91882950199152,3
31.96213080872058,37.98994961266462,36.00419950162124,3
31.98213214214281,40.936591779641105,39.03607658248334,3
32.00213347556504,41.979637902824514,41.42240951278615,3
32.02213480898727,44.98830014976993,42.62351328951165,3
32.04213614240949,46.66880777092551,45.60341550033942,3
32.06213747583172,49.31742716832054,48.729006409279314,3
32.08213880925395,51.9458203248077,51.557514921208806,3
32.10214014267618,53.6513420189035,52.50412063560217,3
32.122141476098406,55.32642290597581,55.00948074044414,3
32.142142809520635,57.832628662178784,54.55701913513466,3
32.162144142942864,60.396968312624594,58.70249724547919,3
32.18214547636509,61.95912108073096,60.93547292296601,3
32.202146809787315,61.32464561012658,60.26049089400636,3
32.222148143209544,63.01868362893628,61.515619176120616,3
32.24214947663177,64.8017716611632,65.57942780592471,3
32.262150810054,68.10112581649906,66.79456506597015,3
32.28215214347623,67.95084595322002,68.78400714569207,3
32.30215347689846,71.37321288186916,67.15704648748923,3
32.32215481032069,71.83445600394172,68.78484630971222,3
32.34215614374291,71.51691862986017,70.20995548269211,3
32.36215747716514,74.29321582103803,72.88369272979944,3
32.38215881058737,75.63001484701,70.2514535274172,3
32.4021601440096,75.89645132399258,71.32702265296213,3
32.42216147743183,75.64044839609868,71.52377580357087,3
32.44216281085406,75.43049306045731,72.84832598559862,3
32.46216414427629,76.20104132093543,74.21249331642127,3
32.482165477698516,78.44630196235373,73.65854450598435,3
32.50216681112074,77.91158171402829,71.22227308879542,3
32.52216814454297,76.16670412529407,71.99387237869566,3
32.542169477965196,75.50643330160852,73.73545248691897,3
32.562170811387425,75.52568115130178,70.31540461264117,3
32.582172144809654,76.69124877700644,71.59760491302357,3
32.60217347823188,76.37836839251175,70.58293140923061,3
32.62217481165411,74.46020340668325,68.03073151835432,3
32.642176145076334,74.54593428355683,67.87360144644698,3
32.66217747849856,70.00417234428619,66.8999788114415,3
32.68217881192079,70.53198974359233,65.13298516413853,3
32.70218014534302,72.02866592147763,61.27344372393006,3
32.72218147876525,68.19787963637654,62.38504551044258,3
32.74218281218748,68.36506626673057,60.86959816734114,3
32.76218414560971,64.17475287905748,57.451248154681196,3
32.78218547903194,61.957520336733715,59.14648624028366,3
32.80218681245416,61.36800884498628,56.418123799033715,3
32.82218814587639,61.79677940889074,51.86414558528145,3
32.84218947929862,57.83050384908554,51.46772144543933,3
32.86219081272085,57.168651014604876,48.28784737963504,3
32.882192146143076,56.706586155696094,47.46085453020311,3
32.902193479565305,52.74221390387719,44.57770588972238,3
32.922194812987534,51.46845350557686,40.80007758728213,3
32.942196146409756,47.084995497990995,39.91410195554863,3
32.962197479831985,46.01071902333922,37.683815368117834,3
32.982198813254215,43.75554627907591,38.42007775268669,3
33.002200146676444,42.11163362962768,34.84702198423946,3
33.02220148009867,39.662791823547096,32.47866125476505,3
33.0422028135209,37.25281508424898,29.81499060726392,3
33.06220414694313,36.70654952987914,28.29446480500393,3
33.08220548036536,33.96938059841074,25.061588938478053,3
33.10220681378758,31.691237231259294,23.42707675117264,3
33.12220814720981,28.89369364415821,21.595023420220514,3
33.14220948063204,26.83473872274969,19.40225254180993,3
33.16221081405427,26.907967544863503,19.407498518963337,3
33.1822121474765,23.862460591365963,15.638112286821436,3
33.20221348089873,22.5861067154947,14.769181712053575,3
33.22221481432096,19.730350433986757,14.68485628374849,3
33.24221614774318,15.230415899278439,10.83194715525651,3
33.26221748116541,16.984304355334615,8.463892918854388,3
33.28221881458764,15.912054352697528,9.574016474005528,3
33.302220148009866,14.66961765623816,6.731171328705862,3
33.322221481432095,13.084002374292929,5.177383262126277,3
33.342222814854324,10.714054087273597,6.534700862535588,3
33.36222414827655,9.841010124975377,3.93101446262701,3
33.38222548169878,10.624289619524244,5.3203758714383635,3
33.402226815121004,8.85078214549187,3.1486440989249775,3
33.42222814854323,9.438976734491797,4.02631496590916,3
33.44222948196546,6.519495102276229,3.8864855019913627,3
33.46223081538769,8.206032651398319,3.9734602218570143,3
33.48223214880992,6.301726080685488,4.131945250638303,3
33.50223348223215,7.843138078039475,2.7549143207812405,3
33.52223481565438,6.006619419123718,3.846802737756726,3
33.5422361490766,6.258194867414469,3.2733473717662425,3
33.56223748249883,8.26030585206503,3.5711324372595494,3
33.58223881592106,8.01344111219561,4.258299479679443,3
33.60224014934329,10.067892303928529,6.986585366019396,3
33.62224148276552,8.314055741366666,6.938023803852205,3
33.642242816187746,9.117353657368726,7.863967780880264,3
33.662244149609975,11.92456639950416,9.398639448833299,3
33.682245483032204,11.13031308787673,9.586687874067636,3
33.702246816454426,15.163896965278692,13.030825445657463,3
33.722248149876656,16.1059597190843,12.207804989037461,3
33.742249483298885,15.728495274176625,13.318657968702821,3
33.762250816721114,17.404648302500046,16.551403439733125,3
33.78225215014334,19.269288768918734,17.49316636261543,3
33.80225348356557,22.6874443096121,19.48688034019816,3
33.8222548169878,22.690573038609248,21.147800965338554,3
33.84225615041002,24.800636417889745,23.987517538107706,3
33.86225748383225,26.96197880325679,27.87385425992616,3
33.88225881725448,28.48802714343702,28.405013020390854,3
33.90226015067671,30.476394514222573,29.89820370220509,3
33.92226148409894,35.615935627958734,33.4609910620358,3
33.94226281752117,36.27353503994271,34.4092670300109,3
33.9622641509434,39.07324572398648,37.987157450017406,3
33.98226548436563,38.57162697587745,39.63728808153734,3
34.00226681778785,43.183239887199974,42.535340704603044,3
34.02226815121008,44.86556895327775,42.136993543957004,3
34.04226948463231,48.38345058088297,45.37938848499854,3
34.062270818054536,47.61146197757308,46.719615726681525,3
34.082272151476765,49.41270730025672,50.83775048203553,3
34.102273484898994,54.144221593625645,51.75914267711189,3
34.12227481832122,55.31369639076317,53.672156056852465,3
34.142276151743445,57.43670666421365,56.30327964208956,3
34.162277485165674,59.95782928788528,57.766270175194066,3
34.1822788185879,62.16623556103873,58.6467971819858,3
34.20228015201013,63.26877075683358,60.71510721548177,3
34.22228148543236,64.77776975212629,63.19986609401129,3
34.24228281885459,65.34498796306569,63.89978997865123,3
34.26228415227682,66.51671581292938,64.99269014471592,3
34.28228548569905,69.75491881418915,68.62706854020057,3
34.30228681912127,70.85942262552425,69.05246381097625,3
34.3222881525435,71.82178961485182,69.63204402070764,3
34.34228948596573,72.90498542543894,67.0836394496748,3
34.36229081938796,74.22983529824717,69.92879204781077,3
34.38229215281019,75.92327361714464,72.70761536657999,3
34.402293486232416,76.16942951847538,69.55166509300629,3
34.422294819654645,75.35052725505248,71.1984033419088,3
34.44229615307687,76.4395556972636,72.49296500786096,3
34.4622974864991,76.66399291720028,73.62125858443382,3
34.482298819921326,78.37532066297705,74.15197286425254,3
34.502300153343555,75.32922750203694,72.57661741360874,3
34.522301486765784,76.97289437663804,73.18459043135059,3
34.54230282018801,76.36632127137167,70.92700962829123,3
34.56230415361024,76.15844826591834,71.72342716622647,3
34.58230548703247,76.52021563318574,71.44515016696694,3
34.60230682045469,75.61226030976563,69.43876475474988,3
34.62230815387692,74.29757396425416,69.31779044516462,3
34.64230948729915,72.51455948888787,68.71008683856978,3
34.66231082072138,72.02903713708281,66.04991353652566,3
34.68231215414361,72.02285620475212,65.80270574272726,3
34.70231348756584,69.41896490214567,64.6733480269614,3
34.72231482098807,69.0789857131195,61.68722365588981,3
34.74231615441029,67.7945489831531,61.41150973793003,3
34.76231748783252,64.68366908556442,58.80504139659161,3
34.78231882125475,63.22642451143361,57.28607496654446,3
34.80232015467698,61.98534567099687,56.4117786531703,3
34.822321488099206,61.271654636963966,55.24404347447313,3
34.842322821521435,59.25498747532777,51.08925776996779,3
34.862324154943664,58.2499777764508,51.15567132007215,3
34.88232548836589,54.0920628089783,46.41839791709293,3
34.902326821788115,52.52027186397875,46.71884519740119,3
34.922328155210344,51.83239968407346,42.58547654677672,3
34.94232948863257,46.75374393822286,41.519882564388965,3
34.9623308220548,45.518459676353096,37.572835557097655,3
34.98233215547703,45.40831491237062,36.10317135526402,3
35.00233348889926,39.72960494746308,34.35364102775042,3
35.02233482232149,38.927795376710094,31.200606450388147,3
35.04233615574371,37.22114184851208,30.5657598171814,3
35.06233748916594,36.430141182748606,28.835776439473957,3
35.08233882258817,33.2840284005746,24.770462871287314,3
35.1023401560104,30.19492381362879,22.007120425253426,3
35.12234148943263,29.382198099097952,22.31378653525408,3
35.14234282285486,27.105502847218673,19.440249888869275,3
35.162344156277086,25.405296673539823,19.8071718012376,3
35.182345489699316,24.375761955684563,16.450076445672185,3
35.20234682312154,20.832388238337153,16.037605347820747,3
35.22234815654377,19.807459523926777,12.114170908790744,3
35.242349489965996,18.38966269668063,12.006399367672685,3
35.262350823388225,14.880953458245399,8.353192518077142,3
35.282352156810454,15.094917526616953,7.838398703505649,3
35.30235349023268,11.981727180652141,7.890671847028766,3
35.32235482365491,11.923946551398517,7.704542677399909,3
35.342356157077134,11.306386212744494,6.022287896643456,3
35.36235749049936,8.512430937072716,3.2719051402448445,3
35.38235882392159,8.819111418887248,4.840278616799027,3
35.40236015734382,9.680318571304227,3.717823953667738,3
35.42236149076605,8.091890706040497,1.6409056059994713,3
35.44236282418828,6.825841207356078,4.079337388175453,3
35.46236415761051,8.498242046152038,4.133020842210387,3
35.48236549103274,6.137235138573679,2.243913426128912,3
35.50236682445496,7.551478772297619,2.2356688380867853,3
35.52236815787719,9.845838160801287,2.7251588321226645,3
35.54236949129942,7.570758964178556,4.179016862322486,3
35.56237082472165,7.114073407912751,4.799327088873631,3
35.582372158143876,9.140120794099598,5.141033956267817,3
35.602373491566105,8.659977292543674,5.484842768593949,3
35.622374824988334,10.113406950125812,6.43162177332505,3
35.642376158410556,12.049719579385126,7.688032062299308,3
35.662377491832785,12.36349463967927,8.207839016983042,3
35.682378825255014,13.475218773665803,10.996815820325335,3
35.702380158677244,14.48511435202682,14.261502652871393,3
35.72238149209947,17.11609909076483,13.107960191337446,3
35.7423828255217,16.038589154121777,14.808192808418973,3
35.76238415894393,19.745471375443792,16.16388310543403,3
35.78238549236616,18.418357087959922,19.180074189282703,3
35.80238682578838,23.051720882177257,21.014655403363438,3
35.82238815921061,22.29349604620949,22.44961468807303,3
35.84238949263284,25.950774024225595,24.93133744231769,3
35.86239082605507,26.76361704643782,26.949461522373497,3
35.8823921594773,29.314089058518647,29.05670820947975,3
35.90239349289953,31.720782742224415,30.723706648868177,3
35.92239482632176,34.68695831183531,31.69452516744846,3
35.94239615974398,36.73127342729399,36.01213777037758,3
35.96239749316621,38.96819100143775,38.633229695535356,3
35.98239882658844,40.76005015429843,39.70190685824991,3
36.002400160010666,44.08516177605163,40.84596232961816,3
36.022401493432895,45.1400666601201,44.23289577077867,3
36.042402826855124,43.90381599496565,45.575091259076615,3
36.06240416027735,49.40014219050778,47.93162248076458,3
36.08240549369958,51.23083049413774,49.21833184300037,3
36.102406827121804,53.50811885875698,52.4547316055428,3
36.12240816054403,54.80630386412578,54.811424546550874,3
36.14240949396626,57.92422536805869,55.24921452765022,3
36.16241082738849,58.173393734064476,56.882854371497096,3
36.18241216081072,60.54763492548124,59.487160976935066,3
36.20241349423295,62.82275885706712,62.49216635723651,3
36.22241482765518,62.121430078708684,63.5357435252581,3
36.2424161610774,66.66441148310341,63.96429309143165,3
36.26241749449963,66.85618523778673,65.4762110980971,3
36.28241882792186,69.88243192548383,65.25864825491529,3
36.30242016134409,68.94724067555995,68.61547322000018,3
36.32242149476632,72.19028460037019,69.34612910636321,3
36.342422828188546,71.98420398307267,69.30964979582208,3
36.362424161610775,75.30536609814999,71.92129173135973,3
36.382425495033004,74.93524341045692,72.37005478053008,3
36.402426828455226,75.29672059742752,72.40607888834126,3
36.422428161877455,75.34435340634575,70.88449999097521,3
36.442429495299685,77.43976650871518,74.9020768327493,3
36.462430828721914,75.96545294794903,72.28265621493702,3
36.48243216214414,77.08467873128848,73.22849192127146,3
36.50243349556637,75.22257642763698,74.58787141258722,3
36.5224348289886,76.71533803727445,72.64527490805759,3
36.54243616241082,76.38068231985318,70.65555693438331,3
36.56243749583305,74.71379295445047,70.47815972267864,3
36.58243882925528,76.78278142026288,70.25367652181396,3
36.60244016267751,74.28067398673446,70.226970270658,3
36.62244149609974,74.4854862709275,69.89329086830311,3
36.64244282952197,71.97284432744652,67.79755918111795,3
36.6624441629442,71.02107166483,65.6302244846678,3
36.68244549636643,72.01213769890873,65.88345122813847,3
36.70244682978865,70.72134423102854,63.88935866644845,3
36.72244816321088,69.12165166033815,63.231810886680826,3
36.74244949663311,67.47535098899912,61.122012772581535,3
36.762450830055336,66.6730241485535,58.59404978082565,3
36.782452163477565,65.63580934506307,57.472658589330244,3
36.802453496899794,61.568083229234844,58.13158246626455,3
36.82245483032202,61.36136340969338,53.51481710377739,3
36.842456163744245,57.89397851099275,51.53359247484163,3
36.862457497166474,54.66582777560888,49.29811695547878,3
36.8824588305887,55.64764352442577,46.05975245886635,3
36.90246016401093,52.179161941073495,45.105147899490426,3
36.92246149743316,50.67079022347185,42.57054365769975,3
36.94246283085539,48.44051282049309,39.888217455934274,3
36.96246416427762,45.37466644441605,37.53457408104471,3
36.98246549769985,44.675280852413216,36.72265184970803,3
37.00246683112207,42.42671527601565,35.23616884336226,3
37.0224681645443,38.2667401490965,32.29477000147502,3
37.04246949796653,36.25689514335917,30.728219519321357,3
37.06247083138876,34.419437442555335,28.142557358393336,3
37.08247216481099,32.91704509478007,26.42225736858411,3
37.102473498233216,33.18338534186291,23.00490839244089,3
37.122474831655445,30.563307099957186,21.00592617800992,3
37.14247616507767,26.938951072114463,21.112725483678908,3
37.1624774984999,24.207813847855824,18.800084079858046,3
37.182478831922126,21.375375717493494,16.259814310057514,3
37.202480165344355,22.312628989074422,15.313090434683538,3
37.222481498766584,19.67911347620767,13.782985656828963,3
37.24248283218881,16.774027332964206,13.411528669340163,3
37.26248416561104,15.48011007435069,7.763418215173402,3
37.28248549903327,15.801445794482698,8.505825267600622,3
37.30248683245549,11.443277642713763,5.340330984878939,3
37.32248816587772,13.235493130936984,5.5897356737728,3
37.34248949929995,12.064929898643946,6.311431836609819,3
37.36249083272218,9.474069182262719,5.76583932308867,3
37.38249216614441,10.233678052126553,3.249990339656699,3
37.40249349956664,8.553738929654854,3.896288969135667,3
37.42249483298887,7.534458394288834,3.9800863279142034,3
37.44249616641109,7.4349672022819595,0.8949685470966378,3
37.46249749983332,8.210397675347018,3.604249868684592,3
37.48249883325555,5.905143983178665,3.932723067885499,3
37.50250016667778,8.53710485508363,3.267478365304884,3
37.522501500100006,8.773640793705733,3.311224609654124,3
37.542502833522235,8.890154881063337,4.4896624892011685,3
37.562504166944464,6.4310048313029355,6.06287244540813,3
37.58250550036669,8.20397253449413,5.968149723307301,3
37.602506833788915,9.027808469906557,5.272542331846704,3
37.622508167211144,10.159901483071673,7.05207961424439,3
37.64250950063337,10.980525890608432,6.720691039895006,3
37.6625108340556,11.178246778669783,11.384626879996906,3
37.68251216747783,11.672183670619475,10.598247610840719,3
37.70251350090006,14.260963421104801,13.195309832101353,3
37.72251483432229,15.688623059534354,13.618758428181634,3
37.74251616774451,15.918054551389847,15.652124865547044,3
37.76251750116674,17.837353925267006,17.785491671534796,3
37.78251883458897,19.776220453566978,18.447509435433656,3
37.8025201680112,22.22643547034263,20.262426064079314,3
37.82252150143343,23.747807412655938,24.13946583781267,3
37.84252283485566,24.76464334425259,23.972628212600164,3
37.862524168277886,27.39537063437605,27.780016584216117,3
37.882525501700115,29.634703080330958,27.396149478493687,3
37.90252683512234,30.067841848315098,30.700249224797176,3
37.92252816854457,34.585759035171925,33.027181768830104,3
37.942529501966796,35.59089784537336,34.76509234042937,3
37.962530835389025,36.749320061820946,37.1979961340403,3
37.982532168811254,39.6531813386478,39.582252077395616,3
38.00253350223348,41.40859910423139,42.36271195833347,3
38.02253483565571,43.31933058144657,43.13251057801266,3
38.042536169077934,45.330697111911256,46.58792188501183,3
38.06253750250016,48.37085761608703,49.694536803634065,3
38.08253883592239,51.378988312633524,50.82590608173351,3
38.10254016934462,52.815332820232776,51.78166664088535,3
38.12254150276685,52.94637433174968,54.00617926758053,3
38.14254283618908,57.08433936553,58.00978027762248,3
38.16254416961131,58.15769608008742,58.468209651952535,3
38.18254550303354,60.869092935702255,60.744799673534054,3
38.20254683645576,61.99629221948528,61.495016023987624,3
38.22254816987799,63.69178693374635,62.78750934196816,3
38.24254950330022,64.36980123536598,64.65452199982987,3
38.26255083672245,68.02014942255877,65.97475936986226,3
38.282552170144676,68.5744425154111,67.88852122824883,3
38.302553503566905,70.92022774712841,67.23277513434644,3
38.322554836989134,72.50540100792922,69.55892608318267,3
38.342556170411356,74.12478227620765,71.11678702182394,3
38.362557503833585,73.28190162006301,69.26978495782838,3
38.382558837255814,72.79354424113491,72.6344820902669,3
38.40256017067804,76.00917695155826,71.54710084899529,3
38.42256150410027,76.18987638329274,71.6738732372878,3
38.4425628375225,76.34836047012597,71.90896857090964,3
38.46256417094473,77.41228086779998,70.80632597250484,3
38.48256550436696,76.10212794660407,72.49074058706341,3
38.50256683778918,77.10750188181974,73.11601851571353,3
38.52256817121141,76.56156922853398,72.96751038804747,3
38.54256950463364,77.33967361179387,71.47678678066163,3
38.56257083805587,76.23533273400642,72.5682336952988,3
38.5825721714781,75.64018605052927,70.79094353141511,3
38.60257350490033,77.11367629544289,68.917290760207,3
38.622574838322556,73.68173914380203,67.21816312320813,3
38.64257617174478,72.54110337788723,68.2742727005912,3
38.66257750516701,72.87053351280122,66.01935964182888,3
38.68257883858924,72.17324919297857,64.9888346023501,3
38.702580172011466,70.67858441095831,65.07344102242044,3
38.722581505433695,66.68611889705582,60.96862989417993,3
38.742582838855924,67.13054088889518,60.07503684410603,3
38.76258417227815,64.85125675601316,57.249941411174646,3
38.78258550570038,64.59962802775992,57.808385058177734,3
38.802586839122604,63.31367496130324,55.609737802675426,3
38.82258817254483,61.32370730176233,53.97347069131755,3
38.84258950596706,58.156766685346554,49.89380088496419,3
38.86259083938929,57.800697177979906,48.04198812371506,3
38.88259217281152,55.06964867118331,46.52541220423688,3
38.90259350623375,54.191426227239084,44.81908117718527,3
38.92259483965598,47.99212453822802,43.85678019434683,3
38.9425961730782,49.272286023828975,39.929113056615456,3
38.96259750650043,45.33021803722122,39.252458269549,3
38.98259883992266,45.06076646698497,35.703869820816884,3
39.00260017334489,43.67226040684989,33.83320716941054,3
39.02260150676712,39.76509464678694,31.89316424050928,3
39.042602840189346,37.28821988894469,29.01583474228356,3
39.062604173611575,35.89647278020161,26.9690288781436,3
39.082605507033804,31.68184284378297,24.06040261499221,3
39.102606840456026,30.797167876223334,23.628363306555777,3
39.122608173878255,27.94750186040078,20.0381948393588,3
39.142609507300484,25.7980375096682,19.02595228723126,3
39.162610840722714,25.73653313085748,18.756839895208174,3
39.18261217414494,23.893819434183197,14.766409874401672,3
39.20261350756717,22.567147954692913,13.574068749117696,3
39.2226148409894,20.05226879812963,12.949019841861741,3
39.24261617441162,16.798658988656104,11.708011489167244,3
39.26261750783385,17.39189924351973,8.25026924869897,3
39.28261884125608,15.689856376176113,8.516423599365258,3
39.30262017467831,13.86824387591858,8.186171409956218,3
39.32262150810054,12.128858580419996,5.1313400328726475,3
39.34262284152277,11.02613603652582,5.95250704746337,3
39.362624174945,10.218937093072103,2.6133889546401576,3
39.38262550836723,8.10894708619404,5.370738368366035,3
39.40262684178945,8.42243521510905,4.79342490771657,3
39.42262817521168,7.632549368160636,2.590415202636441,3
39.44262950863391,8.96375001134568,1.3763070219661568,3
39.462630842056136,6.6059584928503785,3.394265484731159,3
39.482632175478365,7.392375920409575,2.731442743090456,3
39.502633508900594,6.802108448272697,3.3936988760167575,3
39.52263484232282,7.888905750647844,2.9437678112245185,3
39.542636175745045,8.987866662103448,3.4558379929966208,3
39.562637509167274,7.3453722334147935,4.292956646896976,3
39.5826388425895,8.361241253033675,4.340958854093165,3
39.60264017601173,8.443801679877796,5.062925642742986,3
39.62264150943396,8.977126062661377,7.440643408632667,3
39.64264284285619,11.424689119401286,10.025318094291427,3
39.66264417627842,10.528181026205361,7.156154485317918,3
39.68264550970065,12.358136999276667,11.53181342953268,3
39.70264684312287,14.08447562980111,10.901435551985868,3
39.7226481765451,16.38669610390412,13.803861613442386,3
39.74264950996733,15.922473446978493,14.029376030055433,3
39.76265084338956,16.95550235354694,18.28800751648189,3
39.78265217681179,17.693918317079962,19.003148495151418,3
39.802653510234016,22.724820306810575,22.923522450857043,3
39.822654843656245,24.347402739968064,20.674996569548693,3
39.84265617707847,23.694689167363006,24.49477641967498,3
39.862657510500696,27.054083835794017,24.440134354750537,3
39.882658843922925,28.70195346119408,28.774469862673957,3
39.902660177345155,31.439241326015136,32.064468131878705,3
39.922661510767384,32.87856072957715,33.26641596421561,3
39.94266284418961,35.107324599907784,34.99570455574762,3
39.96266417761184,39.48439391997387,38.08578576431521,3
39.98266551103407,38.80492817672362,38.54948525691149,3
40.00266684445629,42.092793323065905,40.37388850382801,3
40.02266817787852,44.1534108300112,42.23806139053211,3
40.04266951130075,46.925504145238364,45.023847305546525,3
40.06267084472298,49.62260197906456,47.40470386848915,3
40.08267217814521,50.17237535133429,51.09670631917126,3
40.10267351156744,53.64293394748481,52.52704744264286,3
40.12267484498967,54.321993589077024,55.52557809699522,3
40.14267617841189,57.45550604675104,55.83878772362878,3
40.16267751183412,59.20382730845871,57.74578821018843,3
40.18267884525635,60.219172765177056,59.13493297192266,3
40.20268017867858,60.93208496929972,61.42345303528185,3
40.222681512100806,64.54945106883923,63.82113721947092,3
40.242682845523035,66.44277651593508,63.5339104103304,3
40.262684178945264,66.93417523335484,67.8091814400855,3
40.28268551236749,67.88036831353891,66.25333511925145,3
40.302686845789715,70.09270418741784,67.49739712481411,3
40.322688179211944,71.36757607355587,69.19492947544617,3
40.34268951263417,71.1675875602491,69.11263717926666,3
40.3626908460564,74.31662698010605,68.86679347141944,3
40.38269217947863,74.79770043046975,73.23760875863353,3
40.40269351290086,73.9829977992386,73.1394137010435,3
40.42269484632309,75.96890083436523,71.89531393748878,3
40.44269617974531,75.45412693205523,74.50422066057423,3
40.46269751316754,79.03104314251749,71.72027490989974,3
40.48269884658977,79.83121188675658,72.17388309336016,3
40.502700180012,76.63313517711443,71.83054353857432,3
40.52270151343423,77.95002725685175,73.48134472765814,3
40.54270284685646,77.06762333752017,73.34067734592745,3
40.562704180278686,76.18842901697231,71.83693545803038,3
40.582705513700915,73.50440476178474,69.42885783168241,3
40.60270684712314,75.83479057364512,69.84988916629582,3
40.62270818054537,73.9439711964499,67.274499249212,3
40.642709513967596,73.85763815460778,67.28252470049767,3
40.662710847389825,73.88429135018033,66.38427482070728,3
40.682712180812054,69.41860261071535,65.78521634795929,3
40.70271351423428,70.6159722579392,64.18480489181296,3
40.72271484765651,69.22638427145523,62.18927960953987,3
40.742716181078734,66.70360671675184,60.35677169907539,3
40.76271751450096,64.17140614483245,57.91843589534392,3
40.78271884792319,65.04940250695894,56.93705270230418,3
40.80272018134542,63.24648448476789,53.83288327427155,3
40.82272151476765,61.45147565829467,54.72193746559905,3
40.84272284818988,57.556077220644134,51.917018445970406,3
40.86272418161211,55.89871004602794,47.744142490424316,3
40.88272551503434,53.386954991311555,46.944278199852555,3
40.90272684845656,52.853112851536025,44.28442534374486,3
40.92272818187879,52.865421354509806,44.41124597563658,3
40.94272951530102,48.68935410073689,40.518209536135174,3
40.96273084872325,46.90066417188125,39.17054389513679,3
40.982732182145476,42.38774140081259,36.40617790502398,3
41.002733515567705,41.913503831197005,34.686178357468116,3
41.022734848989934,38.48276575039546,32.896697907851454,3
41.042736182412156,35.03265304405016,29.495191684450862,3
41.062737515834385,34.86210475292929,27.189647522642034,3
41.082738849256614,31.986509739575972,27.195548270325958,3
41.10274018267884,30.038336599065367,23.47222160711673,3
41.12274151610107,28.59188283016426,23.02617535567041,3
41.1427428495233,25.789238101181322,19.929111812864303,3
41.16274418294553,26.154494427257656,16.608479169998187,3
41.18274551636776,24.097092871632775,14.535818958711147,3
41.20274684978998,22.68627345548048,15.113950907574065,3
41.22274818321221,20.10346896296455,11.84443225280818,3
41.24274951663444,20.05529129309021,10.393788606351977,3
41.26275085005667,16.253486123284258,11.295006766978988,3
41.2827521834789,13.44249914891478,8.282771924873618,3
41.30275351690113,14.535335109970202,6.580851110205368,3
41.322754850323356,13.250646366747276,6.930944807521355,3
41.34275618374558,11.79255184339659,3.580497067571316,3
41.36275751716781,10.650216790148644,4.947204309195131,3
41.38275885059004,9.559197631702395,4.421576611207446,3
41.402760184012266,7.531411210574829,5.034641855206865,3
41.422761517434495,7.087257665708179,4.3167193803596895,3
41.442762850856724,8.24837345023039,2.733188797173102,3
41.46276418427895,7.515757261449807,3.474941385505179,3
41.48276551770118,7.369707591996241,3.023055509411469,3
41.502766851123404,5.873099288805943,4.029350901723321,3
41.52276818454563,6.005612075326384,4.5918698712911965,3
41.54276951796786,6.678520196504328,4.362335519726848,3
41.56277085139009,7.100247994350136,5.711644692488623,3
41.58277218481232,8.584218950430978,5.007194161447876,3
41.60277351823455,8.23316247977528,6.865692021519249,3
41.62277485165678,9.551489883659427,7.496192793406066,3
41.642776185079,11.030253698589076,7.761613889883481,3
41.66277751850123,11.894577760373018,8.006631272245045,3
41.68277885192346,12.710859426830606,10.103143586376103,3
41.70278018534569,15.097098527553824,12.975630367648298,3
41.72278151876792,15.250938997043969,12.411415665539625,3
41.742782852190146,16.628025432651437,16.152077585158256,3
41.762784185612375,16.594960114843843,17.071861874616285,3
41.782785519034604,19.302607061107135,17.65893440835589,3
41.802786852456826,21.480863962546543,20.815107310476204,3
41.822788185879055,22.876228572458384,23.818759833013253,3
41.842789519301284,25.740724658446243,24.76955828642904,3
41.86279085272351,26.943636068105594,27.05629577229219,3
41.88279218614574,28.791241531079798,26.837116631574037,3
41.90279351956797,32.08113201079467,31.701934574982484,3
41.9227948529902,34.19766726910961,32.19789666829845,3
41.94279618641242,37.696164219181846,34.794757828274406,3
41.96279751983465,37.67935641166468,36.951431933328145,3
41.98279885325688,39.78971922986761,40.507139835831914,3
42.00280018667911,41.766833582699796,41.06600337485842,3
42.02280152010134,44.55074311270729,43.151648342857044,3
42.04280285352357,47.39267558016679,46.36489841248164,3
42.0628041869458,49.36469175978285,48.006142378394436,3
42.08280552036803,51.30726663565655,49.78326280302956,3
42.10280685379025,55.925928952127336,52.499251698140576,3
42.12280818721248,55.13356130010672,55.462585678134154,3
42.14280952063471,57.34262891795914,55.56101157176467,3
42.162810854056936,57.963962331645824,58.61776480958567,3
42.182812187479165,61.79276574886739,58.146715213134264,3
42.202813520901394,63.584387726782914,61.2063308946388,3
42.22281485432362,63.48419021322233,62.1588167300553,3
42.242816187745845,67.31614803049949,63.34713508858234,3
42.262817521168074,68.40209689694075,67.06608410811883,3
42.2828188545903,69.27858789775425,67.30182691682681,3
42.30282018801253,70.2640890735088,67.28402844028791,3
42.32282152143476,71.21191443094374,69.25073363287217,3
42.34282285485699,70.97470402192508,68.23381346321291,3
42.36282418827922,75.05803150108363,71.37155734522189,3
42.38282552170145,74.24825852137886,71.66352252660862,3
42.40282685512367,76.7034563163693,71.58313887994458,3
42.4228281885459,74.23579162388035,72.1500280584254,3
42.44282952196813,76.47102307257467,73.23521929292804,3
42.46283085539036,74.27819306210525,73.8450790696898,3
42.48283218881259,76.5549578561314,71.0553177493869,3
42.502833522234816,78.09888495159443,72.60760651716045,3
42.522834855657045,76.80836106382368,71.45817889696863,3
42.54283618907927,75.69312494482006,71.09640281243702,3
42.562837522501496,75.65365863267976,72.20356051026775,3
42.582838855923725,75.47497555939525,68.83893836434532,3
42.602840189345955,73.9988163433244,69.95774657068655,3
42.622841522768184,74.51145706387392,69.06954641369022,3
42.64284285619041,73.87837417831622,68.013771750203,3
42.66284418961264,71.84733413073732,66.2820469052277,3
42.68284552303487,71.27913087261504,64.8866256854903,3
42.70284685645709,70.72991459239034,63.760606475651,3
42.72284818987932,67.42369984263595,62.04086710794333,3
42.74284952330155,64.45522424480747,59.689941082606374,3
42.76285085672378,65.87676984518596,60.2434429969406,3
42.78285219014601,63.01466195357083,56.57854160738869,3
42.80285352356824,64.38384677950448,55.333891532921314,3
42.82285485699047,62.19767848488931,52.71558267486657,3
42.84285619041269,59.14513449034494,50.37562507460017,3
42.86285752383492,55.7284441599099,49.10994003071833,3
42.88285885725715,54.310763457368246,46.12600600469457,3
42.90286019067938,53.17261094271204,45.46914261824889,3
42.922861524101606,50.97287734039301,43.4848795806723,3
42.942862857523835,49.50662448547621,41.59782148365805,3
42.962864190946064,45.74153941119906,36.37685628587142,3
42.98286552436829,44.18909966129865,36.93441086762627,3
43.002866857790515,41.4945176250404,34.82384255211113,3
43.022868191212744,39.72702539089643,31.225342879815823,3
43.04286952463497,36.00620683624951,30.104610206387164,3
43.0628708580572,37.341702377005696,27.134183776078252,3
43.08287219147943,32.53351406988641,25.381680833508135,3
43.10287352490166,32.99986497969157,23.452591161466188,3
43.12287485832389,28.43197395025022,22.065317825883028,3
43.14287619174611,28.416350485041242,19.88233273642791,3
43.16287752516834,24.43048298911681,19.111848603196677,3
43.18287885859057,23.00075249295028,15.761483414523294,3
43.2028801920128,21.685132997083066,15.823923164798988,3
43.22288152543503,19.824856876226153,11.959287638937733,3
43.24288285885726,18.130998271783284,13.305450658037987,3
43.262884192279486,17.714790252112888,8.313838502837696,3
43.282885525701715,14.980999560047353,6.200042562535852,3
43.30288685912394,14.749572521857441,7.412147211109937,3
43.322888192546166,13.034909068304989,5.077399984495627,3
43.342889525968396,9.506194248166905,5.610812300668872,3
43.362890859390625,9.153684036533376,6.009048644833101,3
43.382892192812854,8.69447297044909,5.090322027941005,3
43.40289352623508,10.643516836186915,3.2738949365830714,3
43.42289485965731,7.068305576463704,2.6395668666807617,3
43.442896193079534,6.682389067338469,3.6512830022789613,3
43.46289752650176,6.030648073886832,3.8911897811591016,3
43.48289885992399,10.39863762856834,3.1267811706001907,3
43.50290019334622,5.955475679992103,3.1484475996970276,3
43.52290152676845,8.257535483669276,3.010734640270714,3
43.54290286019068,5.200133517803575,2.414333685821184,3
43.56290419361291,7.626985860506038,3.2522474204610847,3
43.58290552703514,7.80807876382862,4.939642831721262,3
43.60290686045736,9.30093703861188,6.715864364726633,3
43.62290819387959,10.70454220223986,6.123353320951535,3
43.64290952730182,10.914499257811542,7.29202153650834,3
43.66291086072405,9.592667549047324,9.058069227142648,3
43.682912194146276,14.29555116867198,10.925505353413634,3
43.702913527568505,15.44750071947228,12.130362861437986,3
43.722914860990734,15.694058556324498,13.977256994570594,3
43.742916194412956,16.76044174801364,15.700864393047185,3
43.762917527835185,17.015973175105586,16.420922255045728,3
43.782918861257414,18.903549155594973,16.865897272272683,3
43.80292019467964,22.407077453718955,22.202397190719708,3
43.82292152810187,22.14562980332135,23.75394494274363,3
43.8429228615241,26.822710709853254,23.610855944133363,3
43.86292419494633,27.387612040843457,26.161307927184296,3
43.88292552836856,30.229797359302772,29.087148110400573,3
43.90292686179078,32.58148467581159,31.905320188553617,3
43.92292819521301,33.04555096416,32.785545018577075,3
43.94292952863524,35.821313169859835,33.62729873239491,3
43.96293086205747,38.12476716457696,36.97692929820569,3
43.9829321954797,40.539083523393344,41.25664373601174,3
44.00293352890193,42.032288619697624,41.8459029285225,3
44.022934862324156,43.55401215579521,43.96606181388154,3
44.04293619574638,47.57977558574966,46.27702036071119,3
44.06293752916861,49.048658522736034,47.4009677197307,3
44.08293886259084,51.31577711118442,49.72565362349389,3
44.102940196013066,53.41320044670684,50.730326895889036,3
44.122941529435295,55.874472700711756,53.2112391574587,3
44.142942862857524,58.99076239622613,55.94003301992465,3
44.16294419627975,59.34047483991231,58.471662061030784,3
44.18294552970198,61.232825399739426,59.437233293662,3
44.202946863124204,61.35608015838358,60.78511310026049,3
44.22294819654643,64.5634807884856,62.6746896707284,3
44.24294952996866,66.01407439841559,65.22051212598915,3
44.26295086339089,67.22385170687997,66.19700902259427,3
44.28295219681312,68.86903816783243,66.4275479402323,3
44.30295353023535,68.9869042661797,68.97908318073902,3
44.32295486365758,72.45709004688095,69.12086584803583,3
44.3429561970798,73.27572551067117,67.9748170506976,3
44.36295753050203,73.85514000904335,72.25842409572712,3
44.38295886392426,75.75057360865897,72.94612514561913,3
44.40296019734649,74.26107496097855,71.44246177458018,3
44.42296153076872,76.21919354582855,73.28963747404055,3
44.442962864190946,77.5326675265822,70.88064793628328,3
44.462964197613175,77.05488524246162,72.7059164863113,3
44.482965531035404,76.23548348387212,73.6005979306568,3
44.502966864457626,76.19098842629198,72.37504041668211,3
44.522968197879855,77.39417289378235,75.2189739421403,3
44.542969531302084,77.6754725842544,72.3011652790732,3
44.56297086472431,74.84458929051132,70.33819225742707,3
44.58297219814654,75.82805105400288,71.3746504260066,3
44.60297353156877,74.97699734087381,67.51226504323472,3
44.622974864991,74.54348217499472,66.8671875628209,3
44.64297619841322,74.38192314132445,69.17352788801362,3
44.66297753183545,72.74862688538538,68.02057243771601,3
44.68297886525768,70.7754596571744,63.9938308616475,3
44.70298019867991,71.21675156918656,63.9796956537677,3
44.72298153210214,69.12023323406612,61.04212321512781,3
44.74298286552437,66.9887530004243,59.01766226166466,3
44.7629841989466,65.69106827842107,58.217373139083904,3
44.782985532368826,62.84547801099937,56.79170582103632,3
44.80298686579105,64.34179814282992,54.6269332700607,3
44.82298819921328,60.99553942696664,54.77827192275131,3
44.84298953263551,58.35631789568801,51.30773906855398,3
44.862990866057736,53.527808245495876,49.86417991758457,3
44.882992199479965,54.05682009248107,47.09933231705732,3
44.902993532902194,52.61056742360091,45.90675520687488,3
44.92299486632442,50.97460585485765,42.28981507566202,3
44.942996199746645,48.47372863054911,38.240831061635106,3
44.962997533168874,45.95601005985227,38.105220893941926,3
44.9829988665911,45.207614094937476,34.55541882413642,3
45.00300020001333,40.65725507639738,35.095677056617674,3
45.02300153343556,41.13919536239864,33.21964337377292,3
45.04300286685779,36.444889516148315,28.29973215790012,3
45.06300420028002,36.25699800339734,25.910338851728227,3
45.08300553370225,33.39486381538159,26.299628370978994,3
45.10300686712447,29.707781287197058,24.492306827801055,3
45.1230082005467,28.439177151422413,22.306454326213377,3
45.14300953396893,25.048444279993944,18.935235915805055,3
45.16301086739116,23.201764902140393,17.286493659746736,3
45.18301220081339,23.995701075992947,15.535615900879112,3
45.203013534235616,22.617879905251097,14.61998538939149,3
45.223014867657845,19.3913325943083,12.813197087268096,3
45.24301620108007,17.324150234231706,9.502725660064359,3
45.263017534502296,17.572507492524892,10.914283318305353,3
45.283018867924525,12.521674324987902,7.877529318449909,3
45.303020201346754,11.785169197079263,6.842403444854332,3
45.32302153476898,10.721130856353623,5.251977501769753,3
45.34302286819121,10.427753358600492,6.84081558227166,3
45.36302420161344,11.350597033283155,5.0869674286391335,3
45.38302553503567,9.188596037773541,5.354532233435756,3
45.40302686845789,8.708496369515142,3.611535245270366,3
45.42302820188012,7.109699474288153,2.8409594620860945,3
45.44302953530235,7.865998877939495,2.114877040906855,3
45.46303086872458,8.193656470024191,3.7625727376344353,3
45.48303220214681,5.360824317706282,1.3756296091512166,3
45.50303353556904,7.039196835698511,4.511005456334815,3
45.52303486899127,7.575200396565605,3.245241670576812,3
45.54303620241349,7.588919166899238,3.4105628901567675,3
45.56303753583572,7.906249888354842,4.690742619344363,3
45.58303886925795,7.891620368228604,4.788132093352632,3
45.60304020268018,9.30494427782125,6.251026934802067,3
45.623041536102406,9.655378644868652,6.5598432642241615,3
45.643042869524635,10.713456431506946,8.24879006015077,3
45.663044202946864,9.168023776631502,9.068155546670223,3
45.68304553636909,12.226200547064627,10.190902881073388,3
45.703046869791315,14.039891418256877,10.174830320718758,3
45.723048203213544,15.778761901448881,13.378221179110577,3
45.74304953663577,16.706468577662516,15.989034981146279,3
45.763050870058,18.769578225607862,16.590674815868105,3
45.78305220348023,18.399707350204746,19.847989964501732,3
45.80305353690246,21.747046116063128,20.621889765202493,3
45.82305487032469,23.43467706406649,23.298818296015316,3
45.84305620374691,26.036739700071976,24.19327291991273,3
45.86305753716914,27.34957289270828,26.706570724049648,3
45.88305887059137,30.760662162441957,28.90312608925273,3
45.9030602040136,33.29079885824498,31.05756185865205,3
45.92306153743583,35.16484285897054,32.04230534536657,3
45.94306287085806,37.88832824120211,34.8570073460921,3
45.963064204280286,37.13201442130264,36.661815162527006,3
45.983065537702515,41.06728435946639,40.646464664833914,3
46.00306687112474,43.073107529634285,41.32655583455133,3
46.023068204546966,46.57591297115594,44.63369953613688,3
46.043069537969195,47.95624353403386,46.5389471787107,3
46.063070871391425,50.19269105136474,48.06330601481256,3
46.083072204813654,50.98145058437198,51.109880241098864,3
46.10307353823588,53.23518981735345,52.354610756475985,3
46.12307487165811,57.55330990010098,53.48594910136674,3
46.143076205080334,55.2797524716877,56.785543611516715,3
46.16307753850256,60.13566184152302,57.15948246053292,3
46.18307887192479,58.958609703875155,57.1809299475088,3
46.20308020534702,63.72081795628546,61.81685949860713,3
46.22308153876925,64.56428152699877,62.78972314751833,3
46.24308287219148,66.78737110747453,66.45772940669026,3
46.26308420561371,67.00345681036961,65.42149251287965,3
46.28308553903594,69.24851618321311,68.11481775580629,3
46.30308687245816,71.76297287526482,69.40837169652835,3
46.32308820588039,71.64881577651747,69.681578486439,3
46.34308953930262,75.63741950016919,70.7274186251049,3
46.36309087272485,73.85227770294779,71.10382086504934,3
46.383092206147076,75.574950116206,71.17811743609238,3
46.403093539569305,75.60133847089955,72.70894841992519,3
46.423094872991534,75.91904226903668,73.83606680304432,3
46.443096206413756,77.8123104447906,70.73621886157137,3
46.463097539835985,76.22554511893934,71.34745022216904,3
46.483098873258214,78.58456458145332,72.69539180222202,3
46.50310020668044,76.68267522174261,73.29145280619736,3
46.52310154010267,74.32601637595596,72.53606489355745,3
46.5431028735249,76.22500013366498,71.63629768002387,3
46.56310420694713,76.11630566233069,71.0816070612926,3
46.58310554036936,75.32483019044288,69.13469380419974,3
46.60310687379158,74.08520061739951,70.36887622800757,3
46.62310820721381,73.17992581917578,66.947437855104,3
46.64310954063604,71.87050557194873,69.5310355915776,3
46.66311087405827,71.52489505734347,65.96355687201113,3
46.6831122074805,73.15866293893801,65.26669579628434,3
46.70311354090273,70.5229307266177,62.90707746638956,3
46.723114874324956,69.81482280757949,63.51867057910643,3
46.74311620774718,67.73190426842025,59.59085063047829,3
46.76311754116941,66.264928780023,60.08679485802224,3
46.783118874591636,63.48169671919197,57.95218791215826,3
46.803120208013866,61.54028443349745,55.806695043547414,3
46.823121541436095,59.42829127969834,54.66351622586886,3
46.843122874858324,60.33732850728477,49.972265668924976,3
46.86312420828055,57.13422984815503,49.12780627586325,3
46.88312554170278,54.16222362612033,45.82819245614982,3
46.903126875125004,50.907991283957365,44.627073876314725,3
46.92312820854723,50.404327405559066,41.40919739022041,3
46.94312954196946,49.62580471366468,40.110859367034685,3
46.96313087539169,45.76416941737783,39.1530903689689,3
46.98313220881392,45.707190334564984,35.785782857448886,3
47.00313354223615,42.03050869100779,34.77624292722956,3
47.02313487565838,39.74837189307229,31.954244125522205,3
47.0431362090806,37.76675932741313,29.844605341460618,3
47.06313754250283,35.07648097356693,27.680799167247873,3
47.08313887592506,31.89837018515589,25.048449725927146,3
47.10314020934729,30.89012236089154,23.675272164108407,3
47.12314154276952,28.820669448107914,20.38249447828439,3
47.143142876191746,24.891094178332974,18.58346712966005,3
47.163144209613975,23.337124449725057,18.556313994541785,3
47.183145543036204,22.54096595581408,16.502089453497984,3
47.203146876458426,20.569322338713313,17.073361555354758,3
47.223148209880655,20.69126634163561,12.862825111023454,3
47.243149543302884,17.315799076201074,9.828509163372559,3
47.26315087672511,15.574010030655938,10.734769645633884,3
47.28315221014734,14.2057636244324,10.0339786822124,3
47.30315354356957,14.150811618706223,5.929301146211039,3
47.3231548769918,11.261672960255044,7.541492656074685,3
47.34315621041402,11.661635736084465,7.6146777893105515,3
47.36315754383625,9.06744018526399,4.499642907802333,3
47.38315887725848,9.384791942695033,2.6929421545241268,3
47.40316021068071,7.886063381953328,4.386163908559912,3
47.42316154410294,10.471053242623622,3.650278192021041,3
47.44316287752517,9.064175403466896,3.6069749863253073,3
47.4631642109474,6.94300669598616,4.193547189050582,3
47.483165544369626,7.131363578199715,3.2549088623816886,3
47.50316687779185,6.9363526845067005,2.0624861383380715,3
47.52316821121408,6.101179526584977,2.9130037877504167,3
47.54316954463631,7.197904173465521,3.1413803873776684,3
47.563170878058536,8.639742194228301,4.906876735861316,3
47.583172211480765,8.01955336301814,5.199914840020092,3
47.603173544902994,9.240607313441789,5.308128078507471,3
47.62317487832522,9.65375705103543,6.784012496592047,3
47.643176211747445,12.824410496559839,6.8028401998732,3
47.663177545169674,12.401456521529488,11.45169052370377,3
47.6831788785919,11.877948161295828,10.478548882208557,3
47.70318021201413,13.772114262314764,13.041822868939146,3
47.72318154543636,15.221734664452942,14.984520675600326,3
47.74318287885859,16.485921363364152,14.936836297948949,3
47.76318421228082,17.27215818687457,16.340817702879896,3
47.78318554570305,19.00903718915888,18.14536939677023,3
47.80318687912527,22.456945423024035,19.388242582272994,3
47.8231882125475,22.761767845883668,21.449462119712805,3
47.84318954596973,26.618966049849423,24.55811405007759,3
47.86319087939196,27.68476461246666,26.060384770343568,3
47.88319221281419,30.70844615290393,28.613462602203427,3
47.903193546236416,31.482491854747988,30.640390043274905,3
47.923194879658645,34.76899606940691,32.384959454144806,3
47.94319621308087,36.293543364717806,33.69559617494325,3
47.963197546503096,34.933295962980715,37.22779705522485,3
47.983198879925325,39.89968183077021,38.826572547106785,3
48.003200213347554,41.70413593901184,42.65432525368135,3
48.02320154676978,44.694561238250714,43.57973137083441,3
48.04320288019201,47.92962807569599,46.85055447887017,3
48.06320421361424,48.433910496840205,49.05694943402167,3
48.08320554703647,51.14898108195664,50.22064039698754,3
48.10320688045869,53.10981217265481,51.71848077978107,3
48.12320821388092,55.87809305931331,55.58889791497844,3
48.14320954730315,57.618367859874425,55.169226530268205,3
48.16321088072538,58.44980960315713,60.662977364804235,3
48.18321221414761,60.68945076277517,58.73448177778808,3
48.20321354756984,62.56052587182972,64.0683237071099,3
48.22321488099207,65.75431322615471,63.731411546524114,3
48.24321621441429,66.8446180619024,65.23583669638465,3
48.26321754783652,69.2834167885439,67.27163790132619,3
48.28321888125875,68.14283354883166,66.54059075253942,3
48.30322021468098,69.5839870996221,67.11026716404636,3
48.323221548103206,70.65858389061718,68.39535277941229,3
48.343222881525435,71.17344280703456,71.58254125410318,3
48.363224214947664,72.32004042217287,71.08687371114672,3
48.38322554836989,74.38369024287385,72.97671204766078,3
48.403226881792115,75.11519886127049,73.18803325381016,3
48.423228215214344,76.1598998736233,72.66038455971328,3
48.44322954863657,77.47094560901928,73.93667432446978,3
48.4632308820588,77.52243212382392,73.57089753130768,3
48.48323221548103,76.11842777962039,72.94168765524392,3
48.50323354890326,76.4537372333213,72.39825355383397,3
48.52323488232549,76.80393350396956,72.434445439721,3
48.54323621574771,77.02922424067974,73.05074992617392,3
48.56323754916994,76.38252833526275,70.68791676025558,3
48.58323888259217,75.1558363781905,70.58738669861101,3
48.6032402160144,75.671959188519,69.24877465834508,3
48.62324154943663,75.27761562501718,68.91629668434051,3
48.64324288285886,74.01419288845628,68.1150418915656,3
48.663244216281086,72.41774536470137,65.18073325111398,3
48.683245549703315,70.97991067264483,66.43446530839256,3
48.70324688312554,70.86172733158655,64.5554889044066,3
48.723248216547766,67.61617572874405,62.39907541126737,3
48.743249549969995,66.15722089713685,60.05316334597883,3
48.763250883392224,65.37391563558654,59.309923224503294,3
48.783252216814454,64.03978525273766,56.60691261797864,3
48.80325355023668,63.118059774540065,56.354461856883255,3
48.82325488365891,61.53817964067523,52.78920784956983,3
48.843256217081134,59.943100401478745,50.941840330393035,3
48.86325755050336,57.48972705202643,49.28726901755926,3
48.88325888392559,54.02348408522317,47.32215770231339,3
48.90326021734782,51.129876991971365,43.178567613909316,3
48.92326155077005,49.07070847314469,43.10628811909863,3
48.94326288419228,48.3156631167632,41.089083864791405,3
48.96326421761451,47.06237715824026,38.482419110776476,3
48.98326555103674,42.770261866888696,36.85303755348092,3
49.00326688445896,41.37180139277027,34.302079903010345,3
49.02326821788119,39.37060719387283,31.88282111771565,3
49.04326955130342,38.273192927992945,29.7109032044852,3
49.06327088472565,33.408201686732994,27.116547770513947,3
49.083272218147876,31.712143595684893,25.212686404378434,3
49.103273551570105,31.345790171806595,24.02145769768084,3
49.123274884992334,29.948850283237086,21.102120480558916,3
49.143276218414556,25.93154656610347,18.831337607757572,3
49.163277551836785,25.2045700406382,17.549309104708716,3
49.183278885259014,22.41912971498969,15.245016968712255,3
49.20328021868124,19.356971696216984,15.186677723722093,3
49.22328155210347,20.900187238493253,11.381582565562086,3
49.2432828855257,17.44932856781721,9.585773630486772,3
49.26328421894793,16.631799292735646,10.672387909013393,3
49.28328555237016,13.343320623334371,8.599181361944572,3
49.30328688579238,13.11134147849099,6.85645631698477,3
49.32328821921461,12.389465044122334,4.652494328139689,3
49.34328955263684,12.445084076295098,7.133593277233063,3
49.36329088605907,12.52111346804227,4.441671614688378,3
49.3832922194813,10.519540878229085,5.741515621848821,3
49.40329355290353,7.4950143872623745,4.056933909837686,3
49.423294886325756,9.266844984842582,2.654286019821314,3
49.44329621974798,6.415333490091579,2.1871027754722703,3
49.46329755317021,6.0504820775635775,3.060472915200881,3
49.483298886592436,6.904029710885312,2.5092576598460434,3
49.503300220014665,6.1157272786744485,3.277460707926987,3
49.523301553436895,7.152674731253758,1.2807949136362318,3
49.543302886859124,6.3221820497256,4.828422484023987,3
49.56330422028135,6.052892290206891,2.880678605467894,3
49.58330555370358,9.75911767019897,5.302942537438123,3
49.603306887125804,7.6643423201086485,5.240289571896718,3
49.62330822054803,8.132082038220837,6.249570829352516,3
49.64330955397026,11.438348434773967,7.307089499054234,3
49.66331088739249,10.682566139015268,8.008441367987878,3
49.68331222081472,11.665386807340811,10.72408135701789,3
49.70331355423695,14.41887597941835,10.201731047001312,3
49.72331488765918,14.797205319343346,13.043854877461007,3
49.7433162210814,17.165477515787877,16.02692626571939,3
49.76331755450363,17.86538071156393,17.17403228972521,3
49.78331888792586,20.98804342292114,19.826169584646056,3
49.80332022134809,20.85531568037087,21.892159873124967,3
49.82332155477032,22.82932863291607,21.623433615976243,3
49.843322888192546,25.24326592441867,24.42084202203109,3
49.863324221614775,26.59725754538846,26.831443503741,3
49.883325555037004,30.175157501203326,29.284944831296475,3
49.903326888459226,32.900929804503086,31.99224071199757,3
49.923328221881455,32.91561935335755,33.23739281186944,3
49.943329555303684,36.25453621028865,33.929596409608216,3
49.96333088872591,38.44831679039836,35.50201798118693,3
49.98333222214814,38.91538959822359,38.40141430114154,3
50.00333355557037,43.55565972540889,40.93756159041014,3
50.0233348889926,45.52995616485954,45.25406470245786,3
50.04333622241482,46.32791303910432,45.90949455279499,3
50.06333755583705,48.562844075452986,47.02098533648078,3
50.08333888925928,52.110824911667144,49.62260863671793,3
50.10334022268151,54.52221885824496,53.112363846628924,3
50.12334155610374,56.035021443587,53.54908113622628,3
50.14334288952597,57.329397632679125,56.57338724185974,3
50.1633442229482,59.875662162629304,56.71920390245076,3
50.183345556370426,60.13677065042024,59.92620415870865,3
50.20334688979265,64.32519072009583,61.53388617777328,3
50.22334822321488,64.1916880246606,62.366888814968725,3
50.243349556637106,65.4694432087733,65.02650027165892,3
50.263350890059336,66.81449502016676,66.03205818390275,3
50.283352223481565,69.5530572092977,68.75487564366317,3
50.303353556903794,69.78594899180197,67.4073761029617,3
50.32335489032602,72.68386766295276,69.00516457716301,3
50.343356223748245,72.80997901075308,70.76006148244534,3
50.363357557170474,73.63713110135774,70.2427946247937,3
50.3833588905927,73.93266466330338,72.79797634761049,3
50.40336022401493,75.39115695368,72.0131391255978,3
50.42336155743716,76.05704810206652,72.90534664128637,3
50.44336289085939,75.34978385529537,70.70082363878976,3
50.46336422428162,76.54566512131986,73.52893988889599,3
50.48336555770385,77.56680534619815,71.76732673495115,3
50.50336689112607,77.09214347983415,73.10151568065451,3
50.5233682245483,77.2420884555371,72.16276571827002,3
50.54336955797053,76.85605755905296,71.13413777734456,3
50.56337089139276,76.06384194319395,71.45834974271662,3
50.58337222481499,76.28484775188988,70.07611904834133,3
50.603373558237216,74.49852113996896,69.2841099183439,3
50.623374891659445,73.10593563052983,68.7914621391151,3
50.64337622508167,72.9655213833208,68.51216822456978,3
50.663377558503896,72.53935499861987,67.35588493774044,3
50.683378891926125,71.27159922413438,66.69548430291513,3
50.703380225348354,70.06734393693351,64.52670906220742,3
50.72338155877058,68.77919746755609,61.99844148812967,3
50.74338289219281,66.09819347589688,61.15708215066938,3
50.76338422561504,65.47168598238908,56.75721272344727,3
50.78338555903727,64.3341580514265,56.04038369041433,3
50.80338689245949,61.15695595782704,54.27177496800911,3
50.82338822588172,59.96588656400061,52.38905001737004,3
50.84338955930395,58.27670830550068,49.85992104039125,3
50.86339089272618,55.281370515667916,47.44456134144633,3
50.88339222614841,54.74867391275799,47.25629321370488,3
50.90339355957064,50.22173608218517,46.18338483890744,3
50.92339489299287,49.07454992259028,42.83488890444875,3
50.94339622641509,47.95291703009357,39.16223678950308,3
50.96339755983732,46.2547003741254,39.503005779386946,3
50.98339889325955,42.5339372651175,36.88996933765762,3
51.00340022668178,41.34214519049838,33.57313079383362,3
51.023401560104006,39.35486406549532,31.126722007971303,3
51.043402893526235,36.41330094553755,29.695846731934424,3
51.063404226948464,36.36359270743745,27.829574805037858,3
51.08340556037069,34.82267910642723,26.223840152704362,3
51.103406893792915,30.46217651139514,21.659538510859115,3
51.123408227215144,27.89260171069789,21.746216754658057,3
51.14340956063737,26.32121471868419,18.710224920535417,3
51.1634108940596,24.737292091295593,17.727428990168324,3
51.18341222748183,24.89868844892785,16.162777456171593,3
51.20341356090406,20.431280058128152,14.539596853955613,3
51.22341489432629,17.843733936096235,12.564469224463709,3
51.24341622774851,18.764267748134742,10.401679391006796,3
51.26341756117074,16.15403611280715,11.234845552625135,3
51.28341889459297,13.510626800009602,10.915639026794128,3
51.3034202280152,11.87150175448621,7.348815726609891,3
51.32342156143743,12.872286297096052,5.827543678825921,3
51.34342289485966,11.238370140272808,3.891615188849335,3
51.363424228281886,10.13598877371313,3.0953604781815853,3
51.383425561704115,8.189064218466424,3.4682480888071145,3
51.40342689512634,8.682466815667189,5.324174945855051,3
51.423428228548566,9.3367709240188,3.513192980001841,3
51.443429561970795,7.979181929833063,3.3568712465737356,3
51.463430895393024,8.842677418588028,3.191548689043598,3
51.48343222881525,4.862127163620279,0.21222115575347322,3
51.50343356223748,7.329347519125881,3.2325518767504615,3
51.52343489565971,7.6143171764175,2.6241918015475925,3
51.543436229081934,7.779857415120507,3.261029451692622,3
51.56343756250416,6.660218844006963,5.555362045771901,3
51.58343889592639,7.3728319971086105,3.521325096404286,3
51.60344022934862,8.48591008172606,5.830036350241036,3
51.62344156277085,9.399231437376551,6.037317569588199,3
51.64344289619308,10.387368816313263,9.013240644451438,3
51.66344422961531,12.248467276841588,8.077246737753178,3
51.68344556303754,12.713395820025685,9.339201754594466,3
51.70344689645976,13.56969844505232,11.727888556395756,3
51.72344822988199,15.113505258540947,12.190541918664584,3
51.74344956330422,16.099603736154883,16.92028737341024,3
51.76345089672645,16.99187819694326,13.993210054159876,3
51.783452230148676,18.680559348905806,18.170472063628456,3
51.803453563570905,22.32191515250995,20.549611756144483,3
51.823454896993134,22.746635774773253,21.44622524298387,3
51.843456230415356,26.283901769313765,24.05234484058908,3
51.863457563837585,27.990264273780262,26.285194810721485,3
51.883458897259814,30.077931641206135,29.596364579069835,3
51.90346023068204,29.6824494231446,30.689681258881894,3
51.92346156410427,32.27584409986391,30.125522956281127,3
51.9434628975265,35.90492205701775,33.32605454558076,3
51.96346423094873,37.42124453484613,37.377614385284645,3
51.98346556437096,39.64712510238386,38.104785198367516,3
52.00346689779318,43.08297788233489,40.28094350399991,3
52.02346823121541,43.53529190545263,44.305855362962944,3
52.04346956463764,44.60875270648884,45.10344110133707,3
52.06347089805987,48.67510681663408,48.405224467089695,3
52.0834722314821,52.28213599920638,49.27665047684016,3
52.10347356490433,54.7740895627249,51.083225403298265,3
52.123474898326556,55.424804538249354,53.2772699262043,3
52.14347623174878,57.69222391302832,55.30177989666482,3
52.16347756517101,58.83929930857853,57.58698817510207,3
52.183478898593236,61.51825515167412,60.39441564784237,3
52.203480232015465,63.927379506371324,63.48336177501087,3
52.223481565437694,66.33759977504448,62.25920375281737,3
52.243482898859924,65.73865164635035,64.37122153043452,3
52.26348423228215,67.8957586190193,64.82279789729238,3
52.28348556570438,67.88384793770467,66.85786555238411,3
52.303486899126604,69.42895307242722,68.14680521524222,3
52.32348823254883,70.12237690493193,67.61557203469242,3
52.34348956597106,73.15360460764857,70.96673363369855,3
52.36349089939329,71.92430851568366,69.58700788233351,3
52.38349223281552,74.50938086485301,70.47625838971227,3
52.40349356623775,74.91013872037789,73.20053075217501,3
52.42349489965998,75.51719586542374,72.30735636700665,3
52.4434962330822,76.34815691919485,74.57091390073485,3
52.46349756650443,77.07035835276643,72.7046820717408,3
52.48349889992666,77.4520501865908,71.77730256480574,3
52.50350023334889,76.42723690226079,71.7337154845278,3
52.52350156677112,76.34895533288729,70.87303440785307,3
52.543502900193346,76.43885719916564,71.61143742487086,3
52.563504233615575,75.49295218304165,68.65498539002117,3
52.583505567037804,74.86857665463397,71.08593394309071,3
52.603506900460026,74.24210469992147,69.20207315574314,3
52.623508233882255,73.2843899529264,69.37945582638262,3
52.643509567304484,73.9793534424604,66.20398169863043,3
52.66351090072671,70.6361446879663,65.9440136639231,3
52.68351223414894,71.48478336066417,65.30276432704709,3
52.70351356757117,68.3903687980059,64.57766357270201,3
52.7235149009934,68.4264594378165,60.82595147724056,3
52.74351623441562,67.14672283208961,60.30763208691497,3
52.76351756783785,66.84118692790983,58.96857823897968,3
52.78351890126008,65.5637649718219,57.74700357130838,3
52.80352023468231,62.01490845327007,54.50859477814855,3
52.82352156810454,61.244678919472484,53.000515180712654,3
52.84352290152677,58.65362067155268,49.69510238494767,3
52.863524234949,55.729176551062125,49.06373854801061,3
52.883525568371226,54.04988411802855,46.8742065251689,3
52.90352690179345,52.568917902039345,43.907016720166105,3
52.92352823521568,50.662960499109914,42.780207344980006,3
52.943529568637906,48.77487506685885,41.078509471229154,3
52.963530902060135,44.26921229022775,37.736977916655945,3
52.983532235482365,43.56429421438867,34.29849888762416,3
53.003533568904594,40.70530010073342,34.44040288501952,3
53.02353490232682,39.81567264481075,31.801974918935027,3
53.043536235749045,37.13884923131733,29.089437479175473,3
53.063537569171274,36.62780479983664,26.532051957622517,3
53.0835389025935,32.285943857474614,25.305754985473737,3
53.10354023601573,31.61020410316907,22.68557437818694,3
53.12354156943796,28.468799596988028,20.28839056671052,3
53.14354290286019,25.846960125604838,21.46610112403981,3
53.16354423628242,24.647712493972072,19.90718436822551,3
53.18354556970465,20.723947890367157,15.239439913783274,3
53.20354690312687,21.30962416783343,14.835851419123557,3
53.2235482365491,19.864159581430577,13.284829575777971,3
53.24354956997133,18.549351007193586,11.799042448434587,3
53.26355090339356,16.68990248530364,9.85949711724,3
53.28355223681579,14.828456907009357,9.632633811513461,3
53.303553570238016,13.929508279369417,7.711382271543717,3
53.323554903660245,9.73136534880102,7.619373562877862,3
53.34355623708247,11.136376643665985,5.23385198389036,3
53.363557570504696,10.14145805950981,4.40493586273727,3
53.383558903926925,9.335739838834384,3.568775575563276,3
53.403560237349154,10.38232449487482,5.575605116976249,3
53.42356157077138,7.520025512685459,2.4189006225634033,3
53.44356290419361,7.70372848717539,1.2130393964264194,3
53.46356423761584,7.941607100536494,3.6478481690251545,3
53.48356557103807,6.618147691438055,3.3769295772036703,3
53.50356690446029,6.853200056676682,3.3627373127754536,3
53.52356823788252,6.832054151753054,3.1433082697165338,3
53.54356957130475,7.637732857549758,3.746947137119731,3
53.56357090472698,8.036596209168879,3.1904835917211187,3
53.58357223814921,7.562132169602948,6.4472526601626665,3
53.60357357157144,9.131007551696879,4.265233650263931,3
53.62357490499367,9.66117857728509,6.247040730201415,3
53.64357623841589,10.208641601739481,5.44126171748187,3
53.66357757183812,10.288430351356887,10.084707670125615,3
53.68357890526035,11.972197161931922,10.688082253303222,3
53.70358023868258,14.554699338300988,12.949835411744296,3
53.723581572104806,13.832154725971348,14.83400420240991,3
53.743582905527035,14.519411241212026,15.982804788110352,3
53.763584238949264,17.997307319981367,16.374228052668094,3
53.78358557237149,20.480749030445576,19.182518773238016,3
53.803586905793715,23.642480594196655,20.073935272042448,3
53.823588239215944,25.22106351963287,21.779951155340516,3
53.84358957263817,25.957540658006504,24.26430349089823,3
53.8635909060604,28.285605579396535,26.541636365003562,3
53.88359223948263,30.342123762804242,28.26092660558911,3
53.90359357290486,31.501105502079085,29.786189339208654,3
53.92359490632709,32.11420472926825,31.98650442070602,3
53.94359623974931,36.16876669614388,35.41703921564384,3
53.96359757317154,38.8229353107249,36.81543738458132,3
53.98359890659377,38.99860665360914,40.66676583270485,3
54.003600240016,40.39280732172395,40.56758492391682,3
54.02360157343823,45.25427271323914,44.23630126363364,3
54.04360290686046,48.27899005005837,44.98823876751575,3
54.063604240282686,49.99301773292157,48.34788470493145,3
54.083605573704915,50.085192550462274,48.89871174312652,3
54.10360690712714,52.07057698160117,52.57314758877548,3
54.123608240549366,55.041064716488144,53.1405359081963,3
54.143609573971595,58.43608627667469,56.16023038208244,3
54.163610907393824,58.14530257728236,56.81886502660305,3
54.18361224081605,58.74305170232985,59.66045268062513,3
54.20361357423828,60.724428009120345,61.573313489771884,3
54.22361490766051,63.851613440045185,61.155240635981,3
54.243616241082734,64.54470285654203,65.55620029726937,3
54.26361757450496,67.88178963990514,65.53207566388812,3
54.28361890792719,71.62235105471287,66.71886228345295,3
54.30362024134942,70.73117586459458,68.55992409234669,3
54.32362157477165,72.48792930411669,70.11792535199992,3
54.34362290819388,70.61746909264187,69.76486936168199,3
54.36362424161611,74.95876933519499,71.439676832783,3
54.38362557503834,76.38808649331058,70.61017501013853,3
54.40362690846056,76.40913565213957,72.7769852143022,3
54.42362824188279,75.89021432848284,71.77609202670519,3
54.44362957530502,76.43625810334012,74.5964192550363,3
54.46363090872725,77.20329123680838,72.61105382528964,3
54.483632242149476,76.05744587201643,72.63487884956439,3
54.503633575571705,77.5658098541049,72.6481143853048,3
54.523634908993934,77.42652655525022,73.75324111397012,3
54.543636242416156,77.0181089129048,73.40218203918488,3
54.563637575838385,76.90538655448175,71.80587153419778,3
54.583638909260614,75.45684882529227,70.22804412055247,3
54.60364024268284,76.11474046705618,68.8298679870512,3
54.62364157610507,73.29546428163704,69.30220167954062,3
54.6436429095273,72.91322562243754,66.80084279339947,3
54.66364424294953,73.50163902547456,66.84428891200999,3
54.68364557637176,71.32320070422361,64.4081541728935,3
54.70364690979398,71.90015697325104,64.89978646905823,3
54.72364824321621,68.76930257437715,62.53907211654672,3
54.74364957663844,68.24231904779761,60.71551381940907,3
54.76365091006067,64.58824322817627,58.298834568113676,3
54.7836522434829,64.15940499454936,58.1452179741638,3
54.80365357690513,62.032858010348015,54.97239760844259,3
54.823654910327356,60.76903630402512,53.13624900209521,3
54.84365624374958,57.968723924181496,52.25975654298193,3
54.86365757717181,57.48073373007828,49.27088926780648,3
54.883658910594036,54.89314070765428,46.72574301891561,3
54.903660244016265,53.31427141539399,45.98754023945051,3
54.923661577438494,48.08659803006781,41.00635008527932,3
54.94366291086072,48.006719389142205,41.157332558168825,3
54.96366424428295,45.00417688624809,40.69707135093972,3
54.98366557770518,46.9728633103131,36.341653607613154,3
55.003666911127404,40.82895992006324,33.42410578086615,3
55.02366824454963,40.375247047936654,32.807535056305525,3
55.04366957797186,34.799577526380205,28.222653397762926,3
55.06367091139409,35.5928794350086,26.845426133037794,3
55.08367224481632,33.63520203234203,24.893276932960205,3
55.10367357823855,31.05803226225875,23.918597538283294,3
55.12367491166078,29.411075995800132,20.80675326898,3
55.143676245083,27.230348270456414,17.73759663515275,3
55.16367757850523,25.08988024292121,19.080423868426738,3
55.18367891192746,22.95885985651546,15.13369764852021,3
55.20368024534969,21.627912854054603,12.649425832138649,3
55.22368157877192,18.719321032983853,13.672581778380117,3
55.243682912194146,17.289170042996716,10.819482713261777,3
55.263684245616375,16.190969521688842,10.365139828094724,3
55.283685579038604,14.74254709443838,9.238085661100508,3
55.303686912460826,12.614072651884497,6.01032498273547,3
55.323688245883055,12.529347903389954,3.7662187903800772,3
55.343689579305284,11.027366068466218,5.483286036144168,3
55.36369091272751,8.763705478353812,4.2689992700985275,3
55.38369224614974,10.00285522299104,2.6641231802313765,3
55.40369357957197,8.372805877708553,2.5935445709467606,3
55.4236949129942,7.8896139981906535,3.5620044720216697,3
55.44369624641642,8.664100738681478,1.449498265290039,3
55.46369757983865,7.917229691053324,3.015072063911655,3
55.48369891326088,8.022128584439217,1.3176809509828424,3
55.50370024668311,6.861936884992571,4.005448048627502,3
55.52370158010534,6.581000046940794,2.487137101541072,3
55.54370291352757,7.280894907954118,5.382997299288885,3
55.5637042469498,7.872679800375803,5.2807031968518245,3
55.583705580372026,7.812654045747042,6.355050283617759,3
55.60370691379425,9.041335086667551,6.769864078999098,3
55.62370824721648,8.945008890245932,5.975978631995537,3
55.643709580638706,9.40300336261311,7.740989363242285,3
55.663710914060935,11.653163557145538,9.984254785713183,3
55.683712247483165,12.88912617476854,8.865187733850513,3
55.703713580905394,14.184400889466925,12.408262821433437,3
55.72371491432762,14.088386842965543,14.120046235380835,3
55.743716247749845,16.997705170862766,15.24429998031095,3
55.763717581172074,18.08766708475111,17.45833071116386,3
55.7837189145943,19.177999152624658,18.135202704669254,3
55.80372024801653,20.171947001317907,20.623119316420457,3
55.82372158143876,23.865571845509404,21.741343742477216,3
55.84372291486099,24.652545464500797,24.89955084031202,3
55.86372424828322,27.1139051089902,25.727512513579114,3
55.88372558170545,29.95872905102578,29.458138746248665,3
55.90372691512767,29.62140993778624,32.58882266403927,3
55.9237282485499,33.461964573941174,33.00710634368222,3
55.94372958197213,35.8443533323764,35.182112811849976,3
55.96373091539436,37.55946288088881,38.37719648785854,3
55.98373224881659,38.80563706671938,39.754452920864104,3
56.003733582238816,42.55204950292561,40.96578274749109,3
56.023734915661045,44.53487140251338,41.93246512977087,3
56.04373624908327,48.062645584309585,47.03360200606503,3
56.063737582505496,48.25119801909502,48.1817922417737,3
56.083738915927725,50.30761298309895,49.066786946957784,3
56.103740249349954,51.717292968573574,53.77680067797523,3
56.12374158277218,55.98485164623071,55.26288499011309,3
56.14374291619441,55.74726696056066,55.678113371118855,3
56.16374424961664,59.40862885651585,59.41892725192889,3
56.18374558303887,60.71649927604812,59.523533687173234,3
56.20374691646109,60.65411452504878,61.793893095036516,3
56.22374824988332,65.34286001440039,64.4640351190478,3
56.24374958330555,66.41332012344171,65.24613796017144,3
56.26375091672778,69.70073651119844,65.50375319687123,3
56.28375225015001,69.48635564002328,66.80835627520685,3
56.30375358357224,69.450559680642,68.65355478645982,3
56.32375491699447,72.05481073720694,68.75903583276187,3
56.34375625041669,73.95538117329785,69.95356123317394,3
56.36375758383892,73.7864575553046,71.30874894822232,3
56.38375891726115,73.1149193248194,72.5716448277675,3
56.403760250683376,74.36431757863151,73.85547048258053,3
56.423761584105605,76.05337375489114,72.72680884509111,3
56.443762917527835,76.08242403470271,73.38135706883457,3
56.463764250950064,76.02378844306637,72.0661398255915,3
56.48376558437229,75.53563921422284,73.33849673908338,3
56.503766917794515,77.80439283721297,71.8664686179991,3
56.523768251216744,75.50923724475383,73.28599271220853,3
56.54376958463897,76.48923612354477,71.43328330558074,3
56.5637709180612,75.98117483661923,71.62089450995349,3
56.58377225148343,75.63422864289157,70.50362185043733,3
56.60377358490566,75.22851246140334,68.52889200394776,3
56.62377491832789,73.90163124563735,68.56838525366936,3
56.64377625175011,74.3531749787309,68.06921651508176,3
56.66377758517234,72.46710979576585,67.5904299604526,3
56.68377891859457,72.03876172464503,66.10323790417674,3
56.7037802520168,68.79510241319647,63.90990388751001,3
56.72378158543903,69.26398904363913,61.96907285118181,3
56.74378291886126,66.9055944073711,61.705437840190484,3
56.763784252283486,67.39337931151947,58.685191214053795,3
56.783785585705715,64.1122599238739,58.327363218324464,3
56.80378691912794,63.674068420547556,56.529946071876346,3
56.823788252550166,61.917357932858486,54.17402123146636,3
56.843789585972395,57.70979988320175,51.55980864915698,3
56.863790919394624,54.93494314943705,49.13172012531297,3
56.88379225281685,56.441482159937536,47.21429773515248,3
56.90379358623908,53.30949248199755,45.02603038846417,3
56.92379491966131,50.82475040497446,41.34883063075272,3
56.94379625308353,47.78108312945917,38.00981845193123,3
56.96379758650576,44.31948232016133,38.48675051886313,3
56.98379891992799,44.8943143494242,37.03511338237253,3
57.00380025335022,42.92443620232767,33.825477787782184,3
57.02380158677245,40.439069064285775,30.476269806934674,3
57.04380292019468,38.19958657123511,28.82425827381384,3
57.06380425361691,35.26918404259714,27.355075129834997,3
57.08380558703914,32.31509662176906,25.37990951036805,3
57.10380692046136,30.63178590162947,21.968223839298723,3
57.12380825388359,32.23153898004446,19.63150847432126,3
57.14380958730582,27.644290326172047,22.191181218131465,3
57.16381092072805,23.657852210279305,17.544778138096582,3
57.183812254150276,23.966958641772102,15.955630497487945,3
57.203813587572505,21.285028943247532,13.40563606625344,3
57.223814920994734,18.062228380352256,11.826107951273716,3
57.243816254416956,17.34764966684321,8.934216344117559,3
57.263817587839185,15.00580870176257,10.014547167065935,3
57.283818921261414,14.659213901384508,7.82992917074904,3
57.30382025468364,13.952838417463031,7.284438429269172,3
57.32382158810587,13.49603828536041,4.668663120601899,3
57.3438229215281,11.394868587430295,4.262426881242014,3
57.36382425495033,9.602352440675537,3.5546984761730003,3
57.38382558837256,11.36821088623217,2.5696465291124033,3
57.40382692179478,9.388069393053271,3.4247232596640935,3
57.42382825521701,9.246557477607835,1.9214282479274722,3
57.44382958863924,9.618143061189956,4.020074379163807,3
57.46383092206147,7.902625863453473,4.782124300240097,3
57.4838322554837,5.821882118257625,2.220217076663032,3
57.50383358890593,7.1340845620093845,3.7607111593735665,3
57.523834922328156,6.620175922104114,4.788296456517616,3
57.54383625575038,8.135830587712478,3.1959368139800146,3
57.56383758917261,9.086009954695655,5.110365191934904,3
57.583838922594836,9.338058980842087,5.060784890311456,3
57.603840256017065,8.611159622538029,5.215759486126717,3
57.623841589439294,10.244841124817077,5.967358231911397,3
57.64384292286152,9.516844189365111,6.843353951900008,3
57.66384425628375,9.675819328869473,9.52727970703008,3
57.68384558970598,10.735671698500694,10.962393525016589,3
57.703846923128204,13.048617076786615,13.550317204623765,3
57.72384825655043,14.62387856778849,14.972574081172212,3
57.74384958997266,16.16713783711079,14.647862452145668,3
57.76385092339489,17.41111967292429,15.894157739141601,3
57.78385225681712,19.852794819145167,19.307298131293262,3
57.80385359023935,23.343270557021942,20.196163044388147,3
57.82385492366158,24.392749231424386,22.11556604515991,3
57.8438562570838,25.689505050246357,24.918231423723054,3
57.86385759050603,26.453992104752913,25.789176273862505,3
57.88385892392826,30.131363957570013,29.26061954255841,3
57.90386025735049,32.49624400333869,30.920105630529516,3
57.92386159077272,33.86644819716195,32.686378592934986,3
57.943862924194946,35.45988386084413,34.92261997401856,3
57.963864257617175,38.51398879383122,37.26374394696381,3
57.983865591039404,40.044316429742615,39.25435207860098,3
58.003866924461626,42.45259068607823,41.216428793573975,3
58.023868257883855,42.877212277635756,42.41155545381686,3
58.043869591306084,44.848888797318956,45.93025514980223,3
58.06387092472831,49.3787711998039,47.751268291649794,3
58.08387225815054,49.25949430604742,50.74028203058595,3
58.10387359157277,52.51177472208459,52.21513105787602,3
58.123874924995,55.40347667189331,53.41121839633378,3
58.14387625841722,56.062741725421624,57.5077906386818,3
58.16387759183945,58.75498851028324,57.795707017215186,3
58.18387892526168,61.07161986350791,60.680251379494045,3
58.20388025868391,62.070658467817005,60.36423425592728,3
58.22388159210614,63.114238230599796,62.89558469035034,3
58.24388292552837,67.628296199873,63.9133775589574,3
58.2638842589506,67.43620349076365,67.29952399542519,3
58.283885592372826,69.28969917091254,67.78697697009655,3
58.30388692579505,70.14611374230428,68.92083706439409,3
58.32388825921728,71.77628969357848,70.03854460938915,3
58.343889592639506,71.38166784894587,71.52787453674506,3
58.363890926061735,74.96396990435419,70.37943953675047,3
58.383892259483964,74.96017275465692,69.84828758088076,3
58.40389359290619,76.49130936246273,72.5533142082246,3
58.42389492632842,75.34754492457449,71.56567911822026,3
58.443896259750645,75.55341225094469,71.2095424534938,3
58.463897593172874,77.87972547356027,72.55187194489926,3
58.4838989265951,77.91418323932167,73.88270866159229,3
58.50390026001733,78.83124461379836,72.37643786352344,3
58.52390159343956,75.01688364989674,73.74487484160828,3
58.54390292686179,76.82782629754075,72.73010959637223,3
58.56390426028402,74.49240357595862,70.59794549854276,3
58.58390559370625,78.49917644447461,68.42359825478567,3
58.60390692712847,75.48846062281424,69.03877626052318,3
58.6239082605507,75.13286269905052,66.27163793112362,3
58.64390959397293,72.34198834204831,67.543118609992,3
58.66391092739516,72.48638606505492,65.57494642464843,3
58.68391226081739,71.97088186825323,62.93739439177807,3
58.703913594239616,71.74390584154494,63.43587299741186,3
58.723914927661845,69.6499004678916,61.825933506368905,3
58.74391626108407,66.909638894096,60.91933653208708,3
58.763917594506296,65.4637282562679,58.965942340713454,3
58.783918927928525,66.26897069442882,57.27532822673736,3
58.803920261350754,62.56956748880299,55.563615962997304,3
58.82392159477298,59.4277951362912,50.9136823683454,3
58.84392292819521,58.360326888085694,51.04373994134638,3
58.86392426161744,56.33549663458499,48.97587339797043,3
58.88392559503967,54.717242043219166,47.5916671895682,3
58.90392692846189,54.551699096397805,44.38815141629918,3
58.92392826188412,50.88391333462357,44.11455207906688,3
58.94392959530635,47.59916448111671,41.701812525145414,3
58.96393092872858,46.10082075603665,38.02689336894021,3
58.98393226215081,42.116173953295224,36.91657376411901,3
59.00393359557304,39.06999319220237,35.661701123439244,3
59.02393492899527,38.95489465459746,30.720481778436227,3
59.04393626241749,36.16165798588752,32.14674287368921,3
59.06393759583972,35.38177165812189,28.23803663881924,3
59.08393892926195,32.26448659701896,24.68470272942001,3
59.103940262684176,31.113760217745103,22.10739395335677,3
59.123941596106405,30.632731034660843,21.555749901003388,3
59.143942929528635,27.014212112238308,20.091157592227272,3
59.163944262950864,23.874910046104056,16.782870246677636,3
59.18394559637309,21.289260349371336,15.63889250698237,3
59.203946929795315,20.267983176521028,15.042531843363252,3
59.223948263217544,19.737965149306145,11.55739144226924,3
59.24394959663977,18.966214778547098,13.577934287167128,3
59.263950930062,17.149150132488412,10.137580248160969,3
59.28395226348423,13.96671614264511,9.299589571877583,3
59.30395359690646,13.056030887056197,6.881353316948491,3
59.32395493032869,11.967234972857318,5.990779767061897,3
59.34395626375091,9.949660728344888,5.2075296443333094,3
59.36395759717314,10.711400101449676,3.531998582091332,3
59.38395893059537,8.328200517866541,3.688577324073901,3
59.4039602640176,8.193667510794649,3.0454432484992067,3
59.42396159743983,9.184274390321102,2.549166631239884,3
59.44396293086206,8.216686794802516,3.24515283904345,3
59.463964264284286,7.410647265125222,2.824799566898189,3
59.483965597706515,7.999261195663292,4.066418498785446,3
59.50396693112874,8.880212358553303,0.6446982779580366,3
59.523968264550966,6.571703628240639,4.320078234212606,3
59.543969597973195,7.958453725384956,2.1703036241648768,3
59.563970931395424,7.211385636769206,5.2961917268121885,3
59.58397226481765,8.553362573634173,7.008024852636481,3
59.60397359823988,9.68823699583798,4.073246085415298,3
59.62397493166211,10.192047025855215,7.518399490380212,3
59.64397626508433,12.00097182594006,7.518837420504447,3
59.66397759850656,10.358892037316307,7.945997672825934,3
59.68397893192879,13.277783256073688,9.372504962770712,3
59.70398026535102,13.138672289758395,12.79424038437261,3
59.72398159877325,15.318610831097695,13.887663187642405,3
59.74398293219548,16.527471634409622,15.552535571657915,3
59.76398426561771,19.189567686056986,16.591293977377106,3
59.78398559903994,19.41549510729052,18.96267042145513,3
59.80398693246216,21.544554158052808,19.832728166189785,3
59.82398826588439,23.47375910776746,21.486679700568757,3
59.84398959930662,25.796685996533594,25.159768175529642,3
59.863990932728846,27.822848240730277,25.968862813751528,3
59.883992266151076,30.629703050491162,27.790191564746916,3
59.903993599573305,31.72815018416335,33.142070775588024,3
59.923994932995534,33.92282856751115,32.70007956325628,3
59.943996266417756,35.54708554566335,35.76534758542076,3
59.963997599839985,39.19120518409366,37.617857267635415,3
59.983998933262214,41.59788354498606,38.793907314047416,3
60.00400026668444,42.167075747362425,41.386475747710364,3
60.02400160010667,44.493233309999816,42.26178151841882,3
60.0440029335289,46.336203539540634,44.584654180351656,3
60.06400426695113,47.8968411305246,48.417456268945195,3
60.08400560037336,49.08732224173056,49.561447907967384,3
60.10400693379558,53.3214705876641,52.55188403931963,3
60.12400826721781,54.6471528633805,55.34677900566278,3
60.14400960064004,57.4202981992157,56.32979720490204,3
60.16401093406227,59.550198000111855,58.96975525670856,3
60.1840122674845,60.18789644808017,58.894932384794046,3
60.20401360090673,63.632175844201555,61.20783173915004,3
60.224014934328956,64.01344179592527,61.81577830312435,3
60.24401626775118,67.34757593974352,65.78514676366542,3
60.26401760117341,68.18055837394449,64.12407150044803,3
60.284018934595636,70.2378323647669,65.74142441210874,3
60.304020268017865,69.8546157084817,69.46685428224006,3
60.324021601440094,70.98575444457971,68.52329522301247,3
60.34402293486232,73.26485642402857,70.84683024174916,3
60.36402426828455,73.66303530498166,68.54662346510182,3
60.38402560170678,75.47197900466527,70.48027110136977,3
60.404026935129004,74.65479734353646,72.17812764124454,3
60.42402826855123,76.12144373412058,71.88457080837831,3
60.44402960197346,77.14733912667046,73.88399688162646,3
60.46403093539569,77.18903028287758,73.93841146325802,3
60.48403226881792,75.81846376865573,72.59658443828404,3
60.50403360224015,76.97916068912369,71.59981825902769,3
60.52403493566238,77.2256612159282,71.42737272441842,3
60.5440362690846,77.45758337353426,70.87755995391385,3
60.56403760250683,76.8183923973949,71.24327075347064,3
60.58403893592906,75.75513167465402,70.14040677907923,3
60.60404026935129,75.42719303033586,71.22861602075338,3
60.62404160277352,74.65620930496564,69.88468801211428,3
60.644042936195746,75.06945148805022,67.82180918031285,3
60.664044269617975,71.53855484612835,65.84517147632333,3
60.684045603040204,71.2611584925818,63.70316817415138,3
60.704046936462426,71.42806858237321,63.128418060899065,3
60.724048269884655,67.2413753124387,63.81696070073474,3
60.744049603306884,66.38952332012992,60.896201548266646,3
60.76405093672911,65.6433667976792,59.05856972010693,3
60.78405227015134,64.29213336531151,55.9229439855343,3
60.80405360357357,62.69306266380669,54.86643180354779,3
60.8240549369958,60.430136909562634,51.7955188422558,3
60.84405627041802,58.282891920613125,51.69113439582421,3
60.86405760384025,56.26014539228848,49.72471488345904,3
60.88405893726248,53.884359841113984,47.11320377331777,3
60.90406027068471,50.61857285885017,42.91049856510812,3
60.92406160410694,49.784909277433435,43.366335861744055,3
60.94406293752917,47.897642680205124,40.70239179892942,3
60.9640642709514,45.594643559236296,40.5309297523286,3
60.984065604373626,42.45079907516158,35.076467653223666,3
61.00406693779585,41.62114142215548,35.26188645983778,3
61.02406827121808,37.174892766188655,32.40512668876433,3
61.044069604640306,36.949166349771794,30.3996409200922,3
61.064070938062535,36.951762765883785,27.48208507329845,3
61.084072271484764,32.12623219321548,24.025368735638164,3
61.10407360490699,30.887372336997704,23.455866667021585,3
61.12407493832922,29.212727878168234,20.640113202668104,3
61.144076271751445,26.9840001366493,19.368454863527372,3
61.164077605173674,23.909226666846887,18.215895019902856,3
61.1840789385959,21.643383936697116,15.877296459065876,3
61.20408027201813,21.327894089366026,13.272951342650776,3
61.22408160544036,18.110342078942875,13.601353871202052,3
61.24408293886259,18.10125564824567,12.7251163448549,3
61.26408427228482,15.642982435567228,9.427137626157775,3
61.28408560570705,15.058617386437303,10.964593211451737,3
61.30408693912927,12.258373961325237,7.348575961423195,3
61.3240882725515,11.878760190477143,6.984709095613749,3
61.34408960597373,10.452449835779662,5.710342417470095,3
61.36409093939596,11.003265955572758,2.3196619892062245,3
61.38409227281819,9.584986632720867,4.303260936987917,3
61.404093606240416,6.911213051213138,4.173698180511966,3
61.424094939662645,8.72257063015592,3.1323793394611767,3
61.44409627308487,10.690287536751965,2.546757625119005,3
61.464097606507096,5.936943908322288,3.474985631256493,3
61.484098939929325,8.058177850412546,4.248255500757477,3
61.504100273351554,7.278108650410326,4.141161207017084,3
61.52410160677378,5.1283057887079435,3.7944219688045795,3
61.54410294019601,7.717035034117932,2.909398427999329,3
61.56410427361824,9.437330606513939,4.899865606343762,3
61.58410560704047,7.291420050814307,5.479337391145793,3
61.60410694046269,9.83894383366265,5.359936525490987,3
61.62410827388492,9.738864026954484,4.90416769916847,3
61.64410960730715,9.128638623196748,7.701585991892355,3
61.66411094072938,10.571100238357143,8.002654703862824,3
61.68411227415161,11.287504544604174,10.199322156285357,3
61.70411360757384,14.666257933037189,10.351801998441903,3
61.72411494099607,16.92147902735509,14.32792166747797,3
61.744116274418296,17.89744208734039,15.392161858006476,3
61.76411760784052,18.716275991446086,16.567849026428682,3
61.78411894126275,19.696501715285546,19.84021359688807,3
61.804120274684976,22.5615772321835,19.519188503999644,3
61.824121608107205,24.45916677218504,23.892458687772606,3
61.844122941529434,25.810806863883172,23.568715486965818,3
61.86412427495166,26.813650366911283,27.43322515255981,3
61.88412560837389,29.45007508683277,29.485004151297627,3
61.904126941796115,31.347032683452227,30.882812571908534,3
61.924128275218344,34.1172771062323,34.220620726109566,3
61.94412960864057,35.36002698058595,35.33785342354027,3
61.9641309420628,37.47324804953758,36.61571086930326,3
61.98413227548503,40.10879293847594,40.04317337292238,3
62.00413360890726,40.62642095634144,41.68118186852563,3
62.02413494232949,45.086406667306306,44.67998740418929,3
62.04413627575172,43.99109084274858,46.764274365046006,3
62.06413760917394,46.632208443917705,48.169116760734134,3
62.08413894259617,51.83823368207808,50.32472445744101,3
62.1041402760184,53.54568884666052,53.83077391338024,3
62.12414160944063,53.95261956431039,53.85306049587091,3
62.14414294286286,56.936659367790284,54.15935905591748,3
62.164144276285086,59.83246467810577,59.302641896466135,3
62.184145609707315,60.27195127680737,59.592405772435136,3
62.20414694312954,62.61008839096749,61.526457117404185,3
62.224148276551766,65.37950919470448,62.383825272825675,3
62.244149609973995,65.88990100323075,63.87315851386286,3
62.264150943396224,67.91619861379266,64.18102588449219,3
62.28415227681845,68.88321011364187,66.61796770064177,3
62.30415361024068,69.39010239251488,70.41190866279926,3
62.32415494366291,72.53921473703873,68.3865063644209,3
62.34415627708514,73.5865927038197,69.2065672613974,3
62.36415761050736,72.49423693254293,70.80791970699708,3
62.38415894392959,75.76386935282272,71.26896283779892,3
62.40416027735182,75.12577064529344,71.68028866093225,3
62.42416161077405,76.08152442939635,71.78962235037096,3
62.44416294419628,76.56851460837225,71.51256908019019,3
62.46416427761851,75.89561125492415,72.4556739523908,3
62.48416561104074,77.05194401180202,72.57318380584856,3
62.50416694446296,77.96693104683118,72.56628523182184,3
62.52416827788519,76.95380121589626,72.60221242674463,3
62.54416961130742,76.31852091563412,71.39279659780841,3
62.564170944729646,76.11358707191604,71.42170237833773,3
62.584172278151875,76.31118915401694,70.17457153933367,3
62.604173611574105,76.74308985414356,71.84909028835047,3
62.624174944996334,75.85650207153645,68.65507059805356,3
62.64417627841856,71.39192139155068,67.78545525430172,3
62.664177611840785,71.44893693826889,64.96007917183755,3
62.684178945263014,71.21029101676008,62.90620987035975,3
62.70418027868524,70.3330046969198,63.90195490373317,3
62.72418161210747,68.78527152566285,61.675236969053294,3
62.7441829455297,66.07265039867494,58.981668067232754,3
62.76418427895193,64.0384682668434,57.90895570336622,3
62.78418561237416,62.20467043784829,56.33711771879256,3
62.80418694579638,61.55471657443763,54.79651139395978,3
62.82418827921861,63.045725177307375,51.42353817184581,3
62.84418961264084,58.26367025874904,51.87350511573426,3
62.86419094606307,55.96698769822045,47.59154121891541,3
62.8841922794853,54.639735734305034,47.14133800315894,3
62.90419361290753,53.142437399227575,44.45903290235212,3
62.924194946329756,51.01253286351194,41.05836446830695,3
62.944196279751985,46.06449777938081,39.90229782241575,3
62.96419761317421,48.79490250722195,37.271653253281436,3
62.984198946596436,45.074534188521625,36.306453173607274,3
63.004200280018665,39.83704632131098,33.73246154651382,3
63.024201613440894,39.611549120297546,30.903625677144593,3
63.04420294686312,36.21512038191561,29.085568894565327,3
63.06420428028535,36.24603149303616,27.135557396235285,3
63.08420561370758,31.890896880447333,25.055921930507612,3
63.1042069471298,31.12927915383,23.41193685181429,3
63.12420828055203,28.92685717567715,20.709628964031015,3
63.14420961397426,26.651473351892946,20.74098797988137,3
63.16421094739649,24.41954732519403,18.160083290105376,3
63.18421228081872,22.66638278742301,15.517906142632073,3
63.20421361424095,19.4746578738393,13.02636601059919,3
63.22421494766318,20.369374727253096,12.959090359996091,3
63.24421628108541,19.458224136719107,12.2298762571828,3
63.26421761450763,16.71199051245561,10.528948340795317,3
63.28421894792986,13.852919158400667,7.789759505593083,3
63.30422028135209,13.880916915744484,7.083075610943721,3
63.324221614774316,12.31045558071877,6.111025043972083,3
63.344222948196546,11.893464899683638,5.432926784253725,3
63.364224281618775,9.721136106141639,4.022326169592775,3
63.384225615041004,10.010699486555866,6.627739254260915,3
63.404226948463226,6.588885825104796,3.995693662354099,3
63.424228281885455,9.60270810708147,1.4649359343279258,3
63.444229615307684,7.019993055110869,3.940161580914192,3
63.46423094872991,6.571147968050049,1.5651309188403206,3
63.48423228215214,6.127892033471309,2.9324784065546345,3
63.50423361557437,6.770702487045453,1.712084628865309,3
63.5242349489966,6.300343531849295,3.1118054419798513,3
63.54423628241883,6.52059417538913,3.752328866462815,3
63.56423761584105,4.7686132863482324,4.425612249900887,3
63.58423894926328,6.892468622873766,7.020411580381898,3
63.60424028268551,8.12732131153716,5.031778541267977,3
63.62424161610774,10.168120107442334,7.376543112049189,3
63.64424294952997,11.899798365272488,7.438596441834049,3
63.6642442829522,11.819038593347068,8.415987470506003,3
63.684245616374426,11.934563996921545,10.991246963684974,3
63.70424694979665,13.559602643057486,11.22554464651961,3
63.72424828321888,15.289864806304212,13.210100489102706,3
63.744249616641106,17.2094007763533,15.324410039663825,3
63.764250950063335,17.013835778473105,17.854404081407317,3
63.784252283485564,20.57621615961539,20.663501978654974,3
63.80425361690779,21.51978998022262,20.092043042904454,3
63.82425495033002,25.713793704681375,22.278160774134843,3
63.84425628375225,25.68286260612557,24.055000147018024,3
63.864257617174474,27.199400391635304,25.226985577170502,3
63.8842589505967,32.49238565020411,28.98465041931903,3
63.90426028401893,31.610896234617258,31.87797751333351,3
63.92426161744116,33.50835674264076,33.19369499215311,3
63.94426295086339,37.595203888603656,34.18495013033553,3
63.96426428428562,38.04211751301161,36.60501857368858,3
63.98426561770785,39.93366420747326,39.36193419662655,3
64.00426695113008,42.78478809256295,43.080181030279164,3
64.0242682845523,45.24403999805165,43.765925242327334,3
64.04426961797454,47.983181733093645,46.73555183677536,3
64.06427095139676,48.886144096725076,47.522517675515935,3
64.08427228481898,52.33756159531038,49.52598673065482,3
64.10427361824121,53.03393818594632,54.02888641763907,3
64.12427495166344,56.63240497708121,54.180835597709134,3
64.14427628508567,56.425143110508074,56.837477864807646,3
64.1642776185079,60.26422571896295,58.4492147208787,3
64.18427895193012,62.671233701415744,58.60816990370424,3
64.20428028535235,63.88935582478869,61.35089827867774,3
64.22428161877458,66.45750657415917,64.61739112151456,3
64.24428295219681,67.14701372643682,64.27102874718646,3
64.26428428561904,67.31493950108931,65.52125659848575,3
64.28428561904127,69.64511050737177,67.25938964720225,3
64.3042869524635,72.06480203262898,67.31004582888679,3
64.32428828588573,74.0703065037722,68.27479998868206,3
64.34428961930796,71.64826735724508,69.2560119797118,3
64.36429095273019,75.01665631014798,71.77451806553997,3
64.3842922861524,74.40079599254828,72.23646253488347,3
64.40429361957463,75.94617127469584,72.03583629663606,3
64.42429495299686,77.5406452840627,71.59907476873431,3
64.44429628641909,76.38975636856935,73.87144085880294,3
64.46429761984132,76.2870375693749,72.52065902949712,3
64.48429895326355,77.27432668291918,70.7896284539211,3
64.50430028668578,78.72177737842237,71.58853727748074,3
64.524301620108,78.89147302922025,71.68117414479205,3
64.54430295353023,76.09437858799521,73.33517842098794,3
64.56430428695246,77.88509750270028,72.40302787747231,3
64.58430562037469,75.85955132678582,69.72650259973291,3
64.60430695379692,75.5598031927894,70.78843932004857,3
64.62430828721915,74.75464287332048,69.47638915446488,3
64.64430962064138,73.03049985598552,68.40004545065658,3
64.66431095406361,71.42597071520474,68.34635577841694,3
64.68431228748582,69.66370331431487,64.96083657097242,3
64.70431362090805,69.37175130857814,65.05861283838112,3
64.72431495433028,68.07526591295515,61.54528968402195,3
64.74431628775251,65.90295692323693,59.90703476763553,3
64.76431762117474,64.60246084052315,58.140659321795624,3
64.78431895459697,66.10905837384381,56.24208455915739,3
64.8043202880192,63.29338887934254,57.266825271401906,3
64.82432162144143,59.21983262283227,52.95971829211432,3
64.84432295486366,57.594318894086854,51.18678109335632,3
64.86432428828589,56.291610483036166,49.12173168193296,3
64.88432562170811,55.60968222618522,47.14124778666416,3
64.90432695513034,50.801281609544134,45.2030909875086,3
64.92432828855257,50.06918125866694,44.21260779948403,3
64.9443296219748,49.61944871149136,40.59852320992392,3
64.96433095539703,46.21728505170735,37.714071777029304,3
64.98433228881925,43.69757769124203,34.80771809953965,3
65.00433362224148,42.011346713781364,35.27836535231303,3
65.0243349556637,39.481407607314935,32.660451675297054,3
65.04433628908593,37.238463279294955,27.780610529348703,3
65.06433762250816,34.66540110573455,25.81088215012063,3
65.08433895593039,32.07556218877075,25.140231682390894,3
65.10434028935262,30.154133633570414,22.756012340278428,3
65.12434162277485,30.018584447066534,22.393506000030126,3
65.14434295619708,26.525805537506642,18.972468616284,3
65.16434428961931,24.634973082502402,18.207459726162615,3
65.18434562304154,23.859755675677096,15.61130327942043,3
65.20434695646377,21.72266973837731,14.06902785884167,3
65.224348289886,19.49611727465375,11.7091201824525,3
65.24434962330822,17.057698863724042,10.744140685713422,3
65.26435095673045,14.354035945759458,10.362685306404991,3
65.28435229015267,15.044015608076972,8.38841992665402,3
65.3043536235749,12.867242300539669,7.3646524258217525,3
65.32435495699713,11.630333713597079,6.934502205031869,3
65.34435629041936,11.848249740553916,5.983878341456699,3
65.36435762384158,10.274798721510013,2.902665426494855,3
65.38435895726381,9.083966638019483,5.1707649745424735,3
65.40436029068604,9.000234343098791,3.1249720459548054,3
65.42436162410827,8.29818980714112,3.4701292816399723,3
65.4443629575305,6.968002204725389,1.3841022683272182,3
65.46436429095273,7.866273200279608,4.094603706281866,3
65.48436562437496,5.88578901130723,3.7455623038441455,3
65.50436695779719,5.975481808416539,2.419197861642339,3
65.52436829121942,7.568836070698426,4.983390075064023,3
65.54436962464165,6.908508695705836,4.662179913338958,3
65.56437095806388,8.4075488231887,5.915541214853067,3
65.58437229148609,8.024055213222793,4.45647463720581,3
65.60437362490832,9.063717477360768,5.604188512281387,3
65.62437495833055,9.051118740227384,7.204484771346001,3
65.64437629175278,10.200525839009911,8.487108519164767,3
65.664377625175,11.833979401970732,9.092236048331932,3
65.68437895859724,12.938905265772496,9.818523160209638,3
65.70438029201947,14.204142201353633,11.558172021434991,3
65.7243816254417,15.611216605049577,14.07462176447383,3
65.74438295886392,18.769769035685215,14.03226916796051,3
65.76438429228615,18.036047634326216,19.047651043185674,3
65.78438562570838,21.068240289721636,18.261976175025637,3
65.80438695913061,21.681535519442022,20.715063408500313,3
65.82438829255284,24.189268762978937,22.021855233587118,3
65.84438962597507,25.274457622637815,24.194754594212846,3
65.8643909593973,28.63765039807868,26.222732880384658,3
65.88439229281951,29.36861867988995,28.455534547747092,3
65.90439362624174,28.771234297973397,30.28917111603215,3
65.92439495966397,32.40145874899624,33.2837345847584,3
65.9443962930862,34.64617103489717,34.53410702520992,3
65.96439762650843,38.1106538583265,37.95725743694943,3
65.98439895993066,39.686739564492214,39.68902212723257,3
66.00440029335289,40.85793456699817,41.247059492563785,3
66.02440162677512,43.96867146432137,45.80227381715865,3
66.04440296019735,45.97779389616036,46.879739493058246,3
66.06440429361957,49.8002635810444,48.77211980456937,3
66.0844056270418,49.31916508695912,48.93400578676847,3
66.10440696046403,52.444033302292326,53.15525064336322,3
66.12440829388626,54.6882615293726,52.48751128060529,3
66.14440962730849,57.314329195191846,54.82357934539416,3
66.16441096073072,60.86517140708357,59.37290717860616,3
66.18441229415293,60.600486226800896,61.46375756599738,3
66.20441362757516,63.96651633321535,60.132970648874526,3
66.2244149609974,64.75529406368835,63.25348503705884,3
66.24441629441962,66.22559802561769,65.32978720541621,3
66.26441762784185,65.17561726675449,65.4987708732605,3
66.28441896126408,69.35467046448012,67.89311206710389,3
66.30442029468631,68.99220195425927,66.91697151466389,3
66.32442162810854,72.99618879712027,69.81505302173588,3
66.34442296153077,72.94510946725808,70.60436758106103,3
66.364424294953,73.55392241523748,69.7245999470963,3
66.38442562837523,75.39559759174637,71.89413793951773,3
66.40442696179745,75.10128447721284,73.21961574845324,3
66.42442829521968,77.25902918326788,72.68278324394393,3
66.44442962864191,75.52144542743514,72.71495613547512,3
66.46443096206414,75.04179781810521,74.6183678821437,3
66.48443229548636,76.55130689933092,72.11023240224652,3
66.50443362890859,77.74955601255355,73.03852645345346,3
66.52443496233082,74.87500849827393,72.17417317549595,3
66.54443629575304,77.27133087378297,71.99098971852918,3
66.56443762917527,78.33193545575249,71.36478093508174,3
66.5844389625975,75.68671653336955,70.70495440795051,3
66.60444029601973,75.51214780712853,70.9622162149133,3
66.62444162944196,74.28379450477445,68.55698527417022,3
66.64444296286419,73.37602043923064,68.35368696116285,3
66.66444429628642,72.91794781904694,63.712652156033315,3
66.68444562970865,72.80034579224088,64.43113162438968,3
66.70444696313088,70.57644051888771,63.46622760110751,3
66.7244482965531,69.5140093932231,62.867759000752685,3
66.74444962997534,66.40125164018822,60.48146971474603,3
66.76445096339756,67.54370836843377,57.773068869039,3
66.78445229681978,62.30303327482236,56.87919236883827,3
66.80445363024201,62.87136451867456,56.66357406022654,3
66.82445496366424,60.32907217728014,52.37388283802822,3
66.84445629708647,57.34576306888686,51.64669527172593,3
66.8644576305087,58.01802269469583,49.65251099881361,3
66.88445896393092,54.59162987400443,47.506277028543785,3
66.90446029735315,51.68936605143467,45.9701849092694,3
66.92446163077538,51.80575041706618,41.04784304441502,3
66.94446296419761,47.62602822335996,40.773095692314655,3
66.96446429761984,47.396840125046786,40.137638264119445,3
66.98446563104207,43.67089033394248,35.860188755562234,3
67.0044669644643,40.999853584236156,33.61835917333639,3
67.02446829788653,38.55595719186467,31.137424453821303,3
67.04446963130876,36.936083268645234,28.89911394087316,3
67.06447096473099,35.21198697550973,27.69863419700043,3
67.0844722981532,32.32027139867441,25.617525775237965,3
67.10447363157543,32.613114422377585,23.27814603656923,3
67.12447496499766,29.198694323398026,21.644274454642847,3
67.14447629841989,29.803245235164,20.716117563461715,3
67.16447763184212,24.189705573926428,16.869108038063423,3
67.18447896526435,23.448810954381635,16.668150780382497,3
67.20448029868658,22.604140680800157,14.024129892677456,3
67.2244816321088,18.537878597455023,11.254586532531253,3
67.24448296553103,17.89240802512446,10.470950501001376,3
67.26448429895326,16.110713204333305,9.986979876291885,3
67.28448563237549,14.580581405617439,8.415074986381263,3
67.30448696579772,14.049329552108777,7.275391835497677,3
67.32448829921995,11.526336799120713,7.076004759092072,3
67.34448963264218,11.107928419795142,5.053118994127174,3
67.36449096606441,8.90342818293344,6.7904401245868415,3
67.38449229948662,8.359669500525518,3.805221455937287,3
67.40449363290885,9.04968238951747,1.2214974126572677,3
67.42449496633108,8.29216718293978,3.4840085545302797,3
67.44449629975331,7.311027705813687,3.9864464530357426,3
67.46449763317554,6.143714162334493,2.6402479128592597,3
67.48449896659777,7.60497555679161,2.6051516554555048,3
67.50450030002,7.304704436051731,1.5307515256098985,3
67.52450163344223,6.695576583106261,2.2222733076085373,3
67.54450296686446,8.26644653228374,6.382922578242489,3
67.56450430028669,8.27132305114029,4.378305557997012,3
67.58450563370891,6.670672585835193,4.788057679808326,3
67.60450696713114,9.739948866137796,5.729690127603063,3
67.62450830055337,9.613930976720122,8.082196283253996,3
67.6445096339756,11.168706155650403,9.100125629946232,3
67.66451096739783,11.313232153073308,8.274932171871926,3
67.68451230082005,12.363700504685257,10.999007734062252,3
67.70451363424228,13.731120633585396,10.488590686080126,3
67.7245149676645,15.35181065258837,13.264019871235266,3
67.74451630108673,16.62410682642027,14.966293980586833,3
67.76451763450896,19.243322930596786,17.112837944772828,3
67.78451896793119,19.237645983280817,18.918379659115924,3
67.80452030135342,21.036566001619814,20.425051182005724,3
67.82452163477565,22.6386545302327,23.575811189954887,3
67.84452296819788,27.292115434435008,23.775396515016883,3
67.86452430162011,28.455820241134326,25.223060600593676,3
67.88452563504234,29.82718124098699,27.799432132394294,3
67.90452696846457,31.857281043675744,29.845118288619016,3
67.9245283018868,35.15430753495823,31.891590617140817,3
67.94452963530902,35.22884959139141,34.22716978569855,3
67.96453096873125,38.11181640771757,36.36190660835695,3
67.98453230215347,41.37383388551199,38.859184525245134,3
68.0045336355757,42.82408660772604,42.449131983383786,3
68.02453496899793,44.387338012353695,42.62038717326999,3
68.04453630242016,48.26836741361966,45.442301249950305,3
68.06453763584238,48.59477358656159,48.628598425994475,3
68.08453896926461,50.168437373833655,48.79042760780738,3
68.10454030268684,54.787302558458485,52.155002134699096,3
68.12454163610907,54.77375243720446,54.867021758971674,3
68.1445429695313,57.772676968884184,55.67986105745552,3
68.16454430295353,58.64979628237951,58.0719651114737,3
68.18454563637576,60.09863111560508,59.882571964259995,3
68.20454696979799,63.833921429107775,62.982687186657245,3
68.22454830322022,65.0958505467587,64.42277650047863,3
68.24454963664245,66.7977991322619,65.24509616644352,3
68.26455097006468,66.5390014444251,67.37388091863919,3
68.28455230348689,69.61173587302862,66.45793980281351,3
68.30455363690912,71.58664818209694,67.74868642987765,3
68.32455497033135,71.29670459046424,69.39241972021735,3
68.34455630375358,72.42087650593108,69.69879455558758,3
68.3645576371758,71.81480642950356,69.98604386822657,3
68.38455897059804,76.51007530015377,72.00526084312688,3
68.40456030402026,76.8593175642376,73.57548716596472,3
68.4245616374425,75.60639371100916,72.6188068315696,3
68.44456297086472,77.26447282707471,73.66809569120878,3
68.46456430428695,76.67924077379406,73.16202206993475,3
68.48456563770918,76.31046007580055,72.77260562912406,3
68.50456697113141,77.03617068837195,74.59175531553592,3
68.52456830455364,77.03495547529191,70.57129709500856,3
68.54456963797587,77.85719279474348,72.84759181922868,3
68.5645709713981,75.62920559815933,70.6737425630478,3
68.58457230482031,76.35740510612906,69.92079596036285,3
68.60457363824254,75.56321270208053,70.2717328302865,3
68.62457497166477,74.92650942351914,67.26240698347527,3
68.644576305087,74.260758824608,68.28344959587764,3
68.66457763850923,71.85362270262308,66.55338065204924,3
68.68457897193146,69.78020923518596,65.42075816942213,3
68.70458030535369,71.61056870436072,61.933160617383194,3
68.72458163877592,68.68884663635835,61.641258223269865,3
68.74458297219815,66.66641124209347,60.805111498401324,3
68.76458430562037,67.49973123307156,59.96982713444742,3
68.7845856390426,62.58929579636749,58.0807197688974,3
68.80458697246483,64.10810150891717,54.529760753198396,3
68.82458830588706,60.37394694823121,54.56997705775749,3
68.84458963930929,56.49937915125485,51.241688341301405,3
68.86459097273152,56.487969396357904,47.231326293138146,3
68.88459230615373,54.283755168338395,48.16777953049788,3
68.90459363957596,52.38135700574065,46.348722980523426,3
68.9245949729982,51.39519969527293,43.789963275896966,3
68.94459630642042,47.695284840691656,39.79312251455614,3
68.96459763984265,46.99289221540402,38.30758145992589,3
68.98459897326488,43.94166853895088,37.023150033807696,3
69.00460030668711,40.224179185336304,34.234359847359364,3
69.02460164010934,39.29362272566265,32.73112697639119,3
69.04460297353157,35.51503570854804,28.72452469908185,3
69.0646043069538,33.87069420908983,25.75967178334517,3
69.08460564037603,33.49698145051479,24.176037551267658,3
69.10460697379825,29.78414591880483,24.139676265191696,3
69.12460830722048,29.634697408167945,20.715356453474552,3
69.14460964064271,26.102961112768224,19.15252609425427,3
69.16461097406494,23.87440865188326,17.582248861051113,3
69.18461230748716,23.971195479479054,13.361086217464543,3
69.20461364090939,22.037383121440794,12.388519793328227,3
69.22461497433162,18.82988337024396,13.985905359702686,3
69.24461630775384,16.844484742919583,10.593925234105386,3
69.26461764117607,16.45099709259865,9.487136654292794,3
69.2846189745983,11.953745182156398,10.015182555125353,3
69.30462030802053,12.873700888874147,7.566827646833784,3
69.32462164144276,12.640599281064674,5.795505361115056,3
69.34462297486499,10.17721180735858,5.216503108548767,3
69.36462430828722,11.301378360903577,6.12319346964413,3
69.38462564170945,11.194082596308439,3.0493814413205946,3
69.40462697513168,9.941989047667695,3.9630777252685068,3
69.4246283085539,10.421089230599398,3.3925347223560465,3
69.44462964197614,6.127301788205427,2.8190739632159976,3
69.46463097539836,9.449943146552037,2.931615629186376,3
69.48463230882058,7.724903988762969,3.8469598643854934,3
69.50463364224281,8.098843171024258,4.257797239786869,3
69.52463497566504,6.7245959971652995,4.6549469170679245,3
69.54463630908727,7.476844658122898,4.429535134797577,3
69.5646376425095,6.476208567881742,6.9232696858720155,3
69.58463897593172,9.692585479687938,5.559663461179685,3
69.60464030935395,9.061050692468482,5.8478025652819445,3
69.62464164277618,11.283603086084455,6.385270271072237,3
69.64464297619841,10.479820436599441,7.703426556108971,3
69.66464430962064,12.114328593075143,9.431569905666509,3
69.68464564304287,13.090737139956836,10.296730611772807,3
69.7046469764651,13.444550906235666,11.218673780516005,3
69.72464830988733,16.913906185300736,13.78424171885094,3
69.74464964330956,16.874963853329604,15.536939241101406,3
69.76465097673179,16.793033413062318,17.142253918739236,3
69.784652310154,19.39687949350588,17.771482261721246,3
69.80465364357623,20.92398420873223,22.4507657839982,3
69.82465497699846,23.96623766437857,22.58420609003718,3
69.84465631042069,23.89070422606907,23.785654958473522,3
69.86465764384292,27.241281626436276,26.53443579077616,3
69.88465897726515,28.796784945371986,30.010108495362843,3
69.90466031068738,31.45771683139187,30.351154140855737,3
69.9246616441096,33.69817463664604,33.629114823709365,3
69.94466297753183,34.58451283713565,34.921847239684624,3
69.96466431095406,38.60978288416095,39.1665161750844,3
69.98466564437629,39.12770584884923,39.141269750141625,3
70.00466697779852,44.34829029192799,42.9742120425082,3
70.02466831122075,44.2647562467154,44.97320000473231,3
70.04466964464298,46.65086788767743,46.46044185231577,3
70.06467097806521,48.07163527731296,47.68618063353502,3
70.08467231148742,52.56961483596697,51.227858254111155,3
70.10467364490965,53.79123362018434,51.24807934382121,3
70.12467497833188,55.81208760657698,55.02528814379228,3
70.14467631175411,56.28887990937397,55.67176465694951,3
70.16467764517634,59.644207185041175,59.45846819949607,3
70.18467897859857,60.847964883802334,59.82718462420654,3
70.2046803120208,62.458547315700905,60.79370147764617,3
70.22468164544303,64.77774655968503,63.012364666063526,3
70.24468297886526,65.91839896468666,64.89902357498693,3
70.26468431228749,67.3114259600674,65.81119249793225,3
70.28468564570971,68.347972220308,66.69337564854396,3
70.30468697913194,70.19978008244478,70.35931760169913,3
70.32468831255417,71.81051095949871,69.97096526885508,3
70.3446896459764,73.75130226392582,70.18985460893146,3
70.36469097939863,72.96926260897199,72.95156425964468,3
70.38469231282085,74.8509665411039,72.62690468437077,3
70.40469364624308,74.93265573772057,71.90857919217177,3
70.4246949796653,77.05263523808414,74.55703508283865,3
70.44469631308753,78.53342334553487,73.17171312085179,3
70.46469764650976,76.34554198887014,72.50240930747387,3
70.48469897993199,77.15845339049771,73.20789027720994,3
70.50470031335422,77.10090176067732,73.14666885221958,3
70.52470164677645,76.14363673997698,72.72727566233364,3
70.54470298019868,78.27696113515353,71.67675866442903,3
70.56470431362091,74.26553374037411,70.5882609053111,3
70.58470564704314,75.30544101794617,71.2121576667318,3
70.60470698046537,74.64821856551237,70.7707839851651,3
70.6247083138876,73.49047324765205,66.71492086056226,3
70.64470964730982,73.68342437874037,67.21860006885278,3
70.66471098073205,72.97360509130574,67.41024607594582,3
70.68471231415427,71.99272300194704,65.26105390839903,3
70.7047136475765,69.73752206803606,64.13361403615474,3
70.72471498099873,68.31203564307485,61.77544828688642,3
70.74471631442096,67.21236584628991,58.76468709421656,3
70.76471764784318,64.78020125481213,59.128895703045885,3
70.78471898126541,63.41611118239492,56.57854978275356,3
70.80472031468764,61.975054758755505,54.15414684810941,3
70.82472164810987,61.95491430128474,52.3550866816653,3
70.8447229815321,57.64923044757008,51.07710530713606,3
70.86472431495433,55.12496591107654,48.65642908972417,3
70.88472564837656,55.5671440979075,49.34317453797496,3
70.90472698179879,51.99922520878347,45.208760226163065,3
70.92472831522102,50.92131060766964,43.77038266130015,3
70.94472964864325,49.69331980693606,42.043823472215514,3
70.96473098206548,47.054748347457476,38.844752918844,3
70.98473231548769,42.459899434648236,34.53619273608292,3
71.00473364890992,40.904757581940785,32.941856997150374,3
71.02473498233215,39.898939978166325,31.728854392018334,3
71.04473631575438,38.313289017094,28.903883286089936,3
71.0647376491766,35.25595138073936,26.851778498384387,3
71.08473898259884,32.87668569841819,23.84082937216434,3
71.10474031602106,31.2486918334456,23.654824441462008,3
71.1247416494433,28.732505647757772,20.12357496122044,3
71.14474298286552,29.696986443415806,19.824832899284118,3
71.16474431628775,25.47088420748733,18.343256162594663,3
71.18474564970998,21.535219014237377,15.79163367347707,3
71.20474698313221,19.303164121368496,14.752212319794227,3
71.22474831655444,18.92931509362901,12.757554698415502,3
71.24474964997667,16.760558176007503,10.712112886523665,3
71.2647509833989,15.615644679356459,9.040741786400721,3
71.28475231682111,15.518697740972367,8.263982421495866,3
71.30475365024334,12.343650307985069,7.666023286437476,3
71.32475498366557,11.47563771797938,8.173448914296795,3
71.3447563170878,9.97543805274606,6.559184146995224,3
71.36475765051003,8.79284629269187,4.426371619192718,3
71.38475898393226,9.112014851233925,3.776525184495886,3
71.40476031735449,8.954436522681794,5.288101407251277,3
71.42476165077672,8.276114553972784,4.586494080636815,3
71.44476298419895,7.995981790285272,2.476299963682248,3
71.46476431762117,5.724070300835876,3.0901421859184497,3
71.4847656510434,6.787569585508879,3.9548378098500985,3
71.50476698446563,6.198883866871157,2.4701565578258933,3
71.52476831788786,7.175871285391762,4.130983413420733,3
71.54476965131009,8.547365708716738,6.7298988617994056,3
71.56477098473232,6.533562553696976,5.295221576071595,3
71.58477231815453,8.06882207848829,3.1514779589276944,3
71.60477365157676,7.647953922502123,6.541101493542713,3
71.624774984999,10.150578297905819,6.618901066356972,3
71.64477631842122,11.400031035766046,9.09875075992039,3
71.66477765184345,11.473569473914655,9.19817736415498,3
71.68477898526568,13.528954512342674,9.989245232105862,3
71.70478031868791,14.205314345568347,11.573524408345232,3
71.72478165211014,13.736156391543602,13.62264754042662,3
71.74478298553237,16.171675490205494,14.397565196443008,3
71.7647843189546,19.657276562178996,16.846844588569763,3
71.78478565237683,18.79319956813675,20.23378685043022,3
71.80478698579905,21.523089357855422,20.325173888853083,3
71.82478831922128,23.518624787741416,21.99705588615039,3
71.84478965264351,25.2268827704568,23.63687593940815,3
71.86479098606574,29.421410797164803,28.00680628544967,3
71.88479231948796,30.797912552862282,27.103122526125496,3
71.90479365291019,33.07029985405715,31.50081432439066,3
71.92479498633242,34.05712046768004,34.1829897426674,3
71.94479631975464,36.31559948496454,34.258080639459486,3
71.96479765317687,40.673319835930286,38.36179962343865,3
71.9847989865991,41.57941319682945,41.689591471056374,3
72.00480032002133,42.58944477139285,42.87826661326356,3
72.02480165344356,45.61565084734315,41.78677665407752,3
72.04480298686579,46.41855082624784,45.71717985179693,3
72.06480432028802,49.80527506547303,49.22059316454794,3
72.08480565371025,50.97302148918688,50.358869367084004,3
72.10480698713248,54.26611233424368,51.38762294799698,3
72.1248083205547,55.88220071819347,54.096643708380725,3
72.14480965397694,57.633182706912706,58.21502102081412,3
72.16481098739916,58.58528072250977,57.780551997742556,3
72.18481232082138,60.95390297696075,60.68634629020431,3
72.20481365424361,63.436567329086145,61.882317657093296,3
72.22481498766584,62.37859652145885,63.895676808033215,3
72.24481632108807,67.08988661678731,63.95119257153044,3
72.2648176545103,67.1388491009547,66.9458558216275,3
72.28481898793252,70.79615983925336,66.65146554955507,3
72.30482032135475,70.83608381446527,67.49910263065985,3
72.32482165477698,71.01454984904412,68.75009492230639,3
72.34482298819921,73.74875418515752,70.97767044784271,3
72.36482432162144,74.38690193835443,70.38651173146688,3
72.38482565504367,74.32174835489646,70.48632626928952,3
72.4048269884659,75.03105798573706,70.71494710263167,3
72.42482832188813,75.67786863662788,71.65562755257903,3
72.44482965531036,78.29232940917849,73.3423227560857,3
72.46483098873259,77.85134074055317,70.12317466951984,3
72.4848323221548,76.59554567396194,72.28377486885425,3
72.50483365557703,76.81434918038974,73.21640580951927,3
72.52483498899926,75.34260606050745,72.98203548173167,3
72.54483632242149,78.50964605783241,71.48046945252642,3
72.56483765584372,76.96936649365006,72.95459961462764,3
72.58483898926595,74.07169518316263,70.71339806116085,3
72.60484032268818,75.49939454767167,70.6633422424999,3
72.6248416561104,74.84136220073647,69.34328982996816,3
72.64484298953263,74.121859207754,67.84496734034016,3
72.66484432295486,71.31658075963105,67.53922008716458,3
72.68484565637709,71.13763029532902,63.61350359768449,3
72.70484698979932,71.07112497292825,62.08665234667706,3
72.72484832322155,67.89202582338878,63.657626940616055,3
72.74484965664378,66.00463246879632,60.008019401532515,3
72.76485099006601,66.501200830391,58.442433139896536,3
72.78485232348822,65.79031827424261,57.77303901082297,3
72.80485365691045,61.328421095303305,56.59887657200391,3
72.82485499033268,60.89116753243131,55.488146813527756,3
72.84485632375491,57.993241718275485,50.740008856964394,3
72.86485765717714,57.19191569722499,48.29118758366581,3
72.88485899059937,52.88942635551277,45.629669849365335,3
72.9048603240216,50.435184312106045,44.8595549474684,3
72.92486165744383,51.65613946218961,42.75830589183926,3
72.94486299086606,48.517818165670796,40.234928114144395,3
72.96486432428829,45.35982040525175,38.440736929216484,3
72.98486565771051,44.67023430494814,37.250442893494636,3
73.00486699113274,40.91258363549732,33.96595827166118,3
73.02486832455497,39.35064895543071,33.08111410465978,3
73.0448696579772,37.797713363099795,28.408211636268042,3
73.06487099139943,34.83552383313866,25.87997423375515,3
73.08487232482165,31.81561871346547,24.62176702216945,3
73.10487365824387,30.366928006874492,23.413827783198467,3
73.1248749916661,29.104987123236143,21.05382766640599,3
73.14487632508833,26.437613091263533,19.20384542872858,3
73.16487765851056,25.26278111832018,17.852711648942087,3
73.18487899193279,21.554021591406002,14.6541762246964,3
73.20488032535502,21.257881045886485,15.6118215792179,3
73.22488165877725,18.249310825092433,12.415677146478131,3
73.24488299219948,18.51587406499783,10.981219828416501,3
73.26488432562171,16.557620761267486,9.946718504408645,3
73.28488565904394,14.881896204248726,8.841983308652434,3
73.30488699246617,14.68105696749779,7.370725111026515,3
73.3248883258884,12.047582605809216,6.873001135443627,3
73.34488965931062,10.118198412810438,3.7493123951576437,3
73.36489099273285,7.487928880723558,3.7381339035614554,3
73.38489232615507,9.996839567595128,5.2684819903764035,3
73.4048936595773,7.525328860838019,3.435594097814975,3
73.42489499299953,5.947228129639324,3.5847438086214227,3
73.44489632642176,8.303053502097773,3.368643026431379,3
73.46489765984398,8.439381023449949,2.5581819597382243,3
73.48489899326621,7.062497005699126,2.251130446615712,3
73.50490032668844,6.3202846362316105,1.297385346826991,3
73.52490166011067,6.656856792477476,6.1117817167718895,3
73.5449029935329,6.999969671904691,3.046328333828115,3
73.56490432695513,7.593540239824175,5.128595715730955,3
73.58490566037736,9.067671257896944,5.391068651495069,3
73.60490699379959,9.01628563883726,5.9476751559100025,3
73.62490832722182,10.672852084231335,7.685904219510112,3
73.64490966064405,9.960128302904506,9.17073517433689,3
73.66491099406628,12.058377803719845,9.70226294004544,3
73.68491232748849,13.939007325083438,11.73654167150191,3
73.70491366091072,13.039159578519634,13.018429319859278,3
73.72491499433295,17.04752066740198,13.017179880929035,3
73.74491632775518,15.98970319655826,15.31375776185852,3
73.7649176611774,18.44487859843822,16.4558228014718,3
73.78491899459964,18.022651930472446,18.639634797261465,3
73.80492032802186,21.82947255621784,20.00099913363054,3
73.8249216614441,22.85619201661701,21.855454040872146,3
73.84492299486632,26.86211003956702,23.909413619641004,3
73.86492432828855,25.587987491907306,26.598282822922194,3
73.88492566171078,28.951664340921454,29.239058041063668,3
73.90492699513301,32.866154310519214,29.647451845015546,3
73.92492832855524,33.32800173073711,32.096871882382096,3
73.94492966197747,35.87621389468934,33.569825029649756,3
73.9649309953997,38.55427291807131,36.84932954154112,3
73.98493232882191,41.336131744712795,38.97589209290797,3
74.00493366224414,40.84132806520336,42.28650220173059,3
74.02493499566637,42.93037282855058,44.92473067485883,3
74.0449363290886,48.18944477324491,44.9321854864974,3
74.06493766251083,52.03966727845576,48.63411459825936,3
74.08493899593306,50.5440189267548,49.02005518264036,3
74.10494032935529,53.32579057575133,54.02545017273081,3
74.12494166277752,54.5451314484139,53.1981469608833,3
74.14494299619975,57.61069861230791,56.374859461021856,3
74.16494432962197,60.57502995598108,57.68107568450459,3
74.1849456630442,62.27329218829482,59.4681498286019,3
74.20494699646643,60.93174055407527,61.643695450945366,3
74.22494832988866,64.55516459305235,62.917276747975215,3
74.24494966331089,65.54796454816919,65.20769400784931,3
74.26495099673312,67.53374474015762,65.45346137867291,3
74.28495233015533,69.39107154841965,67.26939557311418,3
74.30495366357756,72.25521425871393,67.16097655362198,3
74.3249549969998,71.88292790577542,69.21389393157185,3
74.34495633042202,75.14389452506649,71.65612915581254,3
74.36495766384425,76.52327979198243,70.08061618668184,3
74.38495899726648,75.12283978064175,70.5644744827766,3
74.40496033068871,73.69725276613414,72.49232834276184,3
74.42496166411094,77.31815661343371,71.04548409781832,3
74.44496299753317,76.12019717203302,75.03341598573404,3
74.4649643309554,77.94189038377141,73.26212274398189,3
74.48496566437763,77.7265565817718,72.7111570366844,3
74.50496699779985,76.38500589371225,72.1862492243297,3
74.52496833122208,75.84292016379752,72.87723247223049,3
74.54496966464431,77.09757079951719,71.77094014551494,3
74.56497099806654,76.02397729867249,71.76750230906987,3
74.58497233148876,75.76308363691919,70.14182483045431,3
74.60497366491099,76.00572014799612,68.72170064085907,3
74.62497499833322,75.20444186015563,69.76417700254363,3
74.64497633175544,73.16905966244175,68.35212645457348,3
74.66497766517767,72.6077056835516,65.88362824102205,3
74.6849789985999,71.27412467700051,65.10900662517939,3
74.70498033202213,70.24720141780367,63.30129372264316,3
74.72498166544436,68.8434257226844,61.4894245578834,3
74.74498299886659,67.70076433524262,59.153252846413444,3
74.76498433228882,64.47564583115872,59.34008866758641,3
74.78498566571105,62.65366671177736,58.497434523522784,3
74.80498699913328,63.25748418363608,53.86383627692996,3
74.8249883325555,61.82676192254769,54.390357883033715,3
74.84498966597774,56.976532054423394,51.84210620720183,3
74.86499099939996,56.485901932908696,49.58109495426174,3
74.88499233282218,54.26952587473129,45.6343781840412,3
74.90499366624441,53.507491558780934,45.539341084037346,3
74.92499499966664,49.37950086709151,42.55541224157493,3
74.94499633308887,46.691400785380566,38.565586061475045,3
74.9649976665111,45.046407822648504,38.47731291361293,3
74.98499899993332,42.90060746081534,36.27360534406736,3
75.00500033335555,41.13467636674857,33.406287725538505,3
75.02500166677778,39.908562798949205,30.185467601419923,3
75.04500300020001,36.668805143691806,29.079991434445827,3
75.06500433362224,34.26181234538158,26.030455193789408,3
75.08500566704447,30.35403057802549,26.080707245364923,3
75.1050070004667,31.12781841364175,22.73570595598817,3
75.12500833388893,28.10912231091294,20.276676403978396,3
75.14500966731116,26.172215711788287,17.46134971324095,3
75.16501100073339,24.088078501697765,15.824334996894665,3
75.1850123341556,23.419220835322452,14.22302673403456,3
75.20501366757783,21.95172082104406,13.656476132353287,3
75.22501500100006,19.052204846256473,12.457381444534171,3
75.24501633442229,18.28561036859276,11.666511219304883,3
75.26501766784452,17.642962896996206,9.452144335739323,3
75.28501900126675,15.903382746917442,7.237252875268967,3
75.30502033468898,11.788115501737105,6.819297400901643,3
75.3250216681112,13.58909417789106,6.696093800222753,3
75.34502300153343,10.062790561505501,6.842233433954412,3
75.36502433495566,11.148363406943457,3.867368413536469,3
75.38502566837789,9.635318853581689,4.136976194721914,3
75.40502700180012,9.393004978546323,2.8104127231882656,3
75.42502833522235,9.373622511696915,3.316176427685993,3
75.44502966864458,6.74189880570754,3.6330615526616565,3
75.46503100206681,8.162824240070025,3.1983237380635385,3
75.48503233548902,7.396362016501005,2.4479478940603334,3
75.50503366891125,6.177944286973336,2.8402292027119915,3
75.52503500233348,7.7553237563647635,4.5536353601003885,3
75.54503633575571,5.104751649405184,4.629506532552926,3
75.56503766917794,7.704379089958782,4.175864824330987,3
75.58503900260017,9.486011365369913,5.249577774423349,3
75.6050403360224,6.817281035304795,7.399493213928505,3
75.62504166944463,9.874591348147296,5.027139648278887,3
75.64504300286686,10.842871354625993,7.271502427222242,3
75.66504433628909,11.444695916024383,8.201746342313095,3
75.68504566971131,13.168330631993719,9.817190092561232,3
75.70504700313354,15.623121013268761,11.876574645036142,3
75.72504833655577,15.676283624716948,14.606878776299997,3
75.745049669978,18.37817713823303,14.873528158130448,3
75.76505100340023,17.33539520653062,18.169062749558414,3
75.78505233682245,17.803311358178675,18.413427980181165,3
75.80505367024467,22.398461267687015,21.09133475337921,3
75.8250550036669,23.936677225743644,23.34219919222651,3
75.84505633708913,24.572289827529016,25.198754345857722,3
75.86505767051136,28.749798747310788,25.456310591914654,3
75.88505900393359,28.995416713132403,27.90138857529504,3
75.90506033735582,33.21105823654585,30.7380609903177,3
75.92506167077805,32.85084095271023,32.81980903261297,3
75.94506300420028,36.7072942853808,34.81074690118085,3
75.96506433762251,38.97338232529814,37.868799499593074,3
75.98506567104474,39.89320577615577,41.90202450850387,3
76.00506700446697,43.15865799863235,42.66093846637086,3
76.0250683378892,45.536732537774064,44.81314712263117,3
76.04506967131142,46.03768755897592,45.816697880528054,3
76.06507100473365,47.524911931570465,49.23204743631421,3
76.08507233815587,52.258219699002176,49.74926155875188,3
76.1050736715781,52.68499608287801,54.03765329450977,3
76.12507500500033,54.69050119196773,52.830584239682054,3
76.14507633842256,56.83320193114929,56.22793826844931,3
76.16507767184478,58.52743418775071,58.83325724064734,3
76.18507900526701,60.303577368594794,58.779684189354114,3
76.20508033868924,63.83281296477457,61.1232467996765,3
76.22508167211147,65.72240819889016,64.77814469317902,3
76.2450830055337,66.82369241763165,64.63306493895612,3
76.26508433895593,67.48336672262208,66.28955996319176,3
76.28508567237816,69.15241533770796,67.3874919811757,3
76.30508700580039,70.98088240601137,67.2865240226212,3
76.32508833922262,72.37345598942835,70.66843990118505,3
76.34508967264485,74.42582872573415,70.29425266090384,3
76.36509100606708,74.66965563566765,71.56396236016901,3
76.38509233948929,73.59379112334683,70.85319767534894,3
76.40509367291152,74.49546549416388,71.96930459631007,3
76.42509500633375,77.12158862544162,73.42252379730019,3
76.44509633975598,76.70056005432858,72.91689788882667,3
76.4650976731782,78.08740952403681,72.66194808301893,3
76.48509900660044,76.6454546953817,71.80865982705502,3
76.50510034002266,78.66559112817161,72.69063051518393,3
76.5251016734449,78.99557400518283,72.96996268968662,3
76.54510300686712,76.8169865973531,72.76089335144006,3
76.56510434028935,76.99150638111104,71.89859795495055,3
76.58510567371158,73.81024788999729,68.02944314293165,3
76.60510700713381,76.62092457199361,70.58078727672104,3
76.62510834055604,73.34669429742603,67.56124776119614,3
76.64510967397827,74.01529404171832,68.8590595424752,3
76.6651110074005,73.80786806718963,65.72635613083075,3
76.68511234082271,70.98568177888608,63.08219464744269,3
76.70511367424494,69.9536256105941,62.91167663809325,3
76.72511500766717,68.44852857609237,62.64555040940503,3
76.7451163410894,67.2723692969319,60.23093834969371,3
76.76511767451163,64.08422369688878,57.60585029131648,3
76.78511900793386,64.75477881294277,57.39273355749165,3
76.80512034135609,61.278954276731554,54.20672798302501,3
76.82512167477832,59.95638710121377,53.91189903012492,3
76.84512300820055,57.01072163986464,52.77350777677506,3
76.86512434162277,54.82264172970006,49.072338048418594,3
76.885125675045,53.255488809587646,45.28806030274521,3
76.90512700846723,52.13700578001693,46.0541743929904,3
76.92512834188946,50.25957709116396,43.25881048247583,3
76.94512967531169,48.15478262147786,40.94326353055521,3
76.96513100873392,45.200722854870236,36.25610856092326,3
76.98513234215613,44.51244368763033,35.90898865887023,3
77.00513367557836,42.33544461824283,33.77470095149708,3
77.02513500900059,39.362958176926156,31.666846081571677,3
77.04513634242282,38.35008497257502,29.995553051721366,3
77.06513767584505,35.21536960256599,26.620774788016902,3
77.08513900926728,32.97633205887529,23.967796689266148,3
77.10514034268951,30.043234991220835,23.39476580782882,3
77.12514167611174,29.010174253714737,21.87182972127419,3
77.14514300953397,25.967153650382972,18.728722597046257,3
77.1651443429562,24.927803482247004,17.6636804904337,3
77.18514567637843,24.035690382009832,16.871315182691653,3
77.20514700980065,18.59464030108495,13.918969142708484,3
77.22514834322288,19.107041490079663,12.257287769146359,3
77.24514967664511,17.022832704882916,10.956868187670707,3
77.26515101006734,16.35003205831082,9.940989658415361,3
77.28515234348956,14.85078844180779,7.618281034062673,3
77.30515367691179,14.021810480976692,7.657024517646872,3
77.32515501033402,13.068305601546845,7.159773724851456,3
77.34515634375624,11.818419013963343,5.83176307238183,3
77.36515767717847,10.468146456732477,5.881958893276803,3
77.3851590106007,8.802033182411712,5.741705694169555,3
77.40516034402293,9.167284408236913,3.70407789865841,3
77.42516167744516,8.248599806186453,3.7939280300058336,3
77.44516301086739,8.67521829413775,2.673910191382858,3
77.46516434428962,8.433072954293074,3.658781020948052,3
77.48516567771185,6.000594811941969,2.9613073874469356,3
77.50516701113408,6.962996706851741,4.631734060158172,3
77.5251683445563,7.24887223049722,2.0158853694106433,3
77.54516967797854,7.809932565208642,4.167012472094698,3
77.56517101140076,9.028707968346984,3.3962355927467462,3
77.58517234482298,9.304762149454918,6.364527522406809,3
77.60517367824521,9.920486727706013,6.21983030102757,3
77.62517501166744,9.163817194849106,5.795451755255789,3
77.64517634508967,10.828112158400904,9.55036024141671,3
77.6651776785119,12.391953676820362,8.225715159222608,3
77.68517901193412,12.421806482443712,10.72411304983514,3
77.70518034535635,13.646110550768757,13.066285774687891,3
77.72518167877858,14.930148949546961,14.56345363932338,3
77.74518301220081,16.411107736525423,14.11142567655246,3
77.76518434562304,18.340572233775248,17.18481767709902,3
77.78518567904527,18.794230471948676,20.202775656471225,3
77.8051870124675,23.275204949995587,19.633101616569242,3
77.82518834588973,24.555578111357292,22.687954095609733,3
77.84518967931196,24.293244049802407,24.221243029414378,3
77.86519101273419,27.973441787032105,27.210590138708895,3
77.8851923461564,28.32312506344357,29.658445835130735,3
77.90519367957863,32.898217330891065,30.327162190852796,3
77.92519501300086,34.093901669306,32.434750323706474,3
77.94519634642309,35.755134915138164,35.670113528301,3
77.96519767984532,37.485170903943605,36.94263681518529,3
77.98519901326755,40.13267350903073,40.842558937285304,3
78.00520034668978,42.97420914733969,42.42155319806702,3
78.025201680112,46.06576901771393,42.19886768026116,3
78.04520301353423,46.164014743528014,46.686934903384504,3
78.06520434695646,48.32363357233185,48.28703496967237,3
78.08520568037869,50.80531779753342,49.98638476192317,3
78.10520701380092,53.20157007751566,54.00059070439674,3
78.12520834722315,56.65367717764229,54.491975197561054,3
78.14520968064538,56.97226317790716,56.382139982153774,3
78.16521101406761,60.037495154001476,59.2661012361235,3
78.18521234748982,61.22710160368395,59.40833898958068,3
78.20521368091205,63.34507868832465,61.830155347319895,3
78.22521501433428,64.53649433157179,64.85661878632587,3
78.24521634775651,65.43352101254665,65.01004736405642,3
78.26521768117874,68.81692080734561,68.29366556590779,3
78.28521901460097,70.13328864991952,67.00685815920295,3
78.3052203480232,72.09592860724918,69.75755529978993,3
78.32522168144543,71.70471208532058,70.76948554760912,3
78.34522301486766,72.82103910808686,70.7141583634324,3
78.36522434828989,74.02127045258261,71.72671354446899,3
78.38522568171211,75.51491744903615,71.51652286965071,3
78.40522701513434,74.49580525012998,74.66351976549508,3
78.42522834855657,75.26491138233312,72.7385079609542,3
78.4452296819788,76.35473865661223,72.83241911210095,3
78.46523101540103,78.20406584755715,73.84338310697929,3
78.48523234882325,76.57612473452913,72.66979065162174,3
78.50523368224547,77.88171021208103,72.01997077251414,3
78.5252350156677,76.97834260987516,72.27787276520789,3
78.54523634908993,77.79044496867161,70.67736188404321,3
78.56523768251216,76.1609860498808,71.04428554749609,3
78.58523901593439,75.04035433777096,69.19539805981438,3
78.60524034935662,75.9079416163349,71.10462053137465,3
78.62524168277885,74.07444268407647,66.63591884968922,3
78.64524301620108,72.71409665021463,67.99469297079013,3
78.66524434962331,70.3849101974606,66.02819267762591,3
78.68524568304554,72.18660870181849,63.53616032690448,3
78.70524701646777,69.7395894681361,63.89395880071279,3
78.72524834989,67.99584113724904,60.65046641029371,3
78.74524968331222,69.578409926835,59.850096593455504,3
78.76525101673445,63.36224275007602,57.33078170615058,3
78.78525235015667,62.58859290712896,56.71067747313639,3
78.8052536835789,61.997160957963544,53.84076125537369,3
78.82525501700113,61.35220096120481,52.422713507766,3
78.84525635042336,57.06906026947945,50.3749511925567,3
78.86525768384558,56.860747153992484,50.74313382037343,3
78.88525901726781,54.96874100438757,46.54623149940678,3
78.90526035069004,52.12281223117301,46.33415228226299,3
78.92526168411227,49.84883078654359,43.37144504362551,3
78.9452630175345,47.26864206840429,38.95233321962893,3
78.96526435095673,44.85228485809119,38.687044541131584,3
78.98526568437896,43.72826133851182,35.55828807824852,3
79.00526701780119,42.087638890609306,33.99692479544843,3
79.02526835122342,41.35366425301439,31.826795896500396,3
79.04526968464565,37.94092576213454,28.65820860501127,3
79.06527101806788,34.08409041802475,27.802437730144828,3
79.08527235149009,32.61750465516577,25.21036452004418,3
79.10527368491232,29.719529019399406,22.711256980010155,3
79.12527501833455,29.46170900729042,21.82847220802339,3
79.14527635175678,26.63584881265074,20.245188896353817,3
79.165277685179,26.343352424597246,18.076209651318557,3
79.18527901860124,21.398524502225605,15.248683739741937,3
79.20528035202346,19.974393162966546,16.222321452617507,3
79.2252816854457,19.829737226238343,13.568869622440475,3
79.24528301886792,16.97793379206493,10.083726574246837,3
79.26528435229015,15.252184909047962,9.418543993319174,3
79.28528568571238,13.673493507765485,5.537339678132091,3
79.30528701913461,11.042082304935242,6.514552530582084,3
79.32528835255684,11.927830968709056,5.768087874024073,3
79.34528968597907,12.168394054447187,5.717983195098501,3
79.3652910194013,11.988787814806123,4.600846417174222,3
79.38529235282351,9.540024220415624,4.03021087609371,3
79.40529368624574,8.394288759589307,3.203393424199253,3
79.42529501966797,7.520225964247035,4.307973117194747,3
79.4452963530902,6.044746181328662,2.5137097679732543,3
79.46529768651243,7.803497676320228,1.5622187758692587,3
79.48529901993466,7.866934628384677,2.6528371441218415,3
79.50530035335689,7.332502384149958,3.4045586469347526,3
79.52530168677912,8.32244825040251,2.5939307777588962,3
79.54530302020135,8.516396188314546,2.2317911162158275,3
79.56530435362357,7.586058482256031,5.41964420771176,3
79.5853056870458,8.389795433065677,5.753015692150203,3
79.60530702046803,8.652133977676094,5.711108006664032,3
79.62530835389026,8.99897734679102,8.54092158771865,3
79.64530968731249,10.35095305717815,10.057603947551456,3
79.66531102073472,10.540227041912097,10.138405550400526,3
79.68531235415693,12.157931001129107,11.378487830305337,3
79.70531368757916,15.168427302640744,11.495711736929612,3
79.72531502100139,15.4533491282454,12.239368040027642,3
79.74531635442362,18.25583178971623,14.929147215060365,3
79.76531768784585,19.082782036301072,16.688981558960798,3
79.78531902126808,19.759311326322514,20.02620354209531,3
79.80532035469031,19.765111603179076,20.655743073438124,3
79.82532168811254,25.087925464054255,23.885422881688108,3
79.84532302153477,25.922962366015035,23.86847223799684,3
79.865324354957,27.438027781158933,26.5943302486181,3
79.88532568837923,29.375097353873006,29.85574165011941,3
79.90532702180145,31.603188004634678,31.179203908976906,3
79.92532835522368,33.96104649246219,34.11241984661122,3
79.94532968864591,36.96760101953063,34.82575759833784,3
79.96533102206814,37.38041203919685,35.21160663271886,3
79.98533235549036,40.582939120242145,39.57677338106077,3
80.00533368891259,43.22415742747804,42.41535682187131,3
80.02533502233481,44.752275889771774,44.876165132551485,3
80.04533635575704,47.620173037037674,45.60054484551211,3
80.06533768917927,48.376528743983314,47.74493437381508,3
80.0853390226015,52.68471162048592,51.990331808883006,3
80.10534035602373,52.57409308954204,53.501563836675444,3
80.12534168944596,53.90273309207065,54.60113552214675,3
80.14534302286819,55.39180420324513,57.33928504384216,3
80.16534435629042,59.96265969854743,58.05851115495411,3
80.18534568971265,61.30788775621854,60.44945793645709,3
80.20534702313488,62.722601565861495,59.14935327998711,3
80.2253483565571,62.98826698043516,65.09785873018927,3
80.24534968997934,65.10818337813105,64.57525064452662,3
80.26535102340156,68.15771591698454,66.9922696950985,3
80.28535235682378,69.29032588370377,66.02126014502298,3
80.30535369024601,71.21672306600443,68.20766662264307,3
80.32535502366824,71.1252028563728,69.57063396248135,3
80.34535635709047,73.55059819529045,71.58176405785076,3
80.3653576905127,74.49126202160122,68.45581884718668,3
80.38535902393492,75.97938154350449,70.23486802020098,3
80.40536035735715,76.52173107184814,71.47017721525685,3
80.42536169077938,76.27623994897493,73.11302954333796,3
80.44536302420161,76.78193681889921,72.7921136341102,3
80.46536435762384,77.3449114331381,70.79767498138138,3
80.48536569104607,77.03491406127621,74.29362752667869,3
80.5053670244683,77.02632602026316,72.51194576407167,3
80.52536835789053,76.26257698105618,72.77226491617024,3
80.54536969131276,77.04529040773284,71.52471784018654,3
80.56537102473499,75.78279971165314,69.44221971431767,3
80.5853723581572,74.26034654857027,70.67319086203302,3
80.60537369157943,73.73875866140152,69.1284247558522,3
80.62537502500166,74.3344262210587,67.60006855917172,3
80.64537635842389,72.83070514098097,67.8003711416194,3
80.66537769184612,70.84041648697938,66.93093707073659,3
80.68537902526835,70.65024084544086,66.11885538835492,3
80.70538035869058,68.84660061061993,64.58881914855938,3
80.7253816921128,66.94823372231305,61.64997077272272,3
80.74538302553503,67.17021298436411,60.82750648171313,3
80.76538435895726,65.95099071912388,58.06638617009537,3
80.78538569237949,64.78038992934066,56.83524467886555,3
80.80538702580172,60.9946268643823,55.56266505782725,3
80.82538835922395,62.17772716554424,53.88835145926945,3
80.84538969264618,59.01315321551706,51.00978595486132,3
80.86539102606841,58.44976783060494,50.661835465935894,3
80.88539235949062,54.03553300934613,47.50383946668468,3
80.90539369291285,52.95181244050932,43.54332268084331,3
80.92539502633508,49.25699398500529,42.595843865206305,3
80.94539635975731,45.41735993985021,39.59896235399469,3
80.96539769317954,45.04025290450439,36.62095871091746,3
80.98539902660177,45.49572500638986,35.48992887420473,3
81.005400360024,41.1385270121119,34.37203308485281,3
81.02540169344623,39.24938173778303,30.535749438769464,3
81.04540302686846,34.67857740876422,29.66073195690178,3
81.06540436029069,34.70015068791829,26.137584518315776,3
81.08540569371291,32.9491547901933,25.743663649126713,3
81.10540702713514,31.093239153485268,23.30103405856103,3
81.12540836055737,26.33530500022567,20.742659788517628,3
81.1454096939796,27.745889117732023,20.367566587439015,3
81.16541102740183,26.91566217594388,17.00284995248683,3
81.18541236082405,21.30581230106479,13.985434231501516,3
81.20541369424627,21.94774664548167,13.619325919420875,3
81.2254150276685,20.549394045090747,10.864251213294253,3
81.24541636109073,19.65791017138996,9.733950396640074,3
81.26541769451296,14.902887925021574,11.163532726597527,3
81.28541902793519,15.063543749037185,8.929067785098185,3
81.30542036135742,14.177987263554705,7.664060363350105,3
81.32542169477965,13.300835078025706,5.027446848279819,3
81.34542302820188,11.549543350571623,6.6785648057220754,3
81.36542436162411,9.617897305420891,2.970115350836422,3
81.38542569504634,8.393050386005486,3.248759599002031,3
81.40542702846857,8.093360364977347,5.644894305467178,3
81.4254283618908,7.899487392223826,2.294860298323043,3
81.44542969531302,7.976400687826562,2.4253443609120406,3
81.46543102873525,7.521803351679454,3.2412751902197408,3
81.48543236215747,6.307395129432461,1.6088947214730775,3
81.5054336955797,3.6753972987414727,2.1305241555243644,3
81.52543502900193,5.7612150325487,5.834261836148238,3
81.54543636242416,5.890364432371972,3.9422752019949225,3
81.56543769584638,5.878608597893805,5.737904857357845,3
81.58543902926861,8.299280321535647,4.157510297690001,3
81.60544036269084,9.215853680791609,6.274773204851492,3
81.62544169611307,8.705569423572928,6.697957337195728,3
81.6454430295353,11.880179646799428,7.779405978919973,3
81.66544436295753,11.123870066238863,11.423807310063847,3
81.68544569637976,14.189838639693786,10.4807436318338,3
81.70544702980199,13.568610534799268,11.634915482027536,3
81.72544836322422,14.774903835000028,13.367301534075681,3
81.74544969664645,17.871664917596743,15.957082513130786,3
81.76545103006868,19.063729035497154,17.60844476412786,3
81.78545236349089,20.09708838295707,17.186465477005367,3
81.80545369691312,21.990119839531243,22.057430694715453,3
81.82545503033535,21.903451550780932,24.135926099849,3
81.84545636375758,24.015470029960593,25.047556654114878,3
81.8654576971798,27.29536377316854,26.14716659407068,3
81.88545903060204,29.40225086720292,30.891222342536466,3
81.90546036402426,32.13453717278511,29.75453676793566,3
81.9254616974465,33.7323419148999,30.720117791274973,3
81.94546303086872,34.60249273435893,35.98810231993116,3
81.96546436429095,38.40640231249791,37.48041870142151,3
81.98546569771318,40.35784290625305,40.545059302587184,3
82.00546703113541,42.8833079891304,43.39125305474851,3
82.02546836455764,44.484789094429324,43.71904113799412,3
82.04546969797987,46.03549306470047,46.990274870786465,3
82.0654710314021,50.01068377559901,50.0533437836492,3
82.08547236482431,50.60016532946948,50.95977802804473,3
82.10547369824654,52.06282894283147,50.91278842526251,3
82.12547503166877,55.10871635850922,52.897765215683535,3
82.145476365091,56.297402284609916,56.894566072534026,3
82.16547769851323,59.06868617963679,57.59591482193008,3
82.18547903193546,59.74720678568584,59.3907033276686,3
82.20548036535769,62.41068582522138,61.471706179109866,3
82.22548169877992,64.24001740550389,63.50267354809795,3
82.24548303220215,65.21582445862751,64.17791533972004,3
82.26548436562437,67.38943604345202,66.02445976465846,3
82.2854856990466,69.25739725725337,68.48164075713935,3
82.30548703246883,69.9588314314673,67.7668879478485,3
82.32548836589106,71.17831036900735,70.93838103361098,3
82.34548969931329,72.65616027631067,69.79140225255571,3
82.36549103273552,73.52898801879647,71.31852710609668,3
82.38549236615773,75.74876309368234,72.97185540182154,3
82.40549369957996,75.6247888535146,72.9138605947627,3
82.42549503300219,74.67212659131425,71.4336308993486,3
82.44549636642442,76.49779065902008,71.95384612863886,3
82.46549769984665,77.21435969658775,73.22055047132504,3
82.48549903326888,77.06538964869578,72.78214697262752,3
82.50550036669111,76.9300794028694,71.06196201425396,3
82.52550170011334,76.7054351973261,70.66201330967183,3
82.54550303353557,77.15586884642791,72.23474111498433,3
82.5655043669578,76.1116941321367,71.7345413941406,3
82.58550570038003,76.10564344710258,70.46184849198225,3
82.60550703380225,74.02605781787564,67.65198418843742,3
82.62550836722448,74.2233156732015,68.24199610760348,3
82.64550970064671,73.63047418442945,68.42178044787924,3
82.66551103406894,73.94201497215727,67.25940793379297,3
82.68551236749116,70.49626121392957,66.33834293101839,3
82.70551370091339,69.92909223611544,63.94553907570273,3
82.72551503433561,66.7343096181454,61.505228708611284,3
82.74551636775784,66.10745949004368,60.44802620873449,3
82.76551770118007,65.45810307372713,58.003590601569705,3
82.7855190346023,61.77447837687224,55.519545604967114,3
82.80552036802453,63.482994153100336,52.93011044119411,3
82.82552170144676,58.402716378579825,53.78308440462641,3
82.84552303486899,59.490191080138196,49.02041661086829,3
82.86552436829122,56.06957283493157,48.74214581247364,3
82.88552570171345,54.261339067370706,48.16377639766276,3
82.90552703513568,50.26720538752729,45.1919502368093,3
82.9255283685579,51.87664272353251,42.79219201494735,3
82.94552970198013,47.76185624049211,39.69936767469557,3
82.96553103540236,46.01787440686261,37.98988704860168,3
82.98553236882458,43.71828003918156,35.857678292679296,3
83.00553370224681,41.70505586938116,34.07230441343485,3
83.02553503566904,39.952003015265,30.046557710143034,3
83.04553636909127,38.89879131787299,28.889665397560574,3
83.0655377025135,34.54977015305243,26.659185397398012,3
83.08553903593572,33.08217976218989,24.801354622345077,3
83.10554036935795,31.6986907702822,24.11869828377963,3
83.12554170278018,30.172032877742083,22.788845944327807,3
83.14554303620241,25.708502425429575,18.038108887631143,3
83.16554436962464,23.218878631283715,16.701316214800126,3
83.18554570304687,23.424294959949975,16.664439160319965,3
83.2055470364691,21.181548315332346,12.383373958018314,3
83.22554836989133,19.180459600033704,12.22180044706336,3
83.24554970331356,17.389096913273757,10.155562543266164,3
83.26555103673579,16.3740703690406,7.040774265012386,3
83.285552370158,14.178472523638405,7.050951109877408,3
83.30555370358023,14.66658128566431,7.590105949500184,3
83.32555503700246,12.049057800694797,6.16223046542062,3
83.34555637042469,10.89023869488959,5.2372045087782,3
83.36555770384692,8.92113689206407,5.750539846952943,3
83.38555903726915,9.693496745194846,5.1992611457082365,3
83.40556037069138,7.579300102180267,3.582622438743369,3
83.4255617041136,7.826827227237236,3.2390061305121343,3
83.44556303753583,7.1981153800374225,1.3773584693996894,3
83.46556437095806,7.9632490079512355,2.592758277130733,3
83.48556570438029,6.585714693972836,3.2090267299424253,3
83.50556703780252,7.473426004845841,1.6315554621127744,3
83.52556837122475,8.35154990489646,5.649803457093029,3
83.54556970464698,6.71119678156579,2.996274805901452,3
83.56557103806921,7.283334622736133,4.340318923590212,3
83.58557237149142,8.79798994263886,5.552782630633309,3
83.60557370491365,7.104517251286857,5.252349798549377,3
83.62557503833588,11.590487690800025,8.9525627817133,3
83.64557637175811,11.552212469041816,7.641997930062394,3
83.66557770518034,10.775780958862088,9.180026897552766,3
83.68557903860257,12.354598425519605,9.291074649164235,3
83.7055803720248,12.956954267934329,12.151762462654395,3
83.72558170544703,15.778372503585608,12.660795374529151,3
83.74558303886926,16.180110414177097,14.716352935801389,3
83.76558437229149,18.125415994613434,18.07634928527678,3
83.78558570571371,19.175404170964867,15.831163884518844,3
83.80558703913594,20.239201310376018,18.963373128916643,3
83.82558837255817,24.532915728728852,23.84455268051727,3
83.8455897059804,24.362957447195562,25.924687870295624,3
83.86559103940263,28.164156707358078,27.19700819925536,3
83.88559237282485,28.744255484755982,28.9073023476327,3
83.90559370624707,31.34249645103175,30.05766882180649,3
83.9255950396693,32.586967465280445,33.190332814994036,3
83.94559637309153,37.505079280990145,34.275124100147295,3
83.96559770651376,38.74316037188319,37.827935424120746,3
83.98559903993599,41.356792257941564,38.88215278667344,3
84.00560037335822,41.80150059970834,42.620532586056946,3
84.02560170678045,44.527992637882384,43.44458376150275,3
84.04560304020268,47.581015759477175,46.65997461786165,3
84.06560437362491,48.7364948525402,48.428691517863435,3
84.08560570704714,49.24998380726802,51.394007758871545,3
84.10560704046937,53.155540484782,53.145689646758946,3
84.1256083738916,55.70010333005033,54.06888182912439,3
84.14560970731382,58.27285239922717,56.45260147982062,3
84.16561104073605,58.43591502041361,59.289808135598406,3
84.18561237415827,62.21918474413909,58.64044120592873,3
84.2056137075805,61.70955427194179,61.54067629623383,3
84.22561504100273,64.05262673179769,61.24959344382921,3
84.24561637442496,65.53147012292774,64.28534321870532,3
84.26561770784718,69.03012926452737,66.00519458403525,3
84.28561904126941,68.81523885401407,69.39719764574005,3
84.30562037469164,70.65999829010394,71.47633613481958,3
84.32562170811387,72.52087774518448,69.1626253643553,3
84.3456230415361,73.28297334304787,68.89952664481781,3
84.36562437495833,74.7411077337222,69.50626990639802,3
84.38562570838056,74.89166067046153,71.21940830858811,3
84.40562704180279,75.24290001504417,71.64168205585663,3
84.42562837522502,75.52749184454453,72.23555310928157,3
84.44562970864725,76.71518775876199,73.87663794658101,3
84.46563104206948,76.89942781280504,72.9156272878461,3
84.48563237549169,76.17977366025804,72.96843995434702,3
84.50563370891392,77.10965447649983,73.92765980143987,3
84.52563504233615,77.18354493679605,71.74285473312351,3
84.54563637575838,76.59663666856834,72.31063111432704,3
84.5656377091806,74.69727553910396,70.92608382714984,3
84.58563904260284,75.81563706169239,71.43821502726009,3
84.60564037602506,74.28810661822646,70.45348230318669,3
84.6256417094473,73.73265227667962,69.1906385430106,3
84.64564304286952,72.46610224979969,66.45980951380302,3
84.66564437629175,72.04370931414647,65.84593680202829,3
84.68564570971398,70.37330166544014,64.896314596946,3
84.70564704313621,68.56277836590071,66.13870443933509,3
84.72564837655844,67.9014981440646,62.99407436098467,3
84.74564970998067,68.23760663292292,62.386054912768344,3
84.7656510434029,66.46690425551265,60.89866274122148,3
84.78565237682511,63.764862107306975,55.95021654594365,3
84.80565371024734,61.42656693689186,55.93137546088294,3
84.82565504366957,59.93122125744534,52.640524052755104,3
84.8456563770918,57.07725523746787,51.82847040272538,3
84.86565771051403,56.1075005251007,49.740710348766925,3
84.88565904393626,52.91336436643013,47.85324592691798,3
84.90566037735849,51.78903678601472,44.60705279053369,3
84.92566171078072,50.63271012667547,42.46436681253623,3
84.94566304420295,47.799709438054634,38.97523487449954,3
84.96566437762517,46.26843277330156,39.81090802293542,3
84.9856657110474,45.522183571182794,37.60715400829618,3
85.00566704446963,40.363454231344946,33.685119932524934,3
85.02566837789186,40.55856397334412,31.0128569261657,3
85.04566971131409,36.59410316273392,28.229962838432833,3
85.06567104473632,35.75969254288465,27.518075768754983,3
85.08567237815853,33.01325332280006,25.29513606281609,3
85.10567371158076,29.420108014433524,23.091376747495307,3
85.12567504500299,28.49359756902973,21.922256729743868,3
85.14567637842522,27.542366829038404,21.377973070056743,3
85.16567771184745,23.432197496949378,18.12016811883223,3
85.18567904526968,23.347327422284692,15.043385114693303,3
85.20568037869191,22.08944680098901,14.004377142676946,3
85.22568171211414,19.824394968940272,14.34511460612374,3
85.24568304553637,18.535783718502543,10.981134905369561,3
85.2656843789586,16.05795897789516,9.6607597760504,3
85.28568571238083,14.336406981066895,9.182753986528137,3
85.30568704580305,13.294940099126675,7.5042285179597,3
85.32568837922528,11.898361351098352,7.517786341587768,3
85.34568971264751,11.013348612428421,4.852406965613166,3
85.36569104606974,11.750869482186058,5.577040868278693,3
85.38569237949196,9.377632510826908,3.618684051357451,3
85.40569371291419,8.240393533687758,3.72284459229653,3
85.42569504633641,6.781771982152813,5.4678551603181536,3
85.44569637975864,7.816655498001464,1.80744815640877,3
85.46569771318087,7.632110819215619,3.135664684931874,3
85.4856990466031,7.520943977271565,2.9451387817573993,3
85.50570038002533,5.303322438725719,2.7629848544760174,3
85.52570171344756,6.005418774226919,4.76328739244488,3
85.54570304686979,6.389363319649739,4.620411792281935,3
85.56570438029202,5.967268222116764,5.120236609846948,3
85.58570571371425,11.295930351285442,6.368328603110056,3
85.60570704713648,7.926396346674653,5.087854167039953,3
85.6257083805587,9.940260081878717,7.169896438826968,3
85.64570971398093,13.086672050356249,9.725863706289477,3
85.66571104740316,10.754160166569745,9.029256372450874,3
85.68571238082538,11.134566919764586,10.711362461310978,3
85.70571371424761,14.63031985585868,11.75557405440317,3
85.72571504766984,15.662222486484362,13.237004994100413,3
85.74571638109207,16.862501368874916,15.19882142477863,3
85.7657177145143,19.335071017031808,15.920710174429015,3
85.78571904793652,18.480147965850136,19.623577211437013,3
85.80572038135875,20.887769080083537,20.547570174485887,3
85.82572171478098,21.981098092626702,22.10323011585219,3
85.84572304820321,26.186175172660747,25.589038148242523,3
85.86572438162544,26.88018980057577,27.436143125398434,3
85.88572571504767,29.568842575442773,29.954353225443008,3
85.9057270484699,32.44396819431871,31.548703922789716,3
85.92572838189213,33.68028204835945,32.81328221413,3
85.94572971531436,34.9941519037987,33.931874880865074,3
85.96573104873659,39.044642556444344,37.32338006479402,3
85.9857323821588,39.5372995239743,37.46868377463238,3
86.00573371558103,42.110466931427794,40.35825202740126,3
86.02573504900326,46.40636193714119,44.16191443446769,3
86.04573638242549,47.237295666557564,46.465516527441096,3
86.06573771584772,48.767480597871874,49.66062917499163,3
86.08573904926995,51.78710943658753,49.9779050182952,3
86.10574038269218,54.53108371976354,52.2881164234449,3
86.1257417161144,56.63004971134059,56.10705455665982,3
86.14574304953663,58.631343714484004,57.309837131011314,3
86.16574438295886,59.41132265130863,58.707873858448025,3
86.18574571638109,61.64432100769594,60.511887790997534,3
86.20574704980332,61.725967122888726,62.65217606422815,3
86.22574838322555,64.27325590896862,62.83773710574187,3
86.24574971664778,65.78766921907051,64.86189099807319,3
86.26575105007001,68.2214224021116,65.07640355580152,3
86.28575238349222,71.04052078310686,68.38650585184854,3
86.30575371691445,71.04147987078846,68.0649506365122,3
86.32575505033668,72.27500781709125,67.3282145622357,3
86.34575638375891,73.15126657802267,69.97507777124183,3
86.36575771718114,74.74614476885314,72.18198698624671,3
86.38575905060337,74.56883745780186,72.08066507466988,3
86.4057603840256,77.08718009727305,70.09158828352669,3
86.42576171744783,74.85594074494279,71.49435132439959,3
86.44576305087006,77.6090612210757,72.37666791549438,3
86.46576438429229,76.1226100796832,72.45338757099546,3
86.48576571771451,75.76680783162669,71.4048206537332,3
86.50576705113674,77.11911024733637,71.96366944038238,3
86.52576838455897,76.9715864689478,71.32943940296785,3
86.5457697179812,76.94134392278579,72.1850722034537,3
86.56577105140343,75.45834278681289,73.45902314331418,3
86.58577238482565,75.41396336711524,68.43606950087754,3
86.60577371824787,74.08106282080186,69.6740889202824,3
86.6257750516701,73.65015554286647,68.35251719497644,3
86.64577638509233,74.31423420206794,67.6209812883457,3
86.66577771851456,72.12627973219037,65.2550919367003,3
86.68577905193679,70.43942155003619,64.01516751037428,3
86.70578038535902,70.41943717367,64.57448378363146,3
86.72578171878125,69.01440169573915,62.05946182280926,3
86.74578305220348,67.41003466530559,60.77894964765693,3
86.76578438562571,64.17710568195356,57.21712749849301,3
86.78578571904794,62.07427833160204,56.59519884281281,3
86.80578705247017,62.72907342666254,53.960724896962255,3
86.8257883858924,61.83651439526588,53.62138092510002,3
86.84578971931462,58.279704942586655,50.9208038925591,3
86.86579105273685,55.76504377347746,49.887575682140515,3
86.88579238615907,54.400972914919585,46.92201197586752,3
86.9057937195813,53.56492850488978,44.246986437853415,3
86.92579505300353,49.6235180772653,41.30221356572185,3
86.94579638642576,45.85478164921004,40.047819250544414,3
86.96579771984798,46.11345493992023,38.960727596049715,3
86.98579905327021,43.85071137419445,36.015426488118194,3
87.00580038669244,40.380123583605084,33.45971553924432,3
87.02580172011467,38.113083713352594,31.643599610750275,3
87.0458030535369,37.48601200984877,28.00214717228239,3
87.06580438695913,33.981218132919224,26.708279249505136,3
87.08580572038136,31.961098606558963,25.686582862609765,3
87.10580705380359,32.320773676656756,23.411621345618084,3
87.12580838722582,27.959965269539744,20.350113438623666,3
87.14580972064805,24.904793419060688,19.53073765473953,3
87.16581105407028,25.60549546230126,17.498704104606656,3
87.18581238749249,22.893749680871988,16.938996136177966,3
87.20581372091472,22.070200803364727,14.079782830157939,3
87.22581505433695,18.733558113157727,12.661433035339845,3
87.24581638775918,18.216219485596184,9.051876790714326,3
87.2658177211814,16.815716757504276,9.587889752296421,3
87.28581905460364,14.391876188704586,7.623381420514443,3
87.30582038802586,13.264120174020327,6.253786960397062,3
87.3258217214481,10.741917875642896,6.6064624470645095,3
87.34582305487032,10.20823361760324,5.205473556072819,3
87.36582438829255,9.975558838281518,4.410297729236226,3
87.38582572171478,10.060578098105045,3.0642108527141283,3
87.40582705513701,8.491336886403106,3.262199984412366,3
87.42582838855924,7.265359668602625,2.5759401537375637,3
87.44582972198147,7.319370751761177,3.3561369484841035,3
87.4658310554037,6.598662099558001,2.5842632577342552,3
87.48583238882591,5.597346533813638,2.1732838934020156,3
87.50583372224814,7.174624755927772,1.7152130459552082,3
87.52583505567037,7.553522764222604,3.53830008535968,3
87.5458363890926,5.949766047507477,2.988844088076264,3
87.56583772251483,7.57585169406764,3.5038069444607736,3
87.58583905593706,8.281599292457535,5.061244231537901,3
87.60584038935929,8.775003350662706,4.472129617977282,3
87.62584172278152,7.827333105825015,6.017327076994029,3
87.64584305620374,9.019184243400845,6.70315716314891,3
87.66584438962597,12.280866775757078,8.047973043109295,3
87.6858457230482,14.591409803997687,10.990254250303801,3
87.70584705647043,12.907710015020163,12.607433386393092,3
87.72584838989266,14.36923259424398,13.676578011870687,3
87.74584972331489,17.851409413363893,14.689880930111892,3
87.76585105673712,18.439222827429123,15.558534627762908,3
87.78585239015933,19.115094450128662,19.54216131088073,3
87.80585372358156,19.800467004158644,21.252071901084697,3
87.82585505700379,24.110447722901355,23.16852098942817,3
87.84585639042602,26.838243059822993,24.33769599968487,3
87.86585772384825,28.4154417810632,27.562995015074556,3
87.88585905727048,27.562034009797962,27.202132767310786,3
87.90586039069271,31.492702297100383,31.67723806217679,3
87.92586172411494,36.36451956267252,35.40446797101203,3
87.94586305753717,34.60329157962612,35.816945463558135,3
87.9658643909594,38.957968544088914,37.4136678074904,3
87.98586572438163,40.587002149191385,39.64333615870612,3
88.00586705780385,43.48516753807077,43.40688019955572,3
88.02586839122608,43.24835497866499,46.33919747567194,3
88.04586972464831,47.0741666284758,46.06826247404368,3
88.06587105807054,49.108943757054504,48.63188092715279,3
88.08587239149276,51.80086110516196,50.31062612653424,3
88.10587372491499,53.44835654021372,52.8869291560309,3
88.12587505833721,54.852106392686075,54.66328404898607,3
88.14587639175944,57.559605269697606,55.629141710613695,3
88.16587772518167,59.034334193511064,57.75903240949582,3
88.1858790586039,61.09102672150692,60.3591178835203,3
88.20588039202613,61.53312109721028,61.75196188118556,3
88.22588172544836,66.1427560697919,63.069873020064634,3
88.24588305887059,65.90761824626155,64.9663287349303,3
88.26588439229282,67.49372144250634,66.6510398575783,3
88.28588572571505,69.00877071165317,64.97180818636843,3
88.30588705913728,71.57189121360014,69.9552676319878,3
88.3258883925595,71.51028912798476,69.63421589173842,3
88.34588972598173,74.22045381281355,69.30190723047268,3
88.36589105940396,72.95516318753262,70.76298792842528,3
88.38589239282618,77.1815213776784,70.75260276482557,3
88.40589372624841,76.5311927854389,71.21203992574151,3
88.42589505967064,77.3387964438775,73.60326833277855,3
88.44589639309287,76.92608116545549,71.63786583638056,3
88.4658977265151,77.51739488416503,71.99092196868045,3
88.48589905993732,77.2899350664393,72.07045365574612,3
88.50590039335955,77.23946680777041,72.7363038214728,3
88.52590172678178,77.42420576680802,71.73872190446588,3
88.54590306020401,77.01472503446921,70.80445873051048,3
88.56590439362624,75.49736295127579,68.47535074301922,3
88.58590572704847,72.92472533576587,69.24654783559686,3
88.6059070604707,75.05879224680552,69.57307497456472,3
88.62590839389293,74.19305889069669,67.44043955171817,3
88.64590972731516,71.71302030429649,67.85148732439548,3
88.66591106073739,72.77746230533306,66.58174075385007,3
88.6859123941596,71.29201920740813,65.27946013968322,3
88.70591372758183,69.0858837508754,62.929123878337236,3
88.72591506100406,68.97729660208522,62.04291835558596,3
88.74591639442629,66.3379564591412,60.874694226066204,3
88.76591772784852,65.9594173947496,58.87609190734349,3
88.78591906127075,63.651673372655445,55.75782288000383,3
88.80592039469298,62.377664203650845,55.16615484641814,3
88.8259217281152,61.112353574433264,53.07284929763583,3
88.84592306153743,57.312583635094114,50.38936927303232,3
88.86592439495966,54.292870394759,47.44180382531863,3
88.88592572838189,54.283457350621774,46.725260600598986,3
88.90592706180412,51.11012334858929,43.71008749422277,3
88.92592839522635,49.09738240422289,42.02983548240251,3
88.94592972864858,49.62000699829043,40.048970551746216,3
88.96593106207081,43.81837581112477,39.924157761478774,3
88.98593239549302,43.353114409621924,36.549560113727786,3
89.00593372891525,41.323792653338884,33.9861376845457,3
89.02593506233748,38.149320102322655,31.54069540547919,3
89.04593639575971,37.22396563423968,27.789928457561125,3
89.06593772918194,33.91757606166577,27.427409306987006,3
89.08593906260417,33.579436900054134,23.43906326057731,3
89.1059403960264,32.38007029126919,23.302470338503927,3
89.12594172944863,28.244763693514088,21.222377993310445,3
89.14594306287086,25.365325748677304,18.567363694395745,3
89.16594439629309,24.3811798563619,16.928756871304774,3
89.18594572971531,22.465909820809806,15.151331390260934,3
89.20594706313754,21.359619447898513,14.44772881616239,3
89.22594839655977,18.948293189059,10.223036453685356,3
89.245949729982,16.807511463490798,10.247672681834176,3
89.26595106340423,17.002857629752857,10.284337868226853,3
89.28595239682645,13.951628921840129,7.445573727994755,3
89.30595373024867,12.964549278884665,7.459777771270579,3
89.3259550636709,12.218125498623763,7.502044052570596,3
89.34595639709313,10.177467203077725,5.463401905621869,3
89.36595773051536,10.992101866435975,6.073943674456055,3
89.38595906393759,10.219219591686686,5.272510486948689,3
89.40596039735982,7.9597799134221265,2.8921395511443695,3
89.42596173078205,7.68396698506464,4.192564044515805,3
89.44596306420428,5.612457886359401,2.622031595103371,3
89.46596439762651,6.900833593477154,3.091340802027704,3
89.48596573104874,8.304357410274626,3.677489111021036,3
89.50596706447097,5.936376058799769,3.2439598613492153,3
89.5259683978932,7.220561115750718,2.270666346512935,3
89.54596973131542,6.398841081643252,3.632680767605142,3
89.56597106473765,7.7951001556487665,4.348745616553593,3
89.58597239815987,7.978260484840941,6.58346532865686,3
89.6059737315821,7.5517571566138955,4.953546546090765,3
89.62597506500433,8.902456758674655,6.845198095891923,3
89.64597639842655,9.230196350372132,6.720515780136309,3
89.66597773184878,11.057584117760317,9.25301165669942,3
89.68597906527101,12.611519009254975,9.062169961150499,3
89.70598039869324,12.66230485897674,13.112580144581628,3
89.72598173211547,16.063664042649368,12.941828148594375,3
89.7459830655377,17.292330159643523,14.532428941806607,3
89.76598439895993,21.084624097522664,17.8396802467835,3
89.78598573238216,20.29354826905092,17.77384520111966,3
89.80598706580439,23.307011929066356,21.38088501805507,3
89.82598839922662,23.81117657800887,24.580885749368854,3
89.84598973264885,24.438919142731276,26.429034270700672,3
89.86599106607108,27.50732241141249,27.016346214368124,3
89.88599239949329,28.43872996484611,28.30676784386132,3
89.90599373291552,29.408098544714914,30.504994433745225,3
89.92599506633775,33.92601308152271,33.072579940953155,3
89.94599639975998,35.22998844299504,36.35071830589749,3
89.9659977331822,37.11392680917161,36.10568008801866,3
89.98599906660444,41.71382508176213,37.65057377045795,3
90.00600040002666,43.82347642876269,42.28081364174439,3
90.0260017334489,45.01244947560329,45.4301566919205,3
90.04600306687112,45.608008238202615,46.61806105121569,3
90.06600440029335,49.00562400005208,46.82776118277804,3
90.08600573371558,51.64970622374064,50.93311214466649,3
90.10600706713781,51.66860420801456,52.16309999544052,3
90.12600840056004,56.42956267882505,53.83069170695541,3
90.14600973398227,56.89886740630058,57.400387611125026,3
90.1660110674045,58.823669215109184,60.418912133337486,3
90.18601240082671,61.83621495153831,60.60754801158631,3
90.20601373424894,62.331408417922525,61.42210215491187,3
90.22601506767117,64.25798200522797,62.44101235507987,3
90.2460164010934,66.63110656703803,62.834838527441505,3
90.26601773451563,67.9757505042934,65.8594304171737,3
90.28601906793786,71.34391650092334,67.34272216310983,3
90.30602040136009,69.59877922232313,68.39951448134045,3
90.32602173478232,72.44013093550855,69.49123027532265,3
90.34602306820454,70.62926818536904,71.08114245616724,3
90.36602440162677,73.55837806082629,71.2766355658933,3
90.386025735049,74.2390408206278,71.0951261263325,3
90.40602706847123,75.7248185334504,71.80037055675652,3
90.42602840189346,77.55752897483768,73.84992986725258,3
90.44602973531569,76.46563482634716,75.12037250090633,3
90.46603106873792,78.19588583151348,72.2854932113419,3
90.48603240216013,78.31127178765888,72.05463983503721,3
90.50603373558236,77.91390067872226,71.10689372191658,3
90.52603506900459,77.31934513672648,73.01134634788023,3
90.54603640242682,76.3431717714435,72.7880699960738,3
90.56603773584905,77.26912749134395,70.54543132968028,3
90.58603906927128,75.9206843548337,72.45031263766722,3
90.60604040269351,74.78076928441908,68.8723850853342,3
90.62604173611574,76.04354147316607,67.76372797153259,3
90.64604306953797,72.88144598171688,68.92120445390228,3
90.6660444029602,72.40351998647486,67.55814481934196,3
90.68604573638243,71.53807335003633,65.57971239739229,3
90.70604706980465,69.51725268338657,62.291322603003685,3
90.72604840322688,69.05510386008932,63.087224198344344,3
90.74604973664911,66.86486571705902,61.22493807296893,3
90.76605107007134,65.00756569420275,57.32105320067526,3
90.78605240349356,64.60564334472345,57.13907878676111,3
90.80605373691579,61.240790354976255,54.199680634388876,3
90.82605507033801,61.08056790371098,53.651442825483876,3
90.84605640376024,58.2038032538827,51.39242756391706,3
90.86605773718247,56.16898041059572,47.38070933001935,3
90.8860590706047,53.951122805874085,46.899854191014626,3
90.90606040402693,52.21167917850196,43.5460357883112,3
90.92606173744916,50.40538278534059,43.15558994203891,3
90.94606307087139,48.20813711578671,40.809829091269265,3
90.96606440429362,45.36019728964166,37.30465354962396,3
90.98606573771585,43.993984449919104,35.22004140709984,3
91.00606707113808,42.620841330056194,34.22359594592693,3
91.0260684045603,38.50631386480052,30.249869145920233,3
91.04606973798253,36.473307761000825,28.546774191844882,3
91.06607107140476,34.52607242054964,26.827604094742064,3
91.08607240482698,32.234344851639506,23.968495921374764,3
91.10607373824921,30.866208651001585,23.123331773858634,3
91.12607507167144,27.197134489112997,21.125805760771197,3
91.14607640509367,26.33977848164667,18.894105807664182,3
91.1660777385159,24.462558734729487,16.512524074606265,3
91.18607907193812,21.414912193660616,15.233971885846772,3
91.20608040536035,21.67055194969641,12.275899060319574,3
91.22608173878258,19.630060125154255,11.30869070260243,3
91.24608307220481,17.935494054532057,10.36889247018609,3
91.26608440562704,15.096814510041769,10.35212895896385,3
91.28608573904927,14.398457876328346,8.72343832952396,3
91.3060870724715,12.363109593700091,8.478717854867169,3
91.32608840589373,11.672977038950924,6.672317608338755,3
91.34608973931596,11.979138223770958,5.564928995028527,3
91.36609107273819,10.094981864921806,6.4650077665640655,3
91.3860924061604,9.648405213847584,6.5930112847404985,3
91.40609373958263,10.1829493057737,2.126916441806616,3
91.42609507300486,6.654536340363421,4.379896386220026,3
91.44609640642709,5.3655128981935505,2.8409869245853843,3
91.46609773984932,6.026542623323358,2.4598984298915174,3
91.48609907327155,8.129206895026073,1.7647740800511467,3
91.50610040669378,5.771268488368869,3.2731367999107612,3
91.526101740116,6.989004696983856,4.7291220653857575,3
91.54610307353823,8.494655612413231,3.1203615786068526,3
91.56610440696046,7.4926154002327925,4.7699812001877895,3
91.58610574038269,7.88011396800676,6.237577019045723,3
91.60610707380492,8.804850314713374,5.856763955492083,3
91.62610840722715,10.116446708662894,6.629737461830844,3
91.64610974064938,10.320474489811046,9.749418473718109,3
91.66611107407161,11.142626496782832,8.201941781558364,3
91.68611240749382,14.578738469368298,11.481879678075817,3
91.70611374091605,16.48983789132734,13.259094741355089,3
91.72611507433828,16.021929459745678,13.63908581979082,3
91.74611640776051,16.30083512990581,15.937351937691385,3
91.76611774118274,18.61071192801368,17.851036316950417,3
91.78611907460497,22.026640606814233,18.854350962950278,3
91.8061204080272,20.07576128793019,21.07586674757164,3
91.82612174144943,24.32503868136809,22.321416780002473,3
91.84612307487166,28.07230244890945,24.15466541562017,3
91.86612440829389,27.997518722871465,27.669697673455243,3
91.88612574171611,27.979042741400974,30.584436968205907,3
91.90612707513834,34.36974599920789,29.090374750543308,3
91.92612840856057,35.22924680397589,34.312709405221476,3
91.9461297419828,35.851494042475935,34.360681688955765,3
91.96613107540503,40.473038854876826,35.637059328444096,3
91.98613240882725,42.089888053471874,39.46486375309226,3
92.00613374224947,42.28505867727962,40.69523280558921,3
92.0261350756717,44.8143721355478,45.48383198510083,3
92.04613640909393,47.90358089251262,45.10392210338798,3
92.06613774251616,50.725474247111,47.84197664746965,3
92.08613907593839,49.938501468280165,50.50341567304236,3
92.10614040936062,54.64951429066539,51.25599201239302,3
92.12614174278285,55.45177703070235,54.064023263011755,3
92.14614307620508,57.39276263471624,57.630787173427734,3
92.16614440962731,57.925072121770214,58.72824086552688,3
92.18614574304954,59.441653297292035,61.1125179787236,3
92.20614707647177,63.10294824878083,62.97626275696601,3
92.226148409894,64.58290457955275,62.670726858402084,3
92.24614974331622,66.729572994008,64.27793422248172,3
92.26615107673845,67.54771186516086,64.61507271727237,3
92.28615241016067,69.1572751184426,68.54305010995606,3
92.3061537435829,69.6906339789812,67.8886840934528,3
92.32615507700513,73.92066164275333,70.29843090525794,3
92.34615641042735,72.92962412806138,70.88566375042416,3
92.36615774384958,76.55886827502962,71.77339837807996,3
92.38615907727181,73.16339832425503,70.34155820847062,3
92.40616041069404,76.24579090394572,72.11753728346018,3
92.42616174411627,77.72160447767475,72.63838212564693,3
92.4461630775385,77.57017988535955,72.04133219996035,3
92.46616441096073,76.67841670233285,71.23979193438458,3
92.48616574438296,77.41436072383007,74.60718334955656,3
92.50616707780519,77.10049505782575,75.37552072067372,3
92.52616841122742,79.8333887073558,72.59460544658714,3
92.54616974464965,76.27829066915942,71.78158095143806,3
92.56617107807187,75.88183182060479,70.22642176545573,3
92.58617241149409,75.45630126492452,70.44722608600797,3
92.60617374491632,74.62845022022714,67.86810228149517,3
92.62617507833855,72.45093908183136,68.86992678165007,3
92.64617641176078,75.38978794534123,66.08477379225081,3
92.666177745183,72.05535141566233,68.16058059666129,3
92.68617907860524,71.30507130307187,65.9233295963794,3
92.70618041202746,71.38282608779495,63.12503692177827,3
92.7261817454497,67.99129019686602,62.460626824625415,3
92.74618307887192,68.56299949559411,61.01362690038426,3
92.76618441229415,63.900699367856674,59.57279787719256,3
92.78618574571638,61.511075989883686,56.186979283692345,3
92.80618707913861,62.11004379979563,55.146410432126935,3
92.82618841256084,60.51497587060962,52.59273774703415,3
92.84618974598307,58.57293487624099,51.85048326894328,3
92.8661910794053,57.0191394713787,49.04278865545541,3
92.88619241282751,54.781461846200685,46.54610160565893,3
92.90619374624974,51.42838018833232,44.888453596841046,3
92.92619507967197,50.17700953979704,43.14347245568218,3
92.9461964130942,48.865184781953104,42.19688095455855,3
92.96619774651643,45.16077235470707,37.94659222580186,3
92.98619907993866,43.77164498957508,36.20770150382461,3
93.00620041336089,40.157347713561236,31.17966870150414,3
93.02620174678312,39.195354958098086,31.2348429232498,3
93.04620308020534,37.1126822757211,28.915486451848157,3
93.06620441362757,34.861175867493394,26.544446294321265,3
93.0862057470498,33.18396020061561,23.27272293460515,3
93.10620708047203,29.566215039190084,23.578713899812225,3
93.12620841389426,27.31070755355198,21.79569755012606,3
93.14620974731649,26.473147889608818,16.40539304948511,3
93.16621108073872,25.282513793690043,17.376715983565408,3
93.18621241416093,23.10916606565623,14.182427757942431,3
93.20621374758316,19.217611618790798,13.7363964620228,3
93.22621508100539,20.126693198340654,12.126395649229067,3
93.24621641442762,18.123039032597518,10.656160142012585,3
93.26621774784985,17.29379430562189,10.314154094928151,3
93.28621908127208,13.772808760236247,6.87524137144326,3
93.30622041469431,13.940201484251157,8.10278587002979,3
93.32622174811654,13.225364212312442,5.742628355625198,3
93.34622308153877,10.040194456777868,5.33822460842946,3
93.366224414961,10.724787531439077,4.831263410999588,3
93.38622574838323,8.963378398260005,3.1861821087636755,3
93.40622708180545,8.861870006621999,4.689682703575734,3
93.42622841522768,8.805165126308156,4.683531772858569,3
93.44622974864991,6.401123169420588,1.5730472362546366,3
93.46623108207214,6.572117003088106,2.8860500260029864,3
93.48623241549436,8.51312337919592,3.007367425434717,3
93.50623374891659,5.925633640847259,3.6609264571427267,3
93.52623508233881,7.619583768602891,3.3558693508782005,3
93.54623641576104,6.580450666672296,4.442161217223625,3
93.56623774918327,7.714909562382675,3.31934445104845,3
93.5862390826055,7.530421595377611,7.59083702410458,3
93.60624041602773,7.236454403553818,4.778027105681852,3
93.62624174944996,10.084262064740596,6.146184672411406,3
93.64624308287219,9.232650633963964,7.401095907590756,3
93.66624441629442,11.585803348740285,9.379926437390667,3
93.68624574971665,13.734927759200716,10.202497362882557,3
93.70624708313888,13.894531290563611,11.637676124778967,3
93.7262484165611,16.64662345684069,13.058888469062595,3
93.74624974998333,17.23533587861311,15.093586008183477,3
93.76625108340556,18.035908239836107,16.186138996266425,3
93.78625241682778,20.426014993511785,16.355930134827048,3
93.80625375025001,22.649985198379316,20.59010050827885,3
93.82625508367224,24.047988686486843,21.890197521811125,3
93.84625641709447,24.444245636459563,26.023455207938,3
93.8662577505167,27.72245146299048,26.988447871059368,3
93.88625908393892,27.93958252391713,28.2715038597111,3
93.90626041736115,30.19701271005418,30.908538107783333,3
93.92626175078338,31.870503003945835,34.91734635648925,3
93.94626308420561,37.59246193433822,34.444721473534074,3
93.96626441762784,37.93846599742734,37.19080599727968,3
93.98626575105007,41.59089264466807,38.66608062244067,3
94.0062670844723,42.72159235603898,40.508476784269796,3
94.02626841789453,45.73640258168429,43.32799500065865,3
94.04626975131676,46.85885897826794,46.443525699307116,3
94.06627108473899,50.12604604210279,46.85620566469646,3
94.0862724181612,50.81910586737475,50.02828036013286,3
94.10627375158343,52.75564605781528,53.36366539554952,3
94.12627508500566,54.6332555285957,54.7638314204319,3
94.14627641842789,56.77987011232804,56.57712300314211,3
94.16627775185012,57.93632488268354,59.445294554144496,3
94.18627908527235,59.94050077930556,59.63440529419841,3
94.20628041869458,66.04555999606349,61.269740013981206,3
94.2262817521168,64.7351274650977,64.33631065510113,3
94.24628308553903,64.62186705769032,63.84138564877223,3
94.26628441896126,68.64557320031223,65.86282610801698,3
94.28628575238349,71.35713682709748,67.02308281216139,3
94.30628708580572,69.75254971917965,67.86190983388373,3
94.32628841922795,71.92757570582985,70.14056837126168,3
94.34628975265018,72.02488751323901,70.49039468789456,3
94.36629108607241,74.57550501211732,70.84476469252525,3
94.38629241949462,75.23483505888755,70.94207627469889,3
94.40629375291685,74.60503735698795,71.84878018572914,3
94.42629508633908,77.4520844090827,73.6983856268288,3
94.44629641976131,76.09201600614577,72.24070740090653,3
94.46629775318354,77.43629376587158,72.99200713895728,3
94.48629908660577,77.4047924684292,72.70979586385901,3
94.506300420028,76.20325916061579,73.41731720942856,3
94.52630175345023,76.48350830575869,70.18380757119384,3
94.54630308687246,76.90455417996951,72.29133276416543,3
94.56630442029468,77.48178856311165,69.25445253810987,3
94.58630575371691,75.22352987618011,69.89400491693566,3
94.60630708713914,74.27968093026435,70.02663662225288,3
94.62630842056137,76.97709071704936,68.00322913643654,3
94.6463097539836,73.71271324781706,69.57496543615785,3
94.66631108740583,73.68230996213062,66.23093306692594,3
94.68631242082805,71.60196519973738,64.29491450216872,3
94.70631375425027,69.7762323074006,64.55919671939652,3
94.7263150876725,67.96034517253412,62.51830678048509,3
94.74631642109473,67.76232765321906,60.73190970717098,3
94.76631775451696,64.20983536428712,58.399766543883054,3
94.78631908793919,63.66937220063252,58.104213526368426,3
94.80632042136142,61.278147638223444,54.60272699829914,3
94.82632175478365,60.56403612073021,52.67594916854433,3
94.84632308820588,57.55435805673281,52.179317268230875,3
94.86632442162811,56.60254568020125,50.49634839447351,3
94.88632575505034,56.02305574869559,47.563850142814736,3
94.90632708847257,50.134482724209825,44.44767367204674,3
94.9263284218948,49.068305358829846,41.520250325518376,3
94.94632975531702,47.95381893886744,39.33861179930672,3
94.96633108873925,46.23451686060563,34.72933006316359,3
94.98633242216147,42.46284798568998,35.79234315996719,3
95.0063337555837,42.83096451037359,34.52182312552026,3
95.02633508900593,38.80890791116941,30.684822762360152,3
95.04633642242815,38.799612246797544,30.093218979872713,3
95.06633775585038,36.007253639259865,28.33010142310477,3
95.08633908927261,31.548787620916503,25.031884649004343,3
95.10634042269484,31.32285621318308,23.04847962202862,3
95.12634175611707,28.14635112188969,20.47405187237251,3
95.1463430895393,26.695006357208186,19.304905521068818,3
95.16634442296153,23.424651844791168,17.4449948810451,3
95.18634575638376,22.738376240623964,14.796397979989685,3
95.20634708980599,21.600753453306144,13.934995455438283,3
95.22634842322822,18.548415126588328,11.949147123038236,3
95.24634975665045,17.449943571692685,11.16289040734823,3
95.26635109007267,16.900308779875672,9.78955209881187,3
95.28635242349489,14.728350638201782,7.8488562826345465,3
95.30635375691712,12.622649801407395,8.573565914858198,3
95.32635509033935,13.244155844963577,7.382801100976968,3
95.34635642376158,12.419311627825373,5.651745554147098,3
95.3663577571838,8.384489745705885,4.713816209613374,3
95.38635909060604,8.774928395425873,6.103314236665859,3
95.40636042402826,8.511914918002738,3.7088215183385067,3
95.4263617574505,6.495757200270558,3.6450069407772085,3
95.44636309087272,7.917891066084173,1.7879149954794695,3
95.46636442429495,7.845753292946742,1.6252399173610883,3
95.48636575771718,6.369287727964579,1.9727589331141708,3
95.50636709113941,8.150282030096472,2.907369251526613,3
95.52636842456164,6.669647155547902,1.8973681553577217,3
95.54636975798387,7.560072700698415,4.6349370716915335,3
95.5663710914061,7.342298588746473,3.3993187349615237,3
95.58637242482831,9.515772749100437,3.809032289572217,3
95.60637375825054,9.424919465061198,5.798635954524987,3
95.62637509167277,9.04134761371687,7.446045734060239,3
95.646376425095,11.94590058322278,6.3217045650656125,3
95.66637775851723,12.269325780096104,8.405797876118639,3
95.68637909193946,13.333016763667512,11.152290098480364,3
95.70638042536169,13.662451003554347,11.185059639014202,3
95.72638175878392,17.89032278392504,11.835230346681504,3
95.74638309220614,16.672664121831502,15.907461415205335,3
95.76638442562837,17.365012830065616,16.83968801321313,3
95.7863857590506,20.061478484553458,19.309853981246974,3
95.80638709247283,22.385741720799068,21.553709677512533,3
95.82638842589506,23.777179533923483,22.779283251713323,3
95.84638975931729,25.327921174220958,24.257670465325752,3
95.86639109273952,26.978745398458077,28.97261161450834,3
95.88639242616173,28.94066841617003,28.888073068868007,3
95.90639375958396,32.817134387676774,30.957977096976744,3
95.92639509300619,33.97903195493043,30.280041014621034,3
95.94639642642842,34.40756103772243,35.508646772858484,3
95.96639775985065,38.02227982851637,36.71582068448546,3
95.98639909327288,41.66423415985548,38.684450328785026,3
96.00640042669511,43.76211034847895,41.17878002164714,3
96.02640176011734,45.23605889387078,43.94117408528636,3
96.04640309353957,47.40390250244436,45.03848446351792,3
96.0664044269618,48.351594696990695,46.72232526663376,3
96.08640576038403,50.700919907631956,51.15823164775408,3
96.10640709380625,55.42255138726448,52.75413044507921,3
96.12640842722848,56.210570137345265,55.263954615656196,3
96.14640976065071,56.90662475066856,58.263971661263305,3
96.16641109407294,59.91706088635942,58.78377998544471,3
96.18641242749516,60.733278288435116,58.89382564794406,3
96.20641376091739,61.806533258534905,61.40777858552624,3
96.22641509433961,63.46751331958154,63.23084003877858,3
96.24641642776184,65.65810272467704,64.2594844424825,3
96.26641776118407,67.20845644633117,65.66048567471468,3
96.2864190946063,70.87863320875499,66.69839217252266,3
96.30642042802853,69.00324269111475,68.28465363324996,3
96.32642176145076,72.10288308589017,68.82893934987077,3
96.34642309487299,72.88086276212833,72.27117547652136,3
96.36642442829522,74.60589841368034,70.65012698957493,3
96.38642576171745,74.73004331959105,70.99911221556665,3
96.40642709513968,74.43079119831775,74.11836328945958,3
96.4264284285619,76.82250129351998,72.15757528092081,3
96.44642976198413,76.43078575339995,72.18293650807111,3
96.46643109540636,76.90688648882174,75.7276150020258,3
96.48643242882858,76.20019082961824,73.58311765942575,3
96.50643376225081,78.17193404867889,72.20750487207127,3
96.52643509567304,76.74600868343329,71.4804838582457,3
96.54643642909527,76.43157735312467,71.55565090341906,3
96.5664377625175,74.36843742084206,72.36432319758089,3
96.58643909593972,75.34439378220614,70.65541172642745,3
96.60644042936195,75.88378446734653,69.7341779415934,3
96.62644176278418,74.80799332068159,70.12173779101641,3
96.64644309620641,73.8651958313921,69.11768108489147,3
96.66644442962864,70.17930295493268,66.99298799487227,3
96.68644576305087,71.87657553395302,64.76458079309924,3
96.7064470964731,69.10539237879767,62.81737111771251,3
96.72644842989533,67.46731571700595,60.258711237020584,3
96.74644976331756,66.00747220915459,60.50567623609441,3
96.76645109673979,66.12911890689853,58.21161784892945,3
96.786452430162,64.3852881332662,56.508466475862804,3
96.80645376358423,62.58551011186609,56.053958222585315,3
96.82645509700646,59.05947825129091,53.05322511316652,3
96.84645643042869,57.376570431445764,50.12842117203104,3
96.86645776385092,56.2598993612559,50.17719698465095,3
96.88645909727315,54.95895940344562,47.231138849031026,3
96.90646043069538,51.69681889185866,46.72333882509775,3
96.9264617641176,50.23314045489992,41.81568001073654,3
96.94646309753983,46.660037004958426,41.468365524366156,3
96.96646443096206,45.87131254592931,36.76940968194029,3
96.98646576438429,45.31801569384811,34.505667600291346,3
97.00646709780652,40.4485893526714,34.779471508256464,3
97.02646843122875,39.128910450721314,31.909602440081848,3
97.04646976465098,36.5507741787961,28.263415552887004,3
97.06647109807321,35.64663087001077,27.952136034758045,3
97.08647243149542,33.05904719700245,24.770692421919943,3
97.10647376491765,29.51056826700386,22.770302316493954,3
97.12647509833988,28.294971132156483,22.139939999492974,3
97.14647643176211,26.157152352222806,19.85470944761642,3
97.16647776518434,22.164217993189272,18.629993535873044,3
97.18647909860657,23.343328887340316,15.212110167068762,3
97.2064804320288,19.26945381386111,14.759221091132641,3
97.22648176545103,19.077872639047715,12.206773384193404,3
97.24648309887326,17.80461988291994,12.562827018347344,3
97.26648443229548,13.526766596085924,9.751880133779913,3
97.28648576571771,14.661676670702377,9.010574809169885,3
97.30648709913994,12.893786076129583,7.692284192546501,3
97.32648843256217,12.303827548353809,7.11177021424932,3
97.3464897659844,11.920940567927946,4.98912107301153,3
97.36649109940663,10.288179003113411,5.300326190084294,3
97.38649243282885,8.44950319543857,4.604707665018568,3
97.40649376625107,8.125743966865972,3.380608059329647,3
97.4264950996733,8.876504034846228,4.9526840781637915,3
97.44649643309553,8.381143154927397,3.4146716608145318,3
97.46649776651776,7.004873920086414,0.3747899203666396,3
97.48649909993999,7.302440352415142,3.559631666032856,3
97.50650043336222,5.997160178193484,3.2888355023159583,3
97.52650176678445,6.795043945881843,3.167486555816886,3
97.54650310020668,8.219826121339905,3.97549130666276,3
97.56650443362891,8.676605892064996,4.993527883100146,3
97.58650576705114,8.117273365269515,3.4095698198270235,3
97.60650710047337,9.015875979995494,5.669121147528285,3
97.6265084338956,10.838050659996286,6.502131813345907,3
97.64650976731782,10.05566013826532,7.338788593911276,3
97.66651110074005,11.5917882512746,9.763702437452817,3
97.68651243416227,12.812341002161487,11.192910687944867,3
97.7065137675845,14.621168414897667,11.953491057052402,3
97.72651510100673,14.983266147364048,13.168496137425358,3
97.74651643442895,15.660072109577868,14.60346489831342,3
97.76651776785118,17.780740092893016,16.49151191208741,3
97.78651910127341,19.926657674163746,19.433637143153728,3
97.80652043469564,22.196644231279,22.11636794378549,3
97.82652176811787,24.833797836381148,22.448998179181338,3
97.8465231015401,24.75198701614785,25.698654053823038,3
97.86652443496233,27.10572038823117,27.350811682136225,3
97.88652576838456,29.980897640491207,30.476841203256654,3
97.90652710180679,33.10711311303595,30.670511462417966,3
97.92652843522902,33.284571582883665,33.70873288090564,3
97.94652976865125,36.51531344922868,36.25712456079322,3
97.96653110207347,38.34727128894725,37.37845163876289,3
97.98653243549569,39.348706255355395,40.348380835213845,3
98.00653376891792,41.66161528663105,40.540802627446794,3
98.02653510234015,47.10144008167206,45.8956567396326,3
98.04653643576238,47.401678767217376,46.833884767064646,3
98.0665377691846,47.76767696071888,48.658028607855286,3
98.08653910260684,51.76736970694138,50.36414821399466,3
98.10654043602906,52.2799709002731,52.91754676447572,3
98.1265417694513,55.61794707465505,55.30565164680453,3
98.14654310287352,57.16032269884356,58.03844782791765,3
98.16654443629575,59.43687570739403,56.21865745970509,3
98.18654576971798,62.621248762397016,60.21304443609182,3
98.20654710314021,64.54189489857403,61.371845878989895,3
98.22654843656244,65.88725582685143,62.95874689631507,3
98.24654976998467,66.02039053861768,65.7677168476389,3
98.2665511034069,67.28986442026532,67.66930482841178,3
98.28655243682911,70.62991930503684,67.09993819204966,3
98.30655377025134,71.23151571320184,69.5213717157835,3
98.32655510367357,71.29756279143969,69.81463271614228,3
98.3465564370958,72.94406650650019,69.28423811264952,3
98.36655777051803,74.50940732939235,71.30382395751292,3
98.38655910394026,73.52206135330596,70.32992939556456,3
98.40656043736249,75.21933668099183,72.99679688043402,3
98.42656177078472,73.28010815768928,71.86866904582185,3
98.44656310420694,75.47544784695224,71.72228379907506,3
98.46656443762917,74.47286100279815,71.16686801424758,3
98.4865657710514,79.95431478239803,73.54249686681322,3
98.50656710447363,76.5756876972795,73.35296725697722,3
98.52656843789586,75.24133389268424,73.50742774454858,3
98.54656977131809,77.74624510490726,71.34364282040467,3
98.56657110474032,76.66564494184524,70.46925153972641,3
98.58657243816253,75.07276432114335,72.72396970418997,3
98.60657377158476,74.99194422300029,70.03899865930995,3
98.62657510500699,75.89891432841837,68.11538290545053,3
98.64657643842922,72.51177682105731,68.74312099403173,3
98.66657777185145,72.6445452066616,65.2451441433687,3
98.68657910527368,71.08183783424347,64.78863843460601,3
98.70658043869591,69.73312798559223,65.77057017054433,3
98.72658177211814,67.13044292036133,61.33761948460063,3
98.74658310554037,68.7911609013358,60.3299791690402,3
98.7665844389626,66.34797112283074,58.06107685913047,3
98.78658577238483,62.54757619375064,58.94723158672098,3
98.80658710580705,60.18414926107713,53.46572978937812,3
98.82658843922928,59.936007615695004,51.23262387697092,3
98.84658977265151,60.20851215583868,49.831945773860824,3
98.86659110607374,54.647174806355174,49.07204972391042,3
98.88659243949596,53.64869829060382,46.57734114477884,3
98.90659377291819,50.36558533900134,44.04623273348526,3
98.92659510634041,47.958140316831816,44.34608898344775,3
98.94659643976264,47.183060484684184,40.93418334010034,3
98.96659777318487,45.487779315160054,37.75008826293561,3
98.9865991066071,42.65095792727203,35.43622408559266,3
99.00660044002933,40.77381608310939,32.97819744665423,3
99.02660177345156,40.59630105610015,32.5308913597452,3
99.04660310687379,35.37195422269559,28.637852971387943,3
99.06660444029602,34.19918038182473,26.804227960003537,3
99.08660577371825,33.845955694427886,26.012178373634967,3
99.10660710714048,30.6441591279372,22.760348560912462,3
99.1266084405627,29.387879652016114,21.256636985365045,3
99.14660977398493,29.074049635797373,20.58861153971141,3
99.16661110740716,24.332773668319984,17.439234067239873,3
99.18661244082938,23.75809517648429,17.83810029049775,3
99.20661377425161,20.141711469510106,14.530468853082093,3
99.22661510767384,18.566279796680693,11.249626129200399,3
99.24661644109607,16.493398978150182,11.956872521941612,3
99.2666177745183,16.64300468322317,7.291524795745881,3
99.28661910794052,14.538115129231501,6.951624314282306,3
99.30662044136275,12.48935837929458,8.220860361875207,3
99.32662177478498,12.274725048938533,7.70606645154569,3
99.34662310820721,12.743158288727527,6.867846751647431,3
99.36662444162944,10.50568962772413,5.312952622413203,3
99.38662577505167,10.101417451472454,4.796142070627063,3
99.4066271084739,7.944552035198288,2.9251289395574394,3
99.42662844189613,8.522042655507168,3.1404459584253894,3
99.44662977531836,7.223468731771885,1.9651135715355996,3
99.46663110874059,6.165296781936732,1.699029252448472,3
99.4866324421628,7.2163571578567405,1.7874113712078519,3
99.50663377558503,9.043943384112925,3.4922555849861725,3
99.52663510900726,6.743494045840643,2.379610129197821,3
99.54663644242949,7.031793250256456,4.020011353405367,3
99.56663777585172,6.39826742375724,3.530979234321569,3
99.58663910927395,8.337601775817612,7.373088240275524,3
99.60664044269618,8.01128411030981,6.956781780594044,3
99.6266417761184,8.705105502456917,6.8565869504895876,3
99.64664310954063,12.271062670155073,6.683966025497833,3
99.66664444296286,11.807223465686347,8.990366501883653,3
99.68664577638509,12.538690868990923,9.687732365652879,3
99.70664710980732,15.400511281353477,10.652249210859669,3
99.72664844322955,13.730265686965918,13.587076130040277,3
99.74664977665178,14.962233961394851,16.146361325992135,3
99.76665111007401,17.858868923612295,17.554713101650442,3
99.78665244349622,20.692034949903434,19.136766413942755,3
99.80665377691845,21.50575955520189,20.676220412758983,3
99.82665511034068,25.55954998064043,23.314487452140465,3
99.84665644376291,24.62291889893741,24.596097554955957,3
99.86665777718514,27.656237028187718,25.066754405177715,3
99.88665911060737,29.93248300800235,29.24429956959203,3
99.9066604440296,32.069783632893504,33.147044451519996,3
99.92666177745183,34.14323056913358,34.06872306982606,3
99.94666311087406,34.915293113691405,35.18381021516341,3
99.96666444429628,38.27073901906287,36.237671043217716,3
99.98666577771851,39.827008368706544,41.09244483716066,3
100.00666711114074,44.341231228763974,41.184338023198876,3
100.02666844456297,44.82694797531367,46.411476105919604,3
100.0466697779852,48.004308021786784,46.600074963490336,3
100.06667111140743,49.76395779411285,47.73174779193435,3
100.08667244482965,51.719231098995984,49.96410697433397,3
100.10667377825187,55.49669841169087,52.36534347994866,3
100.1266751116741,56.23321953308052,52.92617776432965,3
100.14667644509633,55.93772426151855,57.41543102768287,3
100.16667777851856,59.42885667080388,58.26651789570355,3
100.18667911194079,62.915581554044124,60.54696520511761,3
100.20668044536302,63.606455347499676,62.020981977543364,3
100.22668177878525,65.50831447921114,64.12328139064809,3
100.24668311220748,66.069207168714,64.75767914366767,3
100.2666844456297,66.16340433334506,65.33500224958453,3
100.28668577905194,70.29274553511365,68.68328880209391,3
100.30668711247417,69.215727372899,69.80862625118058,3
100.3266884458964,71.85978516767976,68.89499027552507,3
100.34668977931862,72.8704082472798,70.99216028203527,3
100.36669111274085,75.62512875438097,71.93979466605381,3
100.38669244616307,75.1994577461803,71.89223554600882,3
100.4066937795853,77.19468051605674,70.96297850829784,3
100.42669511300753,77.41279597165267,71.70432678420205,3
100.44669644642975,75.02929309977569,74.3203217863133,3
100.46669777985198,76.23241251754457,71.86437309211108,3
100.48669911327421,78.23594783982102,69.9144956901816,3
100.50670044669644,78.03170780046696,72.95001104272318,3
100.52670178011867,76.3355675211034,73.54919600646942,3
100.5467031135409,76.41779503646497,72.21067477123711,3
100.56670444696313,74.98371093052968,68.6366247402655,3
100.58670578038536,78.79478862948056,70.72829433863708,3
100.60670711380759,76.60286736022402,69.43123274917008,3
100.62670844722982,73.86369869459665,66.62817113473089,3
100.64670978065205,72.12120506668141,67.52856283229976,3
100.66671111407427,71.6311797331935,66.59521670019039,3
100.68671244749649,71.04986230977849,66.61289837607468,3
100.70671378091872,70.05307832360066,62.824004250004386,3
100.72671511434095,67.73092791226905,62.399308477070164,3
100.74671644776318,68.47256770481103,59.78514769463199,3
100.7667177811854,65.71936505664748,58.64470382588938,3
100.78671911460764,64.99301749843548,57.09084449263055,3
100.80672044802986,61.23785325288756,56.08045767289267,3
100.8267217814521,60.40014076327185,52.78263695126162,3
100.84672311487432,56.41379497157826,50.11625860239006,3
100.86672444829655,57.38155930154777,51.06199628204696,3
100.88672578171878,53.774548988785035,46.473534432833574,3
100.90672711514101,50.193422408526644,44.85172841814994,3
100.92672844856324,49.55664316331603,42.86865947571897,3
100.94672978198547,47.613100142417025,41.23236258702218,3
100.9667311154077,46.18289487036396,38.80925059579336,3
100.98673244882991,45.122703467722715,36.02627446556462,3
101.00673378225214,41.56720495691953,33.76585001566336,3
101.02673511567437,38.258646937820345,31.80185735514841,3
101.0467364490966,35.47642753471482,29.155557983221648,3
101.06673778251883,34.13633659394561,27.129923964136495,3
101.08673911594106,32.53376570062464,24.32566320550184,3
101.10674044936329,29.25264964456803,23.47353219736335,3
101.12674178278552,27.08803851283638,21.700756563326703,3
101.14674311620774,25.448242105912055,17.833708359048185,3
101.16674444962997,25.44764664899907,17.126680319649175,3
101.1867457830522,22.398666417319372,14.835556472128523,3
101.20674711647443,21.66323198129253,14.49368811959819,3
101.22674844989666,18.436552571446022,13.153049588208143,3
101.24674978331889,18.38362943753751,11.747929676573023,3
101.26675111674112,14.44091134301283,8.925772540058492,3
101.28675245016333,15.984847750379176,8.857341799327939,3
101.30675378358556,13.355086794495138,6.992626117490059,3
101.32675511700779,12.42556265119256,4.34463935417438,3
101.34675645043002,11.207523553716305,4.959132886874909,3
101.36675778385225,9.619346853609095,4.192405639236668,3
101.38675911727448,9.642722092835639,4.446818442028672,3
101.40676045069671,8.602247914824659,5.194431698413084,3
101.42676178411894,6.858159450424006,1.2845567421196624,3
101.44676311754117,6.826143436460973,3.115569611877411,3
101.4667644509634,7.266893286828338,2.2825359964004335,3
101.48676578438563,6.061796770212555,2.7847778623650687,3
101.50676711780785,6.707579809901447,3.0820988684886843,3
101.52676845123008,7.866991611291523,3.1304527063398226,3
101.54676978465231,6.35035885616157,3.701399958743433,3
101.56677111807454,8.392110566045428,2.8865100925131415,3
101.58677245149676,7.827639340700424,5.9942619665581915,3
101.60677378491899,8.09797645341711,4.794958381861848,3
101.62677511834121,7.811715255345657,7.30294708618799,3
101.64677645176344,12.186831321383476,9.284432975944899,3
101.66677778518567,11.17832318832478,8.99215665782146,3
101.6867791186079,12.823876204299738,10.300936559765647,3
101.70678045203013,14.73566561996695,11.706517145829185,3
101.72678178545236,14.844897859087613,14.557934349919295,3
101.74678311887459,16.550494623398446,13.71044420347955,3
101.76678445229682,17.48539500652224,18.66651047292234,3
101.78678578571905,20.955041041225233,17.276063294478732,3
101.80678711914128,20.59597722163875,21.340775446219368,3
101.8267884525635,24.02396076761946,22.855640336013032,3
101.84678978598573,24.800637478693496,23.51588399459617,3
101.86679111940796,28.26267855351996,27.47868945131852,3
101.88679245283018,30.096655146533184,29.247915281285586,3
101.90679378625241,32.409078793260655,31.023051418518435,3
101.92679511967464,33.28995161304578,30.492859462841174,3
101.94679645309687,35.95406508998905,38.06002619592097,3
101.9667977865191,38.793060595488924,37.499360788686324,3
101.98679911994132,42.77723670404558,39.990814092416926,3
102.00680045336355,42.894690769414304,43.040512205639935,3
102.02680178678578,44.69293673963632,44.55298965660661,3
102.04680312020801,45.702955335213815,45.08419122105659,3
102.06680445363024,49.94162823561205,48.57440531210549,3
102.08680578705247,51.61459221712995,49.51030461181924,3
102.1068071204747,52.95397098317268,51.58133249030417,3
102.12680845389693,56.56531688496653,53.75344760790295,3
102.14680978731916,56.70759788849415,57.30972180996413,3
102.16681112074139,60.260229938396094,60.13924671979998,3
102.1868124541636,61.58151570227025,61.60817077539498,3
102.20681378758583,60.97138418386733,62.830003290755684,3
102.22681512100806,65.12452078314769,63.297910671807365,3
102.24681645443029,67.77061485237446,64.45868406455037,3
102.26681778785252,68.40431574606761,64.33830444304313,3
102.28681912127475,70.97482332924938,68.49221832664703,3
102.30682045469698,70.867529571874,68.82693923521711,3
102.3268217881192,71.25959954490581,70.31092505510884,3
102.34682312154143,73.13172049411644,68.95771116445546,3
102.36682445496366,73.49929904128675,71.92565527245306,3
102.38682578838589,75.55937738155227,71.08211071465817,3
102.40682712180812,77.10226398367021,73.0646951101569,3
102.42682845523035,75.88417067824045,72.54056761898234,3
102.44682978865258,76.01971397962326,72.88612590088948,3
102.46683112207481,76.26293187540567,73.02393265052228,3
102.48683245549702,77.50654877186402,72.36414004037512,3
102.50683378891925,77.46854445144292,73.29371225804191,3
102.52683512234148,78.94567752581281,72.89915122075627,3
102.54683645576371,77.02194743412633,73.83576473419458,3
102.56683778918594,75.81236441968012,70.74486797791381,3
102.58683912260817,76.55851772206225,70.05777151532622,3
102.6068404560304,73.7248601778418,69.04018049433532,3
102.62684178945263,74.25660674957926,68.85666810393496,3
102.64684312287486,71.70495384420815,67.65210753115514,3
102.66684445629708,71.94402078015757,64.13836305475856,3
102.68684578971931,69.54605743697373,64.21960293675959,3
102.70684712314154,67.77878699989537,66.0390663384475,3
102.72684845656377,69.5570694134763,62.7950686699135,3
102.746849789986,66.22232103603153,61.46982424448572,3
102.76685112340823,67.54878353607225,59.54297109482744,3
102.78685245683045,63.95306296445673,56.93984335835094,3
102.80685379025267,62.5857922912824,56.429768153551045,3
102.8268551236749,60.276744236500384,51.60163399704304,3
102.84685645709713,60.04432259198487,51.32652345898769,3
102.86685779051936,57.63433394371419,48.986631912965564,3
102.88685912394159,52.602140300252174,47.32022580149928,3
102.90686045736382,54.5234208316977,45.397848154000734,3
102.92686179078605,49.917762727179436,42.873084513457364,3
102.94686312420828,48.66649688203755,40.759693870230656,3
102.9668644576305,45.29657458162831,37.513309266499014,3
102.98686579105274,43.821308695715835,33.671564596987324,3
103.00686712447497,40.763344453381436,33.29477003352551,3
103.0268684578972,37.817802210989534,31.446751606466353,3
103.04686979131942,36.306175753684975,30.231162216932205,3
103.06687112474165,35.25994215277803,27.242290647606758,3
103.08687245816387,33.01096271052236,24.26799920561293,3
103.1068737915861,28.644777963430215,23.375234400836543,3
103.12687512500833,30.250440726867296,21.439972716101384,3
103.14687645843055,26.841509129908758,20.115103834635097,3
103.16687779185278,23.904719358605586,18.23926065855043,3
103.18687912527501,20.7251568714593,15.393365327489322,3
103.20688045869724,19.746058325958145,13.742086568706274,3
103.22688179211947,18.488002197708717,11.049211634232076,3
103.2468831255417,16.715402054114808,11.136664640001042,3
103.26688445896393,17.83210196303227,10.01641626372636,3
103.28688579238616,14.336142093835695,8.239868933759647,3
103.30688712580839,14.356919247632934,8.295575189161731,3
103.32688845923062,12.12393737439906,6.159669383092006,3
103.34688979265285,12.268128141860663,6.501786827341194,3
103.36689112607507,10.689266424316068,4.389839966038834,3
103.38689245949729,7.956175157960288,3.5928445551140324,3
103.40689379291952,9.10064897154283,2.2382913083669584,3
103.42689512634175,5.932324904349118,3.0545969501322157,3
103.44689645976398,9.729752422944433,1.2916517570332462,3
103.4668977931862,8.106863858014227,3.8350651997108054,3
103.48689912660844,7.102864465109051,2.2243117469442604,3
103.50690046003066,6.88486793260648,1.7512179280793094,3
103.5269017934529,6.4691761891430435,4.705134350183988,3
103.54690312687512,6.63183827929283,2.881802201479924,3
103.56690446029735,9.48655316546287,3.6761772772159005,3
103.58690579371958,8.952288049700844,7.576587100533127,3
103.60690712714181,9.109622294770512,5.178562452610083,3
103.62690846056404,10.071408009106458,6.280598391092971,3
103.64690979398627,10.325362284544102,10.288823971647082,3
103.6669111274085,10.261995155884104,11.768208136771413,3
103.68691246083071,12.770549376837963,9.244537020036136,3
103.70691379425294,15.567195394864074,11.640691453600377,3
103.72691512767517,16.186260939982983,14.458251167820181,3
103.7469164610974,16.24140730027646,17.881171272061906,3
103.76691779451963,17.6562723964061,17.986672696750887,3
103.78691912794186,18.790105065191064,18.76902259653566,3
103.80692046136409,21.02291141845656,20.59617612638328,3
103.82692179478632,23.308427055670844,21.34213083553176,3
103.84692312820854,26.202723817802138,24.94975388402201,3
103.86692446163077,27.563772965217346,27.604168198715428,3
103.886925795053,29.23529676567265,28.612949707788765,3
103.90692712847523,30.00068687559468,30.788779161696475,3
103.92692846189746,34.01124379685253,34.7968764753063,3
103.94692979531969,36.33092304319394,34.21569054512349,3
103.96693112874192,36.86140781195421,38.17836176720459,3
103.98693246216413,41.43835687437153,39.680433445553504,3
104.00693379558636,43.292174341169016,40.5503908401757,3
104.02693512900859,45.00247855419274,46.44971249725337,3
104.04693646243082,48.00127276184752,46.103515252214756,3
104.06693779585305,49.91423296140301,47.17875701743262,3
104.08693912927528,52.14311942550796,50.802021381709245,3
104.10694046269751,51.18030181663728,52.43809024966053,3
104.12694179611974,55.700012205131024,53.540307869778516,3
104.14694312954197,57.96308529925663,56.84153304481603,3
104.1669444629642,61.274080045702796,58.042259219772994,3
104.18694579638642,61.719644777593416,59.23226400790602,3
104.20694712980865,62.41571692771323,61.07749451732003,3
104.22694846323088,65.79862606010978,63.501934910106954,3
104.24694979665311,67.7588677613265,63.97870053405931,3
104.26695113007534,67.23739273869623,66.74631768754017,3
104.28695246349756,71.32639874623769,68.4665182664334,3
104.30695379691979,71.36926645161229,66.79694164680139,3
104.32695513034201,70.6267068488786,70.33459528548303,3
104.34695646376424,71.65254843927661,70.05860716759543,3
104.36695779718647,75.02286066680747,70.01699820315675,3
104.3869591306087,75.45764422897642,71.14319901509138,3
104.40696046403093,74.08202966461799,71.67102946871906,3
104.42696179745316,75.78722951392524,72.67089680145699,3
104.44696313087539,76.82935893757691,71.09396709323839,3
104.46696446429762,77.402425732077,71.8252619580381,3
104.48696579771985,75.69694712537157,72.35603755018788,3
104.50696713114208,77.8468447163598,71.60712943093085,3
104.5269684645643,78.05372490464168,71.368873206088,3
104.54696979798653,76.58988300341858,69.70122481700739,3
104.56697113140876,76.73470104764502,70.60343092106886,3
104.58697246483098,77.34489598633441,70.70926917248686,3
104.60697379825321,76.26770933544147,68.11370039065068,3
104.62697513167544,73.57118214252743,69.5969034673965,3
104.64697646509767,75.14565735112036,67.33681839449372,3
104.6669777985199,73.86577718792914,67.45539592713057,3
104.68697913194212,70.72878740333324,66.03991023288194,3
104.70698046536435,68.80259156979585,61.907806705597075,3
104.72698179878658,67.3047796876665,60.92767497284457,3
104.74698313220881,66.4164213069302,61.01255844845873,3
104.76698446563104,64.6251360649628,55.72510409026243,3
104.78698579905327,64.40829229784318,54.03002002975002,3
104.8069871324755,62.898283026213214,54.77964066938848,3
104.82698846589773,60.4103272772173,54.53596772443111,3
104.84698979931996,57.7770539027898,50.52842232489076,3
104.86699113274219,55.29612454994501,47.99290385681032,3
104.8869924661644,54.27242694825775,47.1838427619209,3
104.90699379958663,54.371368570417076,44.7330039262791,3
104.92699513300886,49.91549265944608,41.38017236114077,3
104.94699646643109,49.08511479430117,41.065403973281924,3
104.96699779985332,45.024735537573996,38.98247335129512,3
104.98699913327555,45.45447199379747,35.377231563847374,3
105.00700046669778,42.14630316868493,33.82609148182733,3
105.02700180012,40.4155357993582,29.932436291917057,3
105.04700313354223,38.172540338116576,29.582104661411567,3
105.06700446696446,36.21241776812947,27.090319580201953,3
105.08700580038669,31.33306985379641,24.70124813834181,3
105.10700713380892,33.141626568285275,22.98666623209921,3
105.12700846723115,28.620178521039655,21.01922437371138,3
105.14700980065338,26.758818651932337,21.51768844750215,3
105.16701113407561,25.449400275589266,17.195485616778342,3
105.18701246749782,23.291635326929715,14.462945893100148,3
105.20701380092005,22.260275767786034,15.55727565495056,3
105.22701513434228,18.65850704085471,13.132737123423796,3
105.24701646776451,17.157515865033233,10.018391624192734,3
105.26701780118674,16.81968338540908,8.033552961632894,3
105.28701913460897,13.646314541072854,8.893341479794424,3
105.3070204680312,13.60759452445283,7.925751339202622,3
105.32702180145343,13.106409552610971,5.249801246359939,3
105.34702313487566,10.214979264540602,5.486704531021961,3
105.36702446829788,8.706575566403348,3.643578330738488,3
105.38702580172011,8.002681715667066,4.602214419922858,3
105.40702713514234,9.252383002999746,3.337728158297954,3
105.42702846856457,7.4653550089562986,2.895470253956291,3
105.4470298019868,5.9791075532789755,3.005610742871463,3
105.46703113540903,7.542193899854858,2.7595077404764563,3
105.48703246883125,7.612482980080058,4.40643336653397,3
105.50703380225347,8.59080903887277,1.1248107350447512,3
105.5270351356757,9.080161049283133,3.3740653854342635,3
105.54703646909793,6.938994372470208,3.3577154165026477,3
105.56703780252016,5.844936817357925,6.720985258656659,3
105.58703913594239,8.239267643580552,5.698728185731939,3
105.60704046936462,9.068830149508845,5.52609113625482,3
105.62704180278685,10.037794171870948,5.4536493817562715,3
105.64704313620908,10.103569683715829,8.333408196908971,3
105.6670444696313,10.672436405510416,9.238813157609734,3
105.68704580305354,12.149881319228262,10.44939152315966,3
105.70704713647577,15.531638547814445,13.101575589438971,3
105.727048469898,15.057668655611478,13.64359963363517,3
105.74704980332022,17.37453189489089,15.0172214121746,3
105.76705113674245,18.96502476524423,17.18020825230833,3
105.78705247016467,21.91226558092787,19.426430559417053,3
105.8070538035869,21.76245033525798,22.097635226341318,3
105.82705513700913,24.982305502139805,21.98795973773147,3
105.84705647043135,25.404920323568675,23.741093055480015,3
105.86705780385358,27.02152413323853,26.56998893657568,3
105.88705913727581,30.206773277985455,28.88665007449166,3
105.90706047069804,32.055869360258676,31.37105477235957,3
105.92706180412027,33.87042098580622,36.80782703901161,3
105.9470631375425,33.803012041557785,35.09541827682421,3
105.96706447096473,38.581700566092636,38.58373805301121,3
105.98706580438696,40.814470449741144,38.29507187363562,3
106.00706713780919,42.50035311592361,41.54540470874259,3
106.02706847123142,47.04741419501687,43.62831948500442,3
106.04706980465365,46.65822566755783,46.446142375898816,3
106.06707113807587,48.151408791166695,49.925218203325876,3
106.08707247149809,51.96781490786156,49.91879513244294,3
106.10707380492032,55.124335790682416,52.21088531237076,3
106.12707513834255,54.07226655648744,55.06481450505754,3
106.14707647176478,58.877057958278066,56.444629766618064,3
106.167077805187,61.37683381887675,58.18311282798543,3
106.18707913860923,60.05824968705163,61.53279791649599,3
106.20708047203146,63.579488154726675,61.73006977215463,3
106.2270818054537,65.76012335475967,61.78685534522138,3
106.24708313887592,66.1483396692547,65.47277263622388,3
106.26708447229815,66.63990765653269,66.46956150295213,3
106.28708580572038,68.33728505365784,68.74933527194044,3
106.30708713914261,72.0934746732939,68.74562433979688,3
106.32708847256484,72.17555606714926,68.44852373626576,3
106.34708980598707,71.43615624122157,70.0487005650709,3
106.3670911394093,73.70582876289677,71.07753882908136,3
106.38709247283151,75.387725267576,71.05231745925333,3
106.40709380625374,76.14157822292593,70.43064426825568,3
106.42709513967597,74.7062068293429,71.71067107307964,3
106.4470964730982,75.69220966266654,72.18165132682724,3
106.46709780652043,77.79707593889034,72.49476517765096,3
106.48709913994266,75.01456372901335,73.83983208711498,3
106.50710047336489,76.50526874261067,73.12849143967561,3
106.52710180678712,77.0217407651611,71.44126982196782,3
106.54710314020934,78.12943641318775,72.34896130739935,3
106.56710447363157,76.8783248448621,70.4535733180133,3
106.5871058070538,75.58684189187998,69.99424894807713,3
106.60710714047603,75.4193174129794,71.34595756418301,3
106.62710847389826,74.40842815463023,68.53479437033788,3
106.64710980732049,73.45324962813245,66.89070280973763,3
106.66711114074272,71.41043240915458,66.89688527653796,3
106.68711247416493,71.05957608008673,64.66282617143983,3
106.70711380758716,67.14861178360603,63.49919324194611,3
106.72711514100939,68.57621885091355,64.04573787328832,3
106.74711647443162,67.83289360504467,58.834840710083974,3
106.76711780785385,65.09412408355954,59.49403079962777,3
106.78711914127608,62.87100322257041,56.82409323637071,3
106.80712047469831,61.5562631364595,55.172401992371256,3
106.82712180812054,60.49543296809104,51.69322439239661,3
106.84712314154277,59.26982049309258,50.767890812240104,3
106.867124474965,57.68692026111954,49.46881443256425,3
106.88712580838722,54.080219373642684,46.25905033455264,3
106.90712714180945,50.292595948982466,44.09321195214551,3
106.92712847523168,50.059251649847766,41.40289303164387,3
106.94712980865391,49.47937745126424,42.0107618031284,3
106.96713114207614,43.794905576783655,38.26736719764854,3
106.98713247549836,42.992612329503224,35.17241422715769,3
107.00713380892059,42.60795168020271,33.78817273933255,3
107.02713514234281,38.28706994321038,33.16611003581779,3
107.04713647576504,34.817037302440085,29.674593958795178,3
107.06713780918727,34.87232873769171,26.727243017835455,3
107.0871391426095,32.22118419237602,25.182905208975654,3
107.10714047603173,29.853696894199384,24.331115618536305,3
107.12714180945396,27.602389891922133,20.94023324848651,3
107.14714314287619,25.79772958465942,20.771816532449186,3
107.16714447629842,24.2102244077402,17.759418944073683,3
107.18714580972065,23.67427966291901,15.926717606610364,3
107.20714714314288,21.01617883677944,12.752567661065887,3
107.2271484765651,18.726851084459536,13.059653399119698,3
107.24714980998733,17.214663707219724,10.236672604029522,3
107.26715114340956,16.980322309649512,8.573012453633215,3
107.28715247683178,14.305998288502792,8.369124852157658,3
107.30715381025401,12.574026552657955,6.567142411562979,3
107.32715514367624,9.644172426704397,6.414224797559722,3
107.34715647709847,10.565651019805205,5.630728958146066,3
107.3671578105207,9.847806580626244,3.905841600598813,3
107.38715914394292,11.000692397844405,2.8754457926285446,3
107.40716047736515,9.369904816415334,3.199096036152111,3
107.42716181078738,8.820489867974947,3.8671808053301353,3
107.44716314420961,6.14392529034293,5.486637239011215,3
107.46716447763184,7.5059860251939545,2.681527112370255,3
107.48716581105407,5.957033195464214,2.473104863278912,3
107.5071671444763,8.511785657902259,3.3569727992039926,3
107.52716847789853,7.7332529006977095,4.189455270505968,3
107.54716981132076,7.644767200226796,2.7809192343865368,3
107.56717114474299,7.416870063677674,3.601174072567546,3
107.5871724781652,9.263670965997559,3.8505470664845145,3
107.60717381158743,10.725296665334902,5.514742777731239,3
107.62717514500966,8.922470434610968,6.876573943178227,3
107.64717647843189,11.271341548099112,8.304931836189022,3
107.66717781185412,12.372156662265665,10.610364959069202,3
107.68717914527635,14.111978011181154,10.62903347335747,3
107.70718047869858,12.803959038357526,10.738400259121509,3
107.7271818121208,15.639556477495955,14.244995975825779,3
107.74718314554303,16.675467421083273,17.092760187394813,3
107.76718447896526,18.681213845957675,17.435936781249772,3
107.78718581238749,20.84122518277827,16.45374576521833,3
107.80718714580972,23.874555233363687,21.026438572655525,3
107.82718847923195,24.784108157588964,22.057226747696586,3
107.84718981265418,24.089167020710907,25.30518476215441,3
107.86719114607641,27.522061653880915,27.089807910535672,3
107.88719247949862,29.417374978773925,30.20113165977618,3
107.90719381292085,32.90571201337714,33.06950587001744,3
107.92719514634308,32.79275667777314,32.81498974970039,3
107.94719647976531,36.46585907615618,36.82282235025132,3
107.96719781318754,39.022761189134414,37.87348998289192,3
107.98719914660977,39.178262569837415,40.50781479481468,3
108.007200480032,43.02152881451141,42.53184588672162,3
108.02720181345423,45.87631836559067,44.99145233747197,3
108.04720314687646,44.56827704219083,46.24261056802465,3
108.06720448029868,49.49861136163441,49.59652184280199,3
108.08720581372091,52.0607459035957,49.556995949524854,3
108.10720714714314,53.934945714612944,54.21994136986433,3
108.12720848056537,55.98634501278151,54.9304392767785,3
108.1472098139876,56.88981176890717,56.62901088866284,3
108.16721114740983,61.21658905490506,55.9859795425023,3
108.18721248083205,61.481420560660275,57.75080508511058,3
108.20721381425427,62.8601503125768,61.43437696798816,3
108.2272151476765,65.07410596430832,64.33682955593794,3
108.24721648109873,66.10916218490702,65.85355974053182,3
108.26721781452096,68.54072212512355,66.0004071672358,3
108.28721914794319,69.07173805641335,66.27852106802214,3
108.30722048136542,70.84483969595424,69.19399421789734,3
108.32722181478765,71.32659728752606,70.06167218597407,3
108.34722314820988,73.84787834864363,71.0532467368455,3
108.3672244816321,74.07462337413064,69.6964958890708,3
108.38722581505434,74.85913861810407,71.40575716065277,3
108.40722714847657,75.29112753669561,70.43060077064621,3
108.4272284818988,74.6871804007522,71.92554032490001,3
108.44722981532102,76.17041949683066,72.56595902502148,3
108.46723114874325,76.65072077617455,72.43457547986998,3
108.48723248216547,77.99047932128995,74.49105408319066,3
108.5072338155877,76.01545883371908,71.36189014109144,3
108.52723514900993,77.79859164531318,73.35015651935198,3
108.54723648243215,75.31784517205755,72.57757447446153,3
108.56723781585438,77.4198966714855,72.29315686078418,3
108.58723914927661,75.14906721498154,69.74704318908933,3
108.60724048269884,75.28777956778245,69.5042911242568,3
108.62724181612107,76.42314677004242,67.14178471683425,3
108.6472431495433,74.59550538410342,66.23882770526758,3
108.66724448296553,73.62755713951513,66.75223694891109,3
108.68724581638776,69.70255393674405,66.44871461735234,3
108.70724714980999,71.15712159750173,64.06440634112417,3
108.72724848323222,69.60255185575525,62.123206649895856,3
108.74724981665445,67.63941615431163,59.26512760774675,3
108.76725115007667,64.5018598059879,58.425103290961296,3
108.78725248349889,63.84196053920654,56.50105876316609,3
108.80725381692112,61.54771123950706,55.35405978829414,3
108.82725515034335,59.244264098401246,53.12730677112325,3
108.84725648376558,58.80949706471902,50.39738692897874,3
108.8672578171878,54.35659020914451,48.83213581996602,3
108.88725915061003,53.09512912654367,46.528506625940594,3
108.90726048403226,53.15389874500187,44.33832987858508,3
108.9272618174545,48.71319129833851,42.757755770168,3
108.94726315087672,47.15423109701843,38.78229834820347,3
108.96726448429895,44.760608026923286,39.74461712374765,3
108.98726581772118,43.5774775438071,34.89869526681151,3
109.00726715114341,40.798405142316895,34.33387236818029,3
109.02726848456564,38.5766008691465,31.739212922280586,3
109.04726981798787,37.44696035145505,26.94221009872208,3
109.0672711514101,33.439483419760194,27.024765929007412,3
109.08727248483231,32.80883100486585,24.60114186820128,3
109.10727381825454,32.5386441439923,21.921877808192754,3
109.12727515167677,27.58300631321414,21.333733469355643,3
109.147276485099,27.041942054582304,20.315602663262027,3
109.16727781852123,25.386976251346212,16.72271780007891,3
109.18727915194346,22.782371472149595,13.668033872079238,3
109.20728048536569,22.43970959736912,11.70505784856396,3
109.22728181878792,16.479581242002514,12.227411248172745,3
109.24728315221014,17.693101963057526,12.127929422915997,3
109.26728448563237,15.45488218277608,10.371636620626091,3
109.2872858190546,12.909544803096052,8.865753457804567,3
109.30728715247683,11.525624244020033,6.88957141331478,3
109.32728848589906,10.694505334088461,5.558988099470564,3
109.34728981932129,12.372309940885607,5.508060427538294,3
109.36729115274352,8.591527199209684,5.1762854664968065,3
109.38729248616573,9.335045410674756,3.7921851885291673,3
109.40729381958796,8.603045567580471,2.9739046693177316,3
109.42729515301019,9.213494759033502,5.009296588194365,3
109.44729648643242,8.338313541545403,3.0477777408333058,3
109.46729781985465,8.611292388932483,2.4015790944499957,3
109.48729915327688,7.078755357803535,2.7824184204389555,3
109.50730048669911,5.839999395631547,3.4008857970981503,3
109.52730182012134,5.655596928570221,2.7589063300906345,3
109.54730315354357,8.375651801388873,2.887659157425803,3
109.5673044869658,9.196381577297567,2.961819975056805,3
109.58730582038802,9.54389463776096,4.894443332891632,3
109.60730715381025,8.710450868513252,4.59264858021265,3
109.62730848723248,8.786052763927938,5.8242021633135685,3
109.64730982065471,9.131310896766514,6.6334964566107635,3
109.66731115407694,10.270817286000865,7.246343132467246,3
109.68731248749916,12.285369114359124,7.673372495538163,3
109.70731382092139,14.542663346064094,12.872203591239936,3
109.72731515434361,16.489688281289812,14.231376656241725,3
109.74731648776584,17.363619391562246,15.061233664468729,3
109.76731782118807,17.574864031055444,17.51176426556421,3
109.7873191546103,19.65647686998754,19.244523454575415,3
109.80732048803253,22.295580207756746,19.88326816474693,3
109.82732182145476,22.533534914398324,23.121018536567213,3
109.84732315487699,26.200693052556048,26.158708153563555,3
109.86732448829922,29.3395614067542,26.69518293799918,3
109.88732582172145,27.443537521019454,28.992939842089736,3
109.90732715514368,30.175376989108347,30.789324847091045,3
109.9273284885659,35.14519288308793,32.310176576385594,3
109.94732982198813,35.09311567525444,33.820200595036226,3
109.96733115541036,37.933690114919564,37.40850713562514,3
109.98733248883258,42.128200493926286,39.59337476307309,3
110.00733382225481,42.63691972161921,41.94765481509482,3
110.02733515567704,45.12312597564319,44.66306728070453,3
110.04733648909927,45.92889920954332,47.470443336649026,3
110.0673378225215,47.64379864592827,49.15611662945642,3
110.08733915594372,51.0668554046863,51.65113051508934,3
110.10734048936595,55.20090527575157,52.1411835121917,3
110.12734182278818,56.02422064627073,54.06012895160662,3
110.14734315621041,57.601109387384355,56.83177484737049,3
110.16734448963264,59.72309604753054,57.611024066641576,3
110.18734582305487,62.254945173574455,59.94994309715873,3
110.2073471564771,62.449574712727,61.9823646352236,3
110.22734848989933,64.92667460407905,62.76668690589829,3
110.24734982332156,66.38617669225489,64.21203144680864,3
110.26735115674379,66.05161055302882,67.17006130302713,3
110.287352490166,69.09676679533582,65.94249860498881,3
110.30735382358823,70.07269659297774,67.39254322185464,3
110.32735515701046,73.13860465592022,69.69618228820595,3
110.34735649043269,74.16672204804782,70.98854181422709,3
110.36735782385492,74.25420361191864,71.50714518905295,3
110.38735915727715,74.8344592484596,71.63273115514978,3
110.40736049069938,76.12259358132306,70.88909574618833,3
110.4273618241216,76.34989170472078,72.07896979036549,3
110.44736315754383,76.28083159224869,73.61704555697901,3
110.46736449096606,76.97464861397683,73.5196240450743,3
110.48736582438829,77.19538270621577,72.89883148395201,3
110.50736715781052,75.29927179372984,73.81097965988921,3
110.52736849123275,76.93741612713022,70.78019600530317,3
110.54736982465498,76.08480071807642,70.26456563189635,3
110.56737115807721,76.19643965010916,71.85244001808465,3
110.58737249149942,75.60032117790331,72.77942485623153,3
110.60737382492165,75.31304774705887,70.8252134669313,3
110.62737515834388,72.8239725716299,68.31131736566155,3
110.64737649176611,74.7933877129629,68.96102447546394,3
110.66737782518834,72.37876318235911,66.97621489629383,3
110.68737915861057,70.70665198809887,64.62698181317364,3
110.7073804920328,69.8872034536044,63.74415471824924,3
110.72738182545503,68.79494971605811,61.2979653625131,3
110.74738315887726,68.40217182320312,61.55075338000203,3
110.76738449229948,67.34078109179167,56.4008820538175,3
110.78738582572171,64.4077746028476,55.50530286685695,3
110.80738715914394,61.119524573481364,53.88044458689189,3
110.82738849256617,61.09226721883725,53.58089179529329,3
110.8473898259884,57.246522749285674,51.463098041269006,3
110.86739115941063,57.816270701291174,49.069019832204404,3
110.88739249283284,54.69035009275072,46.60338970977978,3
110.90739382625507,50.572897054282485,44.48458285774913,3
110.9273951596773,49.51034884799625,41.52609259625908,3
110.94739649309953,49.28512297609676,39.89909746304759,3
110.96739782652176,44.81985063367647,36.63482301361842,3
110.98739915994399,43.147138725629816,33.46621113781814,3
111.00740049336622,40.43234312690778,31.423385482006115,3
111.02740182678845,39.97326060454661,32.759076564332084,3
111.04740316021068,36.569442560939684,30.264867534376968,3
111.0674044936329,35.00637289292653,26.84828772589586,3
111.08740582705514,33.61438619033901,24.651201819705857,3
111.10740716047736,30.41690487803182,23.540208868353204,3
111.1274084938996,30.250361073750696,20.198525764298907,3
111.14740982732182,27.952445459537255,21.22374311654432,3
111.16741116074405,24.072113182198382,16.0061560398539,3
111.18741249416627,21.563421656258832,16.08218122788571,3
111.2074138275885,21.285311883682233,13.443205714379515,3
111.22741516101073,18.73883456494747,10.27416208315714,3
111.24741649443295,17.35826987398888,10.542144587782314,3
111.26741782785518,16.80293929930121,10.56384987755427,3
111.28741916127741,14.748575034168136,8.455553248189954,3
111.30742049469964,13.570561868174403,7.715778632605792,3
111.32742182812187,12.212413286428545,3.889288010518379,3
111.3474231615441,10.231837888065291,5.6952359312027845,3
111.36742449496633,10.52795064567764,5.055062244992432,3
111.38742582838856,8.622158113165998,3.352836259047568,3
111.40742716181079,8.7917538680326,3.2114094292478828,3
111.42742849523302,6.585317121101164,3.7253463990309066,3
111.44742982865525,6.48562413165303,1.3689700503224078,3
111.46743116207747,7.8261321622527,2.248589176168203,3
111.48743249549969,6.549116945993556,3.2353100378731887,3
111.50743382892192,5.919751359738909,2.1710422269695666,3
111.52743516234415,7.4358288281740865,3.779859620828976,3
111.54743649576638,6.853034789555938,4.789720947734473,3
111.5674378291886,7.730138304022594,5.902348601199559,3
111.58743916261083,7.775832395952997,4.65238222505907,3
111.60744049603306,10.620777072275885,5.053818495850233,3
111.6274418294553,9.733964058876907,7.378048026066303,3
111.64744316287752,11.065515796769697,7.693851567213127,3
111.66744449629975,11.529332846567629,10.598062653662783,3
111.68744582972198,11.99079564891298,12.013715021494725,3
111.70744716314421,13.01261191085002,13.517448121575073,3
111.72744849656644,14.582340831287459,15.591922443656445,3
111.74744982998867,18.081827515777864,14.748669751754539,3
111.7674511634109,19.187856688576456,16.71558051650841,3
111.78745249683311,19.735206171900817,19.63559834279101,3
111.80745383025534,21.34170234950072,20.95266407632245,3
111.82745516367757,23.899084315169603,21.469943428332012,3
111.8474564970998,27.351987342435983,23.33914405638097,3
111.86745783052203,26.143752698909335,26.400847965670163,3
111.88745916394426,30.012935499546103,28.948821177507398,3
111.90746049736649,31.897780072437293,31.89665997923774,3
111.92746183078872,35.27281710185522,32.59487843740081,3
111.94746316421094,38.02791048526054,36.04067772693869,3
111.96746449763317,38.98650989823713,36.755344925240436,3
111.9874658310554,40.432749869872,40.93206732362336,3
112.00746716447763,42.97620239449735,41.86233363075816,3
112.02746849789986,45.29335134334758,44.67385734843301,3
112.04746983132209,48.853335036820965,46.149423139948055,3
112.06747116474432,48.62737786990665,49.35556840160087,3
112.08747249816653,51.53006307404458,53.034949893011074,3
112.10747383158876,53.17526238422927,52.38695308924936,3
112.12747516501099,55.27057505221283,51.99736899626814,3
112.14747649843322,58.370189439700916,55.9958497132515,3
112.16747783185545,58.829546590086196,59.36531830281887,3
112.18747916527768,62.662947368375704,61.45327648321215,3
112.20748049869991,63.144436826167436,62.57201782990684,3
112.22748183212214,64.39482390950552,63.71610470777565,3
112.24748316554437,66.16167260657471,63.64038581451377,3
112.2674844989666,70.28827109458288,65.3211255811481,3
112.28748583238882,68.29476745132408,67.40587119842114,3
112.30748716581105,69.89201732611882,68.49895899244927,3
112.32748849923328,72.73552704975059,70.12315990534326,3
112.34748983265551,73.73962482448579,69.22111495005463,3
112.36749116607774,73.37397870308354,70.3653787754549,3
112.38749249949996,73.7902871273654,69.36667099567343,3
112.40749383292219,76.62570774273621,73.05355235107518,3
112.42749516634441,76.65428462488066,73.57770253776009,3
112.44749649976664,75.60528468169075,73.23488435965852,3
112.46749783318887,77.16406102326721,71.88079230741543,3
112.4874991666111,76.70096479662458,73.53110117686477,3
112.50750050003333,76.60395193181833,73.27368497001578,3
112.52750183345556,77.11170701753252,70.42894738723979,3
112.54750316687779,77.79064805467213,70.8698154968343,3
112.56750450030002,75.76332091411993,72.66828291090282,3
112.58750583372225,75.60671321507603,70.50124371816986,3
112.60750716714448,75.9984290197267,70.08843381557895,3
112.6275085005667,74.59318321282667,66.12052240589966,3
112.64750983398893,72.84845451923925,67.81124851097714,3
112.66751116741116,72.17719122550517,66.74895930302148,3
112.68751250083338,69.5015780756382,65.65363141617068,3
112.70751383425561,70.29235658193329,63.66737741624118,3
112.72751516767784,68.25491509320173,63.49130201420135,3
112.74751650110007,63.556830289052286,61.54504123560424,3
112.7675178345223,64.69090442209684,58.60147152854983,3
112.78751916794452,65.2555530792118,56.61113319949597,3
112.80752050136675,62.868762068541,53.85520080107604,3
112.82752183478898,58.06335729499873,52.99738251393199,3
112.84752316821121,59.115840077365334,49.16842566530408,3
112.86752450163344,55.23465731354536,50.065185863244636,3
112.88752583505567,54.57228976268461,46.10257940493399,3
112.9075271684779,52.916997412078516,43.143713803015146,3
112.92752850190013,49.53619853958992,42.25038749337031,3
112.94752983532236,47.76195262187173,41.26078501518224,3
112.96753116874459,46.38492789456443,39.00661700916809,3
112.9875325021668,44.69015498774792,35.838636648101904,3
113.00753383558903,41.73732313555133,34.74734163253146,3
113.02753516901126,37.780216830263065,32.59351571470834,3
113.04753650243349,36.88108654932793,30.027896307284987,3
113.06753783585572,33.282809662036534,26.376285906417145,3
113.08753916927795,31.725941055483606,25.160589608586108,3
113.10754050270018,30.845427270568187,23.815599302296686,3
113.1275418361224,26.808971141622848,22.50127002951698,3
113.14754316954463,26.203032305927184,20.471803493847425,3
113.16754450296686,25.16818339936458,18.484238159226532,3
113.18754583638909,22.49016325600354,14.624455581689778,3
113.20754716981132,20.50464563301533,13.419466767012342,3
113.22754850323355,18.875874562739213,12.457337070081728,3
113.24754983665578,16.059160752638824,9.92108286163402,3
113.26755117007801,16.28372203796196,9.144521984179795,3
113.28755250350022,13.438360824310442,7.048499369875503,3
113.30755383692245,12.28160745282246,6.556652823478261,3
113.32755517034468,12.818690396973357,6.076186600239611,3
113.34755650376691,11.017280375169676,6.89903111856105,3
113.36755783718914,9.4783961474109,5.765936260401414,3
113.38755917061137,10.405034554035502,2.7706685929281356,3
113.4075605040336,8.830678461209954,4.616489697019707,3
113.42756183745583,8.216040928913118,2.7392134454020445,3
113.44756317087806,7.981591400117239,2.755473247030613,3
113.46756450430028,9.027175906805807,4.522185782616019,3
113.48756583772251,5.82806231703298,1.728049805193747,3
113.50756717114474,7.8321195466372115,3.157440028676675,3
113.52756850456697,7.211601968200608,4.092843995522117,3
113.5475698379892,7.2881672289537125,4.5811893696381984,3
113.56757117141143,8.81286422612627,4.2836668836559975,3
113.58757250483364,7.753571695932191,3.8361693838759536,3
113.60757383825587,7.303529695185001,5.9836940164627626,3
113.6275751716781,9.577482316178502,7.8332120856416205,3
113.64757650510033,10.89502382305545,7.694215362396942,3
113.66757783852256,11.305150830286026,9.53090340462829,3
113.68757917194479,9.641894766488377,8.977101633497117,3
113.70758050536702,15.360134904392284,12.01695116239512,3
113.72758183878925,15.462599936802832,12.804809136436125,3
113.74758317221148,16.072053637210203,13.856411918181236,3
113.7675845056337,18.505727563749698,16.73818635384324,3
113.78758583905594,21.00708883007986,20.012321182481934,3
113.80758717247816,21.811130515751234,20.556883948402678,3
113.8275885059004,25.61412006770611,23.48633536548372,3
113.84758983932262,26.833311401190997,25.0140913696845,3
113.86759117274485,28.799053916513024,28.907203129358003,3
113.88759250616707,29.06195630901608,29.27686460076467,3
113.9075938395893,31.325139198671568,31.3752477495297,3
113.92759517301153,33.57957739520675,31.98035983986494,3
113.94759650643375,36.27341576391533,35.39107180604212,3
113.96759783985598,39.40123489013057,38.97701553167722,3
113.98759917327821,40.580084428468226,39.85191324609464,3
114.00760050670044,41.894095704910015,41.06343817156938,3
114.02760184012267,44.14188297359563,44.288924697410664,3
114.0476031735449,47.31604639439555,46.61095198973593,3
114.06760450696713,49.1171075440205,48.70885573834657,3
114.08760584038936,51.03032885917207,51.6242080540064,3
114.10760717381159,52.1093854121837,50.82860058469224,3
114.12760850723382,55.10866393698004,53.499460961431204,3
114.14760984065605,57.77022797802747,56.12161408762187,3
114.16761117407827,60.01085244092171,57.948214539527406,3
114.18761250750049,60.15438287701502,58.6166895596043,3
114.20761384092272,61.96673033702405,63.482717029161044,3
114.22761517434495,65.40359781501151,65.49191983861691,3
114.24761650776718,66.71545138396462,64.05331436306476,3
114.2676178411894,69.5185240929684,66.33984623019192,3
114.28761917461163,67.98931483033277,68.46534755634711,3
114.30762050803386,71.88408371238319,69.39607357261613,3
114.3276218414561,72.42310349148616,69.71634540523598,3
114.34762317487832,73.42009327075034,70.47901295556265,3
114.36762450830055,74.04278552801456,71.16465132291916,3
114.38762584172278,77.11468167834788,72.6719028379889,3
114.40762717514501,75.00316348609283,72.49426739546593,3
114.42762850856724,76.40987000891842,72.86555553309829,3
114.44762984198947,77.74822088756774,72.08366138199051,3
114.4676311754117,76.85029862438505,72.82088237760821,3
114.48763250883391,77.56937362045304,72.08157230523238,3
114.50763384225614,77.12926147946858,72.88600566626843,3
114.52763517567837,77.1668461084934,71.71893707355625,3
114.5476365091006,77.28758780983783,69.99794853389261,3
114.56763784252283,76.34016676186374,72.14059038305706,3
114.58763917594506,76.03519832064949,69.92577564438648,3
114.60764050936729,75.20507006155961,70.60403376713356,3
114.62764184278952,74.58045611397228,70.38436857653353,3
114.64764317621174,73.1662287803315,67.98941184578666,3
114.66764450963397,74.32675095741745,66.27623704017797,3
114.6876458430562,70.87850808880594,63.255218865419565,3
114.70764717647843,69.61253418980114,61.846890347452494,3
114.72764850990066,65.32203476681198,59.54907195899445,3
114.74764984332289,65.64647665461278,59.64962306590401,3
114.76765117674512,64.22588642890466,59.335541188297604,3
114.78765251016733,62.08148564108182,56.449187576686086,3
114.80765384358956,62.22555196504831,54.957095352189,3
114.82765517701179,60.765536757848196,52.862751877346334,3
114.84765651043402,56.06495812760273,52.28761960502169,3
114.86765784385625,56.68592539767505,48.58873251084337,3
114.88765917727848,53.108400240964315,47.63802884991015,3
114.90766051070071,53.22995725643619,43.2513152554147,3
114.92766184412294,47.90379338176582,43.49915786138964,3
114.94766317754517,47.94073879621554,40.01170040653351,3
114.9676645109674,44.61090521805675,38.08793477949722,3
114.98766584438962,43.078944778302656,36.56350157098722,3
115.00766717781185,41.248454827170434,33.41531241842135,3
115.02766851123408,39.412125023963654,32.26379679881526,3
115.04766984465631,36.37390551322629,31.151851392721884,3
115.06767117807854,33.62771042257769,27.620925058833677,3
115.08767251150076,33.16718208592982,26.508048025526104,3
115.10767384492299,31.325180240085814,22.70129677636784,3
115.12767517834521,27.107365265531712,19.793734648689878,3
115.14767651176744,24.63852440314007,21.7418692322842,3
115.16767784518967,24.214974194636802,16.55099962763369,3
115.1876791786119,22.839567738897816,16.319111067807206,3
115.20768051203413,19.912205736067733,14.623282263870596,3
115.22768184545636,20.099964630953554,12.453568103621262,3
115.24768317887859,16.61625267825977,9.568886083763147,3
115.26768451230082,16.231136140321574,10.600033336931848,3
115.28768584572305,11.817497470434624,6.738231158706272,3
115.30768717914528,12.879681971333449,8.571829309703798,3
115.3276885125675,13.364687872929542,7.426518929385241,3
115.34768984598973,13.612171771126025,4.768403045481054,3
115.36769117941196,8.951322949002687,3.7631415612375347,3
115.38769251283418,9.576242746970536,3.9399284616977623,3
115.40769384625641,9.131770737502547,4.16539508103684,3
115.42769517967864,7.968792940340307,2.2246220450773615,3
115.44769651310087,7.188007796414023,5.2418477698655295,3
115.4676978465231,8.17764661039808,4.0879162832376075,3
115.48769917994532,6.955021133306908,1.2152847247539798,3
115.50770051336755,5.835349432688087,2.737886862949443,3
115.52770184678978,6.809921380176475,1.4150556746218368,3
115.54770318021201,6.105384920779725,4.9757149393718,3
115.56770451363424,8.060485582350637,4.697383821383566,3
115.58770584705647,8.691478863532902,4.038138205123943,3
115.6077071804787,9.293646503361593,5.375597652575422,3
115.62770851390093,11.296393898905444,7.17854885732051,3
115.64770984732316,11.487216308949915,8.540136402040387,3
115.66771118074539,10.648821666242382,8.288946715739595,3
115.6877125141676,10.083865470610823,11.877967159545033,3
115.70771384758983,13.66186245414396,12.22870884891483,3
115.72771518101206,15.535154251349374,14.182784912074462,3
115.74771651443429,18.423899569519243,15.027786437286657,3
115.76771784785652,20.324379873351457,18.004787053119067,3
115.78771918127875,19.860159436161602,18.072253442044197,3
115.80772051470097,21.896401824480417,21.33966256556994,3
115.8277218481232,23.200246662670683,22.458649851010385,3
115.84772318154543,24.265652881918427,25.162475367190805,3
115.86772451496766,27.81211156049729,27.325946716652105,3
115.88772584838989,30.351102443765352,29.458259177600116,3
115.90772718181212,31.46916020314566,31.16560731107141,3
115.92772851523435,33.38117793504299,33.960592745240966,3
115.94772984865658,36.62086245252783,35.426431942025495,3
115.96773118207881,39.501490003614684,39.30080666152504,3
115.98773251550102,41.25168292064838,41.67044731456844,3
116.00773384892325,42.20374403083392,41.9464922834759,3
116.02773518234548,44.628142771254296,43.95741467113506,3
116.04773651576771,46.41142172134202,44.66986946542909,3
116.06773784918994,48.86130155532867,46.57465513119174,3
116.08773918261217,52.83389369833819,50.890831940974465,3
116.1077405160344,55.1601154444297,52.29938706738021,3
116.12774184945663,56.16358951285822,54.98043131104435,3
116.14774318287886,58.498955921093774,54.49813732164704,3
116.16774451630108,60.19516075816048,58.283947292982326,3
116.18774584972331,61.891286090431024,62.02178263246925,3
116.20774718314554,60.4035456611862,60.253210274762495,3
116.22774851656777,63.686265193776244,63.418330489766554,3
116.24774984999,67.26925031968517,64.0390121186634,3
116.26775118341223,67.4955085644178,65.81811676650929,3
116.28775251683444,68.72507251154218,67.02332442244668,3
116.30775385025667,70.30455721463746,68.64166737943438,3
116.3277551836789,71.52853408384935,69.04418605739069,3
116.34775651710113,71.98235421420527,69.44082946234707,3
116.36775785052336,74.16387465718995,71.04482440198973,3
116.38775918394559,73.75960592202232,69.7408294583032,3
116.40776051736782,77.3109161009778,72.6587335240043,3
116.42776185079005,75.19370649788175,72.19084098305088,3
116.44776318421228,77.05725622553689,73.7401880901886,3
116.4677645176345,75.97934966607059,73.27398814909365,3
116.48776585105674,76.60646262125148,72.04616331433213,3
116.50776718447896,79.53858495705293,71.9624733572118,3
116.5277685179012,76.41064261336732,72.83475672873567,3
116.54776985132342,76.77721154131521,72.6653145406592,3
116.56777118474565,76.39086650027369,70.64343134991611,3
116.58777251816787,73.5006457011851,69.79319919632128,3
116.6077738515901,73.9297696099071,69.82168496934506,3
116.62777518501233,74.11860804401776,69.0629157898812,3
116.64777651843455,74.82287964055334,68.45232544279801,3
116.66777785185678,72.70567020922482,68.74345268307059,3
116.68777918527901,72.14310940880786,66.13601341076166,3
116.70778051870124,71.17934611626576,64.65264652115948,3
116.72778185212347,68.91614671657646,61.94559731929344,3
116.7477831855457,66.47308613869174,59.358503890641956,3
116.76778451896793,65.06752704517734,57.627895223136726,3
116.78778585239016,64.31274399140098,58.7798716572986,3
116.80778718581239,63.187458854348,54.47986180160425,3
116.82778851923462,60.04982923963734,52.99714077694282,3
116.84778985265685,57.13838196950292,52.755522462002816,3
116.86779118607907,56.7502032306257,49.018778905763945,3
116.88779251950129,54.16714664094576,46.50557897865189,3
116.90779385292352,53.495185964123564,44.2721072555538,3
116.92779518634575,47.01168483934126,42.38437262337203,3
116.94779651976798,48.22548727073874,39.898538291655505,3
116.9677978531902,45.0207079072959,39.58881089719348,3
116.98779918661243,42.23661249910984,36.07512796973212,3
117.00780052003466,42.23202376565964,33.830908070714706,3
117.0278018534569,39.45624145031663,32.57397862955927,3
117.04780318687912,37.9961481773983,28.852059314321234,3
117.06780452030135,35.15786583665273,27.210318803354717,3
117.08780585372358,31.901822942574466,26.19010920724883,3
117.10780718714581,30.07420256071523,22.74202436986185,3
117.12780852056804,28.663108310975883,22.280310642075136,3
117.14780985399027,26.47639120952473,19.952399942164416,3
117.1678111874125,22.942048532408965,15.829916117654198,3
117.18781252083471,21.764312642780506,17.004461805041437,3
117.20781385425694,20.660449195950857,15.030785537248208,3
117.22781518767917,17.473353100496645,11.57623114106771,3
117.2478165211014,16.01357750619176,9.892573310918392,3
117.26781785452363,16.562031405078454,10.27153870399098,3
117.28781918794586,14.193614180746806,8.156550815579722,3
117.30782052136809,12.404128073478612,8.03502993511734,3
117.32782185479032,11.470735658711147,5.537074025451903,3
117.34782318821254,10.95640225305429,5.306135137659758,3
117.36782452163477,10.455556013513185,2.7229687980675807,3
117.387825855057,8.026648875079026,4.4386154604446375,3
117.40782718847923,10.108768071558828,4.4436793095445415,3
117.42782852190146,7.4998779604858985,5.444916486392457,3
117.44782985532369,8.85316712172763,2.364778622565155,3
117.46783118874592,5.923207308628106,2.110091851772749,3
117.48783252216813,8.33585859915734,2.396543741679202,3
117.50783385559036,8.556531619029858,2.173542524405973,3
117.52783518901259,7.732121227650305,3.303561714497528,3
117.54783652243482,6.1736614758828505,3.5125064600107665,3
117.56783785585705,7.594586112861698,6.638997369189973,3
117.58783918927928,8.205631952021122,7.325322803686739,3
117.60784052270151,7.4630950192396455,6.344114920250894,3
117.62784185612374,10.860941110739322,5.815823681340814,3
117.64784318954597,11.107814105976772,6.678386779762212,3
117.6678445229682,9.667447895183416,7.887465439659806,3
117.68784585639042,12.411903738607698,12.936191994924545,3
117.70784718981265,13.736780847389289,12.131589612806767,3
117.72784852323488,14.660938200705461,13.310567825706885,3
117.74784985665711,17.529044280904355,16.141624089638675,3
117.76785119007934,16.203599658932973,17.97377498914177,3
117.78785252350156,19.560292113520465,18.915176624181164,3
117.80785385692378,20.9554661993411,19.902708377522558,3
117.82785519034601,23.746954539961315,21.781058337166527,3
117.84785652376824,25.874078235011233,25.617260062507906,3
117.86785785719047,27.37218759709188,27.799494346616303,3
117.8878591906127,28.58607312656359,27.92050756874532,3
117.90786052403493,32.204338668448685,31.772658558405265,3
117.92786185745716,34.073970543907684,32.91737125244354,3
117.94786319087939,37.50532490271059,37.19526776521931,3
117.96786452430162,38.65438427230979,37.60383919107703,3
117.98786585772385,40.27449015991293,40.035767278893786,3
118.00786719114608,41.52383262474508,43.334835257880705,3
118.0278685245683,44.92390997848147,45.70036187113922,3
118.04786985799053,49.297229763833755,44.94655353127047,3
118.06787119141276,50.68174012387098,48.29590109739197,3
118.08787252483498,51.621896043877165,51.82469209309001,3
118.10787385825721,52.47708748820318,53.98959983726117,3
118.12787519167944,55.70373146948568,54.49396717347611,3
118.14787652510167,57.713290813232284,57.20082477662383,3
118.1678778585239,59.35947827713242,58.90599105592379,3
118.18787919194612,61.01186024030715,60.44100680411086,3
118.20788052536835,63.071233537924726,61.10329381532305,3
118.22788185879058,64.75063113072686,62.05264382669334,3
118.24788319221281,65.69569280450466,64.10667466850316,3
118.26788452563504,67.78098585727844,66.44609913182326,3
118.28788585905727,71.48476042706231,67.03461298030236,3
118.3078871924795,71.82557806024691,67.41786071037902,3
118.32788852590173,70.81657443609632,69.51126221918716,3
118.34788985932396,74.68462389183101,70.40430924944098,3
118.36789119274619,73.83304432852871,70.46837689362714,3
118.3878925261684,73.81193850673877,71.22305596116371,3
118.40789385959063,76.17115650878401,73.03448303624268,3
118.42789519301286,74.2964889692024,71.44709244852645,3
118.44789652643509,76.01697739697185,73.45402530283789,3
118.46789785985732,75.7506776201857,71.35126302528917,3
118.48789919327955,77.88290876917289,73.30349256854544,3
118.50790052670177,75.93879259487338,70.73644222984288,3
118.527901860124,76.22332591929683,72.60101180068412,3
118.54790319354623,77.59717087971394,73.04890794969769,3
118.56790452696846,75.31748438286549,71.06080363427498,3
118.58790586039069,76.59766410729588,70.29977864181775,3
118.60790719381292,75.6045481831569,70.55235489245852,3
118.62790852723515,74.48351907648758,68.35090434521044,3
118.64790986065738,73.24179579257117,66.8958780448597,3
118.66791119407961,72.12941503908694,68.28360900944558,3
118.68791252750182,70.88561169433538,65.50496311942521,3
118.70791386092405,68.83806075368203,65.10053834834774,3
118.72791519434628,68.89747928292097,61.71332874435838,3
118.74791652776851,68.09197705098693,60.404665473835074,3
118.76791786119074,65.45083485209507,56.705212734084355,3
118.78791919461297,63.3544874434136,56.493885336262245,3
118.8079205280352,62.058687318556295,53.78922386705723,3
118.82792186145743,60.86255187521523,53.00368357843042,3
118.84792319487966,57.76126383180895,51.24650947056554,3
118.86792452830188,55.21360843903385,48.51628556531017,3
118.88792586172411,54.789005454675184,48.547498139749734,3
118.90792719514634,53.09168668790414,44.8299944760982,3
118.92792852856857,49.06206501300557,41.31188601062193,3
118.9479298619908,47.75907614734065,40.372634455479464,3
118.96793119541303,46.91624276587529,40.330751003987444,3
118.98793252883524,44.164870400352854,35.86313955533754,3
119.00793386225747,41.33226577461342,34.016817657270195,3
119.0279351956797,40.59612128641264,29.73707572232913,3
119.04793652910193,36.90919342365588,30.379741536052208,3
119.06793786252416,35.1432201123563,27.318887079188872,3
119.08793919594639,33.18065508125559,25.39630537164278,3
119.10794052936862,30.730750423180645,23.91910146631368,3
119.12794186279085,29.062419110918402,21.486411901121166,3
119.14794319621308,28.486802772841468,18.121144904147847,3
119.1679445296353,25.086973951478733,18.056685002241736,3
119.18794586305754,23.085137027239323,14.592244980914707,3
119.20794719647976,18.431885049218014,14.495074810085276,3
119.227948529902,19.70925792066666,11.750020106446408,3
119.24794986332422,18.67062435226864,9.75943554482781,3
119.26795119674645,17.241169416747468,11.31975743964135,3
119.28795253016867,14.247409674082563,6.473252651642227,3
119.3079538635909,13.090090761849256,5.560584628726227,3
119.32795519701313,14.66565699591591,4.650062182908973,3
119.34795653043535,11.544023680835451,5.564242496411845,3
119.36795786385758,10.263486557171902,4.257660528459502,3
119.38795919727981,8.538393162729003,3.1800677980120398,3
119.40796053070204,8.58869486188428,2.7661491244341816,3
119.42796186412427,7.315844360052508,2.9147322949642205,3
119.4479631975465,6.620718712349194,1.5054065762681643,3
119.46796453096873,6.8405263449923135,4.750700785959487,3
119.48796586439096,7.363704078111095,2.6536224185070125,3
119.50796719781319,7.8215842218790765,3.5989602770343097,3
119.52796853123542,7.353984289154612,2.471604253366805,3
119.54796986465765,8.153136409258511,4.022845478427745,3
119.56797119807987,7.121618762055618,5.437980476029116,3
119.58797253150209,8.05084721389583,5.944068053203669,3
119.60797386492432,9.139389819017653,7.491768982441895,3
119.62797519834655,8.726448970842881,8.031535300198778,3
119.64797653176878,11.601368475351872,8.759261805047084,3
119.667977865191,11.618158444801908,9.46299297603045,3
119.68797919861323,14.252601087853916,10.088937162847461,3
119.70798053203546,12.453144031602843,13.346762178168284,3
119.72798186545769,16.38794888587579,15.167098647635505,3
119.74798319887992,17.54850374482392,16.021361356252605,3
119.76798453230215,16.73000812682248,18.91145971137306,3
119.78798586572438,19.20253990375817,19.64590491931437,3
119.80798719914661,23.019604846912692,22.513113068173503,3
119.82798853256884,22.71358859366124,20.939160406948975,3
119.84798986599107,23.976103463855967,23.23268588906781,3
119.8679911994133,26.4415770678167,26.254580996682407,3
119.88799253283551,29.42839906800719,28.66353836009383,3
119.90799386625774,32.805537903785336,30.437099035827273,3
119.92799519967997,32.61227041220595,32.77419537496817,3
119.9479965331022,37.3092095825518,35.151936517816935,3
119.96799786652443,38.037518034113354,41.06976966095288,3
119.98799919994666,43.12074297741746,40.851453427653546,3
120.00800053336889,41.48328779975238,40.9650892472151,3
120.02800186679112,45.017549722226065,42.53312452722473,3
120.04800320021334,46.55402203764562,47.50704687724765,3
120.06800453363557,50.15123019142195,50.40515852229982,3
120.0880058670578,50.69441366138203,50.5850280963176,3
120.10800720048003,54.83096044106554,53.93653120512033,3
120.12800853390226,54.77699267477277,56.241146768725905,3
120.14800986732449,56.85352698567026,56.908600059640015,3
120.16801120074672,60.34054129961463,57.16842198875135,3
120.18801253416893,60.61091480404516,60.18046467134104,3
120.20801386759116,61.9133249861076,62.00987937534371,3
120.22801520101339,64.99830886825717,62.788921673851405,3
120.24801653443562,66.90776277264042,61.73454762347381,3
120.26801786785785,68.28599263861766,65.83368368786189,3
120.28801920128008,68.562820283264,68.56743204316915,3
120.30802053470231,70.72735634034592,69.16327599082845,3
120.32802186812454,71.68695360633524,69.06830620366284,3
120.34802320154677,73.1310413039603,71.57829179067642,3
120.368024534969,74.22614710731669,71.3604130001039,3
120.38802586839122,75.13150611347072,72.12833392671693,3
120.40802720181345,75.06765984693914,69.87681224051931,3
120.42802853523568,76.48305364637285,72.04429860561973,3
120.44802986865791,75.90618177048341,73.03121700858276,3
120.46803120208014,76.83399914968723,72.65557469485535,3
120.48803253550236,76.78497497502684,73.12393884126216,3
120.50803386892458,74.36180109248558,71.51888387866622,3
120.52803520234681,75.94122015333146,73.73996495415186,3
120.54803653576904,75.96259721877558,71.78402969294845,3
120.56803786919127,76.25649632509995,71.55614577390546,3
120.5880392026135,76.08423003953259,70.76340493818327,3
120.60804053603573,75.6001658350598,70.27932701030707,3
120.62804186945796,74.46343644908224,68.88482063673085,3
120.64804320288019,72.95051396836227,67.89779856058811,3
120.66804453630242,72.63576552485513,66.66014716717396,3
120.68804586972465,69.27433918656061,64.95090472668943,3
120.70804720314688,69.1175008624507,63.41724234285784,3
120.7280485365691,65.97703622179769,62.22650267719892,3
120.74804986999133,67.483533557674,60.00799725676012,3
120.76805120341356,64.0826102248312,57.99219413712877,3
120.78805253683578,64.99458256890557,58.231393250583444,3
120.80805387025801,60.903780965633594,53.75655349563787,3
120.82805520368024,60.37449422407602,51.932101064145904,3
120.84805653710247,57.349302375586134,49.93838925641705,3
120.8680578705247,54.6835519324194,49.00305251206659,3
120.88805920394692,54.36939495497589,46.66191907436545,3
120.90806053736915,52.10411092264636,45.13475814160668,3
120.92806187079138,49.305140836402174,41.37157823522989,3
120.94806320421361,45.57856041504396,40.270732586703275,3
120.96806453763584,45.527499654460684,38.71656339040489,3
120.98806587105807,42.559360991390925,36.025470794129994,3
121.0080672044803,41.82549606141353,32.496056071093854,3
121.02806853790253,38.1822050892229,32.20510278473131,3
121.04806987132476,35.19295455136146,28.562206620260884,3
121.06807120474699,33.97976590774397,27.232279446539476,3
121.0880725381692,33.424599602432245,26.388836809182195,3
121.10807387159143,29.655923662033796,23.31835256034465,3
121.12807520501366,29.61475651019141,19.58848124031396,3
121.14807653843589,26.874619430233523,20.216490015959387,3
121.16807787185812,24.397969223921926,16.283092334275967,3
121.18807920528035,22.669605593935128,15.40379885600569,3
121.20808053870257,21.02487184037298,14.239032820942828,3
121.2280818721248,19.2181468240597,12.366518276445344,3
121.24808320554703,17.165926656552347,10.384356077366217,3
121.26808453896926,15.359577970767452,8.205137631064472,3
121.28808587239149,12.33312668486291,7.3683488440319005,3
121.30808720581372,11.85629972910863,6.343928554376221,3
121.32808853923595,11.571542637530953,5.213931161554561,3
121.34808987265818,12.413711953054408,3.6300581355033845,3
121.36809120608041,11.533237313466998,4.2199392042765,3
121.38809253950262,9.930402993809677,5.0626479529795,3
121.40809387292485,8.353501246781521,4.997342905050737,3
121.42809520634708,7.910944993023882,2.38066636827664,3
121.44809653976931,7.865721537185488,2.6839052612026144,3
121.46809787319154,6.469854411833073,4.372277074731125,3
121.48809920661377,7.941863164984879,1.4562685513482458,3
121.508100540036,7.486780597030451,3.5859443172376353,3
121.52810187345823,8.807214829779895,5.0187531929162095,3
121.54810320688046,6.745093051522436,3.3001102710846766,3
121.56810454030268,8.585206646754788,4.084823726408761,3
121.58810587372491,9.227562388125166,3.676898247221781,3
121.60810720714714,7.784924136019015,5.413995273932569,3
121.62810854056937,9.22530989966106,6.9293284678430505,3
121.6481098739916,9.485451691189654,7.849292382229995,3
121.66811120741383,11.148053865423902,9.142459204658849,3
121.68811254083604,14.23092161554485,10.879914529983841,3
121.70811387425827,14.084689535564896,13.112061413400664,3
121.7281152076805,16.896098610955892,13.317315375259746,3
121.74811654110273,16.28695506341301,14.804091304075426,3
121.76811787452496,18.763766201035217,16.33524898624752,3
121.78811920794719,20.22581813133911,19.825949934074398,3
121.80812054136942,21.48151442548308,21.761888416073152,3
121.82812187479165,25.25183437907232,22.137496581505207,3
121.84812320821388,24.831431169058813,25.22524152402741,3
121.8681245416361,28.110888220767997,27.643580859981828,3
121.88812587505834,29.095379015054988,29.17806540327713,3
121.90812720848056,32.34012250965517,30.966977526264312,3
121.9281285419028,34.21742682902631,33.702606257526945,3
121.94812987532502,35.487097752640665,35.306396988736196,3
121.96813120874725,39.59516973526583,38.107820461281655,3
121.98813254216947,41.33015566522564,39.72999732059338,3
122.0081338755917,43.24746492438979,40.579714722877945,3
122.02813520901393,44.629240171633796,44.356242238611564,3
122.04813654243615,47.208901000543534,46.72619384185298,3
122.06813787585838,49.96925663809782,50.32629291345563,3
122.08813920928061,51.93250581075335,50.34143842905316,3
122.10814054270284,53.964265128217306,53.26861489775404,3
122.12814187612507,54.165281913000534,55.2473490939958,3
122.1481432095473,57.9846882998639,58.44208365424191,3
122.16814454296953,59.354574780712326,56.39368821688512,3
122.18814587639176,60.48719382460425,59.91987864794834,3
122.20814720981399,63.55191987594266,62.759520738356194,3
122.22814854323622,65.88319504071265,62.63545007790087,3
122.24814987665845,67.16217442553253,64.6082879375691,3
122.26815121008067,68.992587998333,66.04112615815671,3
122.28815254350289,70.75407527750485,66.14205005780178,3
122.30815387692512,70.73252599909374,69.39320007815184,3
122.32815521034735,70.43984356149213,69.66425765609675,3
122.34815654376958,74.16672527922003,70.26734179989799,3
122.3681578771918,74.25694847777471,70.97233896024305,3
122.38815921061403,76.37508492853513,72.05879993722219,3
122.40816054403626,76.51197167146562,70.71342527783865,3
122.42816187745849,75.93397124373033,72.38450371787091,3
122.44816321088072,77.03236816385338,72.63573947290953,3
122.46816454430295,77.83481194066736,72.64758318142438,3
122.48816587772518,78.46921026388189,71.93311475902424,3
122.50816721114741,77.23431807075491,73.24385874494742,3
122.52816854456964,76.16699157328499,71.21157561508146,3
122.54816987799187,76.2432957824152,73.5803735798959,3
122.5681712114141,75.59478362584962,69.69134041732795,3
122.58817254483631,76.69439843551878,71.16558990365455,3
122.60817387825854,75.29428305418045,68.84946696702923,3
122.62817521168077,73.7457590136369,69.24422759876076,3
122.648176545103,72.75639867537879,67.22293904568504,3
122.66817787852523,72.55208696658528,65.38968230745984,3
122.68817921194746,70.411787545091,65.26675308756258,3
122.70818054536969,68.59661610786118,62.40230338983419,3
122.72818187879191,68.70022476851508,62.8853164918642,3
122.74818321221414,67.19641842388155,59.51951482463233,3
122.76818454563637,63.59552206765143,58.64912153664085,3
122.7881858790586,63.22074064706622,56.66962819431004,3
122.80818721248083,61.688238229335916,51.81647511470225,3
122.82818854590306,59.313376757897025,50.91782775789614,3
122.84818987932529,58.08695050753939,50.887487716236585,3
122.86819121274752,56.10225140604683,49.30169979291076,3
122.88819254616973,52.8424231702067,46.30799216424813,3
122.90819387959196,52.60343439147355,45.04174840634809,3
122.92819521301419,51.66745472237371,43.004504099076684,3
122.94819654643642,46.377011415541276,40.131799169304834,3
122.96819787985865,45.387946396616535,39.50357623800053,3
122.98819921328088,41.870983348673036,34.64600749800748,3
123.00820054670311,39.19475208792134,34.16591925809166,3
123.02820188012534,38.56884737411799,31.122402921386257,3
123.04820321354757,37.81021086123188,29.666065686124313,3
123.0682045469698,33.642233492794524,27.347436078538603,3
123.08820588039202,32.499429918127596,26.1998822682512,3
123.10820721381425,31.391569182887565,23.05533781962055,3
123.12820854723648,29.091619714141416,18.705073623831005,3
123.14820988065871,25.994911360443936,19.084293397406753,3
123.16821121408094,24.51654692198221,16.43971990370536,3
123.18821254750317,22.85798200256054,15.171760969003618,3
123.20821388092538,21.859738654398285,15.070823795282228,3
123.22821521434761,17.038294767194536,10.904318874538054,3
123.24821654776984,17.872755579607976,11.08872078514379,3
123.26821788119207,15.581204339104271,8.430542402778768,3
123.2882192146143,15.323859885305495,7.881149478998936,3
123.30822054803653,11.455325482922895,6.115122313387338,3
123.32822188145876,12.935174383321653,5.588877269567184,3
123.34822321488099,9.358627010725447,5.606148816627511,3
123.36822454830322,8.877669442400084,4.783764028371683,3
123.38822588172545,6.78949286542626,3.457723724906308,3
123.40822721514768,9.239210993380649,3.418243196844267,3
123.4282285485699,8.777462810769052,2.1801179880916366,3
123.44822988199213,6.730738940146237,1.8413269943757575,3
123.46823121541436,6.692051119149964,1.2257140913700977,3
123.48823254883659,7.379026136338557,2.9316478718984937,3
123.5082338822588,8.211833395672866,3.877857132388751,3
123.52823521568104,7.708555869889551,2.5040750481813743,3
123.54823654910327,7.380867485588079,3.943382247662353,3
123.5682378825255,8.383037077475926,6.83396232682733,3
123.58823921594772,8.49401094186619,4.336781681631481,3
123.60824054936995,9.374906273563543,4.630961940158885,3
123.62824188279218,9.210011530152224,7.1650112776598895,3
123.64824321621441,12.06227560292017,7.654724493238042,3
123.66824454963664,13.282978670226573,9.844249182949468,3
123.68824588305887,13.663029138303889,10.862126808536308,3
123.7082472164811,15.190679445926408,12.948099069792276,3
123.72824854990333,17.4201485000192,13.016823298461885,3
123.74824988332556,18.237853065071757,16.056300042429587,3
123.76825121674779,19.062264733546055,16.466679512781912,3
123.78825255017001,20.987875409706348,18.885389154478705,3
123.80825388359223,22.606580183859677,21.308767086652807,3
123.82825521701446,25.498810448486942,25.049331724566954,3
123.84825655043669,25.011011153250056,26.781570246266323,3
123.86825788385892,28.4713162416757,26.603387483413403,3
123.88825921728115,30.835381870072748,27.17308518130994,3
123.90826055070337,32.934807555151764,32.109865718055694,3
123.9282618841256,34.72674101148092,34.317348357004654,3
123.94826321754783,35.988226723558526,34.11847589432429,3
123.96826455097006,36.168275354864896,36.25813225155792,3
123.98826588439229,41.837140526649485,39.67088980439252,3
124.00826721781452,43.77548143665836,41.63554508904979,3
124.02826855123675,46.08856670032701,44.20466997241977,3
124.04826988465898,47.11175148702981,45.49399681154065,3
124.06827121808121,48.729988901673195,47.97393168221303,3
124.08827255150344,53.6528629000052,53.11776305653658,3
124.10827388492565,53.60813000570147,50.50658985434921,3
124.12827521834788,55.98232731098794,54.11380385509294,3
124.14827655177011,59.073864234681295,57.06127034771795,3
124.16827788519234,59.87792939722739,58.32858597715427,3
124.18827921861457,61.604757019065495,58.85778668669487,3
124.2082805520368,63.54001429292355,60.542372349700415,3
124.22828188545903,65.0940957721598,63.71793890016008,3
124.24828321888126,66.65111053810142,66.40390478806536,3
124.26828455230348,69.46573868162602,66.9450756855718,3
124.28828588572571,69.66179341209956,66.86817208366018,3
124.30828721914794,70.76942800423062,66.98915932206171,3
124.32828855257017,73.26221568551921,68.19878581413987,3
124.3482898859924,71.54543905310415,70.70278740508041,3
124.36829121941463,73.04551131621122,71.8891497573329,3
124.38829255283686,74.58054326421188,72.06066541432432,3
124.40829388625907,75.1434619650077,72.8101358676749,3
124.4282952196813,77.22740918743456,71.45010434411313,3
124.44829655310353,75.93663491568188,74.40938926842253,3
124.46829788652576,78.01643529637607,73.77305157845328,3
124.48829921994799,76.88280528246842,73.28117110223899,3
124.50830055337022,76.97287801239214,71.754106287543,3
124.52830188679245,78.22199606908673,70.40164719432553,3
124.54830322021468,77.72341112322201,71.95964303944501,3
124.5683045536369,76.90859825365825,71.8449985649414,3
124.58830588705914,75.65536774409522,69.39725920550887,3
124.60830722048136,75.01608561855534,68.39113023429724,3
124.6283085539036,74.71665814409415,67.52752316160523,3
124.64830988732582,74.89586245193449,69.45107358826264,3
124.66831122074805,71.5115004692175,66.01816800509714,3
124.68831255417028,70.89521937004312,65.963485199835,3
124.7083138875925,69.7937219951114,62.97825309175604,3
124.72831522101473,67.92485142412413,61.65036114676864,3
124.74831655443695,66.51129542234503,60.61261077717302,3
124.76831788785918,66.34113854680544,59.0965594930281,3
124.78831922128141,65.35403967093444,54.99384810332525,3
124.80832055470364,60.778249139406725,53.90878927759387,3
124.82832188812587,60.45277573634643,50.80415139680874,3
124.8483232215481,58.599442909900645,49.85465574428807,3
124.86832455497033,56.13597778964803,49.35755031701478,3
124.88832588839256,52.70084525222266,44.60831779703642,3
124.90832722181479,52.859193814278726,45.09236630120331,3
124.92832855523702,51.0188746698382,41.46816116087801,3
124.94832988865925,46.954297078870916,39.50406154604153,3
124.96833122208147,45.515199149859015,39.485287834667155,3
124.9883325555037,41.66518815007433,34.01459605290084,3
125.00833388892592,40.86336039392246,31.31495496736143,3
125.02833522234815,38.55739813090447,30.56532156015034,3
125.04833655577038,36.547432502774235,29.99068161923014,3
125.0683378891926,33.76920171321151,26.975407437608514,3
125.08833922261483,31.706459225753544,23.897766557643653,3
125.10834055603706,31.76510554647506,22.711312614755563,3
125.12834188945929,27.999035868777753,20.1950776080615,3
125.14834322288152,26.527809169831023,17.31108806547173,3
125.16834455630375,24.013873897355786,18.718016433644387,3
125.18834588972598,21.683011246145192,14.427403528704797,3
125.20834722314821,20.76998499839015,10.93630265664684,3
125.22834855657044,17.113105003193777,10.71311695211224,3
125.24834988999267,18.329634608949107,11.7779335190513,3
125.2683512234149,16.523244250738408,9.530298614337376,3
125.28835255683713,14.64278620829505,7.333916790005259,3
125.30835389025934,13.08973637332378,8.316615696241554,3
125.32835522368157,10.907015417311358,6.776293939372467,3
125.3483565571038,13.192687412319259,5.371582456682906,3
125.36835789052603,9.628039671213736,6.57253111276639,3
125.38835922394826,8.938010874617813,5.488928077860095,3
125.40836055737049,7.434639253690172,4.31426492763647,3
125.42836189079271,7.963775522469538,3.7666430816855985,3
125.44836322421494,8.572450928215304,2.8972717333155957,3
125.46836455763717,7.665207367102528,2.474631951256216,3
125.4883658910594,5.804881071117545,5.248539029868564,3
125.50836722448163,6.811436553677802,1.8625944251953537,3
125.52836855790386,8.465941594661247,2.286316966037915,3
125.54836989132609,6.9837614309795155,4.400582660893998,3
125.56837122474832,6.939079886992344,2.5769636934921447,3
125.58837255817055,7.428696830937802,4.453638519242473,3
125.60837389159276,8.291859286665233,7.642503170058075,3
125.62837522501499,11.352003085909661,7.654188146643865,3
125.64837655843722,9.271821026751589,8.360731362280983,3
125.66837789185945,10.123448582226878,9.112516286571946,3
125.68837922528168,12.796297083610312,11.522532829088583,3
125.70838055870391,15.807680978137187,10.985398866869366,3
125.72838189212614,16.358826692013555,14.391164117742239,3
125.74838322554837,16.61655327335049,14.355053784267854,3
125.7683845589706,19.521216120738135,16.757410523874952,3
125.78838589239282,18.129605758956128,21.725826439052817,3
125.80838722581505,23.769072138967218,20.697524587369628,3
125.82838855923728,25.225294994711955,24.168522081723662,3
125.84838989265951,27.62778031019255,26.501951655791743,3
125.86839122608174,29.033114136237945,27.598195772960015,3
125.88839255950397,30.46641400650658,27.693593039121673,3
125.90839389292618,30.946416686821554,31.02482124260719,3
125.92839522634841,34.020747265394256,34.8934063152605,3
125.94839655977064,36.57345918700548,35.171619485460894,3
125.96839789319287,37.314805178664514,38.765201127625105,3
125.9883992266151,41.50937882293155,41.602464066155484,3
126.00840056003733,41.420471773933144,41.72786445523357,3
126.02840189345956,44.692734627232596,44.43266876218825,3
126.04840322688179,47.600555374360454,45.904597294821926,3
126.06840456030402,47.96482677669319,48.27651649718144,3
126.08840589372625,51.7798847251368,51.01561472404293,3
126.10840722714848,56.117983189543125,51.1518871899505,3
126.1284085605707,57.164725106056906,54.93840617817857,3
126.14840989399293,59.902841994715196,56.25327180337018,3
126.16841122741516,59.673523264951875,58.86285858864095,3
126.18841256083739,61.35954524770395,60.99024563319352,3
126.2084138942596,61.53600525173603,62.157544210058084,3
126.22841522768184,65.60039151671613,63.38866630575184,3
126.24841656110407,66.30975197164275,66.42472712729999,3
126.2684178945263,68.1829782510182,65.64925848952313,3
126.28841922794852,67.90520838623033,67.23234949238012,3
126.30842056137075,71.90873124529621,68.42873795770797,3
126.32842189479298,70.73623453202742,68.3889238428069,3
126.34842322821521,73.82906866098462,71.23093493414531,3
126.36842456163744,74.20414064220147,72.56576610085459,3
126.38842589505967,74.4010508002826,71.67073427564395,3
126.4084272284819,72.74080800964742,72.37645170766544,3
126.42842856190413,77.23171402456511,71.72637792123771,3
126.44842989532636,77.01182140544213,71.11705848165188,3
126.46843122874859,77.62841923579543,72.47562063765274,3
126.48843256217081,78.00149824856456,73.85383572673112,3
126.50843389559303,79.70833736919688,72.78475150292026,3
126.52843522901526,78.00160741612004,73.23394829420641,3
126.54843656243749,75.8237440348346,72.75204144727331,3
126.56843789585972,75.17734856200781,71.63063882504798,3
126.58843922928195,76.30999700347714,73.83873193214968,3
126.60844056270417,73.9439499821577,67.51409353707824,3
126.6284418961264,74.87984198587036,67.36849649066414,3
126.64844322954863,74.67795075716027,67.78543150632673,3
126.66844456297086,73.28931692110758,64.66515868110737,3
126.68844589639309,70.14428575775733,64.29136641832893,3
126.70844722981532,68.53882619664219,63.167182433338596,3
126.72844856323755,67.77973068693869,62.81459733935977,3
126.74844989665978,66.36422506072802,61.16225993655982,3
126.76845123008201,64.85759504345313,58.64891002841089,3
126.78845256350424,63.33744186551056,56.4610676537798,3
126.80845389692645,61.669008340552814,54.25339975131891,3
126.82845523034868,59.05464057990577,52.00614663373162,3
126.84845656377091,57.5750566191951,51.77039996701253,3
126.86845789719314,55.61181214076572,49.368494767845114,3
126.88845923061537,52.78589909112075,47.48259485084065,3
126.9084605640376,51.03597314036264,46.16202611363957,3
126.92846189745983,52.113912349282565,41.30511565228764,3
126.94846323088206,46.35604795845879,41.72774664566448,3
126.96846456430428,44.25196632148144,37.84871343987165,3
126.98846589772651,42.60914039400695,34.69560462180213,3
127.00846723114874,39.96068015208849,34.662470879423886,3
127.02846856457097,38.33819223753487,32.18920461128194,3
127.0484698979932,36.68330103089389,27.735778210324863,3
127.06847123141543,33.907484040189544,26.276955499224123,3
127.08847256483766,33.920010549677414,24.87025636661011,3
127.10847389825987,32.44321720691689,25.144232914554163,3
127.1284752316821,28.76413894697896,20.57154048599508,3
127.14847656510433,26.04736991926254,19.859694114217564,3
127.16847789852656,22.837581081313967,17.281138674020195,3
127.18847923194879,23.46560058325807,14.84137777974034,3
127.20848056537102,21.094883066272878,15.955506957631084,3
127.22848189879325,17.361444162713447,10.36467951863582,3
127.24848323221548,18.19139125911928,12.051030291084844,3
127.2684845656377,17.05487948383963,8.34458536767714,3
127.28848589905994,14.13200482017671,10.303477955554724,3
127.30848723248216,14.3033829224195,8.096899700073038,3
127.3284885659044,11.941156267930864,6.422424195473062,3
127.34848989932662,10.323352922414019,4.3627335834356495,3
127.36849123274885,11.625432466628808,3.765879993519446,3
127.38849256617108,9.388186951927775,3.8496417873087694,3
127.4084938995933,7.9043550283284345,4.612277909309753,3
127.42849523301552,8.778304571761993,3.2513139263378448,3
127.44849656643775,7.2961961996600415,2.9927195336907855,3
127.46849789985998,8.833120820806329,1.7962805258767511,3
127.48849923328221,4.260419778048012,4.353316346700776,3
127.50850056670444,6.354129383543953,0.7997558937700706,3
127.52850190012667,6.742687811868654,3.54312213689722,3
127.5485032335489,6.522598370064761,4.9814713858751976,3
127.56850456697113,9.276186344683296,6.090811930188292,3
127.58850590039336,7.118732181981,4.969118347951489,3
127.60850723381559,9.250758228553513,7.428346546641107,3
127.62850856723782,9.904088082739928,8.124187553399128,3
127.64850990066004,11.838060549590983,8.90205771573454,3
127.66851123408227,12.046534866733655,10.616653582364048,3
127.6885125675045,12.779994136573615,10.405959620515754,3
127.70851390092672,12.097529580971246,10.160779099989036,3
127.72851523434895,16.787816997457305,13.71475639199354,3
127.74851656777118,17.49092936023951,15.42854983615526,3
127.7685179011934,19.232462113271417,17.64073729456995,3
127.78851923461563,20.163769323208033,18.39084177286815,3
127.80852056803786,22.145516453300083,23.68631887651695,3
127.82852190146009,24.661802758271087,24.07827408481584,3
127.84852323488232,25.959277371806202,25.84006488936173,3
127.86852456830455,28.79919627388783,27.186066548523346,3
127.88852590172678,29.601242597743827,28.438693657473635,3
127.90852723514901,32.40324198627723,31.897503901378972,3
127.92852856857124,34.08217586919698,33.604929330568226,3
127.94852990199347,36.926016656661794,35.382588904896444,3
127.9685312354157,39.93465515255452,37.24072491733407,3
127.98853256883793,40.78316110579537,40.49083038927641,3
128.00853390226015,42.77572681703226,41.819436837510935,3
128.02853523568237,46.288721283484776,44.813829956633185,3
128.0485365691046,46.95294467813965,46.1800247127381,3
128.06853790252683,49.34589691553576,48.92660673611579,3
128.08853923594907,52.62353335897914,50.79714891359578,3
128.10854056937129,52.53949844082129,54.879144461361165,3
128.12854190279353,56.90611830891929,55.15615780925672,3
128.14854323621574,58.185147770741985,54.353613419262345,3
128.16854456963796,60.98375436166376,58.640590329507106,3
128.1885459030602,61.02535482230493,60.24778494422602,3
128.20854723648242,61.64966734456064,62.35999730525552,3
128.22854856990466,65.74726262301257,64.97113642886478,3
128.24854990332688,67.51445484567766,64.10666105280878,3
128.26855123674912,67.03839474364042,64.82382118360049,3
128.28855257017133,68.66086368112798,67.61940232785604,3
128.30855390359358,70.8963926783014,67.621774856922,3
128.3285552370158,73.61258690951124,70.37164893326194,3
128.34855657043803,73.24904537556623,68.59421684037844,3
128.36855790386025,73.48704152416713,70.1740047307529,3
128.3885592372825,73.50064553885551,72.05423538643896,3
128.4085605707047,74.06035640249911,73.17956457730153,3
128.42856190412695,76.61414034295248,71.95655582558645,3
128.44856323754917,76.35866172153405,71.57097605542214,3
128.46856457097138,76.66306600873803,71.59279712300497,3
128.48856590439362,76.73109831289851,73.32535177826088,3
128.50856723781584,77.34488660939186,72.88462496905767,3
128.52856857123808,75.90465741890027,73.93438689631336,3
128.5485699046603,78.53951089073576,71.4825040710614,3
128.56857123808254,76.5192658312314,70.69184789595472,3
128.58857257150476,75.48993066176759,68.32545348140606,3
128.608573904927,73.97667846705558,68.3671638526655,3
128.6285752383492,73.71715071960229,68.09142443050402,3
128.64857657177146,74.38713925246974,68.9341341884625,3
128.66857790519367,72.0547042162787,65.31158290049059,3
128.68857923861592,71.40315995998435,65.10476104427907,3
128.70858057203813,69.86537251861034,64.0056194823296,3
128.72858190546037,69.30060301879655,61.648193940171836,3
128.7485832388826,66.7933179833378,61.12102876388508,3
128.7685845723048,66.14619073262695,59.5238584831241,3
128.78858590572705,65.66567495512443,55.25514059224205,3
128.80858723914926,62.54171423317736,55.1519663507721,3
128.8285885725715,60.668290674437166,54.07011418854437,3
128.84858990599372,57.79387334669859,52.19660765287036,3
128.86859123941596,56.14393863429392,49.30769541458456,3
128.88859257283818,53.50201772367731,46.897056003482525,3
128.90859390626042,51.75001214525436,43.602453835031156,3
128.92859523968264,50.217307725554505,43.13870779804048,3
128.94859657310488,47.64891009888275,41.365271491044425,3
128.9685979065271,45.87463443218217,37.7798244195492,3
128.98859923994934,42.102741225653716,34.72015073961205,3
129.00860057337155,42.83836036249758,32.792337692781146,3
129.0286019067938,39.9969206616268,31.386606399396708,3
129.048603240216,36.64878699057352,29.602445984211908,3
129.06860457363823,35.095031156416056,26.999395006041492,3
129.08860590706047,31.713119353300776,25.158859825705097,3
129.10860724048268,31.048127293203716,22.914166720142344,3
129.12860857390493,28.652040683381056,22.148284205936807,3
129.14860990732714,27.525103496314365,19.669354667271136,3
129.16861124074939,24.48305176939736,17.93128767750691,3
129.1886125741716,23.779414959265015,16.536182513013873,3
129.20861390759384,21.46670799235998,13.931847675778634,3
129.22861524101606,19.327548134681514,11.972543695114755,3
129.2486165744383,16.448550567474918,11.699485573170262,3
129.26861790786052,17.03168654506481,9.916286619120404,3
129.28861924128276,14.725215079344554,10.642913824802223,3
129.30862057470497,13.710083663287028,7.113626527139688,3
129.32862190812722,11.675402887694274,6.050315416058285,3
129.34862324154943,10.022635156142723,4.506196327736188,3
129.36862457497165,10.102215088546926,5.481834604682803,3
129.3886259083939,10.228741409292423,3.4475695771525112,3
129.4086272418161,7.962337601386603,3.729890206981614,3
129.42862857523835,8.789679493122938,2.3411703492003695,3
129.44862990866056,7.2930582362601974,2.0675264131873132,3
129.4686312420828,7.461886456584575,3.2238751012489293,3
129.48863257550502,5.562172943056761,3.886069549472225,3
129.50863390892727,8.155918387463755,3.7265322714849236,3
129.52863524234948,7.201529548005485,2.9815919712331294,3
129.54863657577172,6.374191172030732,3.2950837108771234,3
129.56863790919394,7.550538469969659,3.6066658621381222,3
129.58863924261618,7.390541655484601,5.380486607748598,3
129.6086405760384,9.129976715656737,4.800848949935268,3
129.62864190946064,9.401957705538404,6.6421927412903425,3
129.64864324288286,10.988203545587313,7.29369199522651,3
129.66864457630507,13.220699563785256,10.202691663475642,3
129.6886459097273,14.217234379798876,12.53825703602064,3
129.70864724314953,14.762131963169306,12.66605801603836,3
129.72864857657177,16.441375802761787,14.31492163826051,3
129.748649909994,16.35509835322741,14.26209315140919,3
129.76865124341623,18.0903176189811,19.133327729925078,3
129.78865257683844,20.496808905379282,19.00192029041049,3
129.8086539102607,22.192829557333493,19.926455970187195,3
129.8286552436829,24.775366954438898,23.95250388186105,3
129.84865657710515,25.89735382795142,25.263506190901257,3
129.86865791052736,28.005215624789898,28.27353562037036,3
129.8886592439496,28.55998330617037,28.45395635473437,3
129.90866057737182,32.22186743896161,30.08794712521459,3
129.92866191079406,34.26050041740225,34.1338488201824,3
129.94866324421628,36.808513008241874,34.75051714060974,3
129.9686645776385,38.66798278423892,37.75283271486472,3
129.98866591106074,41.732127282436196,41.470580075874466,3
130.00866724448295,43.70291608876207,41.134474555953894,3
130.0286685779052,46.04906594977679,44.80335349433474,3
130.0486699113274,48.64570516853064,45.71306360920654,3
130.06867124474965,48.71787375779125,49.745410275856955,3
130.08867257817187,50.651091020575834,50.296634426743374,3
130.1086739115941,55.82251975113009,54.64107234215663,3
130.12867524501632,55.24784955516303,54.143824671520534,3
130.14867657843857,58.559244544273795,56.909962190788946,3
130.16867791186078,60.65756656678583,58.56995774824456,3
130.18867924528303,61.233973320708074,61.51290750134678,3
130.20868057870524,63.5535245649122,61.654824441963115,3
130.22868191212748,63.48038961757436,62.41410996414574,3
130.2486832455497,66.4302888499842,65.02503987106786,3
130.26868457897191,66.9607819462549,66.09888604362341,3
130.28868591239416,69.14237069910567,66.63384645298663,3
130.30868724581637,70.0751955388294,68.71733106367763,3
130.32868857923862,71.91241664678383,69.4307023020288,3
130.34868991266083,73.2392145314405,71.50285964339457,3
130.36869124608307,72.63601098963844,71.0696807300062,3
130.3886925795053,75.45298732018642,71.10250319947855,3
130.40869391292753,75.46782307912484,72.19191729641877,3
130.42869524634975,75.93496446915869,71.6864921661818,3
130.448696579772,76.1456861955898,72.81520385096672,3
130.4686979131942,78.27931815509478,73.06880802895235,3
130.48869924661645,77.32207570370024,70.92271415428351,3
130.50870058003866,77.55983046301257,72.0087332254486,3
130.5287019134609,79.39450209185087,72.19705429842924,3
130.54870324688312,77.40255117852766,71.8374751651936,3
130.56870458030534,76.96139002383308,71.98939520132441,3
130.58870591372758,74.64217968002134,70.77506750754024,3
130.6087072471498,74.4208732038038,69.70539960207537,3
130.62870858057204,74.18535323449169,68.80181415190482,3
130.64870991399425,72.29893776765094,66.26086159754756,3
130.6687112474165,70.76550410632177,66.6558043719144,3
130.6887125808387,68.8128216543955,63.09650894565431,3
130.70871391426095,69.05577519224154,62.070859041905194,3
130.72871524768317,67.3774447349031,60.5047615098602,3
130.7487165811054,66.35881420711665,59.35642574955506,3
130.76871791452763,64.53140874239324,59.04998270492779,3
130.78871924794987,64.8702958681008,57.41749487347301,3
130.80872058137209,62.7061364036212,54.165965150650955,3
130.82872191479433,60.417817191768016,53.168962041712234,3
130.84872324821654,58.334781031239366,51.98815382302759,3
130.86872458163876,56.62612623470814,48.42434737343981,3
130.888725915061,53.30077667874946,45.333680311631355,3
130.90872724848322,52.88453601613103,46.55948367489747,3
130.92872858190546,49.29925378874061,40.18722048018729,3
130.94872991532768,48.65020826597036,39.500430291448474,3
130.96873124874992,45.27909025262368,38.40282369451857,3
130.98873258217213,43.856170537886904,35.97454748722026,3
131.00873391559438,43.22151840686918,33.38866897486191,3
131.0287352490166,38.26229050506697,31.432436336131108,3
131.04873658243883,37.29478371192469,28.10739165635789,3
131.06873791586105,34.866220975297445,28.56901757329001,3
131.0887392492833,32.55521798485932,24.819707668897948,3
131.1087405827055,32.49804629031248,22.538091547227722,3
131.12874191612775,28.5181723533185,20.552107588466157,3
131.14874324954997,25.93244827543013,20.236836434898144,3
131.16874458297218,22.907931767796907,18.613473675025,3
131.18874591639442,22.697223359536622,16.429717226339594,3
131.20874724981664,20.76764680227086,14.241488418784773,3
131.22874858323888,19.99897658540734,13.564873535721357,3
131.2487499166611,17.74976571306651,10.993397300880648,3
131.26875125008334,15.22695322176625,7.03513983676843,3
131.28875258350556,15.443755211220862,7.3555671022358995,3
131.3087539169278,12.98430421050227,5.567489014731279,3
131.32875525035,11.540970314115128,5.502367298188006,3
131.34875658377226,10.7624163431812,4.452954459574166,3
131.36875791719447,9.811802709194831,4.181137530584305,3
131.38875925061672,9.66354357939558,3.0679082400009148,3
131.40876058403893,7.841110787073174,4.295790799484383,3
131.42876191746117,8.772340220416481,4.292580503135453,3
131.4487632508834,8.472906483683438,3.3695242580457565,3
131.4687645843056,6.975373921207757,3.2351983086117153,3
131.48876591772785,7.201740760388784,3.124368171028008,3
131.50876725115006,7.527647927266432,0.6664958142566544,3
131.5287685845723,6.545662870410881,3.8297581459191465,3
131.54876991799452,6.28493885107302,3.4579790634664986,3
131.56877125141676,9.679129507838484,5.158199402872658,3
131.58877258483898,8.598526537675115,4.914834765807518,3
131.60877391826122,9.267283816392421,4.94710182929952,3
131.62877525168344,9.551934818746949,7.652039462965276,3
131.64877658510568,9.526642911514992,8.456967357656021,3
131.6687779185279,13.31149018856066,9.547960645642291,3
131.68877925195014,12.630401450442845,11.1871553293698,3
131.70878058537235,13.792127425604974,11.028503163693722,3
131.7287819187946,14.027525180232196,13.259033295342931,3
131.7487832522168,15.537613114684536,15.581280392351134,3
131.76878458563903,20.481720171598308,17.468075816878958,3
131.78878591906127,20.780214487617133,19.333166680933637,3
131.80878725248348,23.05457221500193,20.136787796595396,3
131.82878858590573,24.513080723186597,23.60990505991299,3
131.84878991932794,25.271929281934128,22.613467124730093,3
131.86879125275019,28.89371492309115,28.708226697331988,3
131.8887925861724,29.994981651108844,30.290111245002244,3
131.90879391959464,33.62446393980539,32.58306374017034,3
131.92879525301686,33.58236398016425,33.28156562767541,3
131.9487965864391,35.990937548917046,37.46162094364273,3
131.96879791986132,37.40504318720632,39.157544473569104,3
131.98879925328356,41.69628527033277,38.87647502058829,3
132.00880058670577,43.42242844366266,42.856319504460686,3
132.02880192012802,45.08604477358111,42.770961844419844,3
132.04880325355023,48.63071921200509,45.685765258942034,3
132.06880458697245,50.45788661505072,49.755819938222466,3
132.0888059203947,51.85746039644356,52.430644859609984,3
132.1088072538169,55.04822434578894,53.20393876309909,3
132.12880858723915,54.54804848163876,55.3204870163321,3
132.14880992066136,58.10472201974322,57.77099796047219,3
132.1688112540836,60.63039813556986,59.31598305330137,3
132.18881258750582,62.66163042805755,57.05163087038327,3
132.20881392092807,64.91491431297793,61.305413054198645,3
132.22881525435028,63.89771329246288,63.41585417589962,3
132.24881658777252,67.04953861750971,64.33378074180784,3
132.26881792119474,67.43724650004381,67.37774845214383,3
132.28881925461698,68.34073637423485,67.15916320705482,3
132.3088205880392,69.22806876737131,66.58562671802635,3
132.32882192146144,70.97365582398669,69.64309458623285,3
132.34882325488365,72.79324890591847,68.77454788791889,3
132.36882458830587,73.49879845105113,70.11067233340468,3
132.3888259217281,75.33766816843918,72.46029897212739,3
132.40882725515033,74.91432958487822,71.09520140707649,3
132.42882858857257,74.75605113678448,72.5990617853909,3
132.4488299219948,77.38145151736212,72.7892591669353,3
132.46883125541703,76.17462408762711,71.6522451313411,3
132.48883258883924,77.29017355856205,73.39622801636249,3
132.5088339222615,75.39252600656351,72.55547153331113,3
132.5288352556837,75.90688208934756,73.69777357572306,3
132.54883658910595,77.44234468935072,72.21047136506871,3
132.56883792252816,76.56507803416952,69.56133971766332,3
132.5888392559504,74.0714002074065,68.8494133898418,3
132.60884058937262,73.8566459432538,70.69858521807866,3
132.62884192279486,75.66477972228154,69.53840573506001,3
132.64884325621708,73.85917304373626,66.99483112031004,3
132.6688445896393,71.52501420732771,66.7883495458852,3
132.68884592306154,71.99782059365647,64.80366678961464,3
132.70884725648375,69.66212579715615,62.46802104319363,3
132.728848589906,66.85957368669241,60.66113829754721,3
132.7488499233282,69.18695604028201,59.313132891840674,3
132.76885125675045,63.71854652605564,60.045787772718555,3
132.78885259017267,63.35490049599597,56.400692245920254,3
132.8088539235949,63.00044310000031,55.30377481367756,3
132.82885525701712,61.2027467705383,50.59304707831655,3
132.84885659043937,56.43246233896194,50.420725974471495,3
132.86885792386158,54.36030931697758,49.05104678085009,3
132.88885925728383,55.00397634313627,47.06732824978115,3
132.90886059070604,52.64690839999259,43.622035854142666,3
132.92886192412828,52.28871600421938,42.21068075117096,3
132.9488632575505,49.508969488936636,39.96836925879897,3
132.96886459097271,47.054925552366605,35.58857463159924,3
132.98886592439496,43.58729931345168,36.078738343467506,3
133.00886725781717,41.47532243554583,31.95210508214854,3
133.02886859123942,39.29406920107462,28.92719086433575,3
133.04886992466163,36.61261672025757,29.104253177331707,3
133.06887125808387,32.88847916823531,25.94020875717484,3
133.0888725915061,32.33376816197516,24.89856229679849,3
133.10887392492833,31.768287177780284,22.378054276198768,3
133.12887525835055,29.250594254165236,19.633654101182167,3
133.1488765917728,25.905440092650966,18.48272236673246,3
133.168877925195,22.63074714583453,17.477580916297242,3
133.18887925861725,22.956971239072544,14.460397673622271,3
133.20888059203946,19.622755909152342,14.343967204271912,3
133.2288819254617,17.65185288248974,11.24222791348386,3
133.24888325888392,18.093716749713337,11.622089895886377,3
133.26888459230614,15.57491982795859,9.851376691333295,3
133.28888592572838,14.072051660805295,8.020176418804265,3
133.3088872591506,14.783030526816336,6.8506493529271095,3
133.32888859257284,10.971424692391738,6.714294400992203,3
133.34888992599505,10.713566568533702,4.206050716374889,3
133.3688912594173,10.609974007862904,3.6386909311222597,3
133.3888925928395,8.649397699113885,2.9408315563945955,3
133.40889392626175,9.390012834760311,1.7848037041985887,3
133.42889525968397,8.13402821152295,1.673329315152708,3
133.4488965931062,8.519334437930846,1.6152874380084874,3
133.46889792652843,7.082671574772064,2.7796972886860125,3
133.48889925995067,7.557451023154248,2.600657217886302,3
133.50890059337289,7.805397024808587,2.9522262943978865,3
133.52890192679513,6.393189831490727,3.8353980790073274,3
133.54890326021734,5.645886509846184,2.6675456955930255,3
133.56890459363956,8.230302009085486,8.215109753109692,3
133.5889059270618,7.963262476785855,6.0725642427122795,3
133.60890726048402,8.006514194801593,5.381596594160988,3
133.62890859390626,10.226212756714318,7.278292968668046,3
133.64890992732848,12.334889230442762,8.20701163645324,3
133.66891126075072,13.420174092730742,8.7737044622779,3
133.68891259417293,13.443734375287773,8.956670785608454,3
133.70891392759518,16.565513353545857,11.889419250405274,3
133.7289152610174,16.0771490278358,13.147401974876047,3
133.74891659443963,15.522332298844068,15.578317067021784,3
133.76891792786185,18.698642916462912,17.33074214197013,3
133.7889192612841,20.790609479195986,18.257951156662813,3
133.8089205947063,22.56324306248319,21.37257201764169,3
133.82892192812855,24.466509353740935,20.6486263527119,3
133.84892326155077,25.945197960003785,24.302941961276638,3
133.86892459497298,28.608958208563234,28.876868475346647,3
133.88892592839522,29.153235442972647,29.597336701971024,3
133.90892726181744,31.399781460366796,31.64820896602984,3
133.92892859523968,34.94754281077922,33.4641141222615,3
133.9489299286619,34.55253671786379,34.18958450055959,3
133.96893126208414,39.29455785469651,39.05875556360824,3
133.98893259550636,41.78032073587487,38.415253373857695,3
134.0089339289286,43.659564213933464,41.31750730054443,3
134.0289352623508,44.98084188183382,46.45399033601676,3
134.04893659577306,47.10191301270767,46.64287907579031,3
134.06893792919527,51.818029300648725,47.75595893256551,3
134.08893926261752,52.64203067277491,49.837355594877565,3
134.10894059603973,53.682867248993304,52.64151889595747,3
134.12894192946197,56.688423431609536,55.02686604483219,3
134.1489432628842,58.26445246248258,56.15174829227559,3
134.1689445963064,61.302259543253314,59.488772478940454,3
134.18894592972865,60.167470115319624,60.084525636581546,3
134.20894726315086,61.63618978655414,61.667282804266506,3
134.2289485965731,66.8786964832251,65.3247417142563,3
134.24894992999532,68.7598603718633,64.40710861610624,3
134.26895126341756,67.93825147390487,66.40479361062846,3
134.28895259683978,68.99957184745485,69.95481343278561,3
134.30895393026202,69.5201438396166,67.99430333796995,3
134.32895526368424,70.99511854916179,68.27638841712188,3
134.34895659710648,73.70644440669854,72.19240897535067,3
134.3689579305287,72.69177506224278,71.91542063295981,3
134.38895926395094,76.29074466075443,72.75565218364612,3
134.40896059737315,74.10434648615032,73.50770283627254,3
134.4289619307954,76.89796264365609,71.07610608272458,3
134.4489632642176,75.8445090946575,72.86132948921261,3
134.46896459763983,76.21471479395922,71.88656157751379,3
134.48896593106207,77.71582222524978,72.00921188996745,3
134.50896726448428,76.52284217843876,73.8967295687448,3
134.52896859790653,76.43838372971369,72.1624818842928,3
134.54896993132874,76.34872675606506,71.07982537301105,3
134.56897126475099,78.42549368395579,71.52542057665195,3
134.5889725981732,74.39560908906782,70.07890470304048,3
134.60897393159544,74.63051486836085,70.02181775545957,3
134.62897526501766,72.6726662729688,69.31529277260572,3
134.6489765984399,72.6108731290724,66.71605007501434,3
134.66897793186212,71.3648579910745,67.03153741586897,3
134.68897926528436,71.34114157905313,63.657538787924864,3
134.70898059870657,67.8165405367494,65.0397405459704,3
134.72898193212882,68.1623326436889,60.73341532419676,3
134.74898326555103,66.22317224818032,60.499941980794866,3
134.76898459897325,64.5471718598142,56.82308230869605,3
134.7889859323955,64.2799453402398,55.4196120150437,3
134.8089872658177,60.840944095619854,53.21246059095762,3
134.82898859923995,60.351572489567374,52.812698830721494,3
134.84898993266216,57.95865852805816,50.31518051012336,3
134.8689912660844,54.509721569263014,47.664669574126094,3
134.88899259950662,55.24465412748751,46.37733964199225,3
134.90899393292887,52.76979044600564,43.403119456487175,3
134.92899526635108,49.833932972782236,41.601870324692065,3
134.94899659977332,47.50673232536283,41.86572783331383,3
134.96899793319554,46.3747065774589,37.42768427990803,3
134.98899926661778,43.4852547206674,34.450456259844835,3
135.00900060004,40.30549876216733,33.84694283947522,3
135.02900193346224,38.5233696915146,31.79846623500176,3
135.04900326688445,37.44355242221757,29.3210120967503,3
135.06900460030667,35.29261895364313,25.9309364848805,3
135.0890059337289,33.57949354403915,25.29833602479316,3
135.10900726715113,30.675827629339604,23.61380382426047,3
135.12900860057337,27.010295404761166,22.08418756835222,3
135.1490099339956,25.08384341848529,17.995992371215888,3
135.16901126741783,22.677283298862715,16.924668521821577,3
135.18901260084004,22.97910397220074,14.636715118912797,3
135.2090139342623,20.717144214161827,13.03743803440009,3
135.2290152676845,19.42365603199784,13.333485165719857,3
135.24901660110675,17.052430361488394,11.342099460785402,3
135.26901793452896,17.079601151057705,8.759114322917318,3
135.2890192679512,14.633310649312444,8.528567304960315,3
135.30902060137342,13.911338521193692,7.192007409546002,3
135.32902193479566,11.55249309309253,6.229560276160426,3
135.34902326821788,11.453651704504203,5.291132305398722,3
135.3690246016401,10.495921218544384,5.463020136063384,3
135.38902593506234,9.357260884622816,4.236482609939078,3
135.40902726848455,7.888516624620266,3.712859382917739,3
135.4290286019068,6.457111331754622,2.8856757657506664,3
135.449029935329,6.865176712560872,2.715184110171021,3
135.46903126875125,6.394290546883941,1.4689709264648565,3
135.48903260217347,7.497919774593462,3.9601025334426008,3
135.5090339355957,5.191616645473151,2.9547687598101406,3
135.52903526901792,8.52414406133398,3.5958800284488452,3
135.54903660244017,7.164149054104599,4.870695163843598,3
135.56903793586238,6.968495618901418,3.205362503040819,3
135.58903926928463,7.477207836533114,5.7973095425948085,3
135.60904060270684,8.123368274976835,5.289168152388315,3
135.62904193612908,8.658852588079666,5.51710070554151,3
135.6490432695513,10.21302263027188,8.779107813483861,3
135.6690446029735,11.541955669666194,9.142007691984352,3
135.68904593639576,13.817450956516858,12.351205224518509,3
135.70904726981797,15.213656522149133,13.456721237639528,3
135.72904860324022,16.282959768550544,16.1621648615393,3
135.74904993666243,16.536776032823955,15.828178213628663,3
135.76905127008467,20.063088463144705,17.263890277071607,3
135.7890526035069,21.88366275796335,18.5172356543396,3
135.80905393692913,21.19962652135979,22.844380470183026,3
135.82905527035135,24.735645387922357,21.348777639641074,3
135.8490566037736,27.13406415690569,24.37476857719851,3
135.8690579371958,27.1969132054906,26.461700158931727,3
135.88905927061805,30.04155157956835,29.594549208285972,3
135.90906060404026,34.41500587563167,29.896175911549978,3
135.9290619374625,34.31749987847689,33.478776642777774,3
135.94906327088472,37.41013105346133,37.129352079695025,3
135.96906460430694,37.48559192321914,38.69274891553358,3
135.98906593772918,42.303300621511546,41.35603898545764,3
136.0090672711514,42.859783646295476,41.25293564230375,3
136.02906860457364,44.14831125485295,43.81546660882545,3
136.04906993799585,46.62110576970404,46.151903310408755,3
136.0690712714181,49.07222070742717,49.64452719425972,3
136.0890726048403,50.30728384318805,51.01294811422416,3
136.10907393826255,52.88111051045206,50.82522098522031,3
136.12907527168477,56.764396957021475,54.08913899383414,3
136.149076605107,56.61078050131004,57.613939366624756,3
136.16907793852923,59.6014328954407,60.01407288849909,3
136.18907927195147,61.71997835504467,59.7774754347735,3
136.20908060537369,63.44677264376969,62.48107355083388,3
136.22908193879593,66.25914084110246,64.40728485340111,3
136.24908327221814,66.5928789728208,64.67594039116582,3
136.26908460564036,68.18277012883563,64.86359242895668,3
136.2890859390626,67.53010391529307,66.84006647964462,3
136.30908727248482,69.3349419639208,68.06091213651759,3
136.32908860590706,71.8341392994925,69.41010956133624,3
136.34908993932928,74.15131045455787,69.76070947003755,3
136.36909127275152,74.56145621729884,70.80630184124986,3
136.38909260617373,73.61908968255644,72.05802295215676,3
136.40909393959598,75.83896809832383,72.20928086296168,3
136.4290952730182,74.27316344964576,73.60788506366838,3
136.44909660644043,76.90666970133994,72.45026067345357,3
136.46909793986265,77.75543876334353,73.22225329353464,3
136.4890992732849,77.75157039097408,72.42456731571639,3
136.5091006067071,79.09894034826257,73.3126893715626,3
136.52910194012935,77.73203187945082,70.5543940727684,3
136.54910327355157,76.0764998853463,73.06956399783263,3
136.56910460697378,75.41225973300683,70.52090656180289,3
136.58910594039602,74.75510878361784,71.41100755882505,3
136.60910727381824,75.7256203044899,69.64602454809904,3
136.62910860724048,73.40599864621582,67.55308974664747,3
136.6491099406627,72.43071158796229,66.85250487673369,3
136.66911127408494,72.48498809963432,67.93034845147938,3
136.68911260750716,70.98840529171859,65.20299730355114,3
136.7091139409294,69.00183934984727,61.825530429906095,3
136.7291152743516,67.95079130044422,63.257229796911766,3
136.74911660777386,69.01255248030915,60.120213325880805,3
136.76911794119607,65.14014764954472,58.49850051427575,3
136.78911927461832,63.29997722976919,56.527039227169574,3
136.80912060804053,60.62796224859229,56.07191357686478,3
136.82912194146277,60.420638146636136,52.50368958424898,3
136.849123274885,57.86492182115483,50.00368316334219,3
136.8691246083072,55.83063402617245,47.44638097283333,3
136.88912594172945,53.75283358980557,45.06380926489244,3
136.90912727515166,52.423026963456074,44.42309072655979,3
136.9291286085739,48.63185251621206,41.985428937648656,3
136.94912994199612,47.819451601796445,39.43237250328092,3
136.96913127541836,45.98745644355468,37.85729822503397,3
136.98913260884058,42.204207578446,35.85257701687486,3
137.00913394226282,41.58174083790861,33.164163485640366,3
137.02913527568504,38.504278637166465,32.035666208845186,3
137.04913660910728,36.25724054260392,29.564258670115013,3
137.0691379425295,33.51291871385837,28.179803744467122,3
137.08913927595174,32.52573335424201,25.044562661427882,3
137.10914060937395,29.333725318519217,22.097453543727205,3
137.1291419427962,27.67076380399226,22.227511767164813,3
137.1491432762184,24.922337713113432,18.45048539509819,3
137.16914460964063,24.83472542942803,15.388436339980485,3
137.18914594306287,23.654222719430464,16.522473864667212,3
137.20914727648508,19.640025070030735,14.655481881136916,3
137.22914860990733,19.3022562799723,11.110822686452979,3
137.24914994332954,19.077119596300232,10.8400359811575,3
137.26915127675178,14.842499777813783,8.243052796230035,3
137.289152610174,15.15329412811298,5.814681141655953,3
137.30915394359624,13.067082094468773,7.411237633349555,3
137.32915527701846,14.012383518405667,6.18778318624344,3
137.3491566104407,11.739969699934488,4.2499945327829245,3
137.36915794386292,10.121780110683499,3.882985909572853,3
137.38915927728516,8.763353103091822,3.1534637258828067,3
137.40916061070737,7.5542479200257056,4.247120617677697,3
137.42916194412962,8.664176891831731,2.7144461728012086,3
137.44916327755183,4.765162360210727,3.1218898618902617,3
137.46916461097405,7.9996238700926865,3.964262099378524,3
137.4891659443963,6.967575685652962,2.0879970893065027,3
137.5091672778185,7.459610478154773,4.312245623830922,3
137.52916861124075,7.34876600109572,2.2246379258771696,3
137.54916994466296,7.793347205718028,3.6655068940322946,3
137.5691712780852,5.604816671190347,4.817069952324577,3
137.58917261150742,8.089951349815712,5.997220964167752,3
137.60917394492967,8.95926163505219,6.503325520000716,3
137.62917527835188,9.862597332694376,7.231924383889293,3
137.64917661177412,10.017897781503294,8.467934649712886,3
137.66917794519634,11.842867045222887,10.546590691943239,3
137.68917927861858,12.517539907639268,10.7073924594527,3
137.7091806120408,14.320082221186283,11.861471284104026,3
137.72918194546304,16.769988567066044,15.282075980868823,3
137.74918327888525,15.49829972201568,16.71216111291529,3
137.76918461230747,18.11366880984945,17.84513007729179,3
137.7891859457297,20.000036334890773,19.075142885684034,3
137.80918727915193,24.304328639118363,20.434800277656255,3
137.82918861257417,22.63047057543069,24.035039380608765,3
137.8491899459964,25.95377065265129,24.33613191170622,3
137.86919127941863,28.365337655728833,29.808823242534068,3
137.88919261284084,30.794550615228694,28.48499445917721,3
137.9091939462631,29.976859319362323,31.204263956551834,3
137.9291952796853,33.781093296895264,35.99567988509658,3
137.94919661310755,36.18061094255992,35.61495652778788,3
137.96919794652976,36.93575064311833,36.1376313916651,3
137.989199279952,41.73522623643735,41.79750855740156,3
138.00920061337422,42.340121352158114,43.51970631559794,3
138.02920194679646,44.9889616136055,45.824302514480806,3
138.04920328021868,47.171404100891124,46.62189546676751,3
138.0692046136409,49.114542031257955,49.058907908693264,3
138.08920594706314,51.64970604537066,50.72117690459044,3
138.10920728048535,53.942454270646415,51.70419923344927,3
138.1292086139076,55.06321097089594,54.18893399122361,3
138.1492099473298,57.640839799620785,58.02755789727595,3
138.16921128075205,62.665419268302244,59.80426307632088,3
138.18921261417427,61.91266777954034,61.20169226668049,3
138.2092139475965,64.25360109407731,61.21225971786958,3
138.22921528101872,63.74584257029623,63.23095744562924,3
138.24921661444097,67.88217506481257,65.5474549592182,3
138.26921794786318,69.69936787082463,66.45996048271938,3
138.28921928128543,70.99712545269135,66.89368886142809,3
138.30922061470764,69.77704250960095,68.19460777621181,3
138.32922194812988,71.9450071109025,72.41409681486742,3
138.3492232815521,72.80513303955114,72.39713468338088,3
138.3692246149743,73.18103709307447,71.5045562423976,3
138.38922594839656,74.88014957897023,73.34816365403624,3
138.40922728181877,76.60515702119314,71.4569965866696,3
138.42922861524102,77.76574159939528,72.12833954842749,3
138.44922994866323,75.41415850657987,72.63827270220042,3
138.46923128208547,76.26767876422187,72.57621692161774,3
138.4892326155077,77.34364887454136,74.22537749678281,3
138.50923394892993,75.60774475208675,73.00798515335542,3
138.52923528235215,76.44139643868513,71.64434445512886,3
138.5492366157744,76.92456143303811,72.32321388477125,3
138.5692379491966,77.13207898668406,69.59215200452327,3
138.58923928261885,74.90723045556386,69.8749220021027,3
138.60924061604106,74.68593414610072,69.13587304183896,3
138.6292419494633,75.24363786281407,68.53422775396956,3
138.64924328288552,72.15435528573933,66.90387253561082,3
138.66924461630774,74.01826184734487,65.09648985956012,3
138.68924594972998,70.43769207023743,63.22382531207641,3
138.7092472831522,69.8146846389097,62.51628690337112,3
138.72924861657444,67.18016064005299,63.21763895159685,3
138.74924994999665,67.27413497052447,59.767535985774444,3
138.7692512834189,67.04141575164228,58.730766831313176,3
138.7892526168411,64.15047328160459,58.22850453347019,3
138.80925395026335,60.996667175869604,54.810185932044774,3
138.82925528368557,61.43071013767155,53.601902007676735,3
138.8492566171078,58.80523964372272,49.986746340642064,3
138.86925795053003,56.7800885577184,48.919095375340994,3
138.88925928395227,52.854154558991134,47.02204161702759,3
138.90926061737449,51.3213186237881,44.261219155730906,3
138.92926195079673,48.86914711797157,43.145586023799204,3
138.94926328421894,45.78724174333994,40.072708377413434,3
138.96926461764116,45.84150556477149,36.95929324769604,3
138.9892659510634,43.83637435748279,34.43965804210109,3
139.00926728448562,40.64745777068274,33.8319867044012,3
139.02926861790786,39.182184367277046,31.467236493962954,3
139.04926995133007,36.09704976548241,30.723459177301166,3
139.06927128475232,34.19975563201931,28.127327517455623,3
139.08927261817453,31.090985920093146,24.507251792602098,3
139.10927395159678,29.56210378929481,22.698845192720555,3
139.129275285019,28.626107355612735,19.95200662065425,3
139.14927661844123,27.036650827891606,19.015206642846646,3
139.16927795186345,23.660136615095976,16.778095479741364,3
139.1892792852857,22.487654757610855,15.612233430645023,3
139.2092806187079,20.45327293103996,14.374005497245141,3
139.22928195213015,19.6157373872335,13.195275995520142,3
139.24928328555237,16.348113584207447,10.663869790285629,3
139.26928461897458,14.07561430932559,8.203113286528005,3
139.28928595239682,13.164799944300944,7.071577957917476,3
139.30928728581904,13.123009691528189,8.021035921372798,3
139.32928861924128,14.407572804640742,5.1430848745918185,3
139.3492899526635,11.139494408729108,6.893615492930861,3
139.36929128608574,8.553606978723538,4.957286257596778,3
139.38929261950796,9.453011560203361,2.1903995555226086,3
139.4092939529302,7.954780836010796,3.9169789253997607,3
139.4292952863524,8.6300497398746,2.9490713773683854,3
139.44929661977466,8.335774374743991,1.8244736884838515,3
139.46929795319687,7.531748723630985,3.8264582751454004,3
139.48929928661912,6.373750925673178,2.8353092237657203,3
139.50930062004133,5.701470979136735,2.4694829133334255,3
139.52930195346357,7.584559155758211,6.110442445085667,3
139.5493032868858,7.833355068352715,4.088305266952641,3
139.569304620308,8.208399414295556,3.019523994498545,3
139.58930595373025,9.946956320039769,3.408837967163522,3
139.60930728715246,9.927584796769366,5.7363844415751375,3
139.6293086205747,11.777997794001626,6.913915641021113,3
139.64930995399692,10.960558147447523,9.299789154407375,3
139.66931128741916,10.329839301814022,9.074858704631232,3
139.68931262084138,14.214326480929111,10.20504724897591,3
139.70931395426362,15.318608530176133,12.49977972515086,3
139.72931528768584,14.936086901473923,15.137651955160191,3
139.74931662110808,17.730766079594325,15.28008191433922,3
139.7693179545303,19.716028039339314,18.371006255837205,3
139.78931928795254,19.777690071764614,20.114842831856908,3
139.80932062137475,22.484928136112583,21.824075708592808,3
139.829321954797,24.742425498035864,23.369793896783687,3
139.8493232882192,25.321958685598183,23.967083314689546,3
139.86932462164143,28.33313605062105,28.53489725852816,3
139.88932595506367,30.71424006697834,29.020864259292555,3
139.90932728848588,33.23184869215475,31.362229206540267,3
139.92932862190813,34.84257038986336,32.67032988036468,3
139.94932995533034,37.11531827092016,35.757764290110956,3
139.96933128875258,39.975765949914326,38.62393298391601,3
139.9893326221748,41.96721988379118,39.816953689169054,3
140.00933395559704,44.69570326872565,42.31988084067491,3
140.02933528901926,45.53531802565308,44.84860130553085,3
140.0493366224415,46.779186923490165,45.332782206902486,3
140.06933795586372,50.19749197828111,50.3560422048005,3
140.08933928928596,51.47658821108862,51.20867050841758,3
140.10934062270817,54.685383866719235,53.37857373784588,3
140.12934195613042,55.36226368933705,52.15783149896725,3
140.14934328955263,57.701809827078556,56.597887818679624,3
140.16934462297485,60.89786289624661,58.73784654804981,3
140.1893459563971,62.30654968839803,59.80108391695001,3
140.2093472898193,63.10736820000199,60.42121023451729,3
140.22934862324155,65.40095231068395,62.021734666471126,3
140.24934995666376,68.28588096881461,66.1427752228598,3
140.269351290086,68.60400981717818,67.17661816344827,3
140.28935262350822,69.01682594258071,67.61829500064438,3
140.30935395693047,72.11942000898362,68.81326680371868,3
140.32935529035268,71.99028399204495,68.75430422441525,3
140.34935662377492,73.36830344696443,69.81652937447427,3
140.36935795719714,76.09345347286514,68.67089274197389,3
140.38935929061938,74.29411929580026,70.98153791007365,3
140.4093606240416,74.35857778529258,71.10807155560661,3
140.42936195746384,74.57697954133197,71.50862469993544,3
140.44936329088605,76.57652435965908,72.45462121605186,3
140.46936462430827,77.82251249270614,72.66653825456038,3
140.4893659577305,77.17802049764457,74.8895240543874,3
140.50936729115273,74.74819326641332,72.17549625274457,3
140.52936862457497,77.00041729096507,72.0533511254962,3
140.5493699579972,76.54173131205754,71.41427272507684,3
140.56937129141943,73.99721864140521,71.47959393906548,3
140.58937262484164,77.34225682951438,69.71220181786582,3
140.6093739582639,72.7685681921526,69.88073289967994,3
140.6293752916861,74.17139247083063,69.92718772834463,3
140.64937662510835,73.17383814547351,66.37911638984242,3
140.66937795853056,72.04729345046563,66.9392424098622,3
140.6893792919528,71.06780931141206,64.68998260341549,3
140.70938062537502,71.07589587917059,62.53507439277374,3
140.72938195879726,67.03038184642384,59.08430097944388,3
140.74938329221948,67.00810228974372,60.197464993121336,3
140.7693846256417,64.26700571388758,59.48551011232595,3
140.78938595906394,64.47903711008234,56.19736184531841,3
140.80938729248615,64.80401389852157,54.41822819052638,3
140.8293886259084,60.331017638717505,54.009171777856196,3
140.8493899593306,59.21000895378841,49.70975886328195,3
140.86939129275285,55.75906718613614,49.65307517783745,3
140.88939262617507,53.01446660361601,47.71249370948873,3
140.9093939595973,51.194269838864216,43.16906442311968,3
140.92939529301952,48.381687869002924,42.81473626332893,3
140.94939662644177,49.19095818737911,40.379856493824185,3
140.96939795986398,45.920377206178145,38.73273929032794,3
140.98939929328623,44.076539291397154,35.418720950543175,3
141.00940062670844,40.513299748030306,34.74924399759851,3
141.02940196013068,40.99876481915647,31.179235462436644,3
141.0494032935529,38.22627251885172,29.963940101545518,3
141.0694046269751,35.01217427773903,27.05073330967909,3
141.08940596039736,31.997440783312175,24.411874997853843,3
141.10940729381957,30.61528041426188,23.886801904062743,3
141.12940862724182,29.522556812339467,21.610219396019634,3
141.14940996066403,26.063591536118157,19.81704108396616,3
141.16941129408627,24.94971690032815,16.4778562573327,3
141.1894126275085,22.6917357289698,15.571814095127658,3
141.20941396093073,21.663656453657843,12.668821157044768,3
141.22941529435295,20.688789854129016,10.700213254775313,3
141.2494166277752,20.00604613556164,10.257442502238364,3
141.2694179611974,18.633301538299303,8.684339372802839,3
141.28941929461965,15.552350489589383,7.254903380996999,3
141.30942062804186,10.838245778835505,8.010776170605777,3
141.3294219614641,10.913085194292762,7.402527904570075,3
141.34942329488632,12.18678479165994,4.856869949783626,3
141.36942462830854,7.811250567475981,4.062710162308111,3
141.38942596173078,8.748301000713605,4.124176494941501,3
141.409427295153,8.040941989863443,4.42473272028626,3
141.42942862857524,9.457798385159892,2.0421852055655787,3
141.44942996199745,7.814452388871541,2.9664596138174386,3
141.4694312954197,8.545920445436046,1.7438308415396588,3
141.4894326288419,7.59860883260235,3.6581510373503825,3
141.50943396226415,8.434818436858805,3.7460498276611984,3
141.52943529568637,7.127701029145286,4.130596762604981,3
141.5494366291086,6.321186888149658,2.231597064682097,3
141.56943796253083,8.21901157732494,3.5342830191955286,3
141.58943929595307,7.766296324011768,3.53306887348995,3
141.60944062937529,9.345079119588995,5.631304352297886,3
141.62944196279753,10.044544382623908,7.636997269285538,3
141.64944329621974,11.61108817271062,8.929258831690834,3
141.66944462964196,12.00848563316557,10.693459632206519,3
141.6894459630642,11.098482277136048,10.645127041487099,3
141.70944729648642,14.294811859046538,14.805274260242541,3
141.72944862990866,14.998502638651225,13.017223424210698,3
141.74944996333087,15.850492350861519,15.193702019145698,3
141.76945129675312,18.583610318711287,16.020590089290174,3
141.78945263017533,19.443455775981285,19.761584039958503,3
141.80945396359758,23.1343466189132,20.263917260292363,3
141.8294552970198,24.114647812152526,22.73077592291971,3
141.84945663044203,25.018686375900558,24.35596633591164,3
141.86945796386425,29.595082341822785,28.516067919499136,3
141.8894592972865,30.60144199864274,29.770429951504475,3
141.9094606307087,30.907438171586513,32.136861128173884,3
141.92946196413095,33.297754789287474,33.495938366886996,3
141.94946329755317,35.67577444360941,34.95621910329619,3
141.96946463097538,38.567349158234585,37.48807764930645,3
141.98946596439762,40.76223347347687,40.79283674969606,3
142.00946729781984,43.33761733016951,40.567015633850694,3
142.02946863124208,44.92675423487265,44.06628160755897,3
142.0494699646643,49.14751967528789,45.74986352169992,3
142.06947129808654,51.6744490902893,49.122745245842864,3
142.08947263150876,53.960744578060414,51.04651843243004,3
142.109473964931,51.40079693578149,52.09233485398836,3
142.1294752983532,56.214962740458255,54.32881227885847,3
142.14947663177546,57.412536438936144,57.69849882342887,3
142.16947796519767,59.7154476851992,59.23788405631827,3
142.18947929861991,61.45681951432129,59.969052049145816,3
142.20948063204213,62.82312126060728,62.26166083869931,3
142.22948196546437,64.51403561467174,62.05143652504373,3
142.2494832988866,67.33025145883626,64.53008734995637,3
142.2694846323088,68.2152844976926,65.50094267990538,3
142.28948596573105,70.06122994741963,69.18092018291621,3
142.30948729915326,71.88659540226736,68.26748280597054,3
142.3294886325755,72.18215520749283,69.3105512444655,3
142.34948996599772,72.15980069076157,68.77034120008445,3
142.36949129941996,73.57531752114484,73.09165467748001,3
142.38949263284218,75.27761324836798,70.58537608440805,3
142.40949396626442,75.69227688298886,72.51914727997196,3
142.42949529968664,76.7586942856851,73.18161254114776,3
142.44949663310888,77.2803860073104,72.35012911495939,3
142.4694979665311,77.00865860640653,72.55751167328525,3
142.48949929995334,75.8425261185145,71.87820174596996,3
142.50950063337555,76.58789343716644,70.92585032737432,3
142.5295019667978,78.21621492057115,74.03851605935563,3
142.54950330022,76.65340348213752,72.52548061062764,3
142.56950463364223,77.6318344809545,70.51387406571111,3
142.58950596706447,76.57403420876912,70.54117468201726,3
142.60950730048668,76.17620841635708,69.92633323974033,3
142.62950863390893,72.74741408117627,69.55128960681327,3
142.64950996733114,73.27810221844616,66.27235254678749,3
142.66951130075338,71.76485584248599,67.14385792788552,3
142.6895126341756,69.56628231825445,64.90267525012364,3
142.70951396759784,69.60795822898326,64.94325386038159,3
142.72951530102006,70.91473994694742,62.41729145137054,3
142.7495166344423,67.63837225717045,60.24816186864271,3
142.76951796786452,66.42373344111867,56.87699951006899,3
142.78951930128676,64.00269906365662,57.10346285660982,3
142.80952063470897,62.15255900585627,55.15288398029368,3
142.82952196813122,59.485872311768,51.18887811928201,3
142.84952330155343,57.86208806759302,51.43761623891401,3
142.86952463497565,55.71065978450202,48.35735794212037,3
142.8895259683979,54.226490393817166,47.09989727834016,3
142.9095273018201,53.0791455777104,42.610879335902986,3
142.92952863524235,48.95714008928995,41.02649747934158,3
142.94952996866456,47.82803733443625,38.70048645199542,3
142.9695313020868,45.06799572487252,37.72976964335419,3
142.98953263550902,43.26995426672619,36.50715086390816,3
143.00953396893127,41.101091248159534,35.17570475162331,3
143.02953530235348,38.59231240402155,30.959865200347558,3
143.04953663577572,35.72276350646914,28.467346921490176,3
143.06953796919794,34.08123912993962,26.283242145219763,3
143.08953930262018,31.614190261284854,24.87468273981489,3
143.1095406360424,30.942081343434435,22.48200397602213,3
143.12954196946464,28.3301655316352,21.210120766112816,3
143.14954330288685,26.362491043147504,19.85150739276997,3
143.16954463630907,22.405815704944974,15.95333243041461,3
143.1895459697313,21.233281958284962,15.901034444017798,3
143.20954730315353,20.221333416027818,14.765887108593393,3
143.22954863657577,19.51340726529211,11.414344583601581,3
143.249549969998,17.51071275445551,11.11903977457703,3
143.26955130342023,15.874981786917884,8.110337555221376,3
143.28955263684244,14.522145511320137,7.333337755131119,3
143.3095539702647,14.259801824751722,6.797819926739466,3
143.3295553036869,11.42853232403604,6.048465412984264,3
143.34955663710915,11.740633393476976,6.113984044979948,3
143.36955797053136,8.826713790671434,3.3895480472418598,3
143.3895593039536,8.351863337447174,4.8941006644787866,3
143.40956063737582,8.143488610980071,2.923636005068472,3
143.42956197079806,7.270254578241568,2.5653800375313787,3
143.44956330422028,7.396287389865939,1.6329197620691196,3
143.4695646376425,7.122874412226596,4.207452913992336,3
143.48956597106474,6.2332874803883245,4.108680546243018,3
143.50956730448695,6.385355083990446,3.112938127406067,3
143.5295686379092,8.089238623744533,4.526644248174257,3
143.5495699713314,7.590084812052117,3.903785978569632,3
143.56957130475365,7.43347571195919,5.9555731324671,3
143.58957263817587,9.106017873696512,3.872636138875447,3
143.6095739715981,6.952959084268661,7.634423632620822,3
143.62957530502032,10.166521940965731,8.157592229938938,3
143.64957663844257,11.830008069290999,7.050253675500953,3
143.66957797186478,11.136935371036612,10.876050390701412,3
143.68957930528703,14.36169457165562,10.424319156422726,3
143.70958063870924,14.757052782076745,12.004866496426173,3
143.72958197213148,13.839738827120861,12.296608838714029,3
143.7495833055537,16.26479714926155,15.672566980874361,3
143.7695846389759,18.91684751593656,17.83125900217184,3
143.78958597239816,19.917443223481854,18.925321816452698,3
143.80958730582037,24.212629617194263,20.256211225466,3
143.82958863924262,23.67157879239516,23.0530895441675,3
143.84958997266483,24.786039682486745,24.730987652968732,3
143.86959130608707,26.121670004509703,27.0498119775818,3
143.8895926395093,29.936494452788363,28.910842599143425,3
143.90959397293153,33.25396041862112,33.60344336865889,3
143.92959530635375,33.38120514453455,34.18644496775652,3
143.949596639776,34.732569322746926,35.96200667454916,3
143.9695979731982,37.37481985340072,36.59598836678398,3
143.98959930662045,40.6547159553089,40.857762253610254,3
144.00960064004266,44.68111148205531,42.68669812316435,3
144.0296019734649,44.9950483779867,46.155065838119796,3
144.04960330688712,48.38464316865935,47.35491166081861,3
144.06960464030934,49.30586551221036,48.36141995209508,3
144.08960597373158,52.944474948726466,51.044558437065334,3
144.1096073071538,54.594926321400116,54.33791336845906,3
144.12960864057604,54.788017816682256,55.30481016817545,3
144.14960997399825,57.48501174559156,57.28841531373799,3
144.1696113074205,58.8524716012805,58.680597511060135,3
144.1896126408427,60.86838119436421,58.63559971100561,3
144.20961397426495,63.97268491947808,62.53165288555027,3
144.22961530768717,65.18449875415634,62.28802958556049,3
144.2496166411094,66.97661249220292,65.00625514777333,3
144.26961797453163,67.4145759631291,66.17423315036571,3
144.28961930795387,69.81652349721062,68.33987316427205,3
144.30962064137609,70.76707491367179,68.87758675432895,3
144.32962197479833,71.48014425595169,67.86520382875813,3
144.34962330822054,72.95582167645783,70.99227976931252,3
144.36962464164276,72.68394417230131,70.78684525284662,3
144.389625975065,73.33580911381469,72.16742616079807,3
144.40962730848722,74.99075302376367,71.60144906921545,3
144.42962864190946,75.87267403461877,72.98939897538777,3
144.44962997533167,76.32735877354881,73.76004410244978,3
144.46963130875392,76.1370072134219,72.76057722751197,3
144.48963264217613,77.24981814416972,72.84951750613995,3
144.50963397559838,77.58730704598204,73.7143614559557,3
144.5296353090206,77.17645712040182,72.6350871275721,3
144.54963664244283,77.1827748310276,71.73743126341111,3
144.56963797586505,78.44215466432964,71.81039147997402,3
144.5896393092873,75.39584403619318,70.5215211407124,3
144.6096406427095,74.31501882780218,69.26454852033007,3
144.62964197613175,75.83505955364184,69.9084756765178,3
144.64964330955397,74.0523858523883,65.06949253088898,3
144.66964464297618,71.68936610603251,64.11403500284604,3
144.68964597639842,70.44962869799647,63.819786142816845,3
144.70964730982064,70.71682759100689,64.28473793582185,3
144.72964864324288,68.18574841837992,61.00740117604179,3
144.7496499766651,68.92956402224121,59.00768155797423,3
144.76965131008734,65.26213984681264,58.26273071600784,3
144.78965264350956,61.240174396575846,56.91103429289238,3
144.8096539769318,62.12988178639714,54.38998057340654,3
144.829655310354,59.79563005455547,52.20865987632952,3
144.84965664377626,58.42785648471352,50.36704895960094,3
144.86965797719847,54.15869551820033,49.75737208744046,3
144.88965931062071,53.94425734608247,45.54810069139242,3
144.90966064404293,51.31228718501625,45.547316476031796,3
144.92966197746517,48.39481693350877,42.17717289457719,3
144.9496633108874,47.349171943032104,39.24611215307332,3
144.9696646443096,46.53275429203556,38.838740480192,3
144.98966597773185,43.060624369723534,36.447438341455936,3
145.00966731115406,41.793204976276,31.160095773385613,3
145.0296686445763,38.85445840525584,30.8948186994141,3
145.04966997799852,36.383204381298334,28.771788519700095,3
145.06967131142076,34.356348403488504,27.10644012131969,3
145.08967264484298,31.203659777903564,25.72185375867142,3
145.10967397826522,28.978146576131728,23.961764043541198,3
145.12967531168744,28.58223893447144,18.103151241744698,3
145.14967664510968,26.538482727847782,18.252236987289937,3
145.1696779785319,21.793477322586924,17.95148528174353,3
145.18967931195414,20.650148588578844,14.791836377889378,3
145.20968064537635,19.14964212494651,15.381497402939907,3
145.2296819787986,19.224507748981086,12.333132233407786,3
145.2496833122208,17.938724379861245,9.800773559804508,3
145.26968464564303,16.66775050561589,9.711610705481355,3
145.28968597906527,15.575755234422935,6.182163236773574,3
145.30968731248748,11.29513390112221,6.683356327247656,3
145.32968864590973,10.471889930642291,5.0317824372014375,3
145.34968997933194,9.865174626986043,5.265780319443042,3
145.36969131275418,10.444682707102492,5.144828895873353,3
145.3896926461764,7.214789991217057,3.1719506264646564,3
145.40969397959864,7.661743929079698,3.6028816055507833,3
145.42969531302086,8.557829053521363,3.2649008462786435,3
145.4496966464431,7.418591352955821,1.9872266419183728,3
145.46969797986532,6.743709067407037,3.7824405243674413,3
145.48969931328756,6.885820708505703,2.8920019600669473,3
145.50970064670977,5.639222161202496,5.010020635820305,3
145.52970198013202,7.2020619355356645,3.058105933055985,3
145.54970331355423,7.2029479922905315,4.735321631499038,3
145.56970464697645,7.8470765677332945,4.535554274793779,3
145.5897059803987,8.51101517414903,4.947737649358423,3
145.6097073138209,8.871776215130788,6.244032710675237,3
145.62970864724315,9.52845035618699,7.249240819077259,3
145.64970998066536,8.449143357817658,8.76847457592703,3
145.6697113140876,13.090804237453318,7.77949694371191,3
145.68971264750982,13.674469980219024,10.22738879193739,3
145.70971398093207,13.031849465801546,12.311717940793882,3
145.72971531435428,17.224095706738726,11.629638243802653,3
145.74971664777652,18.35452439001148,13.680487464087697,3
145.76971798119874,20.792080861669245,17.78501007264779,3
145.78971931462098,19.617685216072857,19.37449049399037,3
145.8097206480432,22.566236251957697,21.25326391043576,3
145.82972198146544,25.649512595824557,24.549390850757607,3
145.84972331488765,25.350888453587928,22.518254690040784,3
145.86972464830987,28.24755317951454,26.478606079698746,3
145.8897259817321,30.959114019546583,32.14358388416043,3
145.90972731515433,33.219918598695784,31.22994282404034,3
145.92972864857657,33.545404341385186,33.221743880095985,3
145.9497299819988,35.153155049933,35.52080997373056,3
145.96973131542103,38.71097992692404,38.807285778021566,3
145.98973264884324,40.9424207433215,40.74393854224418,3
146.0097339822655,42.72523444582389,43.037359645810426,3
146.0297353156877,44.25863861550123,45.65038944205377,3
146.04973664910995,48.0300864607685,45.943214659688486,3
146.06973798253216,48.53889352128489,48.04603327630157,3
146.0897393159544,52.422759372024444,50.75837760841073,3
146.10974064937662,55.91267795691479,50.66487282611124,3
146.12974198279886,53.55511662789106,54.843239135235116,3
146.14974331622108,58.93026366956043,59.29511458962203,3
146.1697446496433,60.99995163962451,59.08185076527281,3
146.18974598306554,62.05509485288729,61.5585577945011,3
146.20974731648775,62.76044506383045,62.62859764601578,3
146.22974864991,65.35148007878621,64.75545641606786,3
146.2497499833322,66.7191422786633,66.20267464390334,3
146.26975131675445,68.62827353149117,65.00872001574572,3
146.28975265017667,69.16100266701885,67.14416665902209,3
146.3097539835989,69.83226873931349,66.21004513832241,3
146.32975531702112,71.90710833256722,68.70763767266692,3
146.34975665044337,71.57804573847208,70.26975514657933,3
146.36975798386558,74.61654603989479,71.79495932585048,3
146.38975931728783,75.76395261563945,70.97534602232388,3
146.40976065071004,76.07095106598118,71.83604943522043,3
146.42976198413228,77.43691488147354,72.16535694306972,3
146.4497633175545,77.68039230646943,73.3226688455224,3
146.4697646509767,76.09127365763035,72.50883373379955,3
146.48976598439896,76.50545635721629,70.3711743237939,3
146.50976731782117,78.76805815858897,72.68852626167575,3
146.52976865124342,77.45717985684372,72.57762137882084,3
146.54976998466563,78.2284696816187,70.96175459540058,3
146.56977131808787,76.3200612252928,71.16318995904032,3
146.5897726515101,75.32741740622309,70.66536054214477,3
146.60977398493233,75.5405832909541,69.5926734793878,3
146.62977531835455,74.52346846759562,68.51659581616141,3
146.6497766517768,73.07417913357925,66.72408671561503,3
146.669777985199,71.89890105757773,66.47362595324502,3
146.68977931862125,71.2962141045528,65.09813832850733,3
146.70978065204346,68.99643024589282,63.55863469047166,3
146.7297819854657,68.29046525202375,60.7860009039739,3
146.74978331888792,68.34987221271302,60.58997873105901,3
146.76978465231014,63.879541319672754,56.53625738353587,3
146.78978598573238,64.49335310821844,57.17682082946452,3
146.8097873191546,62.3542872250896,57.57066791526169,3
146.82978865257684,59.68337873122927,53.31835640855685,3
146.84978998599905,59.37021224448686,51.58854873541546,3
146.8697913194213,56.09083259353521,48.05304542847258,3
146.8897926528435,54.73545792438211,45.530265600546066,3
146.90979398626575,53.4854281086728,44.897843379915095,3
146.92979531968797,50.577127758169844,41.38431116343286,3
146.9497966531102,48.17113801369542,39.07333664174183,3
146.96979798653243,45.35899420633862,37.79979551693811,3
146.98979931995467,43.602167775737094,36.53576867373941,3
147.00980065337689,42.2194687424026,35.39991736328006,3
147.02980198679913,40.50247663442039,31.021734695341507,3
147.04980332022134,37.09222086188957,28.588747225932092,3
147.06980465364356,32.98805783330558,27.51225336882107,3
147.0898059870658,33.32757910721978,25.37613802763118,3
147.10980732048802,30.378952344718567,23.345225748979523,3
147.12980865391026,27.626501318404944,21.388068162740506,3
147.14980998733247,28.33231320020569,19.295304538462172,3
147.16981132075472,24.12559703589955,17.723226472893433,3
147.18981265417693,22.969699964776872,15.504681538780073,3
147.20981398759918,21.871121450798828,14.28624567428701,3
147.2298153210214,18.338588416554074,10.350780237306193,3
147.24981665444363,16.24246049331629,11.000134805860675,3
147.26981798786585,15.982876684865168,8.004282770383426,3
147.2898193212881,13.685105819018377,7.638214571089893,3
147.3098206547103,13.848295627171222,8.811900992555243,3
147.32982198813255,11.571568865839167,6.15633859221916,3
147.34982332155477,10.722472702222003,6.439530428216944,3
147.36982465497698,11.488255520928869,4.901746264202389,3
147.38982598839922,8.88695990132386,5.936433020634333,3
147.40982732182144,8.153496194363854,4.972347195663124,3
147.42982865524368,8.736178181935195,4.7234536694714455,3
147.4498299886659,8.092446298554044,3.154659236475899,3
147.46983132208814,8.01001941382565,2.6038053987416654,3
147.48983265551036,6.6973273263147854,2.850326389916803,3
147.5098339889326,6.264765455085276,1.839494966230005,3
147.5298353223548,6.8878909537888156,4.21861918216473,3
147.54983665577706,8.015623876679474,4.125853835639661,3
147.56983798919927,8.158364653134015,2.890887655599782,3
147.58983932262151,9.560665115220566,3.696046313693871,3
147.60984065604373,5.895097777978453,4.723879374664814,3
147.62984198946597,10.09965756231653,6.3036821478619265,3
147.6498433228882,8.995578462813505,9.225855977636742,3
147.6698446563104,10.600303604234592,10.156157141920579,3
147.68984598973265,12.89690864514801,10.242569319626067,3
147.70984732315486,13.323173528530278,12.709867985322807,3
147.7298486565771,15.140288286091415,13.221078894248508,3
147.74984998999932,16.291130522918404,14.828535548845721,3
147.76985132342156,17.795949661000392,16.88098351824558,3
147.78985265684378,21.91731836205645,19.49467987382646,3
147.80985399026602,22.486083346419466,22.393572269197584,3
147.82985532368824,24.472509937118947,22.9936408941248,3
147.84985665711048,25.18025207952991,24.99350454349482,3
147.8698579905327,28.028025916382497,26.788263320215165,3
147.88985932395494,29.724713997253303,31.08065674263298,3
147.90986065737715,31.684620110795898,29.718508445951095,3
147.9298619907994,34.126452836329115,34.023063839531254,3
147.9498633242216,37.11755436792227,35.56276135155237,3
147.96986465764383,39.42122831054791,39.53964595948451,3
147.98986599106607,41.22241880182535,40.404071197274355,3
148.00986732448828,42.73070013462962,41.52697002495486,3
148.02986865791053,44.52694187653992,43.076563421206465,3
148.04986999133274,47.55386496938805,46.246164094039344,3
148.06987132475498,51.36669880616164,48.57662541397332,3
148.0898726581772,52.70022639522955,50.79338943175594,3
148.10987399159944,54.393013267777555,52.21180794367811,3
148.12987532502166,55.33417178376203,55.23888802082146,3
148.1498766584439,57.131945900616046,56.981422243396615,3
148.16987799186612,57.29370495547059,59.36388782571752,3
148.18987932528836,62.113591455651495,62.1023352001755,3
148.20988065871057,63.16845648048977,62.11611700380746,3
148.22988199213282,66.6800684686193,62.74851967101515,3
148.24988332555503,66.94302337025884,63.60938985540677,3
148.26988465897725,67.4660664017247,64.2967475849406,3
148.2898859923995,70.34743517734901,66.83459332451058,3
148.3098873258217,70.75463753332514,68.66606616771851,3
148.32988865924395,71.58669774691454,71.08202659340866,3
148.34988999266616,71.65756867547198,68.76765686321082,3
148.3698913260884,73.62603586113977,71.56697632677945,3
148.38989265951062,75.5522458779724,72.86926145832524,3
148.40989399293287,75.36603735432689,71.67428606046444,3
148.42989532635508,76.12594441663613,73.72676944041409,3
148.44989665977732,77.23657073565656,72.42324986737454,3
148.46989799319954,77.30276492479456,73.89522031517915,3
148.48989932662178,76.31383555026703,72.24056994199108,3
148.509900660044,76.4763513302924,72.03778467416714,3
148.52990199346624,77.34769366066028,73.8516974780812,3
148.54990332688845,76.24793914737668,71.17620542813313,3
148.56990466031067,76.58382723597343,69.8010835922009,3
148.5899059937329,76.37721685787697,69.5594330100282,3
148.60990732715513,74.53740558244502,66.90347485997106,3
148.62990866057737,76.1312133163399,70.2889886337765,3
148.6499099939996,74.67169717996632,65.80324650982368,3
148.66991132742183,70.65358552819943,66.44565711655355,3
148.68991266084404,69.3346014438419,64.12111336650167,3
148.7099139942663,68.42986165741767,64.38952751516925,3
148.7299153276885,67.42059445640879,61.51888309619828,3
148.74991666111075,67.85587524985033,60.08886348276622,3
148.76991799453296,65.80038064935076,59.30511926347961,3
148.7899193279552,62.90715776459193,56.363630273805676,3
148.80992066137742,62.09730788574677,53.83196663442958,3
148.82992199479966,59.88269556496007,52.08109956390298,3
148.84992332822188,57.84989781382506,50.374334876856565,3
148.8699246616441,54.95062768286964,47.30622761520946,3
148.88992599506633,54.88285394472843,45.78945947964356,3
148.90992732848855,52.57124448420242,44.46628166297689,3
148.9299286619108,48.58665886136429,40.42165062717988,3
148.949929995333,48.47849104426752,39.26797556282706,3
148.96993132875525,44.69623352147924,38.238031682216395,3
148.98993266217747,42.141035556185294,36.018091887017135,3
149.0099339955997,38.920328054653055,34.70421065962182,3
149.02993532902192,39.08933863018159,31.35180760539168,3
149.04993666244417,37.67882751947091,29.132027218783485,3
149.06993799586638,34.60275817304695,27.38339697312729,3
149.08993932928863,31.636328926263552,24.63433264271019,3
149.10994066271084,29.251912853845766,22.72675300634589,3
149.12994199613308,27.61648944960189,22.287540257290345,3
149.1499433295553,27.045574995311856,20.238028533003867,3
149.1699446629775,24.734012143578145,17.374966313980735,3
149.18994599639976,22.871086288148664,14.733073248259084,3
149.20994732982197,20.825401663078797,10.876030463276571,3
149.22994866324422,18.087911268675395,12.501033519701283,3
149.24994999666643,17.5546398488549,9.874021973304842,3
149.26995133008867,15.64471579245011,9.387265283881545,3
149.2899526635109,15.022611027450727,8.189035634728935,3
149.30995399693313,14.852201544681433,6.684767766288328,3
149.32995533035535,12.421134000034812,7.4842769578491755,3
149.3499566637776,11.876723224806138,5.541321465241878,3
149.3699579971998,11.328230405191052,3.9803442698588283,3
149.38995933062205,7.959663499976219,4.763296330296125,3
149.40996066404426,8.357632577023276,3.629279056325208,3
149.4299619974665,8.841322380652842,3.580632454912094,3
149.44996333088872,7.872053271537749,1.3370762698092036,3
149.46996466431094,8.349559536049352,2.5665079613629853,3
149.48996599773318,5.951856057284536,3.6099395367677367,3
149.5099673311554,6.538427204610747,2.466551884659531,3
149.52996866457764,5.451917906277343,2.8819077063275285,3
149.54996999799985,4.841225995045312,5.049941131367392,3
149.5699713314221,7.690863034462795,4.022790024121505,3
149.5899726648443,8.420852459435906,4.240234574682659,3
149.60997399826655,10.753717346730056,5.907014365652034,3
149.62997533168877,9.681618391618878,5.805225034625356,3
149.649976665111,12.026188807119519,8.187287513618042,3
149.66997799853323,12.952216371845275,10.545807087418773,3
149.68997933195547,13.57170051026069,11.668235590325127,3
149.70998066537769,14.383694038482455,11.650325685969994,3
149.72998199879993,14.726891458057924,14.362455629626226,3
149.74998333222214,17.797206679353256,13.890659732831695,3
149.76998466564436,17.642170761115075,17.87950911116515,3
149.7899859990666,19.013478410394736,17.211703023729658,3
149.80998733248882,21.561734307967804,21.66504986785605,3
149.82998866591106,23.864609602286304,25.475135000828754,3
149.84998999933327,26.275412715189034,25.589108603454495,3
149.86999133275552,28.007303534024814,28.834719263767727,3
149.88999266617773,29.623140763876087,30.421023565190097,3
149.90999399959998,34.05611149902452,32.384321539847264,3
149.9299953330222,34.47676598039652,33.93767637390934,3
149.94999666644443,35.37475054084882,34.40204740592479,3
149.96999799986665,38.36055749499161,36.93779939119603,3
149.9899993332889,39.141947914304076,40.14453660786259,3
150.0100006667111,42.46237799636269,42.22608435751444,3
150.03000200013335,43.89808198142545,43.595493812960605,3
150.05000333355557,45.56036194419476,45.90198304706068,3
150.07000466697778,50.572197903139795,46.64527718100185,3
150.09000600040002,50.80953107713134,51.36692299024993,3
150.11000733382224,54.29368776408932,54.73592346488903,3
150.13000866724448,54.15048066003464,54.5802342253578,3
150.1500100006667,57.39968904180588,55.3968775321646,3
150.17001133408894,60.11991880855738,58.19493416329905,3
150.19001266751116,61.17800835155562,61.92425401831042,3
150.2100140009334,64.40403378021716,61.096577509379834,3
150.2300153343556,65.61898944729323,63.54616158172004,3
150.25001666777786,67.28811695276009,65.13131477455858,3
150.27001800120007,66.68203848333683,66.63626433847415,3
150.29001933462231,70.3775526198796,68.1995999769635,3
150.31002066804453,71.69235686093928,68.85853757018134,3
150.33002200146677,71.77803513685006,69.82557915251381,3
150.350023334889,74.11866417397515,69.36927338449092,3
150.3700246683112,75.28146462383843,71.87237606771474,3
150.39002600173345,74.92101350379565,71.223884076567,3
150.41002733515566,77.09706209954035,71.46722134099076,3
150.4300286685779,76.97445712655187,72.90086772581527,3
150.45003000200012,76.81159490793141,73.14252554500236,3
150.47003133542236,77.89318813440627,70.88002280937832,3
150.49003266884458,78.09439616568575,73.50200985646497,3
150.51003400226682,76.96562228659255,71.80554553868386,3
150.53003533568904,77.05158616646247,72.58040174056217,3
150.55003666911128,76.24595051356097,71.31798188234906,3
150.5700380025335,77.12430497001881,70.96406945171469,3
150.59003933595574,76.60673898945298,70.22230364971124,3
150.61004066937795,75.70428889361615,69.07490582712659,3
150.6300420028002,75.24936523368815,69.02410337222331,3
150.6500433362224,72.71564319455273,66.96694672935197,3
150.67004466964462,70.9874214470775,67.7633811552274,3
150.69004600306687,70.4604932762922,63.576188790901476,3
150.71004733648908,69.54412489529798,62.288506561266104,3
150.73004866991133,67.3091714541603,63.086297814867976,3
150.75005000333354,68.13063962385733,61.35592002462176,3
150.77005133675578,64.1576671291898,58.52579278095048,3
150.790052670178,64.30596060097908,57.54593972952167,3
150.81005400360024,60.691383197220254,54.729641264287686,3
150.83005533702246,62.26788042279645,52.913134469448664,3
150.8500566704447,56.960209519537216,50.795172218101484,3
150.87005800386692,56.07889048792217,48.48129782231617,3
150.89005933728916,54.84853697154286,46.99009808840549,3
150.91006067071137,49.412229341174154,43.59762937792792,3
150.93006200413362,50.77506332647247,42.83615545828084,3
150.95006333755583,48.671514511089036,39.62947625240476,3
150.97006467097805,43.932833327523475,38.267311885172006,3
150.9900660044003,43.65484709760254,35.72509265071901,3
151.0100673378225,40.78192074651574,33.30618031290662,3
151.03006867124475,39.45249555011488,33.28983624007417,3
151.05007000466696,37.33231658391806,29.323193175297778,3
151.0700713380892,34.75214443243954,28.92001080402179,3
151.09007267151142,33.766693582333275,24.55543949152503,3
151.11007400493367,27.810939590180254,23.971460366175418,3
151.13007533835588,28.27084316488528,20.122934959377226,3
151.15007667177812,26.971302662386773,18.179582359226828,3
151.17007800520034,23.6703394273307,18.099280475341658,3
151.19007933862258,21.785989882796983,16.414871152701288,3
151.2100806720448,19.803871221292052,13.192567376705883,3
151.23008200546704,20.077496274014916,11.383356369959607,3
151.25008333888925,16.371025254442312,11.235146886999651,3
151.27008467231147,15.415547354717352,9.616041597096821,3
151.2900860057337,13.573875173865774,7.709162856201766,3
151.31008733915593,11.629869218810969,7.611047092276739,3
151.33008867257817,9.584093483244759,5.822579545273982,3
151.35009000600039,9.898672214922115,4.288107542514206,3
151.37009133942263,9.331458112456357,4.98864035338674,3
151.39009267284484,9.24445044354222,4.12420866981723,3
151.4100940062671,7.326410723746136,4.746434282129818,3
151.4300953396893,8.81044334567954,2.666977649732079,3
151.45009667311155,5.631674706923633,2.093740424207268,3
151.47009800653376,6.07036665780568,3.619490159189509,3
151.490099339956,7.797273947087093,1.725982613995792,3
151.51010067337822,8.970890543955115,4.317361366707311,3
151.53010200680046,5.257320514025004,3.903671607840076,3
151.55010334022268,9.000291733557649,2.7154630645975226,3
151.5701046736449,7.7788442944632035,4.115387544124099,3
151.59010600706713,8.402011122873073,5.962003344155185,3
151.61010734048935,9.209676987050813,7.936906751864415,3
151.6301086739116,9.195777166722936,8.030912392767945,3
151.6501100073338,9.227432659999847,7.97438281314225,3
151.67011134075605,13.851852842368045,9.055275492110315,3
151.69011267417827,13.551982593060831,11.403784423275718,3
151.7101140076005,14.77654733083868,12.109064443295347,3
151.73011534102272,15.720019247536527,13.589546629464522,3
151.75011667444497,16.95645802215654,15.540127818075696,3
151.77011800786718,18.137252714427873,17.372051583235425,3
151.79011934128943,19.277412263213616,18.256016518636596,3
151.81012067471164,22.26517840382416,19.706450774675705,3
151.83012200813388,23.310803974699976,22.816941236327157,3
151.8501233415561,26.226297968231236,25.212856401579533,3
151.8701246749783,28.833785223189224,25.776340773806247,3
151.89012600840056,29.082575485165208,29.604404221779646,3
151.91012734182277,33.13003194347167,33.65109840178839,3
151.93012867524502,34.50687364453962,35.0071622638757,3
151.95013000866723,36.787239435480735,36.01800489383029,3
151.97013134208947,40.22321756513338,36.71785062011305,3
151.9901326755117,38.20266262353875,40.370374277049294,3
152.01013400893393,43.959384432244235,42.52606299052726,3
152.03013534235615,44.667735873436214,45.100353236679354,3
152.0501366757784,49.842992433934214,47.50577350992835,3
152.0701380092006,50.05542243883716,50.40278156331168,3
152.09013934262285,51.29369753701051,51.17862814838065,3
152.11014067604506,54.2961814796014,53.265531453409196,3
152.1301420094673,56.53284233895563,54.06345084500662,3
152.15014334288952,58.40675020286489,55.65647484167202,3
152.17014467631174,58.765169380264574,58.20114239386107,3
152.19014600973398,62.31734470825587,61.06003156255433,3
152.2101473431562,63.089279691050265,60.13498420982267,3
152.23014867657844,63.0511937036898,63.24571451080377,3
152.25015001000065,65.89430067700435,65.13900087405563,3
152.2701513434229,69.04427784285714,66.65921226088538,3
152.2901526768451,70.66028929755917,67.81629011453077,3
152.31015401026735,70.61197393605777,69.28449044717661,3
152.33015534368957,70.93552273312314,69.35171712130041,3
152.3501566771118,75.74893895317035,70.15235913256952,3
152.37015801053403,72.40682109849429,69.84415956761036,3
152.39015934395627,75.33656239261644,72.88751461255593,3
152.41016067737849,75.18149597544631,72.58232418671052,3
152.43016201080073,74.53992786857053,72.76191253463793,3
152.45016334422294,77.21380948883078,72.50445791755311,3
152.47016467764516,77.58749458454324,73.86451860043036,3
152.4901660110674,77.73340512560912,72.1177848610339,3
152.51016734448962,77.33221158968034,72.25992407671616,3
152.53016867791186,76.31105478069908,73.03063472984756,3
152.55017001133407,77.13386587240194,71.73754969042916,3
152.57017134475632,77.22067296996603,71.39704499896865,3
152.59017267817853,74.51470234153886,70.39305177518236,3
152.61017401160078,75.26057784184381,69.26987374388594,3
152.630175345023,74.9450859894183,68.15650597076893,3
152.65017667844523,73.18508983062293,66.58393736071716,3
152.67017801186745,71.18540341739616,64.41201361237012,3
152.6901793452897,69.98825814822945,63.256544414454424,3
152.7101806787119,70.11260510032028,63.088680215321446,3
152.73018201213415,69.35757886899857,61.18803538570444,3
152.75018334555637,68.26821590062596,60.92412255545159,3
152.77018467897858,65.94751855061,59.17995084538993,3
152.79018601240082,62.307966117843655,54.99619832370383,3
152.81018734582304,62.1744826435206,53.5222126681037,3
152.83018867924528,60.57907905583851,52.97634481113139,3
152.8501900126675,56.67867215658399,49.87963895012844,3
152.87019134608974,55.242949009982816,51.11032402839059,3
152.89019267951196,52.721111482938014,46.29212718961884,3
152.9101940129342,50.14881042162641,44.84076798929434,3
152.9301953463564,49.92398607744357,43.859243637449296,3
152.95019667977866,47.9711345603574,39.921880864983876,3
152.97019801320087,45.42421064870312,36.40499834549953,3
152.99019934662311,43.26538001678757,35.52339782854699,3
153.01020068004533,42.67264078337829,32.68785897045331,3
153.03020201346757,37.317259953009994,30.942838515002116,3
153.0502033468898,36.73042537028725,27.822148059560135,3
153.070204680312,35.22186165192766,26.563685899069764,3
153.09020601373425,31.799990842156372,27.65451961354125,3
153.11020734715646,31.928397840393714,21.684067795123386,3
153.1302086805787,30.014496562309215,21.172655533972208,3
153.15021001400092,26.815216807174355,17.674750531651895,3
153.17021134742316,25.608144984364884,17.230804683474716,3
153.19021268084538,22.178773588128482,14.085334974654359,3
153.21021401426762,19.972808720847986,13.644679831603971,3
153.23021534768984,19.501716575928786,11.498368525175886,3
153.25021668111208,16.477291525761775,11.948226955515047,3
153.2702180145343,15.501063352622888,9.760131222814458,3
153.29021934795654,16.55099926569615,7.706626571084533,3
153.31022068137875,13.507564762476838,7.84917479607659,3
153.330222014801,11.41444289799757,6.145245055166278,3
153.3502233482232,12.1108692760796,5.753107291530158,3
153.37022468164542,9.181375796541092,3.795961347374612,3
153.39022601506767,9.73163212001204,4.474351965365194,3
153.41022734848988,8.648986318398505,4.58089411292074,3
153.43022868191213,7.843118873745547,3.48993199285033,3
153.45023001533434,5.706867921938784,2.4150302805776414,3
153.47023134875658,6.30293677075211,4.701438182590542,3
153.4902326821788,7.532697674547421,2.671374277457716,3
153.51023401560104,6.60113825272857,3.4246706616966365,3
153.53023534902326,5.925830867714714,2.249243332313344,3
153.5502366824455,5.622295525774612,2.4008639485407866,3
153.57023801586772,7.806682088144081,3.7691560055010913,3
153.59023934928996,8.882882268166274,6.406157188217758,3
153.61024068271217,9.551263267123794,4.518308599382492,3
153.63024201613442,10.021327390072246,7.000789039461702,3
153.65024334955663,11.339584357561513,8.565170136484195,3
153.67024468297885,9.91497339262019,11.41910793456648,3
153.6902460164011,13.308619266269513,10.145635666523455,3
153.7102473498233,13.976057789235528,12.17141230401306,3
153.73024868324555,15.664817781341961,13.235138471250476,3
153.75025001666776,16.276915857158052,14.312541624423652,3
153.77025135009,17.898177895330196,18.732673008590456,3
153.79025268351222,20.314717757766694,18.758518223560575,3
153.81025401693446,22.752117418691306,21.131749236845845,3
153.83025535035668,25.910580219357687,23.852689084034466,3
153.85025668377892,25.864186585137904,24.566633449516598,3
153.87025801720114,28.839152292418905,26.042279251649344,3
153.89025935062338,29.636216790863298,29.647318882340034,3
153.9102606840456,30.024945287429315,30.94328424849222,3
153.93026201746784,33.02956323809605,34.35750921480171,3
153.95026335089005,36.047443212115056,37.4160669318204,3
153.97026468431227,37.52839463031253,38.39747503883639,3
153.9902660177345,42.7801413188941,40.03987320169698,3
154.01026735115673,42.537431541899075,44.21063180368244,3
154.03026868457897,44.30162021081264,43.28250433209792,3
154.05027001800119,47.84140644351926,46.996913849129974,3
154.07027135142343,49.77893111379978,47.97035043372233,3
154.09027268484564,50.98136977384069,49.80740799811188,3
154.1102740182679,53.50777582176507,51.83896948840308,3
154.1302753516901,55.27900687662457,56.298813310171276,3
154.15027668511235,58.53752167996062,56.965801854541205,3
154.17027801853456,60.647638881708836,58.75385470956229,3
154.1902793519568,62.546171264658376,60.30767269673916,3
154.21028068537902,63.99633800348107,60.317091724424756,3
154.23028201880126,66.76598685055413,63.87879646578655,3
154.25028335222348,67.39605019888596,66.39687122882331,3
154.2702846856457,67.77898468584834,66.3135194667,3
154.29028601906793,71.30329834712911,67.30272563068117,3
154.31028735249015,69.12639720191896,68.73575376452389,3
154.3302886859124,71.82726492726597,68.47149969369113,3
154.3502900193346,70.0688796858895,70.5181562101037,3
154.37029135275685,74.12097940525452,70.55161873211969,3
154.39029268617907,74.85706498418956,70.59124781437922,3
154.4102940196013,74.66709532970985,70.81362736927693,3
154.43029535302352,75.64735968486788,72.28314322728198,3
154.45029668644577,76.81749786290924,73.51801136101481,3
154.47029801986798,76.95243276500457,72.37659170678386,3
154.49029935329023,77.05900145488981,71.57743658370411,3
154.51030068671244,76.95671029998195,73.13655767334475,3
154.53030202013468,78.03020108521825,72.82002652422527,3
154.5503033535569,77.26314662068451,71.92573599450684,3
154.5703046869791,75.2184809754641,71.32165790543186,3
154.59030602040136,75.85820312501247,71.33596734692308,3
154.61030735382357,76.43503167208259,69.26115212755712,3
154.63030868724582,73.29504381481051,68.7036619255694,3
154.65031002066803,70.3897923628596,67.08107527925084,3
154.67031135409027,74.02253348082102,66.96123091851663,3
154.6903126875125,69.479208451411,64.22176984750928,3
154.71031402093473,68.2793436676429,64.14650900182957,3
154.73031535435695,68.1158943619233,63.30681128048837,3
154.7503166877792,68.4156835365131,58.930323178133236,3
154.7703180212014,66.25910044622223,58.445463817372,3
154.79031935462365,61.81838354267172,55.305167564535886,3
154.81032068804586,60.57979481910243,53.99414856202722,3
154.8303220214681,60.48288558395625,51.16038664171169,3
154.85032335489032,58.98509473902979,49.99125686563542,3
154.87032468831254,55.42567512250506,48.67853890270912,3
154.89032602173478,53.31150673186793,48.13954393749999,3
154.910327355157,51.32745529674748,42.98011079228188,3
154.93032868857924,50.335348416678066,41.35374723972397,3
154.95033002200145,49.13188265771322,39.21781738886361,3
154.9703313554237,44.84966698971682,36.40510859774988,3
154.9903326888459,43.818839854734826,35.91465326826512,3
155.01033402226815,40.339565491962944,34.2635854824,3
155.03033535569037,38.933045260687614,31.01385623416013,3
155.0503366891126,35.83977504382984,27.746468707818504,3
155.07033802253483,35.57198098485733,25.70206601514935,3
155.09033935595707,33.02895625643352,26.83193356891853,3
155.11034068937929,28.63575152581986,23.343321739120093,3
155.13034202280153,27.40704434861963,21.84552842318183,3
155.15034335622374,27.293903254720743,19.090194588713132,3
155.17034468964596,26.700221078509152,18.240365784478453,3
155.1903460230682,23.312421997178433,16.269432009234016,3
155.21034735649042,20.940476982019426,14.016189865558509,3
155.23034868991266,17.47398527127862,11.442788233670019,3
155.25035002333487,17.82702840764911,10.375730208390344,3
155.27035135675712,16.537885820471452,10.746005085574888,3
155.29035269017933,12.593733802951183,7.9539932472491515,3
155.31035402360158,13.920467529603568,6.751493069754074,3
155.3303553570238,12.153912121105432,5.916766881927178,3
155.35035669044603,11.887515070444348,4.996822589232093,3
155.37035802386825,10.111237960184592,5.22501209313092,3
155.3903593572905,10.783349956375073,4.37363567758721,3
155.4103606907127,7.260353845967597,1.4072124483161599,3
155.43036202413495,7.8837323200637,2.7011653862467377,3
155.45036335755717,7.978719700689382,2.9267882415528583,3
155.47036469097938,5.637146982047293,2.5116580588389823,3
155.49036602440162,8.578349715985063,3.395371935091861,3
155.51036735782384,6.289305507700334,2.1735640656537023,3
155.53036869124608,7.831272535351652,2.7794766115303533,3
155.5503700246683,6.882302963402246,4.6756612049302735,3
155.57037135809054,6.772720459970436,4.387140436745098,3
155.59037269151275,6.675540209548682,7.161478852848532,3
155.610374024935,9.52029496134931,4.10898906085276,3
155.6303753583572,9.291642725810107,5.762883639427683,3
155.65037669177946,12.125371644722758,7.7356786970764135,3
155.67037802520167,12.018712372814814,8.782227594205667,3
155.69037935862391,12.06650691722017,9.41471037539091,3
155.71038069204613,15.7621852476076,11.327214875961433,3
155.73038202546837,17.144012900901743,14.879282552479317,3
155.7503833588906,17.921513711662318,15.082524844143261,3
155.7703846923128,17.58428460758501,19.352438751172933,3
155.79038602573505,22.514963082937157,20.24649287491392,3
155.81038735915726,23.821412170555032,22.47099428034338,3
155.8303886925795,22.22129981921349,22.976877103438458,3
155.85039002600172,26.20877644098342,24.529899594153576,3
155.87039135942396,28.662252418026945,27.390434956746088,3
155.89039269284618,31.559515378977654,30.889695019080396,3
155.91039402626842,33.51455903372987,30.822201940952073,3
155.93039535969064,33.19999732929485,33.41292665198279,3
155.95039669311288,36.945301384740844,36.694760902284656,3
155.9703980265351,39.90286892297339,36.70106154878732,3
155.99039935995734,40.48774401077741,40.34553560321508,3
156.01040069337955,43.606498030987325,42.44637880907814,3
156.0304020268018,45.372268485225455,46.119940462339585,3
156.050403360224,47.13752490079111,47.27341658970741,3
156.07040469364622,51.62871446690027,48.90949422697804,3
156.09040602706847,52.15832347061875,52.56101533707211,3
156.11040736049068,54.591583756953334,53.34372295167614,3
156.13040869391293,57.23101751077242,53.05942640349255,3
156.15041002733514,58.47405469755271,54.29807448762458,3
156.17041136075738,60.69750711845123,57.84163588300242,3
156.1904126941796,61.99767190899736,60.790871481183466,3
156.21041402760184,63.31623848084512,61.22169997806053,3
156.23041536102406,65.89150050137046,65.03139624482553,3
156.2504166944463,66.90147916109026,65.28320005625136,3
156.27041802786852,68.35682814003891,65.55222930113705,3
156.29041936129076,69.43258039067932,66.54125739051618,3
156.31042069471297,73.20046154309672,68.54821091017692,3
156.33042202813522,72.4103339648315,68.38997860486961,3
156.35042336155743,74.13909414814577,71.2574241369046,3
156.37042469497965,75.15079534235016,69.88717646662167,3
156.3904260284019,75.12800946817683,69.61956597105386,3
156.4104273618241,74.82960203704349,71.82433919359501,3
156.43042869524635,76.40233969791619,74.38240091854857,3
156.45043002866856,75.39569287263186,74.47839886481975,3
156.4704313620908,76.98257670818613,72.68809181033873,3
156.49043269551302,76.1013827130152,70.60482957751675,3
156.51043402893526,76.12107052872558,71.57631383354308,3
156.53043536235748,74.59108465146426,72.5814041428664,3
156.55043669577972,75.50469948741667,70.3910952674574,3
156.57043802920194,74.2830399206192,69.20011585154829,3
156.59043936262418,75.10308646233864,73.18823127950274,3
156.6104406960464,75.33689138846215,68.49029818330422,3
156.63044202946864,75.5049849128974,66.53474346347862,3
156.65044336289085,72.49738267330245,66.48998810360634,3
156.67044469631307,71.83197884185793,66.66809174371889,3
156.6904460297353,68.74037762354637,65.99590086487129,3
156.71044736315753,67.26086443036118,63.91688210596669,3
156.73044869657977,68.05194787510491,60.89895795246272,3
156.75045003000199,66.8225541758336,61.06061550322146,3
156.77045136342423,66.90640156474016,58.56433515271671,3
156.79045269684644,63.531520625888035,56.39716388365112,3
156.8104540302687,61.379966196761316,52.65084581774918,3
156.8304553636909,58.76336741316988,50.917256913819095,3
156.85045669711315,58.00277852718359,48.89195385072085,3
156.87045803053536,57.160144948019045,49.08078235215615,3
156.8904593639576,53.43620784449937,45.23605381298967,3
156.91046069737982,52.04267061686565,44.9708482356787,3
156.93046203080206,47.783660404739955,43.29875941572285,3
156.95046336422428,48.73909324543232,40.69146251744496,3
156.9704646976465,46.21542722836439,39.30446836391349,3
156.99046603106873,43.68947703195032,33.72864305057738,3
157.01046736449095,40.6443342349108,34.38357447777335,3
157.0304686979132,39.63301694120695,30.2797440387183,3
157.0504700313354,35.544054141414556,29.994497301883325,3
157.07047136475765,33.72916915817699,26.524257446753534,3
157.09047269817987,31.800846385015344,26.848693899677638,3
157.1104740316021,28.929131340340593,22.82004495181992,3
157.13047536502432,28.848125909498712,19.88817153501103,3
157.15047669844657,27.318142267406802,17.236166008049075,3
157.17047803186878,25.382313146847515,16.411510285480603,3
157.19047936529103,21.169417042513956,16.062493117089343,3
157.21048069871324,21.871606372786704,13.72104044484171,3
157.23048203213548,20.774090006477614,13.729427772226966,3
157.2504833655577,15.873000485188413,12.297835690210366,3
157.2704846989799,13.836242795624136,8.961076821933304,3
157.29048603240216,13.930241653150658,7.146851241782836,3
157.31048736582437,14.64263028407077,6.999014310667599,3
157.33048869924662,11.29203055034898,5.415321769452445,3
157.35049003266883,10.548627066135033,5.007286956854079,3
157.37049136609107,9.09292011167249,3.286589068491831,3
157.3904926995133,7.473566774730754,3.617519242212612,3
157.41049403293553,9.35092928727611,1.4749809701016343,3
157.43049536635775,9.898035859191832,3.9075419072570634,3
157.45049669978,8.467413972735194,2.9427310749450997,3
157.4704980332022,7.406597065916175,3.225556157821429,3
157.49049936662445,6.285102722104001,3.912300826913206,3
157.51050070004666,8.55812592420094,2.7953905515013613,3
157.5305020334689,7.59954655549074,3.2724342946878653,3
157.55050336689112,4.9776741754161105,3.889410356605083,3
157.57050470031334,8.519280568145305,2.1788345514064087,3
157.59050603373558,9.012191583339678,4.694389806964149,3
157.6105073671578,9.52335748532434,7.859256040966586,3
157.63050870058004,10.127767178289332,7.0457831922105125,3
157.65051003400225,11.362197971917055,9.207309641889442,3
157.6705113674245,12.576931624522729,9.16326666687403,3
157.6905127008467,12.210870068345285,10.661276386449126,3
157.71051403426895,14.797167150710203,14.645587357132838,3
157.73051536769117,16.00604203194439,15.688618683975847,3
157.7505167011134,15.93712488352879,16.48844250771515,3
157.77051803453563,18.306188360007003,18.968386627841525,3
157.79051936795787,21.827481159954207,20.25979988793345,3
157.81052070138009,21.325133995687853,20.876402780813113,3
157.83052203480233,24.740713319442253,22.1346745652514,3
157.85052336822454,26.909624275266236,25.238526724207276,3
157.87052470164676,28.084589231951643,27.303683155428843,3
157.890526035069,30.134543198663476,30.085408328882778,3
157.91052736849122,32.102238733918966,32.744626496847246,3
157.93052870191346,35.14625946504047,34.745720452401564,3
157.95053003533567,38.1656275792878,36.46359837977277,3
157.97053136875792,38.98283655714936,37.57156690006849,3
157.99053270218013,40.63165099901026,39.746064384889166,3
158.01053403560238,43.800658263107884,44.47279223555171,3
158.0305353690246,44.337414969210094,45.28783229183384,3
158.05053670244683,48.25813927566057,44.44769516922271,3
158.07053803586905,51.58745303432663,50.43667406102035,3
158.0905393692913,51.751913818298334,50.75374639053946,3
158.1105407027135,55.73951289747236,52.78324620779787,3
158.13054203613575,55.69715564141275,56.267352805086894,3
158.15054336955797,58.10413502326888,56.384951726373295,3
158.17054470298018,59.87885417228451,59.24864944348502,3
158.19054603640242,61.07229776221876,60.40999704653472,3
158.21054736982464,62.091478883356785,63.710585729895385,3
158.23054870324688,64.26854204318943,63.97630460523174,3
158.2505500366691,65.60850040201035,65.43812090103783,3
158.27055137009134,68.37232641259524,65.30970538271126,3
158.29055270351355,69.51415406892713,66.74742538117768,3
158.3105540369358,72.53534301916488,68.46220738615439,3
158.330555370358,71.36482774036999,69.76650259162554,3
158.35055670378026,71.78545417881996,70.44793354819258,3
158.37055803720247,74.26044616900165,71.8650645602537,3
158.39055937062471,75.31348055753637,72.37249870760728,3
158.41056070404693,75.48623990170043,72.25131865667882,3
158.43056203746917,76.75633080036947,72.47856929976102,3
158.4505633708914,77.03139141300561,71.10000381172938,3
158.4705647043136,75.24003044596485,71.69312839914147,3
158.49056603773585,75.4410542518301,74.05702938353261,3
158.51056737115806,76.39263937805433,71.60284746752876,3
158.5305687045803,77.35195121923219,72.53486048889182,3
158.55057003800252,77.36607126708068,72.66898178709364,3
158.57057137142476,76.98817068305041,71.08144883923634,3
158.59057270484698,74.50134391677612,68.07503856012494,3
158.61057403826922,74.85360777972576,66.72805109926801,3
158.63057537169144,73.64100294388493,69.79457862339014,3
158.65057670511368,72.62556037167712,67.7069188104812,3
158.6705780385359,71.45187532751358,65.03381980677102,3
158.69057937195814,71.27706702232508,63.95750633108583,3
158.71058070538035,70.6393505269438,63.37298996457536,3
158.7305820388026,68.79938348491928,61.81423589338533,3
158.7505833722248,68.01290884578852,59.66046774327159,3
158.77058470564702,66.59063633125447,57.37066677555263,3
158.79058603906927,64.25528621058376,58.46446131515411,3
158.81058737249148,61.90979909727381,54.6366623117141,3
158.83058870591373,59.4782612013978,51.677114865435534,3
158.85059003933594,58.0385346780192,50.18025174454676,3
158.87059137275818,55.68209391601186,48.41870816799555,3
158.8905927061804,54.31453117550988,44.91098699624111,3
158.91059403960264,51.59818233054437,43.37930057533642,3
158.93059537302486,47.949024704393324,39.796992355332364,3
158.9505967064471,47.91693885538274,39.55296452641399,3
158.97059803986932,45.110646897727285,38.63354274260103,3
158.99059937329156,42.41647982430936,33.87102883229112,3
159.01060070671377,41.36028653469134,32.42574835713905,3
159.03060204013602,39.45975135914813,29.34103302688001,3
159.05060337355823,36.74757000635462,30.548249238044686,3
159.07060470698045,32.80838355717967,25.57952451938788,3
159.0906060404027,32.80708911557823,26.281847862864677,3
159.1106073738249,29.621997205464773,21.9190392661325,3
159.13060870724715,28.82149610381565,21.86231951651929,3
159.15061004066936,27.597568129994166,19.888166494863547,3
159.1706113740916,24.048471251666793,16.662993571029297,3
159.19061270751382,24.33232650885263,14.353452871510807,3
159.21061404093606,19.56448321353932,14.86271088666904,3
159.23061537435828,18.76721169248764,12.821695361887777,3
159.25061670778052,17.165547816633918,8.7623156628925,3
159.27061804120274,14.212302833882847,7.22068999751897,3
159.29061937462498,12.888782518030295,8.60528408196873,3
159.3106207080472,12.018997913933108,7.468232258990607,3
159.33062204146944,13.644395380465925,6.117118996272017,3
159.35062337489165,8.141290825084111,6.832693854250029,3
159.37062470831387,11.184159986077475,4.255592025982973,3
159.3906260417361,8.613539594722903,3.5749662932304527,3
159.41062737515833,7.118093618816873,2.5329106407313255,3
159.43062870858057,7.068441442786424,0.8318509967613585,3
159.45063004200279,7.5922523879474255,1.4490033800360695,3
159.47063137542503,7.4299490752704065,2.5392712602559286,3
159.49063270884724,6.561385349678457,3.1190170277878972,3
159.5106340422695,7.477543416170535,3.370029534473728,3
159.5306353756917,6.602827293712059,0.791674819313311,3
159.55063670911395,8.568960050131007,3.2141342936073327,3
159.57063804253616,6.048102731331066,6.324358139611976,3
159.5906393759584,8.508914663503845,5.772519330804083,3
159.61064070938062,10.228989372953809,7.13820127780029,3
159.63064204280286,9.729387720530198,9.307001843213008,3
159.65064337622508,13.961788402384709,6.649063216320541,3
159.6706447096473,11.901371913237776,9.526021556310553,3
159.69064604306953,12.160279541077378,11.373798630631509,3
159.71064737649175,13.089468041365292,11.248784386322132,3
159.730648709914,16.018339043898504,15.323169206398196,3
159.7506500433362,16.619496747468414,15.810196373379245,3
159.77065137675845,18.093959429762922,17.429435065895955,3
159.79065271018067,20.713252513537686,18.872613410731947,3
159.8106540436029,21.396178275607614,20.49407896819765,3
159.83065537702512,25.41622637833656,25.74731869353585,3
159.85065671044737,26.463137278646446,26.141653484331428,3
159.87065804386958,29.025611635606513,27.939721015756938,3
159.89065937729183,31.14080950647685,28.682931945603627,3
159.91066071071404,31.95367094030942,33.42510945042434,3
159.93066204413628,35.64120081782753,34.220006370169635,3
159.9506633775585,36.358075498635166,34.88129028842225,3
159.9706647109807,38.06910800897747,37.08263068613299,3
159.99066604440296,39.545878172182306,39.91044779280142,3
160.01066737782517,44.71549225134051,44.57884440480712,3
160.03066871124742,45.029768492017446,44.875707650065415,3
160.05067004466963,47.4838229805732,46.85025241794577,3
160.07067137809187,50.18292634132928,49.224520012152205,3
160.0906727115141,51.743567329922435,50.97874753097263,3
160.11067404493633,55.90180265703846,52.85493974218787,3
160.13067537835855,56.39686426760211,54.352408109427785,3
160.1506767117808,58.81544223950531,55.42383087135711,3
160.170678045203,60.9850336849333,58.70616315333734,3
160.19067937862525,60.23018766138261,58.64943020360823,3
160.21068071204746,63.68539816237245,62.99510706478774,3
160.2306820454697,65.10326995197089,62.11213268662423,3
160.25068337889192,68.21820517717741,65.70595276313351,3
160.27068471231414,68.93966072382,65.8288409484518,3
160.29068604573638,69.72669193578287,66.32032232304458,3
160.3106873791586,69.28662008600683,67.55367698441309,3
160.33068871258084,73.306559023042,71.11222290888699,3
160.35069004600305,72.87214782535425,68.23689750963247,3
160.3706913794253,73.8066888263885,70.43923230433177,3
160.3906927128475,74.47616124916591,71.59773053696547,3
160.41069404626975,76.43990479543315,73.32118100798998,3
160.43069537969197,75.06423716211184,72.58565710595657,3
160.4506967131142,74.49127657586756,70.69841731258991,3
160.47069804653643,77.37454971142519,72.00079314135348,3
160.49069937995867,77.24486268727358,74.15840846956547,3
160.51070071338088,77.60644408617651,72.6279844847465,3
160.53070204680313,78.00646461712586,70.97834825201497,3
160.55070338022534,73.56683908084312,71.0782921078264,3
160.57070471364756,77.49129433519073,69.69842264254225,3
160.5907060470698,74.93759456885029,71.53145976405007,3
160.61070738049202,74.49349552411552,67.37998963723895,3
160.63070871391426,72.27621838107126,68.71521486630898,3
160.65071004733647,72.06299036335074,65.6243846822826,3
160.67071138075872,70.2119012821891,66.57009176985537,3
160.69071271418093,71.33513566307337,65.50534444069267,3
160.71071404760318,69.51088406461571,63.60808487504714,3
160.7307153810254,68.42607285581059,61.69521610522644,3
160.75071671444763,65.75548552890675,59.995896186225885,3
160.77071804786985,64.18946203225232,59.27015204323694,3
160.7907193812921,61.834540665623344,57.32709545944958,3
160.8107207147143,59.64473159306566,53.19388312103813,3
160.83072204813655,60.31712287389368,53.92341427474888,3
160.85072338155877,58.590771779232675,48.308908944933265,3
160.87072471498098,54.923025045958525,48.560746476670595,3
160.89072604840322,54.28303832031071,46.04814110640787,3
160.91072738182544,53.705621153055596,42.78514146357548,3
160.93072871524768,49.83632500267323,42.69897077763229,3
160.9507300486699,49.02936194867196,39.99586451666847,3
160.97073138209214,45.95607583332813,35.957952217924095,3
160.99073271551435,44.4333735653267,34.68637581090815,3
161.0107340489366,40.333040291398035,33.36929490609631,3
161.0307353823588,38.42832513419983,30.528316694214745,3
161.05073671578106,36.74255093174584,29.281777534693177,3
161.07073804920327,34.7299139337522,26.9207662106502,3
161.09073938262551,31.043067190122983,24.709247202588575,3
161.11074071604773,30.216399203319614,21.923907766442113,3
161.13074204946997,27.14735462608724,20.6360399395772,3
161.1507433828922,26.636128658184838,19.422145449452284,3
161.1707447163144,24.86005657899536,17.513297125642552,3
161.19074604973665,22.19782360383276,15.57065538813699,3
161.21074738315886,19.406293683712246,13.662368827331253,3
161.2307487165811,19.10752158183383,10.328921372419982,3
161.25075005000332,16.30209861111951,9.745849472898481,3
161.27075138342556,17.20915334265158,11.54182573476293,3
161.29075271684778,15.425063793292791,8.0890247263044,3
161.31075405027002,12.153041686093026,7.479610848778957,3
161.33075538369224,11.720978795718723,5.485050678530795,3
161.35075671711448,11.481560763717022,5.915734669326146,3
161.3707580505367,12.519655754636632,2.553330372690363,3
161.39075938395894,8.678325452322685,3.2591794528828744,3
161.41076071738115,7.694347171949111,2.2726964719323908,3
161.4307620508034,7.6675049681419525,3.082539756827486,3
161.4507633842256,8.081283679551321,1.7347746509774347,3
161.47076471764782,8.644196815052172,3.2200862104785637,3
161.49076605107007,6.7331372403095004,2.82405998091588,3
161.51076738449228,6.367627525185445,3.6434715927218715,3
161.53076871791453,6.974303674742454,3.343065866881156,3
161.55077005133674,6.243400269607356,4.548425605302426,3
161.57077138475898,9.085525185350086,5.2338030757922445,3
161.5907727181812,8.484469124039386,4.899421090283956,3
161.61077405160344,8.449718140067482,6.30778472510202,3
161.63077538502566,10.150723715408104,9.917921393955277,3
161.6507767184479,12.249612883187572,9.358059983662464,3
161.67077805187012,10.66044118937154,10.381972143873195,3
161.69077938529236,14.210163451656298,12.158453220684411,3
161.71078071871457,14.506498665946422,11.330353133126552,3
161.73078205213682,16.877160681962884,12.103177444027791,3
161.75078338555903,18.581004866857423,16.048907170898776,3
161.77078471898125,18.967809138397342,18.646814926809977,3
161.7907860524035,21.59410961074695,18.56776558221635,3
161.8107873858257,23.248672902751014,20.361524571485,3
161.83078871924795,22.993260324536102,24.51392533536756,3
161.85079005267016,26.83523300657521,24.817662570667434,3
161.8707913860924,27.78567508648823,26.168105081266436,3
161.89079271951462,32.06132677854274,30.32289635061873,3
161.91079405293686,32.80481145409891,32.470255715745694,3
161.93079538635908,35.21490519518089,33.958482086838046,3
161.95079671978132,36.53887090013308,36.1698688751169,3
161.97079805320354,38.869869841295895,39.13972274493445,3
161.99079938662578,40.49820560785585,39.07478097724108,3
162.010800720048,42.74490229126498,41.86891296304939,3
162.03080205347024,44.9568757151266,44.5285895434658,3
162.05080338689245,45.96904122387135,47.73207978292785,3
162.07080472031467,50.34470573052172,48.506992252425114,3
162.0908060537369,50.62655899016638,51.26854792159416,3
162.11080738715913,54.47668635376033,52.6487667837361,3
162.13080872058137,54.339258570912314,56.5345891030567,3
162.15081005400359,59.20843673799263,56.61054615028971,3
162.17081138742583,59.11526392534914,59.09908213134769,3
162.19081272084804,62.70437095465714,60.8449115437694,3
162.2108140542703,63.75499517715293,63.07436073874338,3
162.2308153876925,65.17679937923626,62.96919531559509,3
162.25081672111475,66.9676784748782,63.83630694387207,3
162.27081805453696,67.26037217953598,66.74441053031637,3
162.2908193879592,69.4591804277482,67.79319027231891,3
162.31082072138142,72.76347412295313,68.86482734156641,3
162.33082205480366,72.20567672378621,69.11204367817109,3
162.35082338822588,73.02947016707604,71.21614475070662,3
162.3708247216481,73.05217415628407,70.31865977746472,3
162.39082605507033,76.29881091393861,70.5974666291212,3
162.41082738849255,75.09624953115187,71.79500263380822,3
162.4308287219148,77.32157707486783,74.08548360137729,3
162.450830055337,76.66683368679332,74.22863022237095,3
162.47083138875925,75.48950202249547,72.74772615124691,3
162.49083272218147,77.59635680295267,73.73586093744052,3
162.5108340556037,75.47497415143432,72.41223588002151,3
162.53083538902592,79.14458485042744,71.8334499275959,3
162.55083672244817,76.11674059652361,71.84152093980502,3
162.57083805587038,75.19252154237314,71.59371612219168,3
162.59083938929263,76.5423104476664,71.40943899529584,3
162.61084072271484,76.23346249893612,69.47609687961307,3
162.63084205613708,73.33616991449227,71.0417476351871,3
162.6508433895593,72.38258712569473,67.98872062800551,3
162.6708447229815,70.07714766250233,65.83579123696927,3
162.69084605640376,71.0694723194082,65.41043593998249,3
162.71084738982597,69.978130633558,63.41179714806291,3
162.73084872324822,66.67965510933921,60.007235571139525,3
162.75085005667043,67.94327604388099,60.282563223285074,3
162.77085139009267,63.9959310692946,58.35171542787653,3
162.7908527235149,62.88011963365099,57.03024088273064,3
162.81085405693713,62.84480930384511,55.234070055776606,3
162.83085539035935,59.43142668590585,53.8834866291712,3
162.8508567237816,56.885564297912026,52.859775709249774,3
162.8708580572038,55.79618347504489,48.144601303844105,3
162.89085939062605,54.587766556121665,47.4961505448844,3
162.91086072404826,50.88369122425499,45.15212884321245,3
162.9308620574705,50.025669301362385,40.77854693046587,3
162.95086339089272,46.31576370356471,41.1618815349101,3
162.97086472431494,46.36662321062634,37.68530530611245,3
162.99086605773718,44.2783947615415,33.6492045379243,3
163.0108673911594,39.60260555120006,33.55409644613734,3
163.03086872458164,37.552459374429716,31.70833639526822,3
163.05087005800385,34.8090178130238,28.58098378618228,3
163.0708713914261,33.34296338815211,25.04860670559693,3
163.0908727248483,32.80938013663506,24.799659239763248,3
163.11087405827055,29.016822599761454,23.767915917296033,3
163.13087539169277,26.936510698128966,19.984026993279233,3
163.150876725115,26.101338638892592,18.998570335666393,3
163.17087805853723,23.233335228131374,15.218661573491417,3
163.19087939195947,23.651741112139376,15.17010992962088,3
163.21088072538168,20.492762529905036,13.92552468322987,3
163.23088205880393,19.639675238096544,13.55143553235623,3
163.25088339222614,16.63222242162307,11.551132686911036,3
163.27088472564836,13.527190395241973,9.132912203436433,3
163.2908860590706,13.485819180519163,8.35242504651314,3
163.31088739249282,14.826241339568313,5.606954557400213,3
163.33088872591506,11.552738386184151,5.5459122448808,3
163.35089005933727,11.190945134134079,5.600876172601584,3
163.37089139275952,10.639218006113998,4.074626076979865,3
163.39089272618173,10.303776879288902,4.013165267579761,3
163.41089405960398,7.522437480045513,3.581539672711138,3
163.4308953930262,8.081969197919598,2.791203910436435,3
163.45089672644843,7.722063261337775,2.5373986538859974,3
163.47089805987065,6.996337403650173,2.893569020664533,3
163.4908993932929,9.251927504336109,3.423691714407831,3
163.5109007267151,7.567719047313684,4.250699256117688,3
163.53090206013735,7.582802189791261,3.477617782779854,3
163.55090339355957,6.518267495416675,6.014003683612953,3
163.57090472698178,10.083648057352526,3.4476812245442243,3
163.59090606040402,9.410665099433922,4.878758729279302,3
163.61090739382624,9.965318544093295,6.934539586071901,3
163.63090872724848,10.54160385275762,7.265176238923311,3
163.6509100606707,13.0959570273173,9.577115999946459,3
163.67091139409294,11.52709358857797,10.207463370393144,3
163.69091272751515,13.21813050941654,11.60965722072947,3
163.7109140609374,13.135233244190134,13.339403566754436,3
163.7309153943596,16.039124379879972,13.834516938332833,3
163.75091672778186,17.424315400039802,16.16567282004571,3
163.77091806120407,19.918077778142017,17.636762169661488,3
163.79091939462631,22.383974632217505,18.965428653394103,3
163.81092072804853,22.420658693393786,21.471975896649496,3
163.83092206147077,24.25919527260209,21.952200979582194,3
163.850923394893,25.858171877708486,24.022539690016032,3
163.8709247283152,28.79150957911441,27.830946328804643,3
163.89092606173745,29.824075126822713,27.329528748383517,3
163.91092739515966,31.558879481806855,31.328210921398842,3
163.9309287285819,35.09127413574257,33.69365588964194,3
163.95093006200412,35.76020748283528,37.96279811035382,3
163.97093139542636,38.168994096290476,38.308079242495715,3
163.99093272884858,40.78764153160514,39.596266569726495,3
164.01093406227082,41.767201925440844,45.18593442721304,3
164.03093539569304,45.60103045659051,43.05935368439668,3
164.05093672911528,47.80402812623379,47.16718991737218,3
164.0709380625375,50.07480079641521,48.699953671040404,3
164.09093939595974,51.92022478117881,50.021807606228585,3
164.11094072938195,54.80805804235515,54.907482076997134,3
164.1309420628042,55.713986194164086,54.456419523569735,3
164.1509433962264,59.21885180049202,57.32371936441407,3
164.17094472964862,60.88045847453859,59.64964534951294,3
164.19094606307087,63.04634992015237,59.19651863746318,3
164.21094739649308,63.92086427411899,62.59594170069477,3
164.23094872991533,66.10929982658641,62.43482528654612,3
164.25095006333754,66.93248542748316,64.38128052388322,3
164.27095139675978,69.17368713402765,65.53654661060536,3
164.290952730182,68.01158884999634,68.80329120594602,3
164.31095406360424,72.51683900557015,68.20435173997123,3
164.33095539702646,72.36503390560884,67.78055786293629,3
164.3509567304487,73.71498248177866,70.14191289946578,3
164.37095806387092,73.49341633931847,70.24906562569822,3
164.39095939729316,74.96062779322521,72.57792511538585,3
164.41096073071537,77.57388820775272,70.99704185908367,3
164.43096206413762,76.36383549377139,71.1089482116311,3
164.45096339755983,77.21165560095376,72.46498764781919,3
164.47096473098205,76.06561139789063,71.72131731958638,3
164.4909660644043,77.07172808614072,73.4816562705735,3
164.5109673978265,76.88461553584737,73.0831741813159,3
164.53096873124875,75.23713132635392,71.30723913059671,3
164.55097006467096,75.9298298197009,70.91243899888042,3
164.5709713980932,77.0169982991262,72.18493150543577,3
164.59097273151542,74.6734184647946,71.38762721583358,3
164.61097406493766,76.05049174694085,69.69894929299717,3
164.63097539835988,74.34321818735482,68.66872134251467,3
164.65097673178212,73.78908084888644,67.04030690216702,3
164.67097806520434,72.25424009209578,64.42280621657432,3
164.69097939862658,71.35099824949889,65.00997980925123,3
164.7109807320488,69.86826428273032,63.04158238739591,3
164.73098206547104,67.63898976608351,60.498694660767775,3
164.75098339889325,66.44177390994629,59.31628400146393,3
164.77098473231547,63.48804307219502,58.17880082541404,3
164.7909860657377,65.48186320162858,55.44903864082118,3
164.81098739915993,60.71609912979053,54.02788942532339,3
164.83098873258217,59.619905655746365,53.106936424976034,3
164.85099006600439,58.75097839654955,51.7502310654822,3
164.87099139942663,57.9517192777713,47.25346296271715,3
164.89099273284884,53.1663563461995,43.89963187635133,3
164.9109940662711,52.440471848876754,44.44873438492141,3
164.9309953996933,51.36955076440639,43.3723575120367,3
164.95099673311555,47.0908688808915,39.88998506194163,3
164.97099806653776,45.816592339681705,37.39565139884645,3
164.99099939996,42.50464777859167,34.90478889015879,3
165.01100073338222,41.421562439995014,31.25840731031904,3
165.03100206680446,40.08121228427326,33.04473436842785,3
165.05100340022668,36.67189274766616,28.16350450369194,3
165.0710047336489,35.43604114279927,26.40909328211657,3
165.09100606707113,31.167641308795538,24.91959660949608,3
165.11100740049335,31.40188755987871,22.936572565761516,3
165.1310087339156,27.806368927415253,20.277727139155648,3
165.1510100673378,26.915832669146184,17.69311359307049,3
165.17101140076005,22.163882433946508,16.414888966377966,3
165.19101273418227,21.49697154385644,14.252493349181481,3
165.2110140676045,19.926190739924706,14.155196785744453,3
165.23101540102672,17.220678643445506,11.895005115983519,3
165.25101673444897,17.35382826800972,9.378658060106025,3
165.27101806787118,15.751613180912152,8.863153115103524,3
165.29101940129343,12.626971251189266,4.933045819762491,3
165.31102073471564,12.123382327922025,6.9025348817438825,3
165.33102206813788,12.03382337329076,5.383828033569305,3
165.3510234015601,10.298365905629264,6.107895608510973,3
165.3710247349823,10.762622313027087,5.509548745994842,3
165.39102606840456,9.075110566655303,4.692873235672797,3
165.41102740182677,8.558890380199509,3.4030035938717895,3
165.43102873524901,7.2156318069909755,5.093833032925495,3
165.45103006867123,5.535373776402635,3.863603892837456,3
165.47103140209347,8.453334562267992,3.052738757877991,3
165.4910327355157,7.483335303307953,2.900465106486739,3
165.51103406893793,6.81982369117126,3.866618039048017,3
165.53103540236015,8.124788063369884,2.8138390663584323,3
165.5510367357824,5.9618269401297095,3.8602832254349417,3
165.5710380692046,6.806803773033744,4.625315739928681,3
165.59103940262685,8.244032604679688,5.515826612452414,3
165.61104073604906,7.365556726556097,7.659207008073403,3
165.6310420694713,8.8641268283761,7.676193083138031,3
165.65104340289352,11.522379873968493,8.623920938519305,3
165.67104473631574,13.651473722442766,9.118073242173763,3
165.69104606973798,12.919504724963328,11.186577065998232,3
165.7110474031602,13.484449653263523,10.805527825094247,3
165.73104873658244,15.358285673735242,13.435311254665931,3
165.75105007000465,16.981500050595375,14.665592478426516,3
165.7710514034269,17.833470928645266,17.878051888714616,3
165.7910527368491,20.416103949788464,19.115466445088472,3
165.81105407027135,22.146924193873158,22.05502584792183,3
165.83105540369357,23.591532772922072,23.596497308918096,3
165.8510567371158,25.860343616157035,23.820746410170383,3
165.87105807053803,29.427466259133737,28.337299696445974,3
165.89105940396027,31.433969967271462,29.960180470656198,3
165.91106073738248,32.62767219741428,32.007858861280134,3
165.93106207080473,33.70741818763326,34.017533164691066,3
165.95106340422694,37.5651532910554,36.464326247037015,3
165.97106473764916,37.00301661984217,38.534812133997285,3
165.9910660710714,41.8481500184945,40.918655091897385,3
166.01106740449362,42.57712851731289,42.9338645863718,3
166.03106873791586,45.24455372627826,44.84558741565369,3
166.05107007133807,46.313587067850996,47.38297608499034,3
166.07107140476032,49.099535453203,49.58870738167343,3
166.09107273818253,51.23661865966244,53.1729305586154,3
166.11107407160478,54.05616027778306,51.553711155746825,3
166.131075405027,54.80169027650969,53.38134763142195,3
166.15107673844923,58.426638973770054,57.08037252702547,3
166.17107807187145,58.902978485680606,59.356077408486,3
166.1910794052937,61.90926869632418,60.65423561406562,3
166.2110807387159,63.05569803685112,63.456121090667075,3
166.23108207213815,65.86585362523961,63.30770206843989,3
166.25108340556037,67.42096324185715,64.68778137276097,3
166.27108473898258,69.31554374031745,68.157322527738,3
166.29108607240482,69.74302308745187,67.11039451217138,3
166.31108740582704,71.42376486180878,68.7877055057536,3
166.33108873924928,72.0743342052218,69.21768175991349,3
166.3510900726715,73.48685508355597,68.6984104099842,3
166.37109140609374,72.972136049345,71.19294126342328,3
166.39109273951595,75.0372266670301,71.5611372660421,3
166.4110940729382,76.04199398540004,72.53118724972262,3
166.4310954063604,74.1911830916777,70.15212751528793,3
166.45109673978266,77.37886628278315,72.01216206498886,3
166.47109807320487,76.47134381969614,73.87435470278365,3
166.49109940662711,76.7560492180886,70.57346673867697,3
166.51110074004933,76.99019898431608,71.65593822181316,3
166.53110207347157,78.04227862843615,71.41138364783255,3
166.5511034068938,77.16481948536122,72.07081091845819,3
166.571104740316,75.48997788922146,72.20431745771728,3
166.59110607373825,76.76618434258788,71.31115480002512,3
166.61110740716046,75.13651085937975,68.3189481090004,3
166.6311087405827,75.5168239158498,66.28434780102633,3
166.65111007400492,74.16008033422112,67.95176841114454,3
166.67111140742716,72.8505789458988,66.82134017251985,3
166.69111274084938,72.35783119060851,64.4950509502333,3
166.71111407427162,70.47786724980467,61.714605535070056,3
166.73111540769384,69.24755639196233,61.94446978290612,3
166.75111674111608,64.75440554271154,59.16814283906276,3
166.7711180745383,65.0017355037064,59.88749520699199,3
166.79111940796054,63.17522188648006,57.713335153132014,3
166.81112074138275,61.56150926759397,55.66428584788359,3
166.831122074805,60.43387953605083,51.71138812461101,3
166.8511234082272,57.83538708449117,48.8184657525686,3
166.87112474164942,55.7916901043073,49.30532086112414,3
166.89112607507167,52.585399292144125,45.35509936997009,3
166.91112740849388,51.348134115385285,43.74756131816012,3
166.93112874191613,48.48457946219247,41.47832972204826,3
166.95113007533834,45.8032763070001,40.5934895096947,3
166.97113140876058,45.26654999456137,37.73561822685588,3
166.9911327421828,43.27798952196513,37.537014379099816,3
167.01113407560504,40.37987599596113,32.93661856531353,3
167.03113540902726,38.049708954595076,31.294022250543033,3
167.0511367424495,36.47161994007602,28.613608435522522,3
167.07113807587172,36.88870410464648,25.97328469224061,3
167.09113940929396,30.957640613228964,25.3643044947193,3
167.11114074271617,29.481573378111975,22.741440860422003,3
167.13114207613842,25.591669018084644,20.76058648160293,3
167.15114340956063,27.14610918393338,18.320130274172207,3
167.17114474298285,25.365374127853727,17.046601317689177,3
167.1911460764051,23.816285557023303,16.780061038559722,3
167.2111474098273,20.926835834128305,12.564900942617648,3
167.23114874324955,19.29304703426653,12.370531405569682,3
167.25115007667176,16.83579813983115,11.550165900716468,3
167.271151410094,15.597548254723003,8.383284537640606,3
167.29115274351622,14.552343610532708,8.643980676628365,3
167.31115407693846,14.132568172277844,6.401705701604061,3
167.33115541036068,12.070821068479322,7.2033833132085565,3
167.35115674378292,10.953869288467112,6.20368526732705,3
167.37115807720514,9.404890166060795,5.495781349570663,3
167.39115941062738,9.303005950903641,3.6039972411124612,3
167.4111607440496,7.825428808057634,3.165977399784871,3
167.43116207747184,6.516456357857162,3.7223232703651288,3
167.45116341089405,6.169306156907817,1.748801547024723,3
167.47116474431627,6.4972490624956984,3.0068380880888945,3
167.4911660777385,6.505594012341301,4.648030210386305,3
167.51116741116073,5.870929587366102,3.3342451830386235,3
167.53116874458297,5.941868715326825,4.016761537595143,3
167.55117007800519,7.054183908289603,5.354039361994768,3
167.57117141142743,7.9003952434453355,5.955246286663272,3
167.59117274484964,9.333433531806193,5.389370792410835,3
167.6111740782719,9.064128300663665,6.4801832452300765,3
167.6311754116941,9.244085188596012,8.06465000049604,3
167.65117674511635,11.913697448835427,7.335996358722957,3
167.67117807853856,14.038442715988289,8.889730704159724,3
167.6911794119608,10.871272071661908,11.635058689868465,3
167.71118074538302,16.10762373182165,12.801335015495473,3
167.73118207880526,15.522719986588784,14.472756409538249,3
167.75118341222748,17.122109574756955,16.56996653542699,3
167.7711847456497,17.8051122151666,16.709016255212443,3
167.79118607907193,20.44767949850945,19.798467536838064,3
167.81118741249415,21.861743639227416,21.077374569544702,3
167.8311887459164,25.353709833680263,24.295449475677273,3
167.8511900793386,26.00449217170871,24.99393073113476,3
167.87119141276085,27.66058552845396,27.734289437180877,3
167.89119274618307,29.542457454804598,29.028890940593552,3
167.9111940796053,32.71588468792358,32.572477469134014,3
167.93119541302752,34.99823699472511,35.227102723964066,3
167.95119674644977,35.571214521788434,35.17841702021733,3
167.97119807987198,40.53939450226891,38.52809685007686,3
167.99119941329423,40.952044899635595,39.18397289827027,3
168.01120074671644,43.81780248794445,43.244515079172864,3
168.03120208013868,45.93812073162966,43.11699051097933,3
168.0512034135609,47.10650581875637,47.37470628619142,3
168.0712047469831,51.676831014742746,48.72668705399764,3
168.09120608040536,51.593658494496886,49.50240390311449,3
168.11120741382757,53.997727540013116,52.453984493718366,3
168.13120874724981,54.75240679799562,54.12202112740862,3
168.15121008067203,58.71284322543334,56.8020014842096,3
168.17121141409427,58.17823259303356,58.27077753042397,3
168.1912127475165,61.34357520102009,60.847735969892135,3
168.21121408093873,63.62049489184144,62.00714313557215,3
168.23121541436095,67.00117438425782,62.81996614174624,3
168.2512167477832,67.31832196364846,64.89738374466916,3
168.2712180812054,68.89914452049406,65.51590257166635,3
168.29121941462765,68.86920722325301,68.21957239457964,3
168.31122074804986,72.10102833871582,68.92460086545596,3
168.3312220814721,70.86014848290426,70.72063804608057,3
168.35122341489432,71.61999567963034,70.37886514546166,3
168.37122474831654,74.49845374056041,70.55654848754973,3
168.39122608173878,74.86668945821158,71.5191272146932,3
168.411227415161,75.01624365675194,72.89614734464149,3
168.43122874858324,77.675496886025,72.1681345062386,3
168.45123008200545,77.63837217692213,72.37865166935144,3
168.4712314154277,75.17620081946131,73.42839394519899,3
168.4912327488499,73.71410781055816,72.14464946114948,3
168.51123408227215,77.22245872433922,72.35595440187574,3
168.53123541569437,76.4115586245215,73.65107416607177,3
168.5512367491166,76.78062167917857,71.59170540371734,3
168.57123808253883,76.60957537804543,71.11333790503166,3
168.59123941596107,76.17556238006647,70.05065718854208,3
168.61124074938328,74.15683923773565,69.44798446517102,3
168.63124208280553,72.37831676490728,68.8421410544517,3
168.65124341622774,74.17895655832405,68.65568337665623,3
168.67124474964996,70.8367778535567,68.40882747645799,3
168.6912460830722,69.81989654340506,63.04104936340283,3
168.71124741649442,70.21471894058104,64.89401053030083,3
168.73124874991666,67.89603083785838,61.13896709065762,3
168.75125008333887,65.39909069689632,60.41618257756283,3
168.77125141676112,66.95025017743832,59.159020209315365,3
168.79125275018333,62.23533843740432,56.47893011276625,3
168.81125408360558,61.59336621769635,55.044582122031564,3
168.8312554170278,59.222660411288004,52.67615330601213,3
168.85125675045003,57.9554360194743,52.324600774357,3
168.87125808387225,53.13729452384559,46.89698313927414,3
168.8912594172945,55.06225934756646,46.9000889840366,3
168.9112607507167,52.76236985176623,44.75375107204247,3
168.93126208413895,51.55626048426451,42.333237818120814,3
168.95126341756117,48.02860179257587,38.787492959783386,3
168.97126475098338,45.061941589680586,37.59246225661409,3
168.99126608440562,43.916104715140634,34.53326273935284,3
169.01126741782784,40.62443238332084,33.379887936006945,3
169.03126875125008,40.17534318596034,30.017754246005573,3
169.0512700846723,36.09826752078018,29.171891685815208,3
169.07127141809454,33.47302654406676,27.127297418574404,3
169.09127275151675,32.04765114865819,24.975510255668624,3
169.111274084939,29.160530510101026,23.85263687970028,3
169.1312754183612,28.108650914947617,20.91371847476086,3
169.15127675178346,25.85195030487341,18.357511499535455,3
169.17127808520567,25.194706452884535,16.84404587555495,3
169.19127941862791,22.11277393021261,15.192232772467383,3
169.21128075205013,20.010997316263385,13.42448671108482,3
169.23128208547237,18.684558883429723,13.294329534597892,3
169.2512834188946,16.45654020013842,11.597017341331155,3
169.2712847523168,15.124904178481794,10.405012809226815,3
169.29128608573905,13.522808368270752,7.2787018555887135,3
169.31128741916126,12.742382889786253,6.617106910174473,3
169.3312887525835,12.5592745388173,5.265585449830527,3
169.35129008600572,11.771688171731045,3.5803654170321284,3
169.37129141942796,9.674464215769257,4.278220812222216,3
169.39129275285018,9.083439228058568,1.2468730323435024,3
169.41129408627242,7.353221381775805,3.366668514926578,3
169.43129541969464,6.601918393701551,3.361869024745503,3
169.45129675311688,7.3100175997013865,1.8622549165767444,3
169.4712980865391,5.814229311830271,1.9387847515032082,3
169.49129941996134,6.229285015287151,1.9181103816474645,3
169.51130075338355,6.658880736750836,3.932165999606998,3
169.5313020868058,5.818299094013692,3.1917013855776015,3
169.551303420228,7.744292357370458,3.42506276212393,3
169.57130475365022,6.091021197005023,5.1872852045841125,3
169.59130608707247,8.085932733315733,5.554344140084971,3
169.61130742049468,9.603679807383944,5.434848937202863,3
169.63130875391693,10.67243121127144,7.259601999045284,3
169.65131008733914,11.275541921752495,8.17057347562144,3
169.67131142076138,12.123903577525288,8.83009048416452,3
169.6913127541836,13.206579985045803,10.314891849718153,3
169.71131408760584,13.82135117682932,12.075724727420186,3
169.73131542102806,16.246357045752596,13.937138738980988,3
169.7513167544503,16.208450940277196,14.76827864056903,3
169.77131808787252,21.507196521857786,16.196609532233584,3
169.79131942129476,17.86790113903149,19.37006640982571,3
169.81132075471697,22.566805813203793,21.812563149264243,3
169.83132208813922,23.35235347062836,23.210177988932166,3
169.85132342156143,25.421923599822936,24.846035349156427,3
169.87132475498365,25.92401970794131,28.511276882458823,3
169.8913260884059,30.48779729615031,30.303881889498804,3
169.9113274218281,33.86820960704586,31.136098752556634,3
169.93132875525035,33.782749590452454,31.86640450282015,3
169.95133008867256,37.40168621192996,35.20213122212884,3
169.9713314220948,38.84445549602021,37.99200958699989,3
169.99133275551702,40.62315076715935,40.23076540800888,3
170.01133408893926,43.91045294733263,41.68350435102645,3
170.03133542236148,44.36898927745852,44.51094930238794,3
170.05133675578372,47.174968134870795,49.065797126952084,3
170.07133808920594,49.29814657260879,49.83950320013642,3
170.09133942262818,49.92700176220615,52.50878963064501,3
170.1113407560504,51.869847692503214,53.174841743978675,3
170.13134208947264,56.46811560137626,54.45109340077962,3
170.15134342289485,58.702401744434226,57.19212896753684,3
170.17134475631707,60.42567822894088,59.29054079725329,3
170.1913460897393,61.069840508978515,60.075889171748564,3
170.21134742316153,64.13338935979999,60.93600800171986,3
170.23134875658377,64.92681127322022,63.251221437320375,3
170.25135009000599,66.46040457480709,66.13359820207594,3
170.27135142342823,68.88473364208218,66.00964447316096,3
170.29135275685044,69.93937110560286,66.32662643554762,3
170.3113540902727,70.69035663248833,69.47343530265375,3
170.3313554236949,72.07749223335694,67.08844549000104,3
170.35135675711714,71.80180362233969,69.5051101378522,3
170.37135809053936,74.59520922269046,71.06289679643227,3
170.3913594239616,76.04877514041313,71.29753147067511,3
170.41136075738382,75.29097665031989,72.88413528139232,3
170.43136209080606,74.71143099541948,74.08129611790034,3
170.45136342422828,76.98726280019413,73.2389681471556,3
170.4713647576505,75.18525149457882,73.0432095425955,3
170.49136609107273,77.23692899492097,72.06407777825629,3
170.51136742449495,78.53373192511457,74.20641186595061,3
170.5313687579172,75.91703886802844,71.44426438697116,3
170.5513700913394,76.59695582840082,73.18864864314102,3
170.57137142476165,76.48975055698888,70.43188689082501,3
170.59137275818387,75.37822458676669,69.46620186224203,3
170.6113740916061,73.98610410244089,69.53111265215847,3
170.63137542502832,73.60180931573862,66.75782816181095,3
170.65137675845057,76.07569976008185,66.51021333556379,3
170.67137809187278,73.60897830431058,63.56528726174745,3
170.69137942529503,70.79562752393944,65.62766852859947,3
170.71138075871724,70.64611250045694,62.7111078624397,3
170.73138209213948,68.06797979316265,63.005285117694456,3
170.7513834255617,65.55856074827629,60.036074288167136,3
170.7713847589839,64.29823193312986,59.5147726016986,3
170.79138609240616,64.97917351006244,55.95728521507511,3
170.81138742582837,61.4908325522763,54.4694952281772,3
170.83138875925061,59.98495324180002,53.4167668261707,3
170.85139009267283,58.750369546589994,50.017771325723686,3
170.87139142609507,56.557459877419774,49.40771994102208,3
170.8913927595173,53.76590064392046,44.79336862543633,3
170.91139409293953,53.398480043045325,43.16972375367324,3
170.93139542636175,51.06838329091288,43.340142076669274,3
170.951396759784,47.717447509167215,39.36973385048435,3
170.9713980932062,44.751349734063304,38.000767629487534,3
170.99139942662845,42.15115234744895,35.214046088642654,3
171.01140076005066,39.9325554040414,32.91039594706027,3
171.0314020934729,37.59997079203267,30.3105320364763,3
171.05140342689512,36.43298267435669,28.139129230765416,3
171.07140476031734,33.69296873851296,25.877441863118896,3
171.09140609373958,31.688819158872143,24.371533482825466,3
171.1114074271618,29.288001988430086,23.395712538799724,3
171.13140876058404,28.001118713230557,20.38371016327333,3
171.15141009400625,26.60521204576792,17.89398532061762,3
171.1714114274285,25.256798530486495,16.350313366721235,3
171.1914127608507,24.07782579014463,15.517833598609233,3
171.21141409427295,20.314377007537267,13.662869073739014,3
171.23141542769517,19.493862049530723,13.183453895926379,3
171.2514167611174,16.330645861398253,10.179467785680828,3
171.27141809453963,15.548811513278219,10.784659764577322,3
171.29141942796187,13.97596149052757,6.873557175853045,3
171.31142076138408,13.77249021587012,5.729920679364304,3
171.33142209480633,10.749196476281961,5.275521228418903,3
171.35142342822854,10.060950348686557,5.236061928196493,3
171.37142476165076,12.771348390901437,3.976709600144159,3
171.391426095073,9.340926618414095,3.078554357678194,3
171.41142742849522,8.744022610544949,2.75626822865135,3
171.43142876191746,8.193677573880144,5.815613925008265,3
171.45143009533967,8.707153986066746,2.7535432824275037,3
171.47143142876192,8.948905429152346,2.2880702745823203,3
171.49143276218413,8.70519018732258,2.297065768164467,3
171.51143409560638,6.51210673820547,3.247355965024406,3
171.5314354290286,6.791233393673543,2.543887238756385,3
171.55143676245083,8.05907069019758,3.9608783416056097,3
171.57143809587305,6.927582539574049,4.098680983573235,3
171.5914394292953,8.743169827352922,4.229954363008702,3
171.6114407627175,8.728632845785263,5.179947177656361,3
171.63144209613975,10.168953438785957,7.462360250916794,3
171.65144342956197,11.018476275343152,8.414476738208021,3
171.67144476298418,10.443274312942709,10.227548220908508,3
171.69144609640642,13.11120968970336,11.399318542431336,3
171.71144742982864,14.46810977999333,10.722193024753011,3
171.73144876325088,15.765843446844393,14.083268737884854,3
171.7514500966731,18.138892073221115,15.29955714449112,3
171.77145143009534,16.64675469536142,18.64028151995089,3
171.79145276351755,20.603336024566797,18.511055419660746,3
171.8114540969398,21.656043096878157,22.3025854368937,3
171.831455430362,23.78175465155458,23.33752530070458,3
171.85145676378426,25.213655935025244,25.107200386755466,3
171.87145809720647,27.7384504369553,28.590545401951445,3
171.89145943062871,31.5741144282624,28.42199400094277,3
171.91146076405093,33.730061958734375,32.66788591837799,3
171.93146209747317,34.119991088526,33.2152475590657,3
171.9514634308954,35.91742415812301,37.180173699351656,3
171.9714647643176,37.87432845314522,37.198846039626616,3
171.99146609773985,42.152102870800164,38.99419756267431,3
172.01146743116206,43.05696543437443,41.99750655872303,3
172.0314687645843,45.94278353461914,44.784726201493676,3
172.05147009800652,48.867183713887336,45.06054359720162,3
172.07147143142876,49.17278932384386,49.68558348819503,3
172.09147276485098,48.874458962164816,51.40064459884683,3
172.11147409827322,56.02868550098595,52.468151466790545,3
172.13147543169543,57.391552205971266,54.38429104779921,3
172.15147676511768,57.58415839179137,57.88130877899264,3
172.1714780985399,58.3365660168913,57.851818176378075,3
172.19147943196214,63.239882966890335,60.628183231832715,3
172.21148076538435,63.347462463535756,61.822355073047454,3
172.2314820988066,66.01736296932516,62.60133177114025,3
172.2514834322288,65.22900879165678,64.67731590513162,3
172.27148476565102,69.09976126273386,67.367848575949,3
172.29148609907327,69.26328201565643,67.85193258195943,3
172.31148743249548,73.3360205959005,70.88165582913484,3
172.33148876591773,70.86061866748362,69.76800397319909,3
172.35149009933994,74.35328978069415,70.75199679866932,3
172.37149143276218,73.4591621059829,69.92723390747217,3
172.3914927661844,75.84314369290577,72.56350173416575,3
172.41149409960664,74.65976565890121,73.9912939713832,3
172.43149543302886,76.22102724785177,71.9854543434002,3
172.4514967664511,77.76560320412938,72.90144750294118,3
172.47149809987332,76.70686484540774,72.94801450576769,3
172.49149943329556,78.41386233305913,71.4010970245685,3
172.51150076671777,75.469632366147,72.01531299706043,3
172.53150210014002,77.0029403147844,73.36863657713607,3
172.55150343356223,76.30893638267769,70.69248513712584,3
172.57150476698445,75.87549514646932,70.24247203125593,3
172.5915061004067,74.39467301351509,69.1863271569249,3
172.6115074338289,74.67955200516657,68.16443637434074,3
172.63150876725115,74.8555753921402,67.93222245309082,3
172.65151010067336,74.215287930101,66.28918286246677,3
172.6715114340956,71.54093546415025,65.68353640491507,3
172.69151276751782,69.46048008504792,65.98336093580275,3
172.71151410094006,69.8967927151477,64.5190441671831,3
172.73151543436228,68.07116768870617,61.41616719711749,3
172.75151676778452,67.00322736418163,61.32752981621707,3
172.77151810120674,65.82928754089839,57.995162330224886,3
172.79151943462898,62.311664404450475,54.72516085584466,3
172.8115207680512,60.378747246207965,53.82829461757265,3
172.83152210147344,59.669677357074825,51.35958187942943,3
172.85152343489565,57.75853110506265,49.420800641056644,3
172.87152476831787,55.172252873108555,47.80977995296888,3
172.8915261017401,51.68885530876793,47.04254610266567,3
172.91152743516233,51.83047149828735,43.951813091631166,3
172.93152876858457,50.05110915028042,41.66994887730449,3
172.95153010200679,47.26607670912773,38.75948136009326,3
172.97153143542903,44.61989933949176,37.76683577328755,3
172.99153276885124,43.53739973239133,35.69298350850143,3
173.0115341022735,40.693391665809024,33.251250087672105,3
173.0315354356957,39.85014474468137,31.3295574330217,3
173.05153676911794,35.51753279327614,28.37817112186225,3
173.07153810254016,34.821743492773706,26.84173818253142,3
173.0915394359624,30.392661770418396,25.47195497220085,3
173.11154076938462,28.841949913819647,21.91544251617146,3
173.13154210280686,26.892413658323555,20.123001978934724,3
173.15154343622908,25.753622707826683,18.22021726404697,3
173.1715447696513,23.392329586739095,15.616437351525507,3
173.19154610307353,22.7679498585486,16.80909989598024,3
173.21154743649575,20.37631068047629,13.68836255695724,3
173.231548769918,20.52680408003814,12.237660562791708,3
173.2515501033402,17.546137393838677,11.36297577594498,3
173.27155143676245,15.18163967729949,8.238444066288459,3
173.29155277018467,15.039058229817934,8.473399089927447,3
173.3115541036069,13.179592617879841,7.044416839929622,3
173.33155543702912,9.947862300294199,5.885071523230604,3
173.35155677045137,12.039868481237164,6.465027499567668,3
173.37155810387358,10.051234550743029,4.976574891531161,3
173.39155943729583,8.92670936513619,3.2640877811927203,3
173.41156077071804,7.635145328485928,5.259804703108534,3
173.43156210414028,7.595706419389129,2.0474492042196535,3
173.4515634375625,7.912025703985888,2.6711891200050837,3
173.4715647709847,6.09929125873745,2.7082696188175315,3
173.49156610440696,8.180079001823987,3.5056104934667554,3
173.51156743782917,7.605292301846477,2.375651361342629,3
173.53156877125141,5.982232054454198,3.0453406603835163,3
173.55157010467363,8.584365350574814,3.749647646535247,3
173.57157143809587,8.595544413036999,5.644706110399624,3
173.5915727715181,7.4137697150867234,4.251397279809075,3
173.61157410494033,9.335279310484554,6.8827013649930855,3
173.63157543836255,11.887211123177208,5.503774155358966,3
173.6515767717848,10.553084894788364,8.840537394990008,3
173.671578105207,13.257182781653224,10.80948803627139,3
173.69157943862925,13.251186289502753,9.578335390807487,3
173.71158077205146,14.195483054810214,11.399636111784801,3
173.7315821054737,15.310688626865499,14.271601868326336,3
173.75158343889592,16.336803876888634,16.832431209669068,3
173.77158477231814,18.008511386226456,19.133377692418318,3
173.79158610574038,21.51323411286086,18.08185122948524,3
173.8115874391626,22.12361626192146,21.420540568807837,3
173.83158877258484,24.697762620192407,24.791516873573343,3
173.85159010600705,25.95951629740886,25.607358190941497,3
173.8715914394293,28.277187324821316,26.28074237567159,3
173.8915927728515,29.006087506980275,29.616864899391373,3
173.91159410627375,31.202504687617346,32.584191936668645,3
173.93159543969597,34.798991311834214,32.83368715723375,3
173.9515967731182,36.6063852223724,36.10966745621371,3
173.97159810654043,38.71136552077065,37.66821280436131,3
173.99159943996267,41.07959186694296,38.288907959379536,3
174.01160077338488,42.92063206893168,43.40742292458598,3
174.03160210680713,45.14051782039799,45.53526127561611,3
174.05160344022934,46.931357668500894,45.510770895344685,3
174.07160477365156,49.379561555213726,47.525944681053886,3
174.0916061070738,51.22698748834245,50.92701962214461,3
174.11160744049602,55.75320814612706,52.40034751803037,3
174.13160877391826,54.852315353843196,55.1530380047366,3
174.15161010734047,57.755182052981674,55.48058480057522,3
174.17161144076272,61.14648715586606,58.08334389531991,3
174.19161277418493,62.71972259082207,59.206770504116676,3
174.21161410760718,64.89199290647427,61.9236839574962,3
174.2316154410294,65.68166143921174,63.19934888641558,3
174.25161677445163,67.09983876276766,64.85084604165988,3
174.27161810787385,69.60156474510616,67.54880695789782,3
174.2916194412961,69.29908924081776,67.32591773260671,3
174.3116207747183,69.81712585459097,69.08804814518663,3
174.33162210814055,71.84084886953941,69.76987573303275,3
174.35162344156277,71.44631270186844,68.90922267019994,3
174.37162477498498,73.6894107012017,69.98540491490714,3
174.39162610840722,74.68459820825755,72.35306428043393,3
174.41162744182944,75.92819573395698,73.44082639679995,3
174.43162877525168,77.2694788803286,72.69782896289601,3
174.4516301086739,76.41151390058049,73.17999408920497,3
174.47163144209614,77.85730999800926,72.94159676691758,3
174.49163277551835,75.94051302342014,74.10317802260982,3
174.5116341089406,77.04862353749749,72.95959556780124,3
174.5316354423628,75.87305688488144,72.7623874776511,3
174.55163677578506,75.80496840579654,71.32172503483675,3
174.57163810920727,76.93801527971372,70.53953129878283,3
174.5916394426295,76.97384480815434,70.53139128463002,3
174.61164077605173,73.13496181094393,69.97623943744128,3
174.63164210947397,73.72942878348617,69.75289531266456,3
174.6516434428962,73.19148736599152,67.85169920639096,3
174.6716447763184,71.82969821612501,66.76398351755014,3
174.69164610974065,70.69973308198907,65.7972326517936,3
174.71164744316286,70.48609227541357,62.63872235970172,3
174.7316487765851,69.76002211454117,61.91137291598984,3
174.75165011000732,65.66398594199879,58.402704780517325,3
174.77165144342956,62.96310566786454,56.07120097250418,3
174.79165277685178,62.05820724310835,56.84071035997755,3
174.81165411027402,60.923660491330054,54.49064548300318,3
174.83165544369623,58.18288028709438,51.096677346362426,3
174.85165677711848,57.43523558644522,51.227436322966305,3
174.8716581105407,55.679809908767496,47.82270479097574,3
174.89165944396294,54.76471465325297,45.1423917372766,3
174.91166077738515,51.3879122103095,41.764423989616155,3
174.9316621108074,48.76996387331997,41.026517378793365,3
174.9516634442296,47.80775420543274,39.669818540630516,3
174.97166477765182,46.42338440278221,37.082163268726156,3
174.99166611107407,43.57777026573065,33.1075134800132,3
175.01166744449628,40.64462620013189,30.698299282689703,3
175.03166877791853,38.96371350301913,33.12462343467592,3
175.05167011134074,35.74708242634118,28.937898751488802,3
175.07167144476298,35.77814364537792,26.916090451017467,3
175.0916727781852,31.54085696308104,22.581320952295556,3
175.11167411160744,30.071194493963638,22.679622668939853,3
175.13167544502966,27.721871531458593,20.173048602695694,3
175.1516767784519,23.81401472828912,17.759245196445836,3
175.17167811187412,22.746359415528435,16.168091044780095,3
175.19167944529636,22.394084630421624,15.249622296419684,3
175.21168077871857,20.717422324480335,15.87215425024297,3
175.23168211214082,18.802994584957425,12.485598232323786,3
175.25168344556303,18.71148257774823,11.768204193435208,3
175.27168477898525,16.70936153773311,7.9075983732794155,3
175.2916861124075,13.5684326178308,6.9299587193773675,3
175.3116874458297,13.22432476040768,8.022917657757798,3
175.33168877925195,10.872739420082977,6.152622688899608,3
175.35169011267416,11.522945125649082,4.42374960644459,3
175.3716914460964,10.74018598041015,5.198024125427318,3
175.39169277951862,8.885693140386245,4.409665710393857,3
175.41169411294086,10.15023725690685,2.0714168664101837,3
175.43169544636308,8.234121864453122,4.777132542604229,3
175.45169677978532,7.388773942651703,1.1026758992199965,3
175.47169811320754,6.807537833521927,2.558903126522308,3
175.49169944662978,5.881894496193444,2.560329663987215,3
175.511700780052,7.002255188120075,2.8112314475885563,3
175.53170211347424,6.425568102330277,4.673252996829452,3
175.55170344689645,8.724944285231746,3.694102220288906,3
175.57170478031867,7.128934262978337,5.328786222416515,3
175.5917061137409,8.08381674119126,5.997256126643599,3
175.61170744716313,8.176728309432727,6.5345213716249875,3
175.63170878058537,9.267170273232903,6.306816087731877,3
175.65171011400759,13.103286621006344,8.471341083503802,3
175.67171144742983,11.835866540506805,9.964926306194041,3
175.69171278085204,16.282179425372334,11.139450590647758,3
175.7117141142743,16.080428276052423,12.59861702991771,3
175.7317154476965,16.67497500299106,14.852601588390417,3
175.75171678111874,17.334395187334707,16.72970113849696,3
175.77171811454096,18.91171990718619,16.912730745948164,3
175.7917194479632,20.835384722496258,18.702524664156574,3
175.81172078138542,21.71642156657769,20.99762204953352,3
175.83172211480766,24.168577478070205,21.96318682889535,3
175.85172344822988,26.999267758977847,25.72043283298631,3
175.8717247816521,27.607492234786633,26.538551173877824,3
175.89172611507433,30.59112397327484,29.268096203642695,3
175.91172744849655,31.20507505067076,31.95243836244963,3
175.9317287819188,33.437791810712135,33.4636258104682,3
175.951730115341,36.6526215891674,36.25242234220471,3
175.97173144876325,40.1539678375039,37.64527101695123,3
175.99173278218547,41.01145574562526,39.61976637877892,3
176.0117341156077,42.08186957599617,43.50010410992704,3
176.03173544902992,46.60021147581775,43.64987062658917,3
176.05173678245217,47.43983254165446,47.04151198822862,3
176.07173811587438,51.09422848361009,49.28576807472199,3
176.09173944929663,51.75156606717722,49.921548307463816,3
176.11174078271884,54.07065167110063,55.191160361359785,3
176.13174211614108,57.69218601621709,55.451691926590954,3
176.1517434495633,58.96373219743725,56.379085779377895,3
176.1717447829855,59.592146056533075,58.338179514761464,3
176.19174611640776,63.696266859690226,60.899293544843125,3
176.21174744982997,64.16451700813343,62.25018898496349,3
176.23174878325221,63.207133196829076,63.6876912612547,3
176.25175011667443,69.27477891996979,64.48103517922839,3
176.27175145009667,69.07672357961467,64.50898541616195,3
176.2917527835189,68.7606260563089,67.27189278667758,3
176.31175411694113,71.32884825690434,69.72369895472714,3
176.33175545036335,70.45786601639087,70.41311083204356,3
176.3517567837856,73.81918628026835,70.40781616409133,3
176.3717581172078,73.12348731559017,72.01653242983942,3
176.39175945063005,76.41658607620293,72.72463924400385,3
176.41176078405226,76.78449106603145,72.79417574058976,3
176.4317621174745,76.31714024782313,71.72647876080936,3
176.45176345089672,76.97869235313848,72.60503687226412,3
176.47176478431894,77.1732612736536,73.78395303093495,3
176.49176611774118,77.51673092564211,71.08795464109156,3
176.5117674511634,77.26165746234939,71.15406419567033,3
176.53176878458564,76.98520043054883,73.10973782599618,3
176.55177011800785,77.58664271050749,70.52839056982502,3
176.5717714514301,75.38587122750778,70.02262203540533,3
176.5917727848523,75.73773438445309,69.3584004755658,3
176.61177411827455,73.83203610603722,69.8240817086038,3
176.63177545169677,74.10315405784719,68.8853031703342,3
176.651776785119,73.05181401847304,67.87810852009052,3
176.67177811854123,72.22739629110289,64.70744924377492,3
176.69177945196347,71.02356485207164,63.91292858627905,3
176.71178078538568,70.93038902046662,63.66136500407441,3
176.73178211880793,66.57990463344058,60.805113307073825,3
176.75178345223014,65.62755594511862,61.32336352833031,3
176.77178478565236,66.22690826644794,59.11657306105421,3
176.7917861190746,62.86482843179312,54.06215461482436,3
176.81178745249682,60.73984522083124,53.88206945289773,3
176.83178878591906,58.391618177969455,53.411728568477336,3
176.85179011934127,58.612963262327405,51.12601415829351,3
176.87179145276352,54.967448691913255,48.343508654541466,3
176.89179278618573,54.19424444542728,46.017295270303194,3
176.91179411960798,54.14934301081691,45.55243186655612,3
176.9317954530302,48.63824015114193,40.9916072327206,3
176.95179678645243,48.59037248370436,40.96333846164475,3
176.97179811987465,44.51984864290608,36.6074467713553,3
176.9917994532969,43.888273575923336,36.66126107456599,3
177.0118007867191,39.707553960055826,33.228613791674775,3
177.03180212014135,39.9918975223869,31.771549055650908,3
177.05180345356356,37.629859169197495,29.2745992599722,3
177.07180478698578,34.090908493835066,27.731247876347318,3
177.09180612040802,30.28925856096927,24.35749218982855,3
177.11180745383024,32.065326642413105,21.645905125913,3
177.13180878725248,30.122961768905853,21.500745629641038,3
177.1518101206747,25.655075870897964,16.032771039004693,3
177.17181145409694,25.346826777065967,19.915674613288445,3
177.19181278751915,22.17531456809089,13.686986193891261,3
177.2118141209414,21.239988965006617,12.669027848869096,3
177.2318154543636,20.000603709397467,12.246699416822466,3
177.25181678778586,18.07667263667936,10.696016101488716,3
177.27181812120807,16.80784303971567,8.869492691417998,3
177.2918194546303,13.552494314738315,8.922320193814754,3
177.31182078805253,14.777731187169847,7.136410409019438,3
177.33182212147477,13.148443774894073,6.103587877645451,3
177.351823454897,11.281988156113819,5.465513505244733,3
177.3718247883192,9.731005042021428,3.797612897663317,3
177.39182612174145,9.079781829762785,3.593419966782534,3
177.41182745516366,7.697779342947198,3.616829987413076,3
177.4318287885859,8.875071119324774,1.7494360740760386,3
177.45183012200812,7.730408258432424,3.399512424530767,3
177.47183145543036,5.974051569038478,3.8279605778425383,3
177.49183278885258,6.16716749618236,4.467178407785858,3
177.51183412227482,7.402593578023733,2.894629849627806,3
177.53183545569703,7.3592651861348735,2.9011633110405803,3
177.55183678911928,8.803820088124258,5.935860928269968,3
177.5718381225415,7.798553434970409,3.961835980567421,3
177.59183945596374,7.839844100882267,5.462868931677776,3
177.61184078938595,10.270222338118712,5.6195097046207065,3
177.6318421228082,10.181030715580665,9.486083343404617,3
177.6518434562304,11.392182619505748,7.995613954308239,3
177.67184478965262,12.056346425226806,9.664732994640602,3
177.69184612307487,14.13477354029494,11.850681615686051,3
177.71184745649708,14.880764745733709,13.275344892617634,3
177.73184878991933,16.27705162507386,15.093652461538342,3
177.75185012334154,17.773457367090007,15.485565076182425,3
177.77185145676378,21.01681021865825,17.999071887146997,3
177.791852790186,20.615466844927184,21.01914254786503,3
177.81185412360824,20.587793451249983,21.86996800004941,3
177.83185545703046,24.236059811684463,23.664165881058043,3
177.8518567904527,26.59671412541549,25.059354719764503,3
177.87185812387492,28.488744996318143,27.961051422047394,3
177.89185945729716,31.246414330862248,30.496995874395914,3
177.91186079071937,30.701904393542875,29.45762517539822,3
177.93186212414162,36.07922146460615,34.34429072022878,3
177.95186345756383,37.77496676077788,34.605852049616196,3
177.97186479098605,39.50344887442227,38.1669210092512,3
177.9918661244083,41.11974571366769,39.198798617043494,3
178.0118674578305,43.95687807632826,42.141194601914414,3
178.03186879125275,46.5920983291964,46.2519901167526,3
178.05187012467496,45.911992274729,45.0392671144849,3
178.0718714580972,50.707473163480415,48.21637490277781,3
178.09187279151942,50.83156674552159,50.779912133125606,3
178.11187412494166,54.68750543083429,53.16597662784095,3
178.13187545836388,56.646422748544175,56.959697630571796,3
178.15187679178612,59.372088950344946,55.0943602925201,3
178.17187812520834,60.18500814383704,59.55491552502119,3
178.19187945863058,60.891044730000594,60.378169667795795,3
178.2118807920528,64.73807940441293,61.82607978209298,3
178.23188212547504,63.58280844367187,64.39366496447606,3
178.25188345889725,66.84334485168398,65.56919040886875,3
178.27188479231947,67.74129135313744,66.4264363712167,3
178.2918861257417,70.59086290516431,68.05401365007559,3
178.31188745916393,72.1667376486341,69.03013028984743,3
178.33188879258617,72.3292520126878,68.37698854053066,3
178.35189012600839,74.17933397802439,71.43458114541029,3
178.37189145943063,75.47087223425576,71.51024111898778,3
178.39189279285284,75.02569457430853,72.1909360515339,3
178.4118941262751,77.01342532606196,72.53786521852852,3
178.4318954596973,75.68851953798517,73.87071488784221,3
178.45189679311954,77.6207877201492,72.60151892088616,3
178.47189812654176,77.58048366325868,72.07030927541543,3
178.491899459964,76.29494225175375,71.9833974016173,3
178.51190079338622,77.66681752507658,70.68559514654737,3
178.53190212680846,77.3117674169009,73.18821381672488,3
178.55190346023068,74.86309733060914,71.21124900067178,3
178.5719047936529,77.97974771099373,70.72104232010533,3
178.59190612707513,75.47641740464505,70.9170818480277,3
178.61190746049735,76.59440058237358,71.16227216029853,3
178.6319087939196,74.18703121468344,68.05314828549768,3
178.6519101273418,71.97087128809454,67.9770603066759,3
178.67191146076405,70.24455198794851,63.5483533351111,3
178.69191279418627,70.3930706263506,63.90294960010322,3
178.7119141276085,71.3529277254647,62.053110476242004,3
178.73191546103072,69.16554658072236,62.37280158903568,3
178.75191679445297,66.29371241576062,59.312316412875006,3
178.77191812787518,64.46346610341097,58.91834847167072,3
178.79191946129743,61.69279950902647,56.01570915205242,3
178.81192079471964,61.32022196245856,53.440583433196124,3
178.83192212814188,59.87755965273565,51.740474304838216,3
178.8519234615641,57.68158168781527,51.77263862908429,3
178.8719247949863,55.40114895356638,46.16915468549695,3
178.89192612840856,55.33064676690743,45.94074435762902,3
178.91192746183077,50.66451593872844,44.38891968798876,3
178.93192879525301,50.32829077478931,42.73374510908379,3
178.95193012867523,48.06484984346525,41.085341692639254,3
178.97193146209747,47.14163955589624,36.0306128895511,3
178.9919327955197,42.66949869452145,33.05166869025902,3
179.01193412894193,41.060683819576816,32.85395751528697,3
179.03193546236415,39.126336170309656,30.068859163823674,3
179.0519367957864,37.21694580315436,29.299450049058457,3
179.0719381292086,32.4967015086115,27.441486632949108,3
179.09193946263085,32.27923085030091,24.652378477248238,3
179.11194079605306,29.98021435246329,22.884839070258742,3
179.1319421294753,28.470836279315797,20.865932580692927,3
179.15194346289752,26.57092628654296,18.89217424020704,3
179.17194479631974,24.49469783476583,16.88209067724135,3
179.19194612974198,21.94085770078249,14.680187781233586,3
179.2119474631642,21.468570726914834,13.926151757242312,3
179.23194879658644,17.99534299168282,12.402036445370591,3
179.25195013000865,17.857359754540607,9.812454628339037,3
179.2719514634309,15.25848903300118,9.028556477834103,3
179.2919527968531,14.242407413195489,6.28268487985761,3
179.31195413027535,12.266644345039234,7.941258644739128,3
179.33195546369757,13.17235356401208,7.238433455756469,3
179.3519567971198,8.156761916359619,5.465745388363713,3
179.37195813054203,8.56823509011304,2.332642118136955,3
179.39195946396427,8.396648095707182,3.840327568005147,3
179.41196079738648,9.30642352472178,4.9696688113334595,3
179.43196213080873,7.50877797860568,2.4303579633380847,3
179.45196346423094,9.249976606873096,3.378998145910544,3
179.47196479765316,6.718021058858571,3.462350630072099,3
179.4919661310754,4.903226058549299,3.789270087418716,3
179.51196746449762,7.956858140160813,2.6608775506730424,3
179.53196879791986,5.440352033135046,2.8230008670151037,3
179.55197013134207,7.6001327349682475,4.702184247773252,3
179.57197146476432,9.90316262140486,4.793857539142502,3
179.59197279818653,6.436308170478684,5.123987791305398,3
179.61197413160878,8.259447581998346,5.111561237155012,3
179.631975465031,8.663740809514854,5.591005570944117,3
179.65197679845323,10.000855564983985,8.784401563960921,3
179.67197813187545,12.890188769490155,10.278672586918262,3
179.6919794652977,14.070492109989562,10.228280427064433,3
179.7119807987199,13.167046559774201,12.256028558034917,3
179.73198213214215,15.253291106010737,13.62722177789648,3
179.75198346556436,18.855128840170153,15.339786416089233,3
179.77198479898658,19.536636053222196,16.79601085133967,3
179.79198613240882,22.33851170996633,18.293933071850606,3
179.81198746583104,22.746771094020986,20.49183349169123,3
179.83198879925328,25.205649051552562,22.13226179249163,3
179.8519901326755,28.115757165875742,26.103252078054574,3
179.87199146609774,28.0281305028236,27.863658954055712,3
179.89199279951995,29.647920512094327,28.61777724978438,3
179.9119941329422,33.156036836930625,30.581420562820796,3
179.9319954663644,34.39407676882882,34.59676790226095,3
179.95199679978666,36.01460401123058,37.12470824138722,3
179.97199813320887,39.66138556096436,38.94029651606078,3
179.9919994666311,40.81121206606412,40.53693430848864,3
180.01200080005333,44.013935886910524,43.22781367780394,3
180.03200213347557,46.148838976553186,44.98899910499909,3
180.0520034668978,48.755092587255234,45.337334100573045,3
180.07200480032,50.26776177845397,49.51702843159253,3
180.09200613374225,49.61480206533499,51.26654933246072,3
180.11200746716446,54.32799626108573,54.4874566397129,3
180.1320088005867,56.24715988185144,55.769917860857475,3
180.15201013400892,58.38635499255387,57.90733618457995,3
180.17201146743116,59.80496393532325,58.8860296523815,3
180.19201280085338,61.78139986521415,61.35185295812695,3
180.21201413427562,64.4851382779127,60.94516138033465,3
180.23201546769783,65.39607153619353,63.80096383219116,3
180.25201680112008,66.45806326480894,64.85300507586184,3
180.2720181345423,69.54748231458518,66.81501934968199,3
180.29201946796454,69.71838473053796,68.54184917617938,3
180.31202080138675,70.84590903720513,68.92564710540705,3
180.332022134809,72.09978924370962,69.39917033348306,3
180.3520234682312,73.22401756053361,69.06574819822693,3
180.37202480165342,75.95822419369034,70.73813019569883,3
180.39202613507567,74.54927264530286,72.56697037211994,3
180.41202746849788,75.92768919747955,71.67892733230927,3
180.43202880192013,75.89717740121053,72.81455608044664,3
180.45203013534234,76.62460258499497,73.53344365588458,3
180.47203146876458,77.77251764665719,70.93613024442394,3
180.4920328021868,76.90468186584387,74.18030548149275,3
180.51203413560904,78.03928455183369,72.9752405584842,3
180.53203546903126,76.18965865745433,71.28651889837562,3
180.5520368024535,77.25265265451769,72.1100272612347,3
180.57203813587572,77.61018757571995,69.99937752109061,3
180.59203946929796,75.68243328216303,70.44667197917646,3
180.61204080272017,74.06248003419522,69.35538828134763,3
180.63204213614242,74.46537945505357,68.26043798525372,3
180.65204346956463,71.52157802702447,66.04117213042757,3
180.67204480298685,72.46562537226862,64.56326990927384,3
180.6920461364091,70.10349472841453,64.22384568847207,3
180.7120474698313,68.1251783718685,60.96707040767118,3
180.73204880325355,69.04820492924026,63.206360124245904,3
180.75205013667576,68.69558939451974,60.819709702622646,3
180.772051470098,65.25062942578124,58.5702095600607,3
180.79205280352022,63.44241399501084,53.95957961613587,3
180.81205413694246,63.32543677440866,55.498860238899034,3
180.83205547036468,58.16527910345093,52.606716062511815,3
180.85205680378692,59.427243076349,51.86632713598381,3
180.87205813720914,55.03451408614398,48.85792392272446,3
180.89205947063138,53.749257755294984,45.37851809545621,3
180.9120608040536,53.05511714225493,44.36188127446036,3
180.93206213747584,49.5365202409049,39.389426932242515,3
180.95206347089805,46.09503857107946,39.13783312794717,3
180.97206480432027,44.84066869686436,36.63206375984686,3
180.9920661377425,42.59426998946165,36.24220074490843,3
181.01206747116473,41.152371202352434,32.03087343824302,3
181.03206880458697,38.73898070046796,31.64251243774511,3
181.05207013800919,36.04634998331203,28.341720719303204,3
181.07207147143143,33.76833558992708,26.221914499419757,3
181.09207280485364,31.50925900812249,24.34227730369029,3
181.1120741382759,29.796796993887767,22.059114448494412,3
181.1320754716981,27.474824964196824,19.26892606729268,3
181.15207680512034,25.95713771961647,20.286433609726117,3
181.17207813854256,22.87991944960502,16.98581139620283,3
181.1920794719648,21.8840091110259,15.401618512828563,3
181.21208080538702,19.401267523131555,13.089252510647903,3
181.23208213880926,19.220592572891032,13.675507152912466,3
181.25208347223148,19.09304929487245,10.835468204772713,3
181.2720848056537,17.125152787230054,8.338468606106533,3
181.29208613907593,15.025723578540468,6.712061649502179,3
181.31208747249815,14.620110719020234,7.184001961259898,3
181.3320888059204,10.82626757343538,7.713051617955001,3
181.3520901393426,9.776413851943087,6.227761316172424,3
181.37209147276485,9.144719519143646,5.136155483502077,3
181.39209280618707,9.261181938552008,3.6358583954947625,3
181.4120941396093,7.818500343885813,3.2610955181321626,3
181.43209547303152,6.3489180540848125,3.191319536771851,3
181.45209680645377,6.31243176498499,2.6314436661235336,3
181.47209813987598,8.311200600944273,2.9310636454950267,3
181.49209947329823,7.731158298998785,4.179465321535944,3
181.51210080672044,4.573136277313942,4.1859033526024625,3
181.53210214014268,7.0465485712978895,3.1103429443233557,3
181.5521034735649,7.886477425258701,4.011355866018352,3
181.5721048069871,9.082828230390131,5.813647302635961,3
181.59210614040936,7.667252816839185,4.676890055212006,3
181.61210747383157,9.431631517488839,8.240440049072156,3
181.63210880725381,9.948682616691276,7.749776928508268,3
181.65211014067603,11.961149475345442,9.444552763478079,3
181.67211147409827,13.436684035134428,8.42274842073585,3
181.6921128075205,13.017788591952835,12.46331600873146,3
181.71211414094273,13.79701398668746,13.4591851020774,3
181.73211547436495,16.963853053463865,13.262849692250441,3
181.7521168077872,16.301818753704353,15.877708157644216,3
181.7721181412094,19.916517296836314,16.517820960737158,3
181.79211947463165,20.130740834948725,18.78805554950381,3
181.81212080805386,24.25575562051596,21.09398039306519,3
181.8321221414761,24.276784181374584,22.415784190221032,3
181.85212347489832,25.317337520563807,25.231669088322782,3
181.87212480832054,28.54744207225442,28.731235813971246,3
181.89212614174278,29.89705088914563,29.401114985917335,3
181.912127475165,32.245020511184094,34.67612533361874,3
181.93212880858724,33.370634489990024,33.05441388631213,3
181.95213014200945,36.4647700793047,36.26367729693135,3
181.9721314754317,38.75354591188171,37.9336680214879,3
181.9921328088539,40.60683140380139,39.69794928081689,3
182.01213414227615,42.75486273903509,43.23365151917933,3
182.03213547569837,45.713107462622816,46.53993257880457,3
182.0521368091206,46.83843924393529,44.50214553824012,3
182.07213814254283,50.01592412695442,48.94680516387999,3
182.09213947596507,50.84166532391599,51.366990977568506,3
182.11214080938728,52.64151616348228,52.11113239451843,3
182.13214214280953,55.27980444809028,54.23803015064554,3
182.15214347623174,58.50096623565291,57.962208819295796,3
182.17214480965396,58.40550046024926,59.722323064628235,3
182.1921461430762,62.39845444339929,59.18851760681875,3
182.21214747649842,62.373206410856696,62.66210539466706,3
182.23214880992066,66.76246318956056,64.67933553541623,3
182.25215014334287,66.91881869705858,67.11930326630795,3
182.27215147676512,69.37723135027481,66.03813082063566,3
182.29215281018733,72.17904117881542,66.23174678235856,3
182.31215414360958,69.29507742772587,68.73500812954032,3
182.3321554770318,73.14061693849091,69.93955415725253,3
182.35215681045403,73.95417601521055,70.23106171425137,3
182.37215814387625,73.53583321052865,73.35131824982957,3
182.3921594772985,76.9284507289441,70.9774784951214,3
182.4121608107207,77.41662691328598,71.88676936395251,3
182.43216214414295,76.4634745595733,72.45139167901368,3
182.45216347756516,77.0147261987297,73.96022905931011,3
182.47216481098738,76.33664387436845,73.5046695992466,3
182.49216614440962,76.09160322842928,71.34748186940914,3
182.51216747783184,75.75944559880263,72.72995698983895,3
182.53216881125408,76.07197505456078,69.66106351431918,3
182.5521701446763,75.92232288537508,73.06327977817703,3
182.57217147809854,74.90975600042519,71.36654324846242,3
182.59217281152075,75.6051672641156,70.38839534505956,3
182.612174144943,75.01050786273659,69.03074770520122,3
182.6321754783652,74.36442453516439,66.67388588792814,3
182.65217681178746,71.41081096316516,67.59355094155443,3
182.67217814520967,72.46994114291167,64.51952685387099,3
182.6921794786319,71.75815238794698,63.07398425938543,3
182.71218081205413,69.46162696922492,62.344298074715475,3
182.73218214547637,67.07888550891538,61.51357670391725,3
182.7521834788986,65.54895941691164,60.01871563745972,3
182.7721848123208,66.54672531518942,58.00000497823864,3
182.79218614574305,62.93595630299041,56.448241574092485,3
182.81218747916526,63.54752317131055,53.49397692698017,3
182.8321888125875,61.273785006116356,51.703365427429375,3
182.85219014600972,58.396424298232006,48.83738271888237,3
182.87219147943196,56.07321491780684,49.17103295127603,3
182.89219281285418,53.33323671539343,47.14412333928371,3
182.91219414627642,52.25087273464216,44.525713358624884,3
182.93219547969863,48.89157662195547,41.70134477435732,3
182.95219681312088,48.96935598305765,39.29207688341573,3
182.9721981465431,45.449164442409376,37.928193674334715,3
182.99219947996534,42.027664933248786,36.960868241357566,3
183.01220081338755,39.0322178311411,32.55341122723974,3
183.0322021468098,37.7887060395114,31.67033704210413,3
183.052203480232,34.86906931735297,27.762065532672846,3
183.07220481365422,31.728071120773958,29.11301227227695,3
183.09220614707647,32.64222909439263,22.298930778351405,3
183.11220748049868,30.020182856979822,23.736343990953568,3
183.13220881392093,27.328525630323327,20.752037305801963,3
183.15221014734314,24.99916835532305,18.36810317474985,3
183.17221148076538,22.168524705673686,17.70764266537854,3
183.1922128141876,20.845592858545096,14.00350345221433,3
183.21221414760984,20.931181394417937,12.206578817490325,3
183.23221548103206,18.038669882713883,11.546980253979607,3
183.2522168144543,18.666124382472738,11.171702725727389,3
183.27221814787652,16.055621847534816,8.702393493839374,3
183.29221948129876,14.186479434117686,9.310237671916571,3
183.31222081472097,13.79612954006198,8.129619830030329,3
183.33222214814322,10.032572486174153,5.729464383151175,3
183.35222348156543,12.838754296758436,5.012085882520765,3
183.37222481498765,8.709620641951224,5.356832245334338,3
183.3922261484099,8.407717240126155,3.1129725000960193,3
183.4122274818321,9.790585439801482,0.8822664410385035,3
183.43222881525435,8.250234172509408,3.649005793907821,3
183.45223014867656,7.194556507350686,2.519892400400108,3
183.4722314820988,7.115289049181098,3.4495834926245155,3
183.49223281552102,6.96010984594596,1.319469745715089,3
183.51223414894326,5.445955554998754,4.497882479845525,3
183.53223548236548,7.68884658613637,2.949382959420891,3
183.55223681578772,6.5584622859642705,4.3460955813869955,3
183.57223814920994,9.143322403327831,4.562912660638141,3
183.59223948263218,8.946782888741604,6.6213580665737775,3
183.6122408160544,10.83875235306361,6.052073849092901,3
183.63224214947664,8.820074161824474,6.163760003209729,3
183.65224348289885,10.859828340915241,7.584155731708584,3
183.67224481632107,12.127538068636287,9.982360576009421,3
183.6922461497433,12.179484930225186,12.923324598259844,3
183.71224748316553,14.04592400958462,12.249132020098592,3
183.73224881658777,17.2423494835369,13.789076291727277,3
183.75225015000998,18.48224944480842,16.34116041175309,3
183.77225148343223,19.07737367291967,14.966168284607267,3
183.79225281685444,19.83046028154759,19.735443584585994,3
183.8122541502767,22.959600339583208,22.00501668463934,3
183.8322554836989,22.57497684156106,21.300574876672126,3
183.85225681712114,26.767853849838744,24.847115826064265,3
183.87225815054336,27.479917774417082,27.629222082841093,3
183.8922594839656,31.040921535092725,28.049568516704923,3
183.91226081738782,35.15293721419569,30.677753252309884,3
183.93226215081006,36.624204911510276,34.30407893798935,3
183.95226348423228,35.54490001292415,38.18709758734117,3
183.9722648176545,37.379035793627935,38.88904605319691,3
183.99226615107673,41.26677828926265,41.85208016752443,3
184.01226748449895,44.0280812842312,44.976389407656015,3
184.0322688179212,45.92127781197057,45.72230391054857,3
184.0522701513434,46.5661772808144,45.25126792199889,3
184.07227148476565,49.11971212810625,48.56966554902489,3
184.09227281818787,51.6610220191981,48.533639017406976,3
184.1122741516101,53.62107777102907,54.417569982786006,3
184.13227548503232,56.23693638864902,55.65227306960698,3
184.15227681845457,59.7726004056638,56.526295915226385,3
184.17227815187678,60.36274744371128,57.25041139487809,3
184.19227948529903,61.955320612005806,59.95494321343113,3
184.21228081872124,64.29422038029647,62.545054250227075,3
184.23228215214348,65.6982928841557,65.16313661566218,3
184.2522834855657,67.88663613530966,65.25695964300787,3
184.2722848189879,70.97784647279613,66.11619206692733,3
184.29228615241016,69.72946866614433,68.51915151306855,3
184.31228748583237,72.36709006413545,68.02296967000271,3
184.33228881925461,71.66190321259846,68.47989515656712,3
184.35229015267683,72.9420656736819,68.92674579902645,3
184.37229148609907,74.16355914506545,71.00082511757786,3
184.3922928195213,75.8028269543101,71.2910771018612,3
184.41229415294353,76.91798339595564,71.07824765434722,3
184.43229548636575,76.29141882171605,74.0787203820199,3
184.452296819788,76.98199278902545,72.56898070805188,3
184.4722981532102,77.29167205558873,73.1367480401906,3
184.49229948663245,78.33333314963818,73.75744617102819,3
184.51230082005466,78.42455233266661,71.03780021313793,3
184.5323021534769,77.27091389368924,70.8966444716036,3
184.55230348689912,75.48287696383906,70.82504576036096,3
184.57230482032134,76.39666873787581,72.45179693621736,3
184.59230615374358,75.39705150785802,70.03489296729916,3
184.6123074871658,74.15262199795025,69.20079600280731,3
184.63230882058804,74.38579465297578,67.54914395601003,3
184.65231015401025,73.76092736459917,66.84757785191165,3
184.6723114874325,71.08838796061822,66.8159550148537,3
184.6923128208547,69.59066123096977,64.48274611565398,3
184.71231415427695,68.8905192065276,62.5409956864126,3
184.73231548769917,69.06760878214696,61.086093482825696,3
184.7523168211214,65.00033085311331,60.50988137870381,3
184.77231815454363,64.14456200324811,57.018346656441615,3
184.79231948796587,62.48449791832373,56.21403153433557,3
184.81232082138808,62.057811928043115,54.60522899458171,3
184.83232215481033,57.606519159099705,54.29706214228813,3
184.85232348823254,57.61089952552632,48.85217282487338,3
184.87232482165476,56.23337025353745,48.672585424685295,3
184.892326155077,52.71578805521037,45.28809067353615,3
184.91232748849922,52.257555664098625,44.732896181165536,3
184.93232882192146,49.29865437330226,42.880640328030104,3
184.95233015534367,47.524656232460586,38.93090330963384,3
184.97233148876592,45.489429954380775,37.330767511598204,3
184.99233282218813,42.74574776090143,35.2957515261088,3
185.01233415561038,41.349610858899084,32.335059690496585,3
185.0323354890326,39.315487645514395,30.954466924402084,3
185.05233682245483,36.332046692729385,27.24655670709097,3
185.07233815587705,33.85646172135775,25.71950595892568,3
185.0923394892993,32.9154270953491,24.155789770260697,3
185.1123408227215,30.465808909111626,20.976384828970502,3
185.13234215614375,28.295091355997958,21.123207860898358,3
185.15234348956596,26.348481942931688,17.197337836739642,3
185.17234482298818,21.647214614254104,17.355443596503218,3
185.19234615641042,21.54663325146664,15.050412773580575,3
185.21234748983264,21.357239936150755,12.833428515608068,3
185.23234882325488,17.146759689467338,11.693385951004148,3
185.2523501566771,14.628711841932402,9.212788467657022,3
185.27235149009934,14.46648295101127,8.718208797072192,3
185.29235282352155,13.386284646540108,8.816200729217567,3
185.3123541569438,12.774715053190935,5.98717563233121,3
185.332355490366,12.76596309870153,6.041049176801338,3
185.35235682378826,11.304249380657716,4.631254263655793,3
185.37235815721047,10.165079544296061,4.106232898049561,3
185.3923594906327,6.929586654128443,2.8960541724519238,3
185.41236082405493,10.619467609648467,5.356564857625884,3
185.43236215747717,8.946299882916126,4.299754374724725,3
185.4523634908994,5.739142472091724,1.5106337229532991,3
185.4723648243216,7.144208507662937,1.6053762875333346,3
185.49236615774385,6.614022479801663,2.7587938328811017,3
185.51236749116606,7.501264615808415,2.2013229425277663,3
185.5323688245883,7.345621860191294,3.1658275470638393,3
185.55237015801052,8.659132144592533,3.461215386987567,3
185.57237149143276,7.528990240418531,3.828977646273158,3
185.59237282485498,8.268752561158507,4.216751534129493,3
185.61237415827722,9.092213506203466,6.213742906696018,3
185.63237549169943,11.366754095765161,6.325250346496006,3
185.65237682512168,11.300052326331794,6.414135446705496,3
185.6723781585439,10.833881710029011,10.754413979307428,3
185.69237949196614,12.649995638016968,10.545253489614225,3
185.71238082538835,12.934741110497674,11.888718388647582,3
185.7323821588106,18.727470231231216,14.665094843620773,3
185.7523834922328,17.405107648709677,14.64502679029989,3
185.77238482565502,19.27324099228248,16.84679036284698,3
185.79238615907727,20.138986215196898,18.471485075551122,3
185.81238749249948,22.274044002723393,20.69907551375745,3
185.83238882592173,23.67828146531291,23.00813083779825,3
185.85239015934394,27.253461742664317,24.21832344473044,3
185.87239149276618,28.208837274625722,28.451071568996735,3
185.8923928261884,31.04268534985646,29.733015821781425,3
185.91239415961064,33.43191422477208,30.445577557536073,3
185.93239549303286,32.39183980921605,32.26726408555896,3
185.9523968264551,37.06320128858254,36.73506987381157,3
185.97239815987732,39.432200764029716,38.9327619518498,3
185.99239949329956,41.656527649533004,38.55336329370368,3
186.01240082672177,42.67188828917043,43.11459324152861,3
186.03240216014402,45.26486863263681,45.98675258316212,3
186.05240349356623,47.11711318188145,46.89136235700785,3
186.07240482698845,52.203036657388665,51.30435970512747,3
186.0924061604107,51.753844517558036,51.122643959766066,3
186.1124074938329,52.24602978138834,54.12479212979337,3
186.13240882725515,56.035757595570324,56.190393305745104,3
186.15241016067736,59.30059813092645,57.984991347393446,3
186.1724114940996,60.71930048220607,60.429749767676235,3
186.19241282752182,62.66401110623801,62.35931969052746,3
186.21241416094406,64.10780959635011,62.187120594273175,3
186.23241549436628,65.25722957328902,64.1323103222433,3
186.25241682778852,66.88349342473433,64.533103868095,3
186.27241816121074,68.52310298749408,67.69057285905049,3
186.29241949463298,69.89099596907351,67.21043934747433,3
186.3124208280552,70.99599512380158,68.34191592549874,3
186.33242216147744,72.2677213834729,70.43620221487672,3
186.35242349489965,75.27815767571647,70.72926234866733,3
186.37242482832187,74.42404911574457,72.69983113509501,3
186.3924261617441,74.74552527012483,71.73002805618928,3
186.41242749516633,76.74661152384094,73.1587597495238,3
186.43242882858857,75.70355066533493,71.57973418506747,3
186.45243016201078,77.0048949557934,72.93459193857434,3
186.47243149543303,76.8121461301185,72.70953973637879,3
186.49243282885524,77.62798317531967,74.71724588226513,3
186.5124341622775,77.43017116305496,74.32754732121055,3
186.5324354956997,77.44048087344443,71.11256609960813,3
186.55243682912194,76.12171810423204,70.21154044986096,3
186.57243816254416,74.35677757204132,71.65229128482827,3
186.5924394959664,74.96088479834394,70.26871070891471,3
186.61244082938862,73.22081510087003,68.94741694146433,3
186.63244216281086,72.77799220999705,69.00833050960526,3
186.65244349623308,71.84144299559256,68.20793199026681,3
186.6724448296553,71.42422434052142,65.27347529206487,3
186.69244616307753,71.28634530075534,65.53316731101887,3
186.71244749649975,70.21828860662248,64.52933662282737,3
186.732448829922,65.49711502458685,61.91939520251581,3
186.7524501633442,68.58405712450113,59.56003365096819,3
186.77245149676645,64.59760077579674,58.718537463432824,3
186.79245283018867,63.1201956872958,56.34446976123187,3
186.8124541636109,61.57793186479263,55.05779713519687,3
186.83245549703312,59.81259641611778,52.30524319693905,3
186.85245683045537,60.52802345418077,48.877424464717436,3
186.87245816387758,54.084061981215626,46.34392956142432,3
186.89245949729982,53.09934928204836,44.83305411133672,3
186.91246083072204,50.82694423476359,42.482689087941935,3
186.93246216414428,49.306931877676845,41.41132414928511,3
186.9524634975665,48.514253029613315,40.61279952607297,3
186.9724648309887,44.937007878494384,37.44280334292922,3
186.99246616441096,43.166966845798605,35.15883646960714,3
187.01246749783317,39.89154374866954,34.31958901566248,3
187.03246883125541,40.360737634817205,33.84707764535911,3
187.05247016467763,36.666401439446766,28.67692034932852,3
187.07247149809987,33.10345257818762,25.95820628725403,3
187.0924728315221,32.88643727342788,23.569772904006904,3
187.11247416494433,29.81159685239249,22.145944037506347,3
187.13247549836655,27.148332292543362,19.64469501594556,3
187.1524768317888,26.159608450972875,19.434052098165534,3
187.172478165211,24.28706073024484,15.046881219375855,3
187.19247949863325,21.234374327394576,15.302998234601494,3
187.21248083205546,20.359699229101583,14.744076575237782,3
187.2324821654777,18.631032333468927,12.43665207838524,3
187.25248349889992,15.979680977624097,11.830415450626633,3
187.27248483232214,14.621373100541987,8.444176706574414,3
187.29248616574438,15.140263033573444,7.650455831654048,3
187.3124874991666,11.42783781252933,8.100274414842795,3
187.33248883258884,11.733694129560197,4.526473631451919,3
187.35249016601105,11.677261925643366,6.375455419462654,3
187.3724914994333,8.999589853458652,3.223611170847301,3
187.3924928328555,8.221565449107633,3.530278518727375,3
187.41249416627775,10.095461139279006,3.415719203891854,3
187.43249549969997,5.855994450569333,2.395805962258637,3
187.4524968331222,6.637142485490394,2.7419614269879062,3
187.47249816654443,6.8702157978460505,3.810321947215794,3
187.49249949996667,6.467095618633131,3.111849908464293,3
187.51250083338888,8.607928437944777,2.991195753437669,3
187.53250216681113,7.28104737518896,1.3671848437846355,3
187.55250350023334,7.049667777940508,6.128372795143298,3
187.57250483365556,9.003546547523435,4.849995861263373,3
187.5925061670778,8.742664646531914,4.215596431061416,3
187.61250750050002,9.429119960227107,6.855555769747591,3
187.63250883392226,9.981889900885779,6.541134076642437,3
187.65251016734447,10.656414361138781,8.619137560592783,3
187.67251150076672,12.796979324926719,9.77950067044072,3
187.69251283418893,14.797511892806964,10.87220712911944,3
187.71251416761118,15.602253421237773,13.379893069613209,3
187.7325155010334,14.18903803536906,16.535433483752975,3
187.75251683445563,16.256777161528113,15.733135308052143,3
187.77251816787785,19.613261669959165,17.35747936090257,3
187.7925195013001,20.209267268563018,20.294259433561113,3
187.8125208347223,21.073119696913686,18.98183521523849,3
187.83252216814455,24.436808114450347,23.009841882688296,3
187.85252350156676,25.75052795779842,25.500318352892798,3
187.87252483498898,27.3663029677539,26.9470128803846,3
187.89252616841122,31.492680591846927,29.433095551192757,3
187.91252750183344,32.28021273881622,31.009572682749738,3
187.93252883525568,35.35054887539354,35.47238135669949,3
187.9525301686779,37.04426182372985,36.08789790128148,3
187.97253150210014,37.746158073303,37.961937426572476,3
187.99253283552235,41.80250899913892,40.21677822324723,3
188.0125341689446,44.16839167072196,44.577120589606174,3
188.0325355023668,45.1324871711457,45.03291247169687,3
188.05253683578906,46.61652948660508,47.78240920931792,3
188.07253816921127,49.238016701475026,48.50154774320682,3
188.0925395026335,53.74263823655886,50.058808177793644,3
188.11254083605573,54.31324804991054,53.27782253949256,3
188.13254216947797,56.111603823945806,54.883845829902164,3
188.1525435029002,59.2912968642432,57.90441764786144,3
188.1725448363224,58.54005683533613,59.9795340256135,3
188.19254616974465,62.56876419670753,60.59657590798109,3
188.21254750316686,63.765329161076316,60.79099498045308,3
188.2325488365891,63.41876796720767,61.83292652741812,3
188.25255017001132,67.31271359709135,64.08707250396313,3
188.27255150343356,67.24256268827173,68.29237496389996,3
188.29255283685578,70.39066084969893,69.57324994076481,3
188.31255417027802,71.88402239081002,68.84044497121818,3
188.33255550370023,71.72295536307945,71.11467735300411,3
188.35255683712248,74.06709604245553,71.91010135750983,3
188.3725581705447,75.71994591836703,70.90257946160864,3
188.39255950396694,75.44774857129812,71.44956474095191,3
188.41256083738915,75.93433632041268,73.61605168006759,3
188.4325621708114,77.86874465985761,73.36741687177455,3
188.4525635042336,75.42619114329685,71.08043826807176,3
188.47256483765582,75.66162684934943,72.90157565686455,3
188.49256617107807,77.15850872896476,71.48504722398377,3
188.51256750450028,78.0929582111999,71.86560928923659,3
188.53256883792253,76.41392748543721,72.03814216006175,3
188.55257017134474,75.78979987001324,70.72030722982531,3
188.57257150476698,77.76951268070995,70.2078028302182,3
188.5925728381892,74.0561838783605,70.63658731155769,3
188.61257417161144,74.1743325476625,69.77599468680233,3
188.63257550503366,74.19590914980083,67.77175173803843,3
188.6525768384559,72.51833740535264,68.04697439996589,3
188.67257817187811,72.30025020206756,65.85717044252654,3
188.69257950530036,70.4707587101675,61.90790393797017,3
188.71258083872257,69.46935703997703,63.01042444956222,3
188.73258217214482,68.67357321339854,59.564815085821145,3
188.75258350556703,67.20179993939985,59.607729516980996,3
188.77258483898925,65.77608111631048,58.37038553920203,3
188.7925861724115,61.67743355688951,54.608742083890036,3
188.8125875058337,63.58281700017167,54.85566541612047,3
188.83258883925595,59.2429599835471,53.44312165269933,3
188.85259017267816,57.49124090937063,49.47501324036694,3
188.8725915061004,55.80119995830285,49.06656251797122,3
188.89259283952262,54.766444281112996,45.87173146447571,3
188.91259417294486,51.25811420556013,43.28893136761703,3
188.93259550636708,48.612468108359785,41.98480673766579,3
188.95259683978932,46.47929510421971,39.316859604731434,3
188.97259817321154,46.31071316398495,37.368370645556546,3
188.99259950663378,43.46180624581291,35.564629262904205,3
189.012600840056,42.178352358249924,33.62543328809916,3
189.03260217347824,38.446475056219406,28.756468364409514,3
189.05260350690045,37.470376345285175,29.61628301361207,3
189.07260484032267,33.64010133295962,25.01399807121986,3
189.0926061737449,30.909048181225,23.947268768245532,3
189.11260750716713,29.546588968250717,22.08110455442423,3
189.13260884058937,27.87862155795332,19.161379370234965,3
189.15261017401158,27.279329934237857,18.83007417908187,3
189.17261150743383,25.168703272207043,16.012823519697523,3
189.19261284085604,23.030300941814406,16.041244929644428,3
189.2126141742783,19.52440634558389,13.055145612601466,3
189.2326155077005,18.902657944161607,11.486891705530622,3
189.25261684112274,16.53392245751928,9.761961910287102,3
189.27261817454496,13.566258513757472,10.431725817952284,3
189.2926195079672,15.079874562208456,7.658824906001717,3
189.31262084138942,13.292646189224083,7.22352297080666,3
189.33262217481166,11.61346981356568,6.7972316296539255,3
189.35262350823388,11.053681024489832,3.9284440248442305,3
189.3726248416561,10.577894168371923,4.1089122463542305,3
189.39262617507833,8.137331922291285,2.2057480581303386,3
189.41262750850055,6.996938191720094,3.7504545184034224,3
189.4326288419228,8.908620272239753,2.926674507687457,3
189.452630175345,6.522917960788771,2.3822756675269274,3
189.47263150876725,6.696400187664871,2.8752464065624324,3
189.49263284218947,6.762172457621704,1.7022093723645393,3
189.5126341756117,6.783978921133849,3.8476332311170016,3
189.53263550903392,6.886150785887593,3.9102803907707786,3
189.55263684245617,7.1893642790134455,4.22431363261104,3
189.57263817587838,8.629019668813925,4.227686698952602,3
189.59263950930062,9.180181230602276,6.190033334210057,3
189.61264084272284,9.415109521907416,6.100146965859929,3
189.63264217614508,9.889421502080463,7.687795137984445,3
189.6526435095673,12.606829443916364,7.824873860064013,3
189.6726448429895,14.228962095929466,8.127622119923265,3
189.69264617641176,11.856369639456938,10.038682752709155,3
189.71264750983397,15.66802539507786,11.617438393455933,3
189.73264884325621,15.505044282088527,12.281534766358682,3
189.75265017667843,16.977148060952413,14.833730692314585,3
189.77265151010067,18.617433458394338,17.38127014054119,3
189.7926528435229,19.646800827234653,20.20320528213674,3
189.81265417694513,23.828086831781384,21.402172736638065,3
189.83265551036735,24.67825231122215,22.969571595764958,3
189.8526568437896,25.19382724831753,25.847432032311335,3
189.8726581772118,28.73130195855237,28.23721185467826,3
189.89265951063405,31.202797872645124,28.560683098419307,3
189.91266084405626,32.49777674073038,30.65261240838976,3
189.9326621774785,33.90021141263417,32.45546174023626,3
189.95266351090072,36.847860994718275,35.01831544056691,3
189.97266484432294,39.474192512227255,40.839725655081175,3
189.99266617774518,42.72819702308213,40.45316360458676,3
190.0126675111674,42.70481986661535,43.36093178831906,3
190.03266884458964,44.75880262121771,42.93471970047646,3
190.05267017801185,47.63910489127102,47.20606049952274,3
190.0726715114341,51.0490612993773,49.00476343529837,3
190.0926728448563,51.84154187923714,51.93051169853359,3
190.11267417827855,54.16964694992731,52.367769076196595,3
190.13267551170077,56.93107559476272,55.82473305345655,3
190.152676845123,58.43597901736075,56.72374588865367,3
190.17267817854523,60.45017477544288,60.59449684810025,3
190.19267951196747,61.99529288025113,59.31268126887185,3
190.21268084538968,62.94838859351529,61.01413870135003,3
190.23268217881193,64.40725603423664,63.02619993191888,3
190.25268351223414,66.30899170360478,64.89977953390229,3
190.27268484565636,68.29524602215578,64.75789504452132,3
190.2926861790786,70.05391081287361,68.34413179831738,3
190.31268751250082,71.85281357064221,68.88866500632918,3
190.33268884592306,72.83907039508401,70.534303944964,3
190.35269017934527,73.59137868167517,71.08052739770787,3
190.37269151276752,74.58577999590209,72.20676584221523,3
190.39269284618973,74.72531864185115,71.74338461962743,3
190.41269417961198,75.37066002003648,73.02908363308555,3
190.4326955130342,77.789076021128,70.88091463689017,3
190.45269684645643,76.28014822060669,72.86678792701504,3
190.47269817987865,77.45118065529907,72.47671829103983,3
190.4926995133009,77.24227578269743,72.34497451707543,3
190.5127008467231,77.31919073532582,71.97346197621937,3
190.53270218014535,75.64328027145268,71.84645191644407,3
190.55270351356756,76.85032408419387,71.42145066913156,3
190.57270484698978,74.16839559940533,71.97457215538842,3
190.59270618041202,77.81431171533018,70.27071251473217,3
190.61270751383424,73.39662670901237,68.62962414728072,3
190.63270884725648,74.54870532034086,69.18362495578106,3
190.6527101806787,72.67047195982613,66.7942647008481,3
190.67271151410094,73.55039185135267,65.62967822556142,3
190.69271284752315,71.6182201166723,64.85693600568104,3
190.7127141809454,70.45433336082523,63.44550302452733,3
190.7327155143676,66.66310128704653,62.2350512507157,3
190.75271684778986,65.98439539877694,58.29171392000058,3
190.77271818121207,66.17826166918815,56.613268069558586,3
190.7927195146343,62.76925111764075,56.58372264494008,3
190.81272084805653,63.18360762869077,55.160863876424905,3
190.83272218147877,60.09242006300907,53.01761691188422,3
190.852723514901,57.58732098165712,52.02673275048891,3
190.8727248483232,56.117761687078485,47.5801107690344,3
190.89272618174545,53.38000790919364,46.0691626184485,3
190.91272751516766,51.16462331954237,44.0321121871421,3
190.9327288485899,49.829386528492186,42.39514148805526,3
190.95273018201212,47.70921023604656,38.95136921934514,3
190.97273151543436,45.16820344153176,36.458310685758775,3
190.99273284885658,43.263112156457225,36.264806465440174,3
191.01273418227882,41.4022171047406,33.708301992533215,3
191.03273551570103,39.50957081837591,31.62800946548705,3
191.05273684912328,37.30499030200437,28.181755353734644,3
191.0727381825455,32.36509333075909,28.284571869448463,3
191.09273951596774,32.30911536602515,26.505285329286757,3
191.11274084938995,29.524775060293997,21.88527164301595,3
191.1327421828122,27.90912195535522,20.75399073036768,3
191.1527435162344,24.414692580068184,17.86390939918582,3
191.17274484965662,24.04344393014418,17.57362675124171,3
191.19274618307887,22.149850541666297,14.23772888822495,3
191.21274751650108,19.676215302080262,11.793311637912945,3
191.23274884992333,18.675853574853882,12.550168870465084,3
191.25275018334554,19.04501409556189,10.996944971171112,3
191.27275151676778,16.315698152376715,9.161361041973358,3
191.29275285019,13.906905180419562,9.16707908704431,3
191.31275418361224,13.267393462188785,5.529393790102761,3
191.33275551703446,11.989113558692141,6.261346734452334,3
191.3527568504567,11.314606539114134,5.5297746753809545,3
191.37275818387891,12.166963463717508,6.137958097854035,3
191.39275951730116,8.502660231598172,2.921351191914776,3
191.41276085072337,9.799005581415878,3.212440669569528,3
191.43276218414562,6.298204013055397,4.542979995949835,3
191.45276351756783,6.955169541196653,3.370495052784408,3
191.47276485099005,8.289778075748357,2.5853094468781173,3
191.4927661844123,7.8822980578187405,3.3500822130665973,3
191.5127675178345,7.600727498335183,2.362905511099685,3
191.53276885125675,7.042088999883797,3.7878278397245455,3
191.55277018467896,7.2429630605817445,3.771273900398553,3
191.5727715181012,8.181275879071267,5.65488534324399,3
191.59277285152342,8.280667129331881,6.079483596335511,3
191.61277418494566,9.19360856911713,5.929441532955449,3
191.63277551836788,9.57023595552266,9.40394314175628,3
191.65277685179012,11.13956613405454,7.8700145659293765,3
191.67277818521234,12.010683611529494,11.477226445043948,3
191.69277951863458,13.275787816964911,11.428480640448802,3
191.7127808520568,14.420861856521372,11.562865735947067,3
191.73278218547904,16.41860661463163,13.155187885428113,3
191.75278351890125,19.068105798684513,16.070889582082685,3
191.77278485232347,19.971252397654176,16.635296564695714,3
191.7927861857457,21.561510138934555,18.75303099687322,3
191.81278751916793,21.10868251120937,23.566774900026232,3
191.83278885259017,23.517559393638983,22.439709781733082,3
191.85279018601238,26.212644164603486,25.679769211017632,3
191.87279151943463,28.594012226836394,27.555245717264704,3
191.89279285285684,30.397721483897143,28.9491124168802,3
191.9127941862791,29.971299710665065,29.963234156273458,3
191.9327955197013,33.8176266480281,33.78705371416997,3
191.95279685312354,36.558814031472906,34.9288564848115,3
191.97279818654576,39.06839837537823,38.95367304342729,3
191.992799519968,41.314519808688495,39.85576442251319,3
192.01280085339022,44.79766830013246,44.343218487718325,3
192.03280218681246,44.738967512210884,42.24885228727118,3
192.05280352023468,48.73782949904192,46.83791314886743,3
192.0728048536569,49.820125169440715,49.39373102989708,3
192.09280618707913,52.566260630872975,49.559384675098386,3
192.11280752050135,55.02778037847988,53.2208915817257,3
192.1328088539236,55.46243619053666,55.36120119924987,3
192.1528101873458,58.230749116415616,57.68879469729088,3
192.17281152076805,60.00129775419784,59.142121919704834,3
192.19281285419027,61.169895789122386,60.27768016176522,3
192.2128141876125,64.26002204659346,62.911075120203044,3
192.23281552103472,65.86520496221657,64.38274423476464,3
192.25281685445697,67.23278226418587,64.2549878050261,3
192.27281818787918,69.01475748536227,65.7054106487885,3
192.29281952130142,70.24906278460672,67.45207832293303,3
192.31282085472364,72.70454694802345,70.52699084188538,3
192.33282218814588,72.49989322476863,70.73889445627943,3
192.3528235215681,73.10102314916692,70.74771058504622,3
192.3728248549903,74.86570201709596,71.71275982540855,3
192.39282618841256,76.86715020265338,72.28769851007316,3
192.41282752183477,74.79864516129895,73.01005269054593,3
192.43282885525701,76.39111408869923,73.32078124812473,3
192.45283018867923,75.74321403114908,73.54006879071653,3
192.47283152210147,74.30858910037254,72.42755763520074,3
192.4928328555237,77.1671594011133,75.359368317556,3
192.51283418894593,75.24732281695486,72.05428241519411,3
192.53283552236815,78.41413725643,72.14747090623048,3
192.5528368557904,76.36405001889449,73.3463425807406,3
192.5728381892126,75.3203421702852,71.73816198810012,3
192.59283952263485,76.9734580860987,69.75563927669307,3
192.61284085605706,75.49564140553663,69.65437422956595,3
192.6328421894793,73.79218508698159,68.84030598553912,3
192.65284352290152,73.78109384404944,66.79641878606921,3
192.67284485632374,70.82831762754424,65.88613663882458,3
192.69284618974598,69.73008739555416,65.69229827601905,3
192.7128475231682,70.41209461611805,62.202864832971976,3
192.73284885659044,68.52707357283882,62.44845889580093,3
192.75285019001265,67.2509776759613,58.38090270874968,3
192.7728515234349,64.86776837145419,57.91204471764407,3
192.7928528568571,64.38184113293246,55.913575384252624,3
192.81285419027935,62.75715520250135,53.76694714030575,3
192.83285552370157,61.16945244604044,52.602196761449264,3
192.8528568571238,57.47994689069268,51.08058436032725,3
192.87285819054603,54.95567157281077,48.5918780603351,3
192.89285952396827,54.39154964172506,47.412101826673364,3
192.91286085739048,51.997316074233865,42.88884813025097,3
192.93286219081273,48.03952083689111,39.546595436122495,3
192.95286352423494,49.534269375844765,39.519220521081536,3
192.97286485765716,46.93135799867733,35.09591836008223,3
192.9928661910794,43.379914667443906,33.67964144348498,3
193.01286752450162,41.27711702346734,31.86948824311938,3
193.03286885792386,39.363677394502865,30.20691437619874,3
193.05287019134607,35.848685282329946,26.77282379893521,3
193.07287152476832,32.68672844586039,26.258953777404486,3
193.09287285819053,33.11131344943647,24.73623116412556,3
193.11287419161278,27.18542725387799,22.211861090732572,3
193.132875525035,27.215065682590314,20.953304464300317,3
193.15287685845723,24.56669271665982,18.913607878802058,3
193.17287819187945,22.14991489647909,16.36575961869195,3
193.1928795253017,22.21946076537858,15.583462154883573,3
193.2128808587239,19.868240298941146,15.362141878025342,3
193.23288219214615,19.784404226251546,12.819042960169122,3
193.25288352556836,16.80495803111197,11.932729442258156,3
193.27288485899058,15.933644703283175,9.846335743364708,3
193.29288619241282,13.24164979647202,6.255231468530758,3
193.31288752583504,13.22704209916137,6.101606033705325,3
193.33288885925728,12.095270072268002,4.586756840089173,3
193.3528901926795,9.278450468752864,3.072233386459812,3
193.37289152610174,9.591580027260505,5.769887190742917,3
193.39289285952395,7.606595768484356,4.4636449313114115,3
193.4128941929462,8.797836216570452,1.8346205433890626,3
193.4328955263684,9.258531575894136,4.722498499799291,3
193.45289685979066,7.582041752255794,2.1386523825264425,3
193.47289819321287,7.717326057885271,1.7425591032719525,3
193.4928995266351,5.61534523596504,2.3315606290307667,3
193.51290086005733,6.3399209562783945,3.8470788282587494,3
193.53290219347957,6.629286458958039,3.8282269790399583,3
193.5529035269018,5.758266767121148,2.4036944752434417,3
193.572904860324,8.68071245982159,4.872893835718849,3
193.59290619374624,9.704989242033896,6.051263635820128,3
193.61290752716846,8.57768694168286,7.546268057327241,3
193.6329088605907,8.913494806264433,8.606181875361342,3
193.65291019401292,9.278104265471475,8.158046047203477,3
193.67291152743516,11.109081008867793,10.998774630430312,3
193.69291286085738,14.686889423238437,10.512141371598213,3
193.71291419427962,15.692581413108844,13.199452547072594,3
193.73291552770183,15.595253112208772,13.879087151396062,3
193.75291686112408,18.084390958111918,13.89698205205641,3
193.7729181945463,19.011684793452503,19.06228969947113,3
193.79291952796854,19.944996272637567,20.119449995712348,3
193.81292086139075,23.191264192120734,21.138057677306612,3
193.832922194813,24.658772211358826,22.399279736030007,3
193.8529235282352,26.71841784214295,26.36787481327934,3
193.87292486165742,27.753277637185413,27.397569133522982,3
193.89292619507967,31.225770975386233,29.17254199667419,3
193.91292752850188,32.50423828094339,31.530925171893116,3
193.93292886192413,35.753543007107304,34.192721834643336,3
193.95293019534634,36.526848127256024,37.06352805366769,3
193.97293152876858,37.73454480553739,36.35922171272281,3
193.9929328621908,42.162918000578614,39.781957062878604,3
194.01293419561304,42.8938976603242,42.13468685179424,3
194.03293552903526,45.007279948390725,45.31310807233417,3
194.0529368624575,47.49268572967859,46.293733340108005,3
194.07293819587971,49.833590581567115,47.98709565523817,3
194.09293952930196,52.15329161079062,51.582868231530654,3
194.11294086272417,54.842324101017674,53.254653285481496,3
194.13294219614642,56.31936316842821,55.38312137685676,3
194.15294352956863,56.70363553977975,57.63538754438175,3
194.17294486299085,59.28733002206179,57.57461818964965,3
194.1929461964131,63.3371919872596,62.17248215960795,3
194.2129475298353,63.502045577903836,62.995053126774344,3
194.23294886325755,63.87333591240489,62.17118561428119,3
194.25295019667976,65.89854570721258,64.25400680388681,3
194.272951530102,67.81314001847242,68.7219746119565,3
194.29295286352422,69.65099069165632,67.00714988667974,3
194.31295419694646,72.20152572964211,66.78848272129112,3
194.33295553036868,70.25768890733492,71.4444206737854,3
194.35295686379092,73.01656606866766,72.04813101197014,3
194.37295819721314,74.45447192248088,70.28844904562906,3
194.39295953063538,74.37964456107724,70.58139253585456,3
194.4129608640576,75.96141278074923,73.3549569978873,3
194.43296219747984,75.40412220765356,72.57885093174538,3
194.45296353090205,76.90746877465108,73.0818630887546,3
194.47296486432427,76.27806162118468,74.57167078066713,3
194.4929661977465,77.06838666117726,73.17898090001508,3
194.51296753116873,77.07783336502523,72.78891541928219,3
194.53296886459097,78.68364524226355,72.38611144175795,3
194.55297019801318,75.8990368171295,71.12519141785793,3
194.57297153143543,74.94375509312466,69.51750643866781,3
194.59297286485764,75.2275117005242,70.53767467673282,3
194.6129741982799,72.56269069911346,70.06592823543181,3
194.6329755317021,74.16885713037286,68.18648229762552,3
194.65297686512434,72.47162421166172,68.2619123352747,3
194.67297819854656,71.59372174414113,66.35629764269552,3
194.6929795319688,71.35083526646386,65.33194094948095,3
194.71298086539102,70.15905066258622,63.87978488072189,3
194.73298219881326,67.7292554051011,62.37459073955229,3
194.75298353223548,65.539677285831,58.61844237870885,3
194.7729848656577,66.02979320804587,58.45680113327637,3
194.79298619907993,63.52708376478807,55.28088756419575,3
194.81298753250215,61.251562370349895,54.12737228383371,3
194.8329888659244,60.29056007661806,51.787774984911664,3
194.8529901993466,60.18124373512368,50.738100807184026,3
194.87299153276885,56.34814809266988,49.37756683614489,3
194.89299286619107,53.25943624956249,46.76109674048894,3
194.9129941996133,52.09111944791711,45.844702831644426,3
194.93299553303552,48.66335437523457,42.092705087337286,3
194.95299686645777,47.1970677276958,40.10502724427533,3
194.97299819987998,45.357494124008326,37.76401731948279,3
194.99299953330222,45.41159140024074,35.36234125950021,3
195.01300086672444,41.32814651933538,33.68243483660815,3
195.03300220014668,38.316651626999985,32.16206230988669,3
195.0530035335689,34.89449472434513,28.237043471736147,3
195.0730048669911,32.75002779678458,25.923725073602213,3
195.09300620041336,34.22718745191966,22.611505117007372,3
195.11300753383557,28.96355222000093,21.140851249947165,3
195.13300886725781,28.45289540326584,19.86916857994757,3
195.15301020068003,25.436911237022148,20.344861060541916,3
195.17301153410227,25.187192615701836,15.537279894562197,3
195.1930128675245,21.13264846682276,14.081424473663677,3
195.21301420094673,18.95519707741662,13.135442055200741,3
195.23301553436895,18.025283463579143,10.638245736315039,3
195.2530168677912,17.089162401886085,10.965339705241247,3
195.2730182012134,16.675999190161534,8.69589990909026,3
195.29301953463565,13.143210400050595,5.929046627308378,3
195.31302086805786,14.145419601607944,5.673935415416115,3
195.3330222014801,12.701840968782184,6.059950985118945,3
195.35302353490232,10.880701190486201,5.148687514187011,3
195.37302486832453,9.62552458961906,4.3454982370495,3
195.39302620174678,9.239425031553449,4.328106361716543,3
195.413027535169,7.753627618331341,1.3537632203695824,3
195.43302886859124,10.082764999937995,4.032979997038707,3
195.45303020201345,7.127204026025313,1.8007928210143536,3
195.4730315354357,8.212373586622292,0.6227081723987626,3
195.4930328688579,6.759065590193106,3.369776548953383,3
195.51303420228015,8.117672196670311,4.7500471004246085,3
195.53303553570237,6.129630725443908,4.222280974830481,3
195.5530368691246,7.246845486757391,3.292753251842046,3
195.57303820254683,8.308206232546041,4.731257570223527,3
195.59303953596907,8.475970465870596,4.602565643674994,3
195.61304086939128,10.56825316347716,8.191337972377484,3
195.63304220281353,8.29528719456453,7.071149481533308,3
195.65304353623574,10.828861200574881,8.888347615768575,3
195.67304486965796,10.21634489062514,10.556903067229161,3
195.6930462030802,12.890828678960217,12.687994384052606,3
195.71304753650242,16.416205774861165,11.028075436380636,3
195.73304886992466,16.481001114188118,14.178831792716302,3
195.75305020334687,17.28742601964606,14.588553711091329,3
195.77305153676912,18.53133075561916,17.921286922827502,3
195.79305287019133,21.477782352326592,20.38379687849175,3
195.81305420361358,21.77475206753097,18.999332741445553,3
195.8330555370358,24.91739437582873,23.892755515173437,3
195.85305687045803,25.055587200889246,26.94940957037818,3
195.87305820388025,28.540767904117843,25.936467477249224,3
195.8930595373025,31.922841451545768,28.731810167220043,3
195.9130608707247,31.380927654844324,31.53654927836079,3
195.93306220414695,35.11462826295843,32.09810272682628,3
195.95306353756916,36.99172262889726,35.79510600047421,3
195.97306487099138,40.52403282022726,37.98949527055465,3
195.99306620441362,42.49046559700093,40.238706509959194,3
196.01306753783584,44.79937982560873,43.72523709494772,3
196.03306887125808,45.470211856230144,46.14892157546101,3
196.0530702046803,49.23591282558999,46.31255221007641,3
196.07307153810254,50.61253141342953,49.652752619196946,3
196.09307287152475,51.4826278411867,51.642464904729145,3
196.113074204947,53.68048000549996,52.69272742187242,3
196.1330755383692,56.000918684049374,52.20301320424487,3
196.15307687179146,59.12754146311892,56.82318023864338,3
196.17307820521367,60.918510026208125,57.859769925696405,3
196.1930795386359,61.94655567661746,61.48423913382813,3
196.21308087205813,62.899015911167936,62.61798218545012,3
196.23308220548037,67.25204567065194,63.34671756943589,3
196.2530835389026,67.74509786445982,64.15052609607238,3
196.2730848723248,69.00711679983381,67.0013564918622,3
196.29308620574704,71.21768197911175,66.40342818483187,3
196.31308753916926,71.6906151738357,66.42300617600372,3
196.3330888725915,73.6403329354364,70.33358757236674,3
196.35309020601372,73.49317714579158,70.58051032481451,3
196.37309153943596,74.26117653533855,72.16533960655228,3
196.39309287285818,75.0592923890395,72.98858645157262,3
196.41309420628042,75.39421438579579,71.54906619340923,3
196.43309553970263,75.5844360959821,71.04475979173613,3
196.45309687312488,75.99656976381735,74.8585592803071,3
196.4730982065471,76.13977743074541,71.30201607376074,3
196.49309953996934,76.48897152565088,73.55191458923764,3
196.51310087339155,77.99633624378093,73.70513186954335,3
196.5331022068138,78.26140319419405,74.36253263708419,3
196.553103540236,76.58107329528531,72.21593601830418,3
196.57310487365822,77.15243958790204,70.66675255257688,3
196.59310620708047,74.79831530898514,70.4890684302628,3
196.61310754050268,74.89977550856807,69.27140210002709,3
196.63310887392493,73.98249546457869,66.02018266015423,3
196.65311020734714,71.64541731364054,68.5774380278204,3
196.67311154076938,71.99007651366578,65.26058271596642,3
196.6931128741916,70.14789911201018,65.17005171589769,3
196.71311420761384,69.93093300343257,63.78646201437302,3
196.73311554103606,67.60109505668856,61.34899124967597,3
196.7531168744583,66.9934064425192,58.82154459880684,3
196.77311820788051,65.16475560164561,57.73265873332899,3
196.79311954130276,62.31203406783852,57.23925340738927,3
196.81312087472497,60.3882345211015,53.097308994770565,3
196.83312220814722,59.929979293685285,52.69182558086224,3
196.85312354156943,55.88487568007569,51.20284496645176,3
196.87312487499165,54.0703621127005,48.818035108356426,3
196.8931262084139,53.87557820869393,45.10550147689182,3
196.9131275418361,50.91205529939206,42.162063690959805,3
196.93312887525835,49.00028897163757,41.258572064881406,3
196.95313020868056,46.16676851217927,39.590677494241355,3
196.9731315421028,46.00822719351007,36.78087173360419,3
196.99313287552502,42.40957126946675,36.92138021909863,3
197.01313420894726,39.862398509011626,32.425623476775,3
197.03313554236948,39.19392088717969,30.874649619249027,3
197.05313687579172,36.63166393730598,29.16690278510338,3
197.07313820921394,34.71013665345947,26.372480540775218,3
197.09313954263618,31.63073654649842,24.621663613049257,3
197.1131408760584,31.005069995451876,23.316983622537574,3
197.13314220948064,27.94416617021957,18.9754387498774,3
197.15314354290285,25.31843550018489,19.215211660291782,3
197.17314487632507,24.77647591498031,16.667997952603333,3
197.1931462097473,21.458053451383055,14.141904945348209,3
197.21314754316953,21.329739457993934,11.289253437863968,3
197.23314887659177,20.06507603528663,12.658279325553663,3
197.25315021001398,16.514629172951153,9.120821476986242,3
197.27315154343623,17.009958185158695,9.428511215918435,3
197.29315287685844,11.04783960347221,9.165397839449986,3
197.3131542102807,13.014960182338637,6.26274982290732,3
197.3331555437029,12.026352110629457,5.65853309907531,3
197.35315687712514,11.030799028786358,6.0261254560837,3
197.37315821054736,9.052548762091556,4.889893644640892,3
197.3931595439696,9.880869091106842,5.414080017017416,3
197.41316087739182,8.184819429291604,4.141903415666832,3
197.43316221081406,7.105057383919157,3.5686576734841866,3
197.45316354423628,8.014133171573565,2.8249071615428756,3
197.4731648776585,7.337787113168527,3.368707771910738,3
197.49316621108073,8.102210088964638,0.8737330471893596,3
197.51316754450295,7.929202930373776,3.644663570681629,3
197.5331688779252,8.472599699854694,3.804025367107762,3
197.5531702113474,6.890513459959973,3.2931389954088948,3
197.57317154476965,8.110577352270033,6.240557035321743,3
197.59317287819187,7.228413970404388,6.479433741131398,3
197.6131742116141,9.607987514534699,5.492976162299008,3
197.63317554503632,8.13680704687177,7.752028389938833,3
197.65317687845857,8.443369771458125,9.193290808959151,3
197.67317821188078,11.239077576854635,8.87840294864565,3
197.69317954530302,12.442199138942575,10.064942129372412,3
197.71318087872524,15.058746495303335,12.961914729800492,3
197.73318221214748,14.980719577790401,14.418565712221696,3
197.7531835455697,17.515523137822406,15.295226356913865,3
197.7731848789919,19.148041281472686,17.39565058681728,3
197.79318621241416,20.59365679158009,19.872476534719915,3
197.81318754583637,24.010211429450642,19.983428657290453,3
197.8331888792586,25.298638027041537,24.262201117653976,3
197.85319021268083,26.493860458587957,25.24739632542215,3
197.87319154610307,28.697167056327693,28.052328111146743,3
197.8931928795253,31.26097677284283,30.044285647617382,3
197.91319421294753,33.18317592619845,31.121854513828904,3
197.93319554636975,35.182646335235034,33.33067174871381,3
197.953196879792,36.445312529526745,34.788043230993836,3
197.9731982132142,39.6174244589172,37.94255323472252,3
197.99319954663645,41.802330826592,39.90488745347834,3
198.01320088005866,43.02095659706309,41.97290385852209,3
198.0332022134809,45.773770614598604,45.82572151298749,3
198.05320354690312,46.17638000886163,48.5237565598358,3
198.07320488032533,50.907437346040574,48.605349783356786,3
198.09320621374758,51.01407268208656,53.72664669562791,3
198.1132075471698,54.464019405834485,52.50031703726456,3
198.13320888059204,55.252978330914715,54.406071493370206,3
198.15321021401425,58.46801179074762,56.843904245989734,3
198.1732115474365,59.98942681817009,59.704710737926284,3
198.1932128808587,61.49266871586323,59.62160991052307,3
198.21321421428095,64.02608566280259,61.89903865826082,3
198.23321554770317,65.00292866218753,63.54210366117998,3
198.2532168811254,66.08790087128939,66.06423182127111,3
198.27321821454763,67.45328422769956,68.06172755170981,3
198.29321954796987,69.84548270381248,69.18428247118078,3
198.31322088139208,71.6311094593018,68.56498984895813,3
198.33322221481433,70.20513552771104,68.36452348869933,3
198.35322354823654,74.66995240044939,70.72077458995827,3
198.37322488165876,72.69892876576705,70.65867789841012,3
198.393226215081,75.53365141037456,72.48864338573037,3
198.41322754850322,77.57521111124574,70.27224796241443,3
198.43322888192546,77.11636709159306,73.31860599470987,3
198.45323021534767,77.54808055098107,72.28051446680611,3
198.47323154876992,78.46751456154738,72.8729304831112,3
198.49323288219213,78.37113507980222,73.04092893028546,3
198.51323421561437,77.32490387999644,71.29075431547015,3
198.5332355490366,78.43223734219444,73.20933863836869,3
198.55323688245883,77.49333990973788,72.07080452294002,3
198.57323821588105,75.44091087985383,72.70716073053507,3
198.5932395493033,77.01238228543318,68.64561892008032,3
198.6132408827255,75.16924597525836,69.98300500542727,3
198.63324221614775,74.13063723523246,67.44839340216322,3
198.65324354956996,72.69523416515531,67.74558158075678,3
198.67324488299218,70.31642324616877,65.49594405955881,3
198.69324621641442,72.04623411423086,62.78777726497959,3
198.71324754983664,69.63033480733026,63.94360163385217,3
198.73324888325888,66.9893605040288,61.707173807136584,3
198.7532502166811,66.31946783432579,60.01222223656665,3
198.77325155010334,64.6323662024288,58.45570579679313,3
198.79325288352555,63.440346579771024,56.05709363622255,3
198.8132542169478,61.004028036816855,53.5178444144097,3
198.83325555037,59.539284985665105,51.219940900377935,3
198.85325688379226,58.188153557388446,50.87861598937548,3
198.87325821721447,57.007150490402324,48.69661478651221,3
198.8932595506367,52.9043049762484,44.31930694508752,3
198.91326088405893,51.392677653123584,43.76772551404058,3
198.93326221748117,49.46291010469079,39.14218241972162,3
198.9532635509034,47.571289297893266,37.52090009359219,3
198.9732648843256,44.84689552744981,36.36785946417647,3
198.99326621774784,42.934152616978075,36.70377916581408,3
199.01326755117006,39.62793713570257,32.98711378625659,3
199.0332688845923,38.22987765920394,31.654547265449988,3
199.05327021801452,34.675036626254155,27.551474569540115,3
199.07327155143676,34.821010579168174,26.874243394837407,3
199.09327288485898,30.998721210623458,23.61814912205293,3
199.11327421828122,29.924129117415653,22.416788399184863,3
199.13327555170343,28.45112216444354,19.180734401839253,3
199.15327688512568,25.912611041604098,19.28124456610802,3
199.1732782185479,24.497723379978524,18.852712787566695,3
199.19327955197014,22.697824333440895,14.026277341539767,3
199.21328088539235,19.307312206401736,12.812399788528785,3
199.2332822188146,19.528583655971406,11.493524410600047,3
199.2532835522368,16.3989144951969,12.211662095342088,3
199.27328488565902,16.20430694240159,7.995222423802667,3
199.29328621908127,12.126024771384506,7.613286540668786,3
199.31328755250348,11.636461295595254,6.2152597076890395,3
199.33328888592573,10.395103494393048,6.768261075867647,3
199.35329021934794,9.084373675801888,3.935484971608478,3
199.37329155277018,10.139002416008747,3.8204889047913566,3
199.3932928861924,7.521476388785258,2.7382282149158113,3
199.41329421961464,8.834849011298111,3.5126999172239968,3
199.43329555303686,6.660354117491508,3.1793031525255415,3
199.4532968864591,7.658305700568047,2.09307820339353,3
199.47329821988131,7.980138706906971,1.5491937927997703,3
199.49329955330356,6.3942141267378725,3.8984488331104554,3
199.51330088672577,5.776879174446701,3.0905829581925723,3
199.53330222014802,8.390091228553834,1.9489750128023717,3
199.55330355357023,7.9609658905226794,3.7544526733569676,3
199.57330488699245,7.492642690166769,5.588520442375571,3
199.5933062204147,8.178228682660851,3.937970325040385,3
199.6133075538369,8.505719767064967,5.661805256345599,3
199.63330888725915,11.96117396475384,6.133255907503658,3
199.65331022068136,12.20306760597834,9.285081182070181,3
199.6733115541036,12.213074099520421,10.920648987319407,3
199.69331288752582,14.304783843018619,11.393561432436002,3
199.71331422094806,13.959482220066601,12.770431413117846,3
199.73331555437028,15.618217817782652,16.17340561363717,3
199.75331688779252,18.82868489194818,16.768870239339012,3
199.77331822121474,19.405907910158042,17.90335541762153,3
199.79331955463698,21.124986212508734,19.06110935455462,3
199.8133208880592,23.209005977118935,21.539505617079204,3
199.83332222148144,25.91179785824279,23.930890623489134,3
199.85332355490365,27.690537863451855,24.800548470642926,3
199.87332488832587,26.62920613450611,27.95040508069669,3
199.8933262217481,28.95813529682615,28.51675222430836,3
199.91332755517033,32.514309833733776,32.01259005552741,3
199.93332888859257,33.910029451769944,34.43045415934414,3
199.95333022201478,36.43829305084853,37.07443313019347,3
199.97333155543703,38.4100058608914,40.43019988638194,3
199.99333288885924,41.22180886743826,40.93631911953978,3
200.0133342222815,42.99827434716446,42.784267294096075,3
200.0333355557037,45.17973244362181,44.88741142426201,3
200.05333688912594,48.53021266563693,46.58469469078734,3
200.07333822254816,49.937177200433766,48.27160017346178,3
200.0933395559704,52.396331910616595,51.3389851518372,3
200.11334088939262,54.48664108303125,53.37049317735561,3
200.13334222281486,56.893575318154774,56.44585620987486,3
200.15334355623708,59.148260775392494,54.8966540923386,3
200.1733448896593,57.173123601870195,58.21777229335416,3
200.19334622308153,60.780218430267055,59.5204375733771,3
200.21334755650375,63.98373973770351,62.17234872966969,3
200.233348889926,65.23239728767999,63.38253271223103,3
200.2533502233482,67.53604306340793,63.45565867774834,3
200.27335155677045,69.06400097206945,66.47311808239316,3
200.29335289019266,70.49742467347824,67.20401241614151,3
200.3133542236149,70.21348713189518,69.5365238368626,3
200.33335555703712,71.51311631291357,71.1060791924404,3
200.35335689045937,73.33176059975717,70.78824950798956,3
200.37335822388158,74.9017830750484,71.93402627846277,3
200.39335955730382,76.4834408914423,72.23614430155992,3
200.41336089072604,75.98988663989851,70.851319857487,3
200.43336222414828,75.80323512236991,72.02005225649266,3
200.4533635575705,77.64303582671153,71.8327020546864,3
200.4733648909927,76.18203120926681,73.85923321538513,3
200.49336622441496,77.53550189608016,72.34767040887074,3
200.51336755783717,76.73911578003495,72.58359607346577,3
200.5333688912594,78.81590888309918,72.59692483345124,3
200.55337022468163,76.49250645339339,69.4634250649248,3
200.57337155810387,75.63649593473887,70.68234108135195,3
200.5933728915261,73.74193892552056,71.35365038769409,3
200.61337422494833,76.0981093301448,70.1556228516817,3
200.63337555837055,75.37952411357797,68.1598893881085,3
200.6533768917928,72.74087244651969,66.60661623512313,3
200.673378225215,72.1273280429452,66.98294429829494,3
200.69337955863725,70.81216022295283,64.33584879301415,3
200.71338089205946,70.7708233588009,63.66565674898472,3
200.7333822254817,68.74604991155353,59.40042194976083,3
200.75338355890392,66.48399890795676,60.91174822938638,3
200.77338489232613,63.90294969014236,57.83023982457563,3
200.79338622574838,63.85057733838635,57.209239264301075,3
200.8133875591706,61.242214039444555,52.552462965713744,3
200.83338889259284,60.56338144487171,51.841273974155946,3
200.85339022601505,57.543739945093435,51.20061304474207,3
200.8733915594373,53.59938802048262,48.134115755175536,3
200.8933928928595,54.05111166253413,46.30959204477196,3
200.91339422628175,52.548463949258924,43.3485803433783,3
200.93339555970397,47.95626008508792,41.811243887736076,3
200.9533968931262,47.56689448738354,39.57880191086675,3
200.97339822654843,44.92088718249976,36.34261054350096,3
200.99339955997067,43.96982803021354,35.99524204577654,3
201.01340089339288,40.76318491039157,31.984460847315056,3
201.03340222681513,39.01937721304599,30.365179347561153,3
201.05340356023734,37.607775086777394,27.99314919936982,3
201.07340489365956,35.75343958920715,26.496266476556137,3
201.0934062270818,32.00356850350865,24.339634674599296,3
201.11340756050402,29.760811629396724,21.498392687358436,3
201.13340889392626,25.81790498340136,18.876913908243694,3
201.15341022734847,23.99843983818341,17.857215118572288,3
201.17341156077072,22.020869671464755,16.13788438667677,3
201.19341289419293,21.938683028077307,16.16537821796379,3
201.21341422761517,21.915161757037612,14.531214486871376,3
201.2334155610374,19.425985965698725,13.047882062810285,3
201.25341689445963,17.173776345210854,9.823744472617793,3
201.27341822788185,15.348776385083916,8.944747741831371,3
201.2934195613041,13.348385315653907,8.34647634763486,3
201.3134208947263,13.227620302986455,6.195771128946757,3
201.33342222814855,11.73597829701949,5.6451815707553274,3
201.35342356157076,10.586731120552471,4.314859491079304,3
201.37342489499298,9.036084350217843,4.881370826502855,3
201.39342622841522,9.118625387725345,3.7535997023256984,3
201.41342756183744,7.077069310395258,1.7009398483999179,3
201.43342889525968,6.575993693059386,5.896255954763767,3
201.4534302286819,8.220319090793424,2.679161128718489,3
201.47343156210414,7.045293418996125,3.197681311094009,3
201.49343289552635,7.2032975182674015,1.5044671638572773,3
201.5134342289486,5.543401983225461,3.4546457718283294,3
201.5334355623708,7.766189847185115,4.088667422351149,3
201.55343689579306,6.091130306544686,4.874968574865734,3
201.57343822921527,8.64719894387739,3.119694258359618,3
201.5934395626375,7.9043957742116735,4.898470006697897,3
201.61344089605973,8.120178520134639,4.148795061138895,3
201.63344222948197,9.239743936279341,6.7428724748199205,3
201.6534435629042,9.40635425666949,8.361767631430471,3
201.6734448963264,11.143747139772568,11.077569466595666,3
201.69344622974864,11.580433274070701,11.424579112479007,3
201.71344756317086,15.707956325259712,11.952608419840805,3
201.7334488965931,15.023564076834406,13.764878111535554,3
201.75345023001532,17.84539767727233,16.046653093450058,3
201.77345156343756,19.17307160819739,18.04524224191241,3
201.79345289685978,22.14169662357072,21.400053494666135,3
201.81345423028202,23.308836300023437,22.113483760567515,3
201.83345556370423,24.348594291987155,24.073444228323204,3
201.85345689712648,25.004695286882203,26.842378394408613,3
201.8734582305487,28.026106724503336,28.048642900264387,3
201.89345956397094,30.511144100890604,30.97733817417232,3
201.91346089739315,33.94824682163002,32.635833068238355,3
201.9334622308154,33.4013525051017,35.01283036347845,3
201.9534635642376,38.28056758679014,34.972475473341994,3
201.97346489765982,38.602877042832525,37.744833406004766,3
201.99346623108207,39.846288890688285,39.7279344002208,3
202.01346756450428,44.21188357355222,42.547561514783176,3
202.03346889792653,46.85748445452557,44.9498561758806,3
202.05347023134874,47.51184464421755,45.90097132209375,3
202.07347156477098,50.213478400667555,48.61768219505969,3
202.0934728981932,53.234799922141136,51.14572293390579,3
202.11347423161544,54.605005054348325,52.31998674666035,3
202.13347556503766,57.14707586105508,55.17316144723042,3
202.1534768984599,58.98431982928794,58.12605014427782,3
202.17347823188211,60.08129828771499,56.224387064509614,3
202.19347956530436,62.27860408592755,57.05233661635164,3
202.21348089872657,64.26907627129812,62.153598054239595,3
202.23348223214882,64.55780000822193,63.028470596605324,3
202.25348356557103,68.01454036013816,66.10907551145027,3
202.27348489899325,69.84321719977886,66.10273427529425,3
202.2934862324155,69.30108411405091,67.08062216909396,3
202.3134875658377,70.40914032070447,68.63929789168776,3
202.33348889925995,71.84895091383903,66.88378524493089,3
202.35349023268216,72.35992338260664,69.98405128513772,3
202.3734915661044,73.84968743501719,69.45242361204006,3
202.39349289952662,74.36661816762555,70.59637026666962,3
202.41349423294886,75.61976001685498,69.88075410977639,3
202.43349556637108,76.14063939568294,71.94137220996306,3
202.45349689979332,75.16874716489922,73.77272844548257,3
202.47349823321554,76.26178703994287,73.36540479701208,3
202.49349956663778,77.25422525499737,72.1469938279298,3
202.51350090006,76.73222847734606,71.3630268908456,3
202.53350223348224,76.72842991892242,72.40029643162616,3
202.55350356690445,76.12545494118424,71.74563822979036,3
202.57350490032667,75.98584839959064,70.95474809362274,3
202.5935062337489,76.38011454010251,70.65662912041661,3
202.61350756717113,73.48433204345989,68.6724409926133,3
202.63350890059337,73.34744971645738,68.3752364811264,3
202.65351023401558,71.8420515499217,67.53487130568162,3
202.67351156743783,72.7795506696851,66.19118280030183,3
202.69351290086004,71.83329140073229,63.39657277248147,3
202.7135142342823,68.47149230226053,62.456770219060324,3
202.7335155677045,67.58476080613791,61.82936618333176,3
202.75351690112674,66.55464930097914,59.353239936538515,3
202.77351823454896,64.73932528884237,56.609065175924705,3
202.7935195679712,64.02262476817866,55.704828036068264,3
202.81352090139342,60.53297200185264,54.4473957101894,3
202.83352223481566,60.45121647083091,52.63953343400168,3
202.85352356823788,57.86121493133161,51.239833191439914,3
202.8735249016601,56.038619315254905,48.74834943676558,3
202.89352623508233,52.569215647090836,43.93482387507131,3
202.91352756850455,51.2231099639682,43.38527570038317,3
202.9335289019268,50.394630636750485,40.95460386112712,3
202.953530235349,46.862409031004404,39.99450996885822,3
202.97353156877125,43.45472894577752,39.02362929709559,3
202.99353290219346,42.29579490154648,36.01162602369847,3
203.0135342356157,41.78525470669351,30.575590487812324,3
203.03353556903792,38.708235230433644,30.032434020609642,3
203.05353690246017,36.67339106888206,27.601876043861665,3
203.07353823588238,34.77241047443816,26.759325868374155,3
203.09353956930462,31.057268975965876,24.21586844170592,3
203.11354090272684,29.17101589397964,23.403714845183643,3
203.13354223614908,27.065335882754354,20.316815642416543,3
203.1535435695713,23.563096508472057,17.948395714647333,3
203.1735449029935,24.146949975697485,17.9811622103452,3
203.19354623641576,23.139795135072372,16.167851792483585,3
203.21354756983797,20.7449194318529,14.100071264378213,3
203.2335489032602,19.422708562402242,11.90332909664756,3
203.25355023668243,16.873858265487755,10.220980518722525,3
203.27355157010467,14.77103313120629,9.78715375720673,3
203.2935529035269,14.611651076113194,6.577835884895711,3
203.31355423694913,12.857564101375258,7.863011226309031,3
203.33355557037135,11.03276836268676,5.042129856771621,3
203.3535569037936,12.297982993048782,7.23811648965345,3
203.3735582372158,6.998090458622358,2.2180324733553762,3
203.39355957063805,8.205430274638433,3.6860562295443016,3
203.41356090406026,8.14642725779155,4.2134853473940606,3
203.4335622374825,6.720881713831272,3.980788156659729,3
203.45356357090472,6.800133110063316,2.3763548896055116,3
203.47356490432693,7.618414293832507,1.1993439201877363,3
203.49356623774918,4.925531235555612,2.6808465743260066,3
203.5135675711714,7.499740108371645,2.66522522455171,3
203.53356890459364,6.4757524295649675,3.7200679132586543,3
203.55357023801585,7.281019007399539,4.171067732767568,3
203.5735715714381,7.356182507524619,4.245124907070726,3
203.5935729048603,7.769444886790646,6.451351146924399,3
203.61357423828255,8.470020204017716,6.1312339087054175,3
203.63357557170477,10.966546660413497,7.846827886820505,3
203.653576905127,10.25772807759299,8.615431662406197,3
203.67357823854923,11.962049738774668,9.249321045559375,3
203.69357957197147,11.910145712745248,12.946884667495704,3
203.71358090539368,14.852244730887646,14.08124464020158,3
203.73358223881593,15.726390598628868,13.929828785757623,3
203.75358357223814,18.701943261689802,16.58650332989143,3
203.77358490566036,20.445105032755755,16.838722803883364,3
203.7935862390826,20.72504320693003,21.407477629163022,3
203.81358757250482,21.666688460801335,22.156590076335373,3
203.83358890592706,23.704357283301583,23.742170262285864,3
203.85359023934927,27.317622756523306,26.860728884418325,3
203.87359157277152,28.23850350994086,27.207865765744128,3
203.89359290619373,31.13244253419983,29.360175283895,3
203.91359423961597,33.403193330378585,32.81345963838779,3
203.9335955730382,33.89800396116548,32.36968188871067,3
203.95359690646043,37.88892040361259,35.77802286997916,3
203.97359823988265,39.102479365535125,37.849493612071356,3
203.9935995733049,40.008568262526424,39.59475628120849,3
204.0136009067271,43.07265750390921,43.122705753570706,3
204.03360224014935,48.32245317769256,44.602952965203336,3
204.05360357357156,48.25124523482152,47.89404784517382,3
204.07360490699378,49.488348655084486,49.00448924661013,3
204.09360624041602,53.11027231794214,51.299206444052736,3
204.11360757383824,53.31187254091774,52.54581258808137,3
204.13360890726048,56.3372143849303,55.68750029278835,3
204.1536102406827,57.92502268258221,55.78428983517412,3
204.17361157410494,59.08608318945483,58.337821697027586,3
204.19361290752715,61.697132217073,59.17309269822099,3
204.2136142409494,65.16069482635692,59.90988078522541,3
204.2336155743716,65.30334055053898,64.62475468774193,3
204.25361690779386,66.90331838057999,63.702072649735115,3
204.27361824121607,69.12076049945232,66.1446055870858,3
204.2936195746383,71.2031285899183,68.1743288551928,3
204.31362090806053,69.78928615040577,69.36743347288748,3
204.33362224148277,70.9396395582866,70.42588779498895,3
204.353623574905,73.41202399606895,70.81352837376869,3
204.3736249083272,72.62855981697564,70.58307826149965,3
204.39362624174944,74.62503189433166,73.93538935055923,3
204.41362757517166,75.55980709849163,73.39627662461182,3
204.4336289085939,76.07518368435025,72.33948293772717,3
204.45363024201612,76.72050596677023,72.82429882204212,3
204.47363157543836,77.9101589290891,72.23888153512924,3
204.49363290886058,76.87677190121133,72.18275583686854,3
204.51363424228282,77.14647702858737,73.37382004224723,3
204.53363557570503,76.675057188729,73.31263213785256,3
204.55363690912728,77.16361798562997,72.44350608382094,3
204.5736382425495,76.4017523010299,69.54481991358563,3
204.59363957597174,74.98849147089409,71.59078365948983,3
204.61364090939395,74.80171576214843,68.61809751594654,3
204.6336422428162,71.22353346997606,68.49479331958932,3
204.6536435762384,73.39671774813065,67.21617956979512,3
204.67364490966062,70.02305448584704,67.25019404742164,3
204.69364624308287,70.94667399540342,64.52255871166764,3
204.71364757650508,70.16878095777517,63.475402549839345,3
204.73364890992733,68.53370855558681,59.57008700101231,3
204.75365024334954,64.83812689590115,57.366209444515995,3
204.77365157677178,65.66125382756985,58.040981045855816,3
204.793652910194,63.43269904474085,56.05087260088799,3
204.81365424361624,60.958886132206935,53.915993432968705,3
204.83365557703846,58.86700369720542,51.187496264824624,3
204.8536569104607,58.26731386909048,50.09011974482595,3
204.87365824388291,56.17275460446571,48.83352304375536,3
204.89365957730516,53.65166626571229,46.788811737847766,3
204.91366091072737,51.74648027358147,42.69191881781363,3
204.93366224414962,51.12026842034008,42.027487233961445,3
204.95366357757183,47.77695881443715,38.74708398252942,3
204.97366491099405,45.48712576523384,37.7200772767667,3
204.9936662444163,42.38287013696242,34.78078215210368,3
205.0136675778385,40.924042681950844,32.8823681245014,3
205.03366891126075,41.17309984167694,29.87786259009783,3
205.05367024468296,36.47850659057975,28.63029380369983,3
205.0736715781052,34.646243138217876,24.3599129754673,3
205.09367291152742,31.89148556980404,23.813194378844585,3
205.11367424494966,31.048879883129846,21.99460868241438,3
205.13367557837188,27.528597549677094,21.539088325121213,3
205.15367691179412,25.82685053642186,19.139480583708455,3
205.17367824521634,23.22391497169049,17.54741811989586,3
205.19367957863858,23.375688149981283,16.498366680762697,3
205.2136809120608,19.973569773118296,12.892141231580458,3
205.23368224548304,19.835622980351133,10.825112936939249,3
205.25368357890525,17.541132888671505,9.001748959629737,3
205.27368491232747,15.583968187239872,10.835667985502592,3
205.2936862457497,13.590506506492305,8.156107951510409,3
205.31368757917193,12.65446499221135,6.297638675296116,3
205.33368891259417,10.598082609939306,6.20719512873882,3
205.35369024601638,10.907488657605057,6.266062120386633,3
205.37369157943863,11.169188303875728,5.049856655706899,3
205.39369291286084,8.619753901887034,3.3384926502757786,3
205.4136942462831,8.086089323915097,1.9204320136008286,3
205.4336955797053,7.9953709984107215,2.780937699338052,3
205.45369691312754,9.009259778594165,0.3794602146219219,3
205.47369824654976,7.321683877850837,4.378379849385584,3
205.493699579972,6.589829054974362,1.7908315589885808,3
205.51370091339422,8.017451200320851,2.32540379201986,3
205.53370224681646,5.14219658590414,2.6706844698902747,3
205.55370358023868,6.022501263568255,4.325660617423343,3
205.5737049136609,9.37471469433487,4.735735867141054,3
205.59370624708313,6.9758047950362805,5.33503246490237,3
205.61370758050535,9.443640232849466,5.887091534316536,3
205.6337089139276,9.647321678609869,7.590232310691049,3
205.6537102473498,11.50631146671584,9.58084363448886,3
205.67371158077205,13.102789308221162,10.544030722570778,3
205.69371291419426,12.458856632634463,11.748420841744622,3
205.7137142476165,16.589368912527405,11.177725881168048,3
205.73371558103872,15.255973321157493,13.915052942823833,3
205.75371691446097,17.87177713399488,14.897210077775593,3
205.77371824788318,17.809842224838814,17.11589529086903,3
205.79371958130542,21.33082600764937,20.418128546307113,3
205.81372091472764,22.576992280553956,21.876985060061237,3
205.83372224814988,24.100398829625572,22.640357364399282,3
205.8537235815721,26.586760467440325,25.937834028438967,3
205.8737249149943,28.559136193688854,28.205624401314463,3
205.89372624841656,30.109404833272915,29.612699408521294,3
205.91372758183877,32.179151048551475,32.8357254937111,3
205.933728915261,35.74659414106981,32.985651073275086,3
205.95373024868323,37.36144055110962,36.280602595114466,3
205.97373158210547,39.5634084335208,36.6499198469866,3
205.9937329155277,41.36508000586544,39.71451242853176,3
206.01373424894993,43.75486688596398,41.80014838746295,3
206.03373558237215,44.23278910712643,46.5732764736662,3
206.0537369157944,49.14975848818797,46.38212766449595,3
206.0737382492166,49.39553896776062,49.82772718234919,3
206.09373958263885,53.63364602369234,51.20207399408713,3
206.11374091606106,54.06234715719211,54.57847577175604,3
206.1337422494833,56.42303381658082,56.85150004659016,3
206.15374358290552,58.4616012312782,56.62726099854787,3
206.17374491632773,60.158308294149556,58.11642969338685,3
206.19374624974998,60.767839769438915,62.49134970513213,3
206.2137475831722,64.23148599615887,62.2003205472208,3
206.23374891659444,65.69069195553713,64.2536036148582,3
206.25375025001665,68.50674534967443,64.96860554169318,3
206.2737515834389,69.14854570146547,65.14317234903942,3
206.2937529168611,70.55619359589926,68.78288750793317,3
206.31375425028335,71.91056803972722,68.95224576988629,3
206.33375558370557,71.44439893029742,70.51254585778699,3
206.3537569171278,73.17725726205279,69.52471794590127,3
206.37375825055003,73.33177030847044,69.5907344470888,3
206.39375958397227,74.47086412883903,71.57829982990778,3
206.41376091739448,75.27564365823724,71.30410750751533,3
206.43376225081673,76.08195775863375,72.72160223449484,3
206.45376358423894,76.83066715738234,71.57494242268875,3
206.47376491766116,75.00101937179521,72.17968362107945,3
206.4937662510834,77.90690102149779,71.73228466926788,3
206.51376758450562,77.22896231309561,70.99284268952476,3
206.53376891792786,76.98424056165699,72.86692013928104,3
206.55377025135007,76.38120792694237,71.98777200157734,3
206.57377158477232,76.60413746258767,71.16957146739186,3
206.59377291819453,75.91840750340064,69.95890650205428,3
206.61377425161677,74.44520294092857,67.19219413200285,3
206.633775585039,73.10243376611484,68.88036764977957,3
206.65377691846123,74.57786770110064,68.60705160105408,3
206.67377825188345,71.14799702517722,66.09182915420473,3
206.6937795853057,71.8319825127338,61.93018500740901,3
206.7137809187279,69.66133617266009,61.56651765129162,3
206.73378225215015,67.71241901290969,61.00788649301504,3
206.75378358557236,65.21234629639869,61.015229238347246,3
206.77378491899458,64.28687044149258,58.589716478734054,3
206.79378625241682,62.55516133767937,56.4011695439862,3
206.81378758583904,59.55685454598206,53.84105813242822,3
206.83378891926128,58.75573686867179,54.012959049002006,3
206.8537902526835,57.12199301552249,49.22600749455897,3
206.87379158610574,54.99617811663853,47.54117694230841,3
206.89379291952795,53.171891718681714,47.44645756128473,3
206.9137942529502,51.17212096109632,45.59819520925555,3
206.9337955863724,49.0181973329284,40.440838045637285,3
206.95379691979466,48.539721048078086,41.91123442613736,3
206.97379825321687,43.64414639321066,37.49559198783976,3
206.9937995866391,43.03835208218721,34.107955678048334,3
207.01380092006133,39.26250957595197,32.68690721647444,3
207.03380225348357,39.62667965635249,29.75485284823835,3
207.0538035869058,36.203695645858296,28.877850786630848,3
207.073804920328,33.2348973305372,26.900975416045043,3
207.09380625375024,31.735444921327765,24.328766319057294,3
207.11380758717246,29.401770558314563,23.040210083766908,3
207.1338089205947,27.530352855680295,20.33936004577535,3
207.15381025401692,26.163506855250063,16.06649643562841,3
207.17381158743916,24.50908501103375,16.528142586773445,3
207.19381292086138,22.52956235731957,15.901523575239185,3
207.21381425428362,19.548694520749486,14.86403137911492,3
207.23381558770583,18.813724484862043,12.243335052711013,3
207.25381692112808,16.84403916007422,10.027088450200491,3
207.2738182545503,12.48889045950337,8.932947402315863,3
207.29381958797254,14.665322891485388,8.303556933504437,3
207.31382092139475,12.82340408621979,7.305407041779361,3
207.333822254817,11.813792434306817,6.010756532858503,3
207.3538235882392,10.898549130094166,4.2843256111243235,3
207.37382492166142,9.248870972897596,3.6078226122497217,3
207.39382625508367,8.744174999806212,3.4129024443531564,3
207.41382758850588,8.512428678094508,4.290439269120904,3
207.43382892192813,10.021151965512,2.946307073938526,3
207.45383025535034,6.636194097471866,1.3540950957362767,3
207.47383158877258,7.237136037665869,2.1380613891356517,3
207.4938329221948,7.067737505857602,1.4903696458333497,3
207.51383425561704,7.559644486543396,4.302960765648309,3
207.53383558903926,7.482928678856217,3.3108478792617877,3
207.5538369224615,6.296480418393955,5.184921168205783,3
207.57383825588371,8.289116249104831,4.380245940326308,3
207.59383958930596,9.986567461085432,3.936474160655128,3
207.61384092272817,11.479770139880795,6.57350485916489,3
207.63384225615042,9.483287624568602,9.699033530690146,3
207.65384358957263,11.694602707852976,8.413947822073789,3
207.67384492299485,12.097832495555323,9.230121566055988,3
207.6938462564171,13.136128275723868,11.495813307871515,3
207.7138475898393,15.992700527977744,10.968019144087508,3
207.73384892326155,14.707040497184448,12.778829683217989,3
207.75385025668376,19.178174800047817,16.050560100438414,3
207.773851590106,20.27641045446159,15.649307340058439,3
207.79385292352822,20.896554354500502,19.70181461148017,3
207.81385425695046,21.544085846806762,21.45452709091251,3
207.83385559037268,23.56292851063771,24.2803952179525,3
207.85385692379492,27.52997809902239,26.435618673721102,3
207.87385825721714,29.186430810693928,28.493887257459406,3
207.89385959063938,30.30980296427223,29.92156362012836,3
207.9138609240616,32.57815424388514,32.30641805528803,3
207.93386225748384,32.95243114272118,35.86512829011608,3
207.95386359090605,37.47347032019065,37.0284372669369,3
207.97386492432827,38.56797837889689,37.953129610271326,3
207.9938662577505,41.49996390234251,39.884993532253716,3
208.01386759117273,44.36132569985575,42.7782754816003,3
208.03386892459497,44.96608616441534,44.35243615754041,3
208.05387025801718,48.42588742475918,45.902710517267465,3
208.07387159143943,49.522021533632206,48.56272597699267,3
208.09387292486164,51.49331614572434,52.90841666813853,3
208.1138742582839,54.15955265841568,52.360067609786924,3
208.1338755917061,56.99254439194066,56.15685570649067,3
208.15387692512834,56.32590381631396,57.08814340661569,3
208.17387825855056,60.38889400913665,58.676209138415835,3
208.1938795919728,62.7433428049482,59.74977837811718,3
208.21388092539502,63.78337189737443,61.05382149802529,3
208.23388225881726,65.09621441517514,62.66121456148443,3
208.25388359223948,66.75040512324381,64.7784729927473,3
208.2738849256617,69.70971724482509,66.92033504122632,3
208.29388625908393,70.66259521285191,67.9320195132481,3
208.31388759250615,69.93649585578382,69.95005165775653,3
208.3338889259284,71.67908584808623,70.81374574422469,3
208.3538902593506,73.42503427650199,70.34579868847365,3
208.37389159277285,74.29656411046439,70.34299033187767,3
208.39389292619506,75.60920664545151,72.67743739758888,3
208.4138942596173,75.27800784137226,73.0059479815653,3
208.43389559303952,78.26456024239091,74.02620049143417,3
208.45389692646177,76.04277611554997,73.6570697172826,3
208.47389825988398,75.79075348376531,71.53537833179482,3
208.49389959330622,75.50702414712343,71.8941456064133,3
208.51390092672844,76.3117981662438,71.89529730588549,3
208.53390226015068,76.23199808098143,73.21167360143266,3
208.5539035935729,75.58027411921792,72.84315382696418,3
208.5739049269951,75.67847748484319,71.18441262615075,3
208.59390626041736,75.43642001407491,71.66820633214732,3
208.61390759383957,76.48310115438363,70.44010202424913,3
208.6339089272618,75.42195132137164,69.09270339190316,3
208.65391026068403,70.6895736406386,66.88731407383452,3
208.67391159410627,72.57594067867599,64.98890102750472,3
208.6939129275285,71.73975017565859,65.11080844974421,3
208.71391426095073,69.29646966619491,63.34811099897195,3
208.73391559437295,66.95089338789828,62.39740061849665,3
208.7539169277952,66.40715619500126,60.818722939802555,3
208.7739182612174,63.94798830440895,56.87789758640021,3
208.79391959463965,63.617547663253276,57.115431860386565,3
208.81392092806186,63.00611845887518,55.58795384508415,3
208.8339222614841,58.80183977939966,50.98207625063423,3
208.85392359490632,57.318216747189034,51.26726381052473,3
208.87392492832853,55.49165290347951,48.101003801971096,3
208.89392626175078,51.747064333310256,47.62232168584871,3
208.913927595173,51.89251064567777,44.924220008070165,3
208.93392892859524,52.12129759095389,40.45635768931709,3
208.95393026201745,46.556477255455455,39.51887245633675,3
208.9739315954397,44.7964789885621,37.64827041050778,3
208.9939329288619,42.338169966834926,34.84123428734629,3
209.01393426228415,40.88349114486767,32.69341227283653,3
209.03393559570637,36.613141913855635,33.02384152573969,3
209.0539369291286,36.897022364082396,30.370939821698705,3
209.07393826255083,32.61462238097982,25.8315398736809,3
209.09393959597307,31.40214377663561,23.626092223028607,3
209.11394092939528,30.586520895211514,23.109890311352093,3
209.13394226281753,25.680220573566658,20.94710132518446,3
209.15394359623974,24.05612449794846,19.51231748003422,3
209.17394492966196,23.67409674227039,15.647611303880186,3
209.1939462630842,20.468529368311255,15.201562342821827,3
209.21394759650642,19.29923560506348,13.985324270319445,3
209.23394892992866,19.241316959446074,13.822209097468233,3
209.25395026335087,17.148071883213024,11.229444089255997,3
209.27395159677312,15.557600676546313,9.35657549878946,3
209.29395293019533,13.889689036057158,7.411400233834584,3
209.31395426361757,11.869756234542168,5.454840492457386,3
209.3339555970398,10.81663513125154,5.9378905523234105,3
209.35395693046203,10.897778650840877,5.658613104502519,3
209.37395826388425,8.00984872627812,5.236191424763806,3
209.3939595973065,9.115192549217902,2.581051913190965,3
209.4139609307287,10.211301661920746,4.744172652992809,3
209.43396226415095,8.009908010218806,1.5679581173259036,3
209.45396359757316,7.181380186726961,0.7483945169118207,3
209.47396493099538,7.471359322333024,3.330282157973968,3
209.49396626441762,6.349212047401952,3.3550409266605854,3
209.51396759783984,10.188207572773985,3.8630374282836226,3
209.53396893126208,5.808533954540956,4.289095617227921,3
209.5539702646843,6.331163348330962,3.382003695435156,3
209.57397159810654,5.767569021347838,3.698287733729157,3
209.59397293152875,9.1514613201622,4.087374518189136,3
209.613974264951,10.310517380058602,8.306328041570158,3
209.6339755983732,8.39617318683502,8.608294691302754,3
209.65397693179546,11.802473912937753,8.488493531687407,3
209.67397826521767,11.301217330422068,10.472823812758675,3
209.6939795986399,13.545812399827474,11.081204319132748,3
209.71398093206213,14.7393998026599,11.582186484212121,3
209.73398226548437,15.443088165379725,13.361896197554069,3
209.7539835989066,19.81007120475895,16.28973098851994,3
209.7739849323288,20.438654800136923,17.794874424834926,3
209.79398626575104,21.571564374960108,20.826111514387865,3
209.81398759917326,24.13538435462949,21.533297514109766,3
209.8339889325955,25.40302316099396,23.878255132288874,3
209.85399026601772,26.114834049213616,24.903108577425115,3
209.87399159943996,28.78547858301458,29.112714208927503,3
209.89399293286218,30.895309183711532,29.390065842799764,3
209.91399426628442,32.13646548511744,30.935448686351503,3
209.93399559970663,34.44733576550584,34.668621878472266,3
209.95399693312888,36.57178512371265,36.34883979648755,3
209.9739982665511,39.37922569577669,38.12875064248373,3
209.99399959997334,40.22584560154703,41.520814738228616,3
210.01400093339555,43.33428816855008,42.83705230998039,3
210.0340022668178,44.896982295523806,45.378057246828796,3
210.05400360024,47.59880396505609,47.122242221315396,3
210.07400493366222,49.35744490700696,47.30785515873848,3
210.09400626708447,51.84436773583552,51.324789657940336,3
210.11400760050668,53.144373373871126,52.19242453741773,3
210.13400893392892,55.40451042823802,55.06850823633493,3
210.15401026735114,57.222100479434275,56.21547147426655,3
210.17401160077338,61.96333360491866,58.35236620002579,3
210.1940129341956,64.04831554448198,60.761379735392005,3
210.21401426761784,62.886934178475116,63.21365933156099,3
210.23401560104006,64.65668174476905,63.028888197745864,3
210.2540169344623,66.73381506515396,64.85974760555685,3
210.27401826788451,67.98066483941419,66.33324996786004,3
210.29401960130676,68.49708243519586,67.18045806467656,3
210.31402093472897,71.20908571704818,71.04260893832775,3
210.33402226815122,71.62560342550798,69.54096120350798,3
210.35402360157343,73.09744432313235,70.45702746930681,3
210.37402493499565,73.57411972854088,71.53348596700957,3
210.3940262684179,75.40011799009298,71.14909873141636,3
210.4140276018401,76.87144647218076,72.95957123377336,3
210.43402893526235,75.9590989105348,71.58776009954165,3
210.45403026868456,77.3719102544735,73.92778905009459,3
210.4740316021068,76.72550191601547,73.0486649462174,3
210.49403293552902,75.58639178342874,74.8991082936783,3
210.51403426895126,76.06985380915557,73.66859551325844,3
210.53403560237348,78.16992443064514,71.89561513336693,3
210.55403693579572,76.94786721764609,70.29060489747717,3
210.57403826921794,77.97885009544643,70.5873214925397,3
210.59403960264018,77.70270327814434,70.56771431109915,3
210.6140409360624,74.82101179451027,68.48065338520298,3
210.63404226948464,73.08323287638196,68.98885700299944,3
210.65404360290685,71.17060764392555,67.05600496496572,3
210.67404493632907,72.91901745318032,65.5566138152628,3
210.6940462697513,69.9456055508135,64.10427676030453,3
210.71404760317353,69.97685992235722,64.33322353338333,3
210.73404893659577,67.70809138833113,61.62170004563335,3
210.75405027001798,67.0160859494854,59.21950671812168,3
210.77405160344023,65.84577813679729,58.071388217418594,3
210.79405293686244,63.42126242808969,57.24817129127778,3
210.8140542702847,63.387122604863066,54.50275871139981,3
210.8340556037069,57.779363108796574,52.21002580280222,3
210.85405693712914,57.49392446092245,50.687283737019555,3
210.87405827055136,57.12846847805792,46.69976234870611,3
210.8940596039736,52.09265122215164,45.666220202600634,3
210.91406093739582,51.5816040007876,43.5003175992648,3
210.93406227081806,49.65728927959322,40.760283348121156,3
210.95406360424028,46.92834183724362,39.731914043318234,3
210.9740649376625,44.771229086187326,37.50848706578188,3
210.99406627108473,43.0104750074249,36.07241096864404,3
211.01406760450695,38.841496818131176,29.835024110187746,3
211.0340689379292,38.31604886510915,31.638762575424447,3
211.0540702713514,34.75229976681836,29.383760986678,3
211.07407160477365,34.4256000975674,26.862288094331372,3
211.09407293819586,30.8261743106912,25.400977984482193,3
211.1140742716181,29.405364843529703,22.961750528327592,3
211.13407560504032,27.493611619583504,20.498504830458888,3
211.15407693846257,27.3610110608676,18.76671338056628,3
211.17407827188478,24.563993963880378,16.517301963651448,3
211.19407960530702,20.969044894975745,15.24534648886414,3
211.21408093872924,20.470886205432475,12.453257092554924,3
211.23408227215148,17.162170824428383,11.41425773132729,3
211.2540836055737,16.74627782662285,10.80863406857343,3
211.2740849389959,13.089133337530516,8.564228610910735,3
211.29408627241816,15.52654361807558,6.930635750690668,3
211.31408760584037,13.696490527201238,7.079222248283414,3
211.3340889392626,10.088514902271593,6.895265327043551,3
211.35409027268483,9.440161830661488,4.37913936262597,3
211.37409160610707,9.85332102558854,3.3803785357870377,3
211.3940929395293,8.405484468402586,2.5233332045470824,3
211.41409427295153,6.679295135323705,4.115996401187475,3
211.43409560637375,8.069651635150224,1.861255754551258,3
211.454096939796,8.35548065825102,3.1624466325894547,3
211.4740982732182,7.004589577195842,2.7271346415916917,3
211.49409960664045,7.2663148453544135,4.246860893563461,3
211.51410094006266,6.4607524964277685,3.5672617314608974,3
211.5341022734849,7.374337716302171,5.124559235650435,3
211.55410360690712,9.380934459147978,5.899188129180432,3
211.57410494032933,7.421887552037635,3.4908704728881554,3
211.59410627375158,8.409120801661848,3.954061017768247,3
211.6141076071738,7.580015201074473,6.736199302064012,3
211.63410894059604,10.265551680096685,9.158429169907977,3
211.65411027401825,12.093093590856082,9.19350671957574,3
211.6741116074405,13.008336251753095,9.762184512205195,3
211.6941129408627,13.172043115213013,11.18897050235081,3
211.71411427428495,13.46621126017622,13.684091560160537,3
211.73411560770717,15.31304309044815,13.679868550370053,3
211.7541169411294,18.759291234603403,14.279206423179193,3
211.77411827455163,20.372319397978877,17.284024851457538,3
211.79411960797387,21.630872197598993,18.603313540210433,3
211.81412094139608,23.41303403169912,20.390110286413112,3
211.83412227481833,23.605549945118156,24.427528455780717,3
211.85412360824054,27.05784288367813,25.256897151570215,3
211.87412494166276,29.008961608953395,27.557439863184808,3
211.894126275085,30.908033847445658,28.859643647399423,3
211.91412760850721,33.48148090721357,32.94852638782605,3
211.93412894192946,34.60845725798605,34.47054177126541,3
211.95413027535167,35.02333468882862,35.42551281497994,3
211.97413160877392,38.309792260084095,40.2950901061257,3
211.99413294219613,41.58284715974351,40.696270069083454,3
212.01413427561837,42.26292480442033,41.20991906387249,3
212.0341356090406,46.52796374720072,44.14642880929856,3
212.05413694246283,47.40961980226185,47.16492028078362,3
212.07413827588505,51.85803902740638,48.199667456775934,3
212.0941396093073,52.2643359724205,52.335581587576385,3
212.1141409427295,53.89800869136017,54.40973648159601,3
212.13414227615175,55.77034771167965,56.16295387776143,3
212.15414360957396,59.13896810795835,55.99910109759141,3
212.17414494299618,60.14247204029921,58.29124890728538,3
212.19414627641842,63.19991053445605,59.63210663839221,3
212.21414760984064,64.41643674674461,61.519021639407036,3
212.23414894326288,65.6831031741791,63.609658225242654,3
212.2541502766851,68.23691249244766,67.58700962480698,3
212.27415161010734,67.03056523734902,67.89906887061005,3
212.29415294352955,68.61907885844016,65.85792164444321,3
212.3141542769518,71.64900386507934,69.6716549538198,3
212.334155610374,72.52562471763022,69.27218168059196,3
212.35415694379626,72.42252809004911,71.00383145378063,3
212.37415827721847,76.1862661217795,69.27942150127697,3
212.3941596106407,74.43345217161428,70.36763457675102,3
212.41416094406293,76.23355252806222,72.20110842667522,3
212.43416227748517,76.6986615337875,71.63675858719886,3
212.4541636109074,75.04611961932018,73.08538415338076,3
212.4741649443296,76.17305567385223,73.03245053381848,3
212.49416627775184,76.4184179005997,73.69768450321935,3
212.51416761117406,79.05428604025474,72.23646747465315,3
212.5341689445963,76.61599351440785,71.79321470816294,3
212.55417027801852,76.21263623967394,71.2882644026005,3
212.57417161144076,76.12759911157131,70.49261853094707,3
212.59417294486298,75.61455565363535,69.15499310845719,3
212.61417427828522,74.54656310211033,70.30592795085985,3
212.63417561170743,72.49774694070177,67.13257634191113,3
212.65417694512968,72.87152584790879,68.57582877024073,3
212.6741782785519,73.51346017980445,65.13583907989754,3
212.69417961197414,70.43544545799492,64.03246331679608,3
212.71418094539635,70.01226765365695,62.73979823673191,3
212.7341822788186,67.04145652776998,61.247386887733974,3
212.7541836122408,67.26709329278584,59.069565858537615,3
212.77418494566302,63.712316472333455,57.4672373505472,3
212.79418627908527,61.75227590280071,57.013715637723024,3
212.81418761250748,61.62473917314752,53.21995551287482,3
212.83418894592972,58.65281223996814,51.636546060646886,3
212.85419027935194,57.357685576121504,52.620431491983304,3
212.87419161277418,56.04701940912227,48.13365153122942,3
212.8941929461964,52.899987259709,45.049857160944725,3
212.91419427961864,51.938971614884885,43.39696321565367,3
212.93419561304086,50.15676572586853,39.399793087787,3
212.9541969464631,45.6312485107558,39.45035854463213,3
212.97419827988531,45.72777356839989,38.44960645906614,3
212.99419961330756,42.90042666602896,33.0378952845006,3
213.01420094672977,39.75663730169174,32.86950876827457,3
213.03420228015202,37.81485014639058,30.33520251236714,3
213.05420361357423,34.540944169077164,29.414525934263438,3
213.07420494699645,34.758584545374106,26.10208571776741,3
213.0942062804187,29.780751696741874,23.80237751356045,3
213.1142076138409,31.328597030151123,21.988073964325114,3
213.13420894726315,27.6040359647652,22.36427252448299,3
213.15421028068536,25.520748749479417,17.00365752073136,3
213.1742116141076,23.630381055920502,17.713343541753908,3
213.19421294752982,22.317326063336125,15.903695054374566,3
213.21421428095206,20.582030671013214,12.211349303401908,3
213.23421561437428,20.098596873293143,11.822349859860322,3
213.25421694779652,15.640533042071256,10.065966341830274,3
213.27421828121874,17.117039817984235,10.100020369633384,3
213.29421961464098,14.045338704400118,7.125778300141432,3
213.3142209480632,13.518690969263451,7.553963067537013,3
213.33422228148544,9.879147120357455,8.241948347128398,3
213.35422361490765,9.884020864500974,5.729493109484922,3
213.37422494832987,8.714870474755575,2.8337940210034382,3
213.3942262817521,9.766056409529273,4.287958074105764,3
213.41422761517433,8.394513468249032,0.1408379023841677,3
213.43422894859657,8.082993547234452,3.6031199288784435,3
213.45423028201878,9.730720066839634,1.7716986807226296,3
213.47423161544103,6.345811612150911,3.9693437671607574,3
213.49423294886324,7.204626422120691,3.3157187107443065,3
213.51423428228549,7.293010274283289,3.905512703362416,3
213.5342356157077,5.19460674183382,3.829463102656782,3
213.55423694912994,8.551287543453162,4.3461299967641684,3
213.57423828255216,8.878120961149293,3.8389990929944675,3
213.5942396159744,7.768204286094486,3.7068271233035786,3
213.61424094939662,8.01057121473626,5.806202195556159,3
213.63424228281886,11.136045101680924,6.828299488337775,3
213.65424361624108,11.650123771532346,9.163926741521182,3
213.6742449496633,12.32414952915102,9.43697833270289,3
213.69424628308553,13.101075258088157,13.007651942050973,3
213.71424761650775,13.512365863160632,12.441696515364821,3
213.73424894993,16.713282818782254,14.761798060186521,3
213.7542502833522,17.045762315951826,17.029171800580784,3
213.77425161677445,21.400763530512343,16.25753708650743,3
213.79425295019666,22.98714219256388,19.743280057163503,3
213.8142542836189,22.211637198802897,23.482680458011682,3
213.83425561704112,23.276154849575793,24.944830356587506,3
213.85425695046337,26.45991466935322,26.106079080596775,3
213.87425828388558,29.00855387287017,26.767993906620173,3
213.89425961730782,30.828744768987733,30.25504245623909,3
213.91426095073004,34.00628327277815,32.36588055119836,3
213.93426228415228,35.29846116791117,34.06167591952121,3
213.9542636175745,37.69540641705067,35.539633343836435,3
213.9742649509967,38.908008668575306,37.037286730795216,3
213.99426628441896,39.62811418752453,43.41331461498277,3
214.01426761784117,43.76406495886137,43.84819253160223,3
214.0342689512634,45.501600319795024,46.44654776823315,3
214.05427028468563,48.57781281754081,46.312402308988005,3
214.07427161810787,49.31208276502639,49.84095429863882,3
214.0942729515301,51.31349970180964,51.7588348961183,3
214.11427428495233,52.806721183565614,53.64791400245441,3
214.13427561837455,59.0548745455929,53.84687296032567,3
214.1542769517968,58.7821474612246,56.18463040793052,3
214.174278285219,60.543767645134125,60.36517562040567,3
214.19427961864125,63.09963557580765,60.38303629267579,3
214.21428095206346,64.38495822979792,63.12073985549613,3
214.2342822854857,65.12236256478651,65.38798940063012,3
214.25428361890792,66.72581845125605,65.16407839801865,3
214.27428495233013,68.68635090114722,67.27211646710731,3
214.29428628575238,71.45690291904197,66.89833672383186,3
214.3142876191746,71.39361074623228,69.77673312740639,3
214.33428895259684,71.77042145071543,70.08825256310142,3
214.35429028601905,72.04737441775131,72.11020608930659,3
214.3742916194413,76.32336999580207,71.53021863291136,3
214.3942929528635,73.08978784929137,71.60166721935215,3
214.41429428628575,74.29754955248072,71.50240606352394,3
214.43429561970797,76.23399547741592,72.39184024492609,3
214.4542969531302,76.62933536262683,72.73619786622474,3
214.47429828655243,76.3515961525542,72.61263983359636,3
214.49429961997467,76.95200783446626,72.55092446294883,3
214.51430095339688,75.68873526380126,70.78617033629381,3
214.53430228681913,77.16319640986323,70.64451513279013,3
214.55430362024134,75.4283442945471,71.94937507038138,3
214.57430495366356,74.53559950994557,71.69692202915265,3
214.5943062870858,75.25874752262578,69.3540432347156,3
214.61430762050801,75.47377764756753,69.15986309020285,3
214.63430895393026,72.58942920025906,66.66115793100263,3
214.65431028735247,73.83407040738429,65.70020952674103,3
214.67431162077472,71.56590641416263,65.37446902412536,3
214.69431295419693,69.47947549629315,63.82950381403877,3
214.71431428761917,67.39689398218408,62.76899348804154,3
214.7343156210414,68.85666533791668,60.79204464486694,3
214.75431695446363,65.0296521376156,59.661590607415896,3
214.77431828788585,65.28765380151533,58.51695464149286,3
214.7943196213081,62.779134575610655,56.02062887490683,3
214.8143209547303,62.158726680980294,56.48010969676592,3
214.83432228815255,59.0253299813756,51.92143353281254,3
214.85432362157476,56.31879265072057,50.31600654575589,3
214.87432495499698,55.35506003408635,47.642671209685275,3
214.89432628841922,52.008149383676376,46.65815349632145,3
214.91432762184144,51.841526220189955,44.299409598544784,3
214.93432895526368,48.36428035355776,39.73841570689143,3
214.9543302886859,48.17317414918068,39.331061597199096,3
214.97433162210814,45.92891989807251,37.01127541947483,3
214.99433295553035,42.52933536105949,35.088775606825536,3
215.0143342889526,39.54714575421251,32.45773901416302,3
215.0343356223748,38.778958616214325,29.625705350148337,3
215.05433695579705,35.943758008720536,29.62670432103148,3
215.07433828921927,34.23704160583723,26.13873520290769,3
215.0943396226415,31.52099140872317,22.96672254679313,3
215.11434095606373,27.65995412229502,21.48742237669871,3
215.13434228948597,27.168381980471107,19.740844494941616,3
215.1543436229082,25.399001806246048,20.571308505023662,3
215.1743449563304,23.50846721862,14.567791538445075,3
215.19434628975264,21.39412831440218,14.976207829046144,3
215.21434762317486,21.5576298857846,13.389848517415663,3
215.2343489565971,19.32894816084794,11.289797641922751,3
215.25435029001932,16.025390362486352,11.063580305989351,3
215.27435162344156,15.466776410476678,8.926531522366773,3
215.29435295686378,15.455127096539663,7.2308622296025975,3
215.31435429028602,13.101010598094422,5.146865658527066,3
215.33435562370823,10.316097386333354,5.5772802371940715,3
215.35435695713048,10.550197925400669,4.527162738093562,3
215.3743582905527,10.104117122404812,5.305517399370552,3
215.39435962397494,10.012104172787318,3.1253242930668543,3
215.41436095739715,8.042964737096183,3.498934822867785,3
215.4343622908194,8.183564585991489,2.431814941083286,3
215.4543636242416,8.341702246850994,3.245311760036047,3
215.47436495766382,6.491945792825973,2.890179447419313,3
215.49436629108607,8.626621349327413,4.319626968981514,3
215.51436762450828,6.886419249355902,3.6853909264324525,3
215.53436895793052,7.937047289815386,3.402467076649894,3
215.55437029135274,8.574053527583136,2.754826670344001,3
215.57437162477498,7.9098949770572,4.500201569264031,3
215.5943729581972,7.820383533377321,4.187363636434124,3
215.61437429161944,10.579331982324053,7.208753170235817,3
215.63437562504166,11.403380020735963,6.737011422902397,3
215.6543769584639,10.19875745034563,9.500802161677294,3
215.67437829188611,12.216204507566733,10.048266265763697,3
215.69437962530836,13.276931047387302,10.041750002560281,3
215.71438095873057,15.347545430945312,14.195151935545919,3
215.73438229215282,16.31970961001839,15.007001377917012,3
215.75438362557503,16.997687166366536,16.769779419294686,3
215.77438495899725,19.22692879307067,19.42124860100823,3
215.7943862924195,20.36997932059961,18.293983859806087,3
215.8143876258417,23.459840096872696,23.512737350914215,3
215.83438895926395,23.710408164672877,23.78844427379509,3
215.85439029268616,27.226133941912988,25.6075632130931,3
215.8743916261084,27.468400202318268,27.176537596609016,3
215.89439295953062,29.687804234024973,29.884592005038122,3
215.91439429295286,33.30111728075493,33.79903766463899,3
215.93439562637508,34.158146661359346,32.63996410103212,3
215.95439695979732,36.87374014666289,38.126267976473336,3
215.97439829321954,37.354106966115395,39.129635247610885,3
215.99439962664178,41.237985633178965,40.20675334256944,3
216.014400960064,45.19873802965831,41.92306066764097,3
216.03440229348624,46.030881670433125,45.46929787019756,3
216.05440362690845,49.13542741998828,48.34180754559261,3
216.07440496033067,50.35507304954266,49.077089413303575,3
216.0944062937529,52.02081199591104,50.173104280287895,3
216.11440762717513,53.961846295936844,53.291532371000564,3
216.13440896059737,57.781198617002175,55.92322753631886,3
216.15441029401958,57.27722298055123,55.67387081058663,3
216.17441162744183,60.99222654762094,58.655408249420546,3
216.19441296086404,61.78179412196805,60.481472663569875,3
216.21441429428629,63.99942140406632,62.23685900738463,3
216.2344156277085,65.20242454902326,63.34030226117464,3
216.25441696113074,66.26251279539473,65.84672188517347,3
216.27441829455296,68.90447392564388,66.66587940803463,3
216.2944196279752,68.0015205964117,70.59052421338163,3
216.31442096139742,71.69093961303379,68.65023177758044,3
216.33442229481966,72.69934505731135,69.66578481109376,3
216.35442362824188,75.53089133408993,70.90217033926247,3
216.3744249616641,74.80774673199384,70.72908899784724,3
216.39442629508633,76.60711798672757,72.5044050359122,3
216.41442762850855,75.72666800871245,73.51441659437347,3
216.4344289619308,74.09384254667711,73.07908642265068,3
216.454430295353,77.47710422506407,73.56612039578032,3
216.47443162877525,75.99720774979257,71.24142010016283,3
216.49443296219746,78.34980813562659,71.29373670213653,3
216.5144342956197,77.90440782094811,70.74062832360708,3
216.53443562904192,77.07257131272222,71.23765119661836,3
216.55443696246417,76.33433083428578,71.82343347239427,3
216.57443829588638,75.58753108395875,69.5993955246039,3
216.59443962930862,75.2366335573247,69.9242347772264,3
216.61444096273084,74.57467235490006,68.35013313591033,3
216.63444229615308,73.4648725284519,69.66967004444024,3
216.6544436295753,72.96103200332607,66.65352825941059,3
216.6744449629975,72.62700089084221,67.20962724560117,3
216.69444629641976,70.67534284236528,64.66254179187777,3
216.71444762984197,68.67660099102885,61.896696513426406,3
216.7344489632642,67.55993524238636,62.25148783121371,3
216.75445029668643,66.95664076563564,60.01312290285077,3
216.77445163010867,63.596815422778086,58.684679849649925,3
216.7944529635309,63.6863373664073,56.543642075315695,3
216.81445429695313,61.272357861778865,54.0422013071805,3
216.83445563037534,59.79246028095284,51.180426294930975,3
216.8544569637976,58.26267859786053,49.61754196341551,3
216.8744582972198,57.01529097806386,50.52547977997698,3
216.89445963064205,52.99945416485442,45.808719904129276,3
216.91446096406426,52.027436322297724,43.918803093564975,3
216.9344622974865,47.30850932350157,42.541178400559545,3
216.95446363090872,46.892066198242965,38.08598423802007,3
216.97446496433093,44.98394442215025,37.9581146404966,3
216.99446629775318,42.663816875750875,35.65273729666828,3
217.0144676311754,41.72824833323294,31.778964821883264,3
217.03446896459764,36.00123829231794,31.284989884972568,3
217.05447029801985,36.388468709453846,28.615799874009987,3
217.0744716314421,32.86103971795496,24.95045738784672,3
217.0944729648643,32.10298262017361,23.423797407109888,3
217.11447429828655,30.029305700763675,22.90782813121463,3
217.13447563170877,27.49743954009406,21.601333309111325,3
217.154476965131,27.0774798480249,18.703381384253305,3
217.17447829855323,23.202077982548477,16.75335658098706,3
217.19447963197547,22.367550283178662,13.762544091390533,3
217.21448096539768,19.685908735241984,14.92531362023477,3
217.23448229881993,18.518694535110296,11.375047847219106,3
217.25448363224214,15.911806442672201,11.245107966035086,3
217.27448496566436,15.729762702696187,7.4641073245901985,3
217.2944862990866,14.14815961312321,8.980199717600634,3
217.31448763250881,12.412578789794512,6.541860439014951,3
217.33448896593106,14.138080256449141,3.9361469718553286,3
217.35449029935327,10.623812462964084,3.1131334383993665,3
217.37449163277552,11.293483108592438,6.218552940506431,3
217.39449296619773,6.774253925865388,4.432459132837637,3
217.41449429961997,8.294577221999239,1.4922924140361014,3
217.4344956330422,11.516851705923957,3.5916195464927956,3
217.45449696646443,7.864029428598777,4.010865571855986,3
217.47449829988665,8.383439955912051,3.5166272386572155,3
217.4944996333089,5.4220889336764255,3.2475388829055953,3
217.5145009667311,7.610125767979498,3.6918253527565774,3
217.53450230015335,8.755308021803625,5.168580793869316,3
217.55450363357556,8.335432352216703,4.432731168063,3
217.57450496699778,8.853151700738684,3.865013443122736,3
217.59450630042002,7.9818330436262315,5.9590658935830625,3
217.61450763384224,10.262775591685891,7.604633766801897,3
217.63450896726448,8.835635587156322,8.570308810825994,3
217.6545103006867,11.045552418657314,9.230582895795683,3
217.67451163410894,13.843451270850899,10.06871905414334,3
217.69451296753115,14.306046441082241,11.883000423265269,3
217.7145143009534,15.200647821527921,11.835075505108593,3
217.7345156343756,15.83026101419339,14.085855178323413,3
217.75451696779785,19.387610216943955,15.749675271352796,3
217.77451830122007,17.665997281298733,17.399438286233988,3
217.7945196346423,20.77251503257121,20.484525955640017,3
217.81452096806453,22.199701318591742,22.075666880425885,3
217.83452230148677,23.610838801917716,23.54020779155245,3
217.854523634909,25.61474881003707,25.631230681085306,3
217.8745249683312,29.8754567014842,27.999382078197346,3
217.89452630175344,30.04478454047012,28.916748743462904,3
217.91452763517566,31.65180201083849,32.546788492556836,3
217.9345289685979,35.78314565488253,33.42989040328898,3
217.95453030202012,36.95723838070339,34.92209273289215,3
217.97453163544236,40.64763246002348,36.80710933014015,3
217.99453296886458,43.03553198978908,39.95451414306739,3
218.01453430228682,44.60290400501034,43.2695724696329,3
218.03453563570903,45.03755601045676,45.75229883409762,3
218.05453696913128,50.30942788773086,47.37534819351816,3
218.0745383025535,50.01512412896373,50.116452494213526,3
218.09453963597574,50.50014764404986,51.403325069956075,3
218.11454096939795,53.48174098675041,54.53866420732872,3
218.1345423028202,55.25731473609627,53.29514581822856,3
218.1545436362424,57.281385785701104,56.57404147312835,3
218.17454496966462,60.39458665769311,59.41044241284354,3
218.19454630308687,61.01363408765871,60.47531263881205,3
218.21454763650908,63.60710204255238,63.42519971127132,3
218.23454896993132,64.98466672251426,64.53218180753714,3
218.25455030335354,67.97787262461678,65.071427576718,3
218.27455163677578,68.03114300569396,65.94533999470265,3
218.294552970198,68.03921054093193,67.56051041455106,3
218.31455430362024,72.00524829799583,68.25198592769001,3
218.33455563704246,72.63614549592532,70.52441518719007,3
218.3545569704647,76.07248125153659,70.70890765035772,3
218.37455830388691,72.94436140127057,70.40019263449656,3
218.39455963730916,74.29182941237347,70.68420076122617,3
218.41456097073137,76.45974850263245,72.03434060209295,3
218.43456230415362,75.36752794994561,72.37361813740576,3
218.45456363757583,76.46400136378875,72.4940772927504,3
218.47456497099805,77.99736510289495,75.1891711378453,3
218.4945663044203,77.33895227888264,72.23554849929741,3
218.5145676378425,76.33391309727449,74.18664311831182,3
218.53456897126475,76.54245643761914,70.26755768524208,3
218.55457030468696,76.6242973411527,71.44004679421987,3
218.5745716381092,76.26610800632324,70.87959268256529,3
218.59457297153142,75.18735260250226,70.17342474790203,3
218.61457430495366,72.68740095876689,69.68268591854533,3
218.63457563837588,73.97114342732038,69.48560907357734,3
218.65457697179812,73.13453711303212,66.27089143737122,3
218.67457830522034,70.78500019279572,67.80519523254621,3
218.69457963864258,69.55209081553538,63.091623188662254,3
218.7145809720648,69.48464350231076,63.81472723758354,3
218.73458230548704,67.85217002841829,62.35992060478305,3
218.75458363890925,67.29504312303214,59.9452862225473,3
218.77458497233147,63.27880473294372,57.327888616186414,3
218.7945863057537,63.40521336481915,57.72776229382287,3
218.81458763917593,61.659103084264295,54.14220271295554,3
218.83458897259817,59.66770054255011,50.911135009641335,3
218.85459030602038,56.857586995513465,49.28174189304474,3
218.87459163944263,56.952943931918504,47.459292666502115,3
218.89459297286484,52.5765622360764,44.615718883693134,3
218.91459430628709,49.8070262031047,43.85973733487679,3
218.9345956397093,50.62036916341391,41.07471732101514,3
218.95459697313154,47.67914409472501,40.861251799679536,3
218.97459830655376,44.942873971151364,36.76703465640833,3
218.994599639976,42.584537021414484,33.65073708805886,3
219.01460097339822,41.151779459321695,32.66881681306016,3
219.03460230682046,38.28537833251226,31.0421140722789,3
219.05460364024268,36.02227353820073,29.706637494641317,3
219.0746049736649,34.62048187548706,24.62341565365818,3
219.09460630708713,33.13833691460137,24.501273023036887,3
219.11460764050935,30.17292622436248,22.869869418598253,3
219.1346089739316,27.117979692802187,20.68261414743025,3
219.1546103073538,25.281373441219852,19.0843136042074,3
219.17461164077605,24.26300604381924,17.46484848652445,3
219.19461297419826,21.463869595642077,15.559859923669906,3
219.2146143076205,20.143660476022312,13.931389094212992,3
219.23461564104272,19.010874896424113,12.711649047786436,3
219.25461697446497,16.604238165249896,11.532141384177091,3
219.27461830788718,15.231407922139356,9.02446360050988,3
219.29461964130942,14.185453328281524,7.306912045205154,3
219.31462097473164,13.014803078911564,6.790424082110708,3
219.33462230815388,11.83151772169182,5.884558357521864,3
219.3546236415761,9.60276270007351,5.581908009103034,3
219.3746249749983,10.27720298631053,4.297135114116266,3
219.39462630842056,9.636844697015269,2.4220907395513103,3
219.41462764184277,7.950499343482624,4.139620427627899,3
219.434628975265,8.088934649231486,2.6860735274139964,3
219.45463030868723,8.686476995437786,3.3943803141077753,3
219.47463164210947,7.393068112644692,3.156077520091353,3
219.4946329755317,6.024615400941576,2.727212765750098,3
219.51463430895393,4.193296627428452,4.0870893034683045,3
219.53463564237614,5.297623763858282,3.598005933865503,3
219.5546369757984,6.719298772752209,3.032280201280688,3
219.5746383092206,7.590576000180709,6.604065186574153,3
219.59463964264285,8.037461298599851,7.09833305292287,3
219.61464097606506,8.172688960450666,6.477452737364763,3
219.6346423094873,10.023920507398966,8.32417339838619,3
219.65464364290952,10.13370319546288,7.994596378717073,3
219.67464497633173,9.586302984560078,10.045194926094094,3
219.69464630975398,13.584829357661045,12.821426217560637,3
219.7146476431762,14.377368049344987,11.54946427121289,3
219.73464897659844,15.082431292913139,13.41929060770571,3
219.75465031002065,19.452745093627854,17.402374246634857,3
219.7746516434429,18.90775892165777,17.735455075691295,3
219.7946529768651,20.774427723553806,19.025809720861393,3
219.81465431028735,20.97483003290481,22.102300112072985,3
219.83465564370957,23.693770380096975,23.469543311746527,3
219.8546569771318,26.970681991940587,26.42160212357318,3
219.87465831055403,29.26634929228646,26.458602544361366,3
219.89465964397627,29.01045600944734,28.89097551384875,3
219.91466097739848,32.893517691090786,30.89538176210269,3
219.93466231082073,34.37601455766924,33.859872190410265,3
219.95466364424294,36.11632465149268,36.29826585297645,3
219.97466497766516,37.76141823469818,36.239344594944825,3
219.9946663110874,41.728070752270376,40.87317889551786,3
220.01466764450961,45.14816541289429,44.537806522307996,3
220.03466897793186,44.758764473533105,45.8827382205619,3
220.05467031135407,48.54223838913799,47.04456870528073,3
220.07467164477632,48.231537275326914,47.74930084155668,3
220.09467297819853,51.01000161120696,52.5004058605572,3
220.11467431162077,53.063778633986466,53.60244321830541,3
220.134675645043,55.73070414039586,54.2666385991871,3
220.15467697846523,58.77488877940626,54.839884807106756,3
220.17467831188745,61.53960271305616,59.421587347566266,3
220.1946796453097,63.35061777668531,59.23832567958572,3
220.2146809787319,63.31312877826563,61.58491047203816,3
220.23468231215415,65.39169173342238,63.756602730551855,3
220.25468364557636,66.47987459481479,65.72692589498114,3
220.27468497899858,68.03241118522588,66.01628478220978,3
220.29468631242082,70.33504225694527,69.83131754985014,3
220.31468764584304,71.11219138218978,69.13552359088791,3
220.33468897926528,74.82808305117452,69.69868313644497,3
220.3546903126875,73.78823171292147,72.0992776332033,3
220.37469164610974,75.11345778965061,72.31951695966535,3
220.39469297953195,74.01160238591291,71.24457517825124,3
220.4146943129542,77.6587142074652,69.97782087461935,3
220.4346956463764,75.90716318783664,74.98670489035528,3
220.45469697979865,76.05125431898892,73.40011589338394,3
220.47469831322087,77.45813185580238,73.57793868871255,3
220.4946996466431,77.81709889725873,73.04859344733222,3
220.51470098006533,77.14707108592195,72.07048005904801,3
220.53470231348757,75.79068741987925,71.66781964249783,3
220.5547036469098,76.77339999926758,71.88081131032946,3
220.574704980332,74.68269651970628,71.08925382775521,3
220.59470631375424,76.38327601633559,69.99712594204195,3
220.61470764717646,75.47403006896066,70.10128633326507,3
220.6347089805987,73.88979165580942,68.6850590560412,3
220.65471031402092,74.23524533672662,67.58347909728793,3
220.67471164744316,71.85347996042583,66.75052356247086,3
220.69471298086538,69.81155730050718,64.67128547322807,3
220.71471431428762,70.20890088948036,62.1749082454698,3
220.73471564770983,66.67815374119714,60.68511779072693,3
220.75471698113208,67.0091729500515,59.01287704367734,3
220.7747183145543,65.51949573961348,58.68847110067109,3
220.79471964797654,63.32380218815581,55.0393432818529,3
220.81472098139875,59.73521232337391,54.300699530404735,3
220.834722314821,58.491598789376326,52.28543307291255,3
220.8547236482432,56.436078430618764,49.53969169376513,3
220.87472498166542,52.617159994831816,48.6714899507706,3
220.89472631508767,54.5051041864896,46.425057369737004,3
220.91472764850988,50.68705348517478,42.05223870354788,3
220.93472898193212,50.60249324467905,42.6417929533582,3
220.95473031535434,46.01994720395646,39.35484910311025,3
220.97473164877658,45.467621122097874,37.35559506245896,3
220.9947329821988,41.9328803091625,33.72798898793339,3
221.01473431562104,39.88698383428525,31.275187115050116,3
221.03473564904326,37.84069520999262,30.944029156674734,3
221.0547369824655,37.397916528494726,28.416711000744634,3
221.0747383158877,33.96970166798128,26.33804822845574,3
221.09473964930996,32.60308065739851,23.818432612593373,3
221.11474098273217,28.504739708874002,21.568246901803033,3
221.13474231615442,27.37871332037179,19.10444933758254,3
221.15474364957663,25.225646666635384,17.78674337286042,3
221.17474498299885,24.23980006142868,17.144925513922033,3
221.1947463164211,21.42631794460199,13.762326699237041,3
221.2147476498433,17.831665370981643,14.552171257228768,3
221.23474898326555,17.146937791109067,11.596105282357291,3
221.25475031668776,18.218119582579046,9.856857301904832,3
221.27475165011,15.483514072643038,6.086259739786141,3
221.29475298353222,14.439360374925066,7.0381062125500655,3
221.31475431695446,12.44400699567014,7.247257993453298,3
221.33475565037668,12.12197039004349,4.969031631171912,3
221.35475698379892,11.896917191481712,4.753762466503738,3
221.37475831722114,8.940099329202091,2.831655024007587,3
221.39475965064338,10.425181592876694,2.3565768814085457,3
221.4147609840656,6.401221506674984,2.6059717036410355,3
221.43476231748784,7.257342697939474,2.873333147843683,3
221.45476365091005,8.469286033586513,2.8956741312279113,3
221.47476498433227,6.584949750034976,0.9589651423784376,3
221.4947663177545,6.260109022814685,2.7082172150098525,3
221.51476765117673,7.19909455630279,3.656143149703834,3
221.53476898459897,7.561330456711529,3.291273020395676,3
221.55477031802118,8.42730579106936,3.342977018974825,3
221.57477165144343,7.140501699413386,7.701209486017865,3
221.59477298486564,7.602866161607927,5.025169346060699,3
221.61477431828789,8.208796233464891,7.043961688947512,3
221.6347756517101,8.233544213219838,8.860491502072781,3
221.65477698513234,9.647911985190094,9.032720512024916,3
221.67477831855456,12.829179663428413,11.53157004755517,3
221.6947796519768,12.692779855692441,10.869814029993558,3
221.71478098539902,15.99220896445323,10.91969009819727,3
221.73478231882126,14.127796915233004,14.101458821254871,3
221.75478365224347,17.438966718323762,15.711583168732083,3
221.7747849856657,19.129456015749575,17.785613291669616,3
221.79478631908793,20.096776331515876,19.17220833161726,3
221.81478765251015,23.32304542734605,21.35090756105936,3
221.8347889859324,25.67961345999493,22.676344630229995,3
221.8547903193546,25.97281938691549,24.647390069378794,3
221.87479165277685,29.478125257256224,27.697899143431236,3
221.89479298619906,30.499435393440773,31.834175684463904,3
221.9147943196213,33.33694032856332,31.545578218816598,3
221.93479565304352,36.038501935832,33.57054483991228,3
221.95479698646577,36.89463167452998,36.62345208326096,3
221.97479831988798,40.44146943037119,39.34356160014808,3
221.99479965331022,41.849782980713236,41.90639392783462,3
222.01480098673244,43.56889522107498,41.65587448277658,3
222.03480232015468,45.62369351765036,45.80945792596515,3
222.0548036535769,47.713832180452044,49.00251402846008,3
222.0748049869991,48.459404776670006,50.56209002596544,3
222.09480632042136,52.297750421923816,51.425114268270256,3
222.11480765384357,54.434010826635614,51.99507905014702,3
222.1348089872658,57.20499129350359,54.95864260610312,3
222.15481032068803,58.381162926836794,57.53102831733595,3
222.17481165411027,61.798546155044775,58.90864875958311,3
222.1948129875325,62.68996147217174,60.24926024344258,3
222.21481432095473,65.18186134502257,61.61897828542881,3
222.23481565437694,66.55391709000405,63.817032633871925,3
222.2548169877992,66.15871740585578,65.87693901325353,3
222.2748183212214,67.14229882296848,66.6467913444759,3
222.29481965464365,70.96915638382013,67.08470823238682,3
222.31482098806586,70.60062533314549,68.57448230393713,3
222.3348223214881,72.27427791458035,68.73669786227744,3
222.35482365491032,73.20533586669144,70.60856829385943,3
222.37482498833253,74.49055187232256,71.73110683770871,3
222.39482632175478,75.56507123200619,72.73667750756204,3
222.414827655177,77.72376528973625,73.28322882634663,3
222.43482898859924,73.57197097251576,72.48642480267752,3
222.45483032202145,75.94920732395047,72.37451796469233,3
222.4748316554437,76.57983120432691,70.66721123892891,3
222.4948329888659,76.9881283606968,72.17070322996864,3
222.51483432228815,77.69376146020669,73.42485820143078,3
222.53483565571037,75.37310308284009,73.54203575168988,3
222.5548369891326,75.29321543933564,71.66654072309571,3
222.57483832255483,75.03614743542997,70.93603645326225,3
222.59483965597707,74.15554010761792,69.81877133715892,3
222.61484098939928,73.80115824793575,70.1967410369752,3
222.63484232282153,75.71749401073974,69.1269347389103,3
222.65484365624374,73.09399427477327,67.28017515226905,3
222.67484498966596,73.59773267665268,65.98934579759928,3
222.6948463230882,71.74840269333176,62.285281864325285,3
222.71484765651041,68.17756370074703,62.594187013172636,3
222.73484898993266,67.59400344851872,59.79642103124604,3
222.75485032335487,66.0050166922581,60.83017408361038,3
222.77485165677712,63.81725426691591,58.274244457977794,3
222.79485299019933,63.4826050907724,56.63893955699388,3
222.81485432362157,59.58379190685552,56.313743137824524,3
222.8348556570438,58.98691759597738,50.21019472187948,3
222.85485699046603,58.11736338937143,49.400977457234546,3
222.87485832388825,57.17579267492316,49.60847491952833,3
222.8948596573105,55.2390977972429,46.699238665268396,3
222.9148609907327,51.18154047979305,42.21816061625403,3
222.93486232415495,47.954313952728555,42.302898685003974,3
222.95486365757716,45.724489972366044,38.98886054826204,3
222.97486499099938,46.31913898251136,36.957421644895895,3
222.99486632442162,42.83694932806399,33.12945338885308,3
223.01486765784384,39.90171669132281,33.21233879898058,3
223.03486899126608,38.179549697009776,32.15735700550811,3
223.0548703246883,36.49415141479877,27.64618130178355,3
223.07487165811054,33.865921020313465,26.202572342789733,3
223.09487299153275,33.000845635698916,22.19892360943234,3
223.114874324955,29.005305058923145,21.597433541953503,3
223.1348756583772,28.328314036631237,20.263620422324937,3
223.15487699179945,23.789965019603038,17.405832814267875,3
223.17487832522167,21.874053024691037,18.266749228543507,3
223.1948796586439,21.409411082222366,15.097143649874429,3
223.21488099206613,19.788951490635558,13.419436647908338,3
223.23488232548837,18.990376561238307,11.513728973145833,3
223.2548836589106,16.129128215885054,9.893571524493211,3
223.2748849923328,14.865511936681756,10.361798412863184,3
223.29488632575504,14.125958497189787,7.8833303592391815,3
223.31488765917726,12.237632601828922,6.51714544469621,3
223.3348889925995,12.404569115081665,5.750652351725159,3
223.35489032602172,10.046813088180722,4.968854195351546,3
223.37489165944396,10.051877015810158,3.836147752814328,3
223.39489299286618,9.16388774890482,3.034138615357525,3
223.41489432628842,9.85480348078473,3.3984857036351013,3
223.43489565971063,7.625225637844336,3.294971866601315,3
223.45489699313288,5.6707500897042475,3.6859968349684196,3
223.4748983265551,8.250082580155109,4.329662263940008,3
223.49489965997734,7.689402413024331,2.2716582653943274,3
223.51490099339955,8.61580938530202,2.130714144420823,3
223.5349023268218,8.392677332854724,5.6780958367739025,3
223.554903660244,7.495804299913828,4.836339201858912,3
223.57490499366622,9.524531324687628,2.9903308851491213,3
223.59490632708847,7.8638831494982755,4.734871997467248,3
223.61490766051068,10.006813805236536,4.875881097727213,3
223.63490899393292,11.37651734493994,7.653746373001077,3
223.65491032735514,11.578533263505081,8.250498030002433,3
223.67491166077738,11.974779268647346,9.153540984608227,3
223.6949129941996,13.49330415971756,9.740504113951351,3
223.71491432762184,15.500159447545686,12.546213914068003,3
223.73491566104406,16.516692138014623,14.843392589731295,3
223.7549169944663,18.214555260184753,16.09649395731493,3
223.7749183278885,18.051886348053998,19.02765370587903,3
223.79491966131076,21.188703701431614,20.388861584831893,3
223.81492099473297,21.94616392957105,21.470578872694183,3
223.83492232815522,25.836693426691618,22.934626331593456,3
223.85492366157743,27.302330375933384,25.06714824335156,3
223.87492499499965,28.218343512897565,28.461773246681435,3
223.8949263284219,28.783923944632797,29.859229038846472,3
223.9149276618441,33.11621433662465,35.06086297137031,3
223.93492899526635,37.064532625803515,33.85000550071775,3
223.95493032868856,33.62371736830976,35.993295269329884,3
223.9749316621108,39.06679652491232,38.32558508556309,3
223.99493299553302,42.065723337910825,41.560779214715154,3
224.01493432895526,43.557680215105634,43.285036580127205,3
224.03493566237748,45.54217116508226,47.44989691434764,3
224.05493699579972,47.25115821311843,48.60493946337499,3
224.07493832922194,51.49685980530448,48.53196302698466,3
224.09493966264418,51.64449257237947,52.127554408650845,3
224.1149409960664,54.782639126008604,55.062373877139514,3
224.13494232948864,55.717215166974604,55.65558250496609,3
224.15494366291085,58.19526191708415,56.47527874130305,3
224.17494499633307,61.244180735870934,59.45329549775689,3
224.1949463297553,61.23120831425972,60.11071203842929,3
224.21494766317753,63.21176170829985,61.851194295247986,3
224.23494899659977,65.69525573386215,62.17702974023174,3
224.25495033002198,68.60545038683391,63.84997126407005,3
224.27495166344423,67.73682345134551,65.73506964874991,3
224.29495299686644,69.31939780615335,67.9226636919264,3
224.31495433028869,69.48128883899133,68.86646277131157,3
224.3349556637109,74.15226896232247,68.28704483639373,3
224.35495699713314,73.86921344734627,70.5484591220101,3
224.37495833055536,74.72707997433591,70.92848702845967,3
224.3949596639776,74.776806156622,70.99068279956077,3
224.41496099739982,75.47667648947598,71.58025402382614,3
224.43496233082206,75.30298000721662,71.41376495491909,3
224.45496366424427,75.7223442930569,71.6957717290412,3
224.4749649976665,77.96249907836633,72.43022226889074,3
224.49496633108873,76.172019049739,74.97044681138064,3
224.51496766451095,77.83378225760309,72.62624912300016,3
224.5349689979332,76.81515510322119,71.42648155409366,3
224.5549703313554,77.0439401889611,70.5325399026215,3
224.57497166477765,77.66862965001975,72.08097234452651,3
224.59497299819986,76.6405139866346,70.12174580798205,3
224.6149743316221,74.83832440114398,68.51174891345437,3
224.63497566504432,74.83655046912254,68.92980562068804,3
224.65497699846657,72.86848756979043,66.321680061258,3
224.67497833188878,70.9122605877353,66.78282923876081,3
224.69497966531102,69.07033329257709,63.53507219860246,3
224.71498099873324,68.25485927127752,64.61626934078407,3
224.73498233215548,69.0279107276654,60.51687235282604,3
224.7549836655777,66.36244784558949,59.555366240267105,3
224.7749849989999,66.46641283254363,57.65645251151343,3
224.79498633242216,62.38609778682273,55.7482635526445,3
224.81498766584437,61.19274493178146,54.48430973403637,3
224.8349889992666,56.83233912225335,52.38166389854038,3
224.85499033268883,57.22343262084347,49.82126810595895,3
224.87499166611107,54.32541097054322,46.69911311763714,3
224.8949929995333,52.86714320834022,44.77486834152177,3
224.91499433295553,53.632904279010184,44.49653715963594,3
224.93499566637774,49.56047985524367,42.7593056072261,3
224.9549969998,47.44713776195046,37.929792969018166,3
224.9749983332222,42.324340215485286,37.61745855532647,3
224.99499966664445,42.860698165339876,33.60943013964745,3
225.01500100006666,40.90636440277054,32.342021975178994,3
225.0350023334889,39.439234221108414,30.000071801123163,3
225.05500366691112,35.62075637448655,27.415111763630414,3
225.07500500033333,32.98951510135153,27.32033357386496,3
225.09500633375558,31.361674078585857,25.958437217289113,3
225.1150076671778,30.013530776181955,23.285146146042702,3
225.13500900060004,28.66672175632479,20.5595608023071,3
225.15501033402225,24.00896903194121,18.056840568570006,3
225.1750116674445,23.467170633428804,16.019927373796712,3
225.1950130008667,21.019089368701845,14.064229430083524,3
225.21501433428895,20.27744319730054,12.087202751321305,3
225.23501566771117,17.287060985156735,11.408611820280946,3
225.2550170011334,16.83180381461475,12.512900050250535,3
225.27501833455563,13.274435428610174,10.799756161144979,3
225.29501966797787,13.6777096217121,9.387088331419736,3
225.31502100140008,12.343749741439323,4.960266135975589,3
225.33502233482233,13.20014214128795,6.007905202189214,3
225.35502366824454,12.257995431257324,3.2754349212180878,3
225.37502500166676,9.803485356722556,5.134008844953934,3
225.395026335089,8.696725480943718,6.674401455630185,3
225.41502766851121,10.110430273836167,3.7933945744173383,3
225.43502900193346,8.646314688469213,3.7113169523144585,3
225.45503033535567,5.910891860429281,2.883997736772684,3
225.47503166877792,7.342235858643823,2.310761862281829,3
225.49503300220013,7.79092029631447,2.7330237926756205,3
225.51503433562237,6.347133284010559,2.825778190499038,3
225.5350356690446,7.878755379921106,4.7868633937121805,3
225.55503700246683,7.570609678670818,4.465778451761441,3
225.57503833588905,7.586547257289675,3.3152522011582706,3
225.5950396693113,8.245625934180017,5.333353767444852,3
225.6150410027335,9.223698643610367,5.9418529334859285,3
225.63504233615575,10.152473739470489,6.785067710187175,3
225.65504366957796,11.208780208271655,7.708050561146083,3
225.67504500300018,14.204322594228385,11.11332892034118,3
225.69504633642242,12.256374750489304,10.59304560385525,3
225.71504766984464,16.423138794676984,12.069844950647122,3
225.73504900326688,16.59790342348008,13.842815072212728,3
225.7550503366891,17.145121252356983,15.184880860815285,3
225.77505167011134,19.688570882982727,17.745840558194043,3
225.79505300353355,20.89871213708242,20.091311581990833,3
225.8150543369558,22.89114660845255,23.105035965766305,3
225.835055670378,24.29427360731468,25.0498581454575,3
225.85505700380025,27.634137416992946,25.013801147460654,3
225.87505833722247,29.420529841051174,28.78446119616308,3
225.8950596706447,32.3405904228529,28.8989311012645,3
225.91506100406693,32.00635480019657,32.1840962921592,3
225.93506233748917,35.32086100834721,34.76450849678739,3
225.9550636709114,36.84086925647268,37.94627423113276,3
225.9750650043336,38.989337675089,40.78263232418279,3
225.99506633775584,40.96659159889842,41.38430887721368,3
226.01506767117806,42.458079071785555,43.051177232491085,3
226.0350690046003,46.35028048854258,45.01340082162138,3
226.05507033802252,47.307926836781675,45.395541269187575,3
226.07507167144476,49.03542553650084,50.91774532735403,3
226.09507300486698,51.73858756807777,51.63517465410447,3
226.11507433828922,56.052461377671996,53.28761036103031,3
226.13507567171143,57.296633557529304,57.669847354037174,3
226.15507700513368,59.32584532816636,56.48913918609664,3
226.1750783385559,60.48994295824403,59.240565634297774,3
226.19507967197814,63.82476221173815,61.103389016432956,3
226.21508100540035,63.50824265508871,62.634731866829966,3
226.2350823388226,63.496497220854096,64.7336114962496,3
226.2550836722448,66.8173980311112,64.40545003633959,3
226.27508500566702,67.3799960544907,67.86257708261854,3
226.29508633908927,68.09181157038867,68.25771918171888,3
226.31508767251148,70.61843617799119,69.75528828593207,3
226.33508900593372,72.21534497009478,70.05002190977811,3
226.35509033935594,73.99765582026758,70.33811734886162,3
226.37509167277818,74.6818640334666,69.26593347980005,3
226.3950930062004,76.43523473314787,72.81005072561963,3
226.41509433962264,75.5395595361637,71.38492473134716,3
226.43509567304486,75.90910839661701,73.23723895967085,3
226.4550970064671,77.93485631900315,70.89651992920835,3
226.4750983398893,74.19699073116448,72.27095626289318,3
226.49509967331156,76.07855245477222,74.23519912021901,3
226.51510100673377,76.50455326395374,71.06395868050566,3
226.53510234015602,79.15603316757978,71.25062440695947,3
226.55510367357823,75.43940322148592,70.913797212689,3
226.57510500700045,75.6427870940626,71.00149497754994,3
226.5951063404227,75.01202763793445,69.63656567465577,3
226.6151076738449,75.47329541987014,69.46842621649733,3
226.63510900726715,74.09217373049646,69.8625293437233,3
226.65511034068936,73.24318213156923,68.03767065722337,3
226.6751116741116,71.58660232340216,65.29850443174786,3
226.69511300753382,69.12915746373588,64.3330604582688,3
226.71511434095606,68.47832038699508,62.51381497868107,3
226.73511567437828,68.29310171688942,62.315637117816216,3
226.75511700780052,67.24620075839232,59.23383611787545,3
226.77511834122274,63.50487817931997,58.1258475527869,3
226.79511967464498,62.91136151320767,55.28842898180821,3
226.8151210080672,60.180119760063896,55.11757209774075,3
226.83512234148944,59.32061988590721,51.62242141078275,3
226.85512367491165,56.24839642496203,50.40869937087805,3
226.87512500833387,54.4377236536341,46.81422732976844,3
226.8951263417561,54.29709466419781,44.60071131011198,3
226.91512767517833,50.87267833442697,44.659914126148436,3
226.93512900860057,49.658141288394305,39.89993326428917,3
226.95513034202278,48.86799825970248,38.136585138772176,3
226.97513167544503,46.92956166815231,37.53021854959143,3
226.99513300886724,43.60251004252079,35.56578162065485,3
227.01513434228949,41.36217656134138,31.74187014969467,3
227.0351356757117,36.75908026342747,29.14691521959818,3
227.05513700913394,34.74896525536926,27.620046600072527,3
227.07513834255616,33.928395504526875,26.7411540808578,3
227.0951396759784,31.88368628618484,25.079776820040983,3
227.11514100940062,28.177427079906558,23.83964140501414,3
227.13514234282286,27.989413480222264,18.08547460185009,3
227.15514367624507,28.91847167543675,17.228441127440867,3
227.1751450096673,26.30200867784423,15.948659781522117,3
227.19514634308953,22.50098832086863,14.950587246731349,3
227.21514767651175,20.0200618361632,12.881669214416428,3
227.235149009934,17.71051045285701,12.548629749792974,3
227.2551503433562,15.853028910796743,11.765955477109696,3
227.27515167677845,15.51805918209374,8.799738589860285,3
227.29515301020066,13.093137320539087,9.962363975344314,3
227.3151543436229,11.350999104530823,6.134213098701517,3
227.33515567704512,11.865310341977931,6.541106037167706,3
227.35515701046737,10.912735330172408,4.867625859040865,3
227.37515834388958,8.169033538851439,3.831880630703169,3
227.39515967731182,8.032642443195728,3.3123757030741574,3
227.41516101073404,8.89163744392812,4.325789768321501,3
227.43516234415628,7.8068417918567485,3.981000831768386,3
227.4551636775785,7.526894187310404,4.495761935544107,3
227.4751650110007,9.59095439463942,3.0632610860382017,3
227.49516634442296,8.06546731893429,1.847108734975404,3
227.51516767784517,6.956830478903689,3.9935531406969265,3
227.5351690112674,7.223061330881334,4.502299808270504,3
227.55517034468963,6.843942283612042,4.1891108940655375,3
227.57517167811187,8.34846811322546,3.31145465399342,3
227.5951730115341,8.200577998756952,6.581140573701216,3
227.61517434495633,8.18086674511526,7.0278291548192175,3
227.63517567837854,10.309881533981086,6.914868269646799,3
227.6551770118008,10.284408844952868,8.141329891124705,3
227.675178345223,13.145778062724565,11.137151674247288,3
227.69517967864525,12.13975735561297,11.04791215522375,3
227.71518101206746,14.77470122517904,11.458237180735903,3
227.7351823454897,18.01699148136416,13.32880340090309,3
227.75518367891192,17.859618858299726,17.942355320706422,3
227.77518501233413,20.859859243833405,16.968695262514025,3
227.79518634575638,18.99471590019462,18.957214779115304,3
227.8151876791786,22.537040464857153,21.445357645168375,3
227.83518901260084,26.559011006440056,23.908953654064263,3
227.85519034602305,27.054027240554277,26.045993637199704,3
227.8751916794453,28.614047436963613,26.71043449156973,3
227.8951930128675,31.7249482057281,29.556655145945737,3
227.91519434628975,34.521530656290786,31.78905937545495,3
227.93519567971197,34.817152996923866,35.33510799567393,3
227.9551970131342,35.98113565564091,37.187724369142735,3
227.97519834655643,40.620017863436075,38.56623657422086,3
227.99519967997867,42.021000008612745,41.72225769568297,3
228.01520101340088,45.56817685529607,43.374179488966504,3
228.03520234682313,43.63290422373404,44.43728776277971,3
228.05520368024534,47.72505701019361,46.21295977933483,3
228.07520501366756,50.93065432234135,49.15351536212851,3
228.0952063470898,53.92772826072456,49.93590359738693,3
228.11520768051201,53.431369437718075,53.12241607265103,3
228.13520901393426,55.439279268466706,55.97637745204107,3
228.15521034735647,58.18265651473935,56.68232413807428,3
228.17521168077872,60.48990208060002,58.61318353693499,3
228.19521301420093,63.731891767288865,61.05306353101021,3
228.21521434762317,64.73291267445718,62.70555983423088,3
228.2352156810454,67.73583886132141,64.23204308428498,3
228.25521701446763,67.74380875498741,63.323168416151034,3
228.27521834788985,67.67684826186189,65.31434253638578,3
228.2952196813121,69.03720850384296,68.06424944857628,3
228.3152210147343,71.04451704784456,69.95446374301481,3
228.33522234815655,72.22784822059307,70.88081883192315,3
228.35522368157876,72.94155069447399,72.90044729742868,3
228.37522501500098,74.62456682605003,71.27028600631519,3
228.39522634842322,75.78437563498635,72.69072729601965,3
228.41522768184544,76.59140287390667,73.85794263604245,3
228.43522901526768,73.6596543753552,70.89600840923974,3
228.4552303486899,75.65086747848024,74.38312003965434,3
228.47523168211214,77.79516779728269,71.99884830075328,3
228.49523301553435,78.89007010394278,72.76845336406004,3
228.5152343489566,76.99380089038499,72.34129737559658,3
228.5352356823788,76.87218112642414,71.58597234165553,3
228.55523701580105,75.73185860977404,71.9669815240689,3
228.57523834922327,75.7872400714085,70.71425673096034,3
228.5952396826455,74.8892233113042,68.55580615580513,3
228.61524101606773,72.08661745479858,67.99566724955882,3
228.63524234948997,75.32043849112806,68.15738583367144,3
228.6552436829122,73.45916252478305,66.92537911539002,3
228.6752450163344,71.23473350896901,64.68968598222122,3
228.69524634975664,72.83392365064901,63.56532828503288,3
228.71524768317886,69.00879406203705,62.0127236169557,3
228.7352490166011,68.01833950577847,60.9842417368262,3
228.75525035002332,66.79556349722056,58.32686790042819,3
228.77525168344556,64.30539995323828,57.068144366904946,3
228.79525301686778,63.22065683728978,55.404826752393525,3
228.81525435029002,60.414604725364704,54.26773499275859,3
228.83525568371223,59.60487344571818,53.06536281001401,3
228.85525701713448,57.702793215835726,50.334327089771726,3
228.8752583505567,55.24844315694155,49.89708917615329,3
228.89525968397894,51.211011953061536,46.06807960369222,3
228.91526101740115,51.36876210016583,46.08524704108537,3
228.9352623508234,50.543066523956035,40.04682242625326,3
228.9552636842456,47.717055528903245,39.49126729210981,3
228.97526501766782,43.61178212270325,37.66261351788942,3
228.99526635109007,42.1234183198406,31.943915699459904,3
229.01526768451228,40.261829180853915,32.43002839373019,3
229.03526901793452,38.76979136067933,30.224010630163477,3
229.05527035135674,35.97609371769993,29.628018118118376,3
229.07527168477898,33.309298997772,26.810595272001592,3
229.0952730182012,32.20004740458003,24.104568315180487,3
229.11527435162344,27.52324986502793,22.093735413851068,3
229.13527568504566,27.048798494955893,19.286438269100234,3
229.1552770184679,25.32726281575214,20.195278782142218,3
229.1752783518901,21.334733750307773,17.776332180727962,3
229.19527968531236,20.259750646497274,16.155523558598812,3
229.21528101873457,20.02674166716212,12.091257158565293,3
229.23528235215682,20.167195042134864,12.49972473038185,3
229.25528368557903,17.254992249440456,10.243302601569715,3
229.27528501900125,16.212972759354923,8.52215118660445,3
229.2952863524235,14.52550342814379,9.290329093957137,3
229.3152876858457,13.967665582380777,5.349871711281654,3
229.33528901926795,12.285888808207012,5.954777530929748,3
229.35529035269016,10.083457892095918,4.546767434967972,3
229.3752916861124,8.499129609540994,3.939840093829119,3
229.39529301953462,7.9586614758873715,3.3049494302047817,3
229.41529435295686,7.371638726211551,2.4338147128130103,3
229.43529568637908,10.549466657267752,1.9773321751177053,3
229.45529701980132,7.183246131715364,2.4734462716329184,3
229.47529835322354,7.253170875798299,3.536324048360907,3
229.49529968664578,8.04984053543307,2.2890294706077294,3
229.515301020068,5.399698168771424,3.455257460470664,3
229.53530235349024,7.59784291046507,3.5066459771717744,3
229.55530368691245,7.111258297512617,5.26915889013182,3
229.57530502033467,8.47475482392029,4.544105287897232,3
229.5953063537569,10.226540474303132,5.2300820739457015,3
229.61530768717913,11.470247016485711,6.769441584687611,3
229.63530902060137,11.106421061638207,8.248514804178114,3
229.65531035402358,11.269692043734423,10.612177828418275,3
229.67531168744583,11.135673552549791,9.439045039706528,3
229.69531302086804,12.804236965122827,10.242865991914442,3
229.71531435429029,15.43295782789097,13.67145674460398,3
229.7353156877125,17.7210855453674,13.702019268292007,3
229.75531702113474,17.786550999223284,14.585049744830883,3
229.77531835455696,20.003128686792422,17.864070123306906,3
229.7953196879792,19.67400670979606,20.09407012606821,3
229.81532102140142,22.35548848732645,19.72645434201244,3
229.83532235482366,24.46775713778497,22.129587596367475,3
229.85532368824587,26.513609099712802,26.15313200250599,3
229.8753250216681,28.65051588761858,28.666750109901255,3
229.89532635509033,30.73219003582639,29.4645513638403,3
229.91532768851255,32.932527964976565,30.934205350906932,3
229.9353290219348,33.84279239089436,35.731876533365565,3
229.955330355357,37.02782957185829,36.289658630533644,3
229.97533168877925,37.9409785605909,38.976775538119256,3
229.99533302220146,41.676143923599454,41.04913034699311,3
230.0153343556237,44.886939844396075,42.325140634443514,3
230.03533568904592,45.544078385487,46.019541276979346,3
230.05533702246817,48.38108321173821,47.32480687425483,3
230.07533835589038,49.879306969727054,49.71074368631163,3
230.09533968931262,51.661418028187406,53.30220861879112,3
230.11534102273484,54.917274526783544,53.39499556220363,3
230.13534235615708,56.274270458732545,55.98730711853019,3
230.1553436895793,60.14077739735329,56.630496672688345,3
230.1753450230015,59.50432702209592,58.6677427683377,3
230.19534635642376,61.30045256307756,60.72759091191186,3
230.21534768984597,62.685418382874836,64.00093840184529,3
230.2353490232682,66.25779750640086,64.14361672181737,3
230.25535035669043,68.24351238848703,65.94666297810826,3
230.27535169011267,67.7617110889567,68.73472211704639,3
230.2953530235349,70.01750333170492,68.06997468370334,3
230.31535435695713,71.37350777265667,70.56285417234783,3
230.33535569037934,72.31574706340551,69.59809807606496,3
230.3553570238016,73.24281468933381,69.67621964234465,3
230.3753583572238,74.08527925825776,70.40550083642468,3
230.39535969064605,76.6676314552186,71.97258798614321,3
230.41536102406826,77.37036417188612,71.02094380764132,3
230.4353623574905,77.60104178563894,72.9010512276181,3
230.45536369091272,76.75745160627406,71.79531866403221,3
230.47536502433493,76.45986792775003,73.30391264075824,3
230.49536635775718,76.14068874087668,72.17591313014242,3
230.5153676911794,77.21244319081394,72.02204209197083,3
230.53536902460164,77.85085071274024,72.69950354356367,3
230.55537035802385,76.505178339851,71.04232627094596,3
230.5753716914461,75.67368487888953,70.33357734733634,3
230.5953730248683,74.26464554112776,71.5270696704037,3
230.61537435829055,75.78889770957424,70.9896633184996,3
230.63537569171277,75.72766697531557,68.72710696756123,3
230.655377025135,73.97092431330745,66.00755720097806,3
230.67537835855723,70.41187517038725,65.84478499503714,3
230.69537969197947,71.72590065070204,64.67811683070308,3
230.71538102540168,70.39516504268975,62.982103914480334,3
230.73538235882393,68.128914509386,61.280157380619514,3
230.75538369224614,67.26888861800123,59.722743028835616,3
230.77538502566836,63.710341756284116,57.401741844262226,3
230.7953863590906,63.76996671048331,55.81778283982067,3
230.81538769251281,63.05545794740164,54.719269170625054,3
230.83538902593506,58.08163487099944,51.76960204883563,3
230.85539035935727,57.86869980319594,51.67798807573675,3
230.87539169277952,53.31320377625128,48.167090015106396,3
230.89539302620173,51.725143169817166,47.187681622542925,3
230.91539435962397,52.342257319904434,44.107689047857754,3
230.9353956930462,48.40279367573005,42.40064405111486,3
230.95539702646843,45.86380830818181,39.74123100369648,3
230.97539835989065,45.46804040151956,36.81419629804226,3
230.9953996933129,41.714685466540416,35.56481493675767,3
231.0154010267351,41.04851542412128,34.431373191464225,3
231.03540236015735,39.25311336125927,30.340109533552067,3
231.05540369357956,35.757305455341026,29.097544350266517,3
231.07540502700178,34.497284817402196,28.922342114175407,3
231.09540636042402,32.20059936331989,24.13773893371045,3
231.11540769384624,31.002766780178685,22.688268723410243,3
231.13540902726848,29.342002507197286,20.092480690854607,3
231.1554103606907,27.440250246268665,17.032924909637433,3
231.17541169411294,24.910117823829303,16.923685847850816,3
231.19541302753515,21.8651566827569,15.10827372080037,3
231.2154143609574,20.283932549857973,12.569018720310513,3
231.2354156943796,16.97336276104982,12.090465097220994,3
231.25541702780185,16.167861634409892,10.78409597637602,3
231.27541836122407,12.800588618145929,8.569563714719449,3
231.2954196946463,14.218933539887383,8.42405301675396,3
231.31542102806853,11.89396114447105,7.566854625130186,3
231.33542236149077,13.946873530603245,6.144264751443404,3
231.355423694913,11.153624225301332,5.811668948105917,3
231.3754250283352,9.26996932358776,3.5029173249611243,3
231.39542636175744,7.225945537184298,5.498953251414864,3
231.41542769517966,7.54785400536141,0.4312745668422604,3
231.4354290286019,6.93751793920911,2.445989963413651,3
231.45543036202412,6.687843529845148,3.028836976845267,3
231.47543169544636,6.35793394737391,1.6900728763148407,3
231.49543302886858,7.788897870173254,2.1529180051884724,3
231.51543436229082,9.106608131201845,3.9628484026555078,3
231.53543569571303,9.012054852525704,1.4158797006393584,3
231.55543702913528,7.3465211559357675,4.865249786287797,3
231.5754383625575,8.618450358504854,6.397367402624628,3
231.59543969597974,7.238170963481205,3.4574868808603334,3
231.61544102940195,9.092640964951133,4.946949011288837,3
231.6354423628242,11.267484619870128,6.827242547389131,3
231.6554436962464,12.108971687070884,8.31020905363595,3
231.67544502966862,10.654945364700868,10.017236019714227,3
231.69544636309087,14.634771535355641,11.117711565586736,3
231.71544769651308,14.115901188763162,12.738377662904917,3
231.73544902993532,15.552909782685038,15.262158811965088,3
231.75545036335754,16.812572301755143,17.23214723014724,3
231.77545169677978,17.119172811889236,18.89854932235521,3
231.795453030202,19.7334414029631,19.720919383548015,3
231.81545436362424,22.57135698013235,20.78613259322271,3
231.83545569704646,25.18295723597517,21.882401892859612,3
231.8554570304687,27.204703047643193,25.756675196881726,3
231.8754583638909,28.089575155150566,27.878420482598525,3
231.89545969731316,30.41775026590435,30.224388996878737,3
231.91546103073537,33.90050397322486,33.49797553170474,3
231.93546236415762,34.591308656233366,34.43410670727548,3
231.95546369757983,36.909369841917034,34.823505319057155,3
231.97546503100205,39.032509480106015,40.13443861874027,3
231.9954663644243,40.55967520442638,39.09245406189733,3
232.0154676978465,42.32965745858394,42.79117723631958,3
232.03546903126875,46.659774295190466,46.30078065087548,3
232.05547036469096,48.38894703447698,48.51550180426965,3
232.0754716981132,50.36052759509018,48.822419365843146,3
232.09547303153542,50.46812087684053,52.19306563455328,3
232.11547436495766,53.581565536453304,52.76753767695617,3
232.13547569837988,55.92298672576078,56.13541880693861,3
232.15547703180212,58.64717270084602,56.613623382852815,3
232.17547836522434,61.48930431229163,58.892281740032956,3
232.19547969864658,61.44902487167111,61.66094864004156,3
232.2154810320688,63.44238976558389,63.3744858996297,3
232.23548236549104,64.07053378685121,64.5900326995264,3
232.25548369891325,67.6600529541592,63.25495803426437,3
232.27548503233547,69.40133111082365,65.95646723362684,3
232.2954863657577,70.56178482178998,68.05476836590064,3
232.31548769917993,70.76170635245798,68.92317842527345,3
232.33548903260217,70.42952383427134,70.49213394024495,3
232.35549036602438,73.46582569284563,71.43402825660353,3
232.37549169944663,76.39613484359934,71.97765853304429,3
232.39549303286884,75.51316929226564,71.47678233409813,3
232.41549436629109,76.34034741990425,73.02134851605574,3
232.4354956997133,75.36179792380187,71.60296517050166,3
232.45549703313554,76.32919984312241,72.19331128346101,3
232.47549836655776,77.673629653477,72.17293601647566,3
232.49549969998,77.82287417525076,73.82427681642109,3
232.51550103340222,77.92193978273099,70.93796732210615,3
232.53550236682446,75.70758901167038,71.7897400054877,3
232.55550370024667,75.25403048849452,69.70390261956068,3
232.5755050336689,75.66628740569804,71.33439896507724,3
232.59550636709113,78.53105743898887,69.30830499846918,3
232.61550770051335,75.95727765685243,70.05341617937813,3
232.6355090339356,75.52563860145142,66.21559989104682,3
232.6555103673578,74.91838462705445,66.17129668332946,3
232.67551170078005,70.02819087672573,66.4669624881396,3
232.69551303420226,69.8495674621245,64.34779330619608,3
232.7155143676245,72.07879546508734,63.169094743596894,3
232.73551570104672,67.54293644127426,60.43023610628876,3
232.75551703446897,66.18770743690686,58.79039410646848,3
232.77551836789118,64.48717218197318,56.94787985536339,3
232.79551970131342,63.938851933036375,56.37951671523821,3
232.81552103473564,61.54126012675543,54.26681260356762,3
232.83552236815788,57.93642976531611,52.65580928994856,3
232.8555237015801,58.61021260893802,49.491291189095335,3
232.8755250350023,56.678389851707486,48.362198051660314,3
232.89552636842456,55.251172543601854,48.58525098162952,3
232.91552770184677,50.43467216452463,44.17514272953003,3
232.935529035269,49.34637360680737,42.55119138012787,3
232.95553036869123,47.65177417532998,39.839596953156594,3
232.97553170211347,43.45765667808034,36.54672411930368,3
232.9955330355357,44.125461694924994,34.43029523130902,3
233.01553436895793,39.602416035615164,33.14513898161079,3
233.03553570238014,37.807621592413206,29.368143531054248,3
233.0555370358024,36.07029204417106,30.015381715952824,3
233.0755383692246,33.371440689616215,26.28178205860465,3
233.09553970264685,30.373229464836452,21.75441107840216,3
233.11554103606906,29.998718559601482,21.03078998901365,3
233.1355423694913,27.880875026388136,20.02447307639031,3
233.15554370291352,25.25085810883961,18.848027132820114,3
233.17554503633573,23.12772611962212,16.159848422422314,3
233.19554636975798,21.688434573408937,14.51160826743587,3
233.2155477031802,19.77799923413254,13.89401568793325,3
233.23554903660244,19.626027014630008,12.76620106272607,3
233.25555037002465,15.720668998294158,11.04460877450661,3
233.2755517034469,16.218991603791135,9.575881837384227,3
233.2955530368691,14.682706042354786,6.541174489634987,3
233.31555437029135,14.115364577678907,6.059221837815869,3
233.33555570371357,10.55421048788641,6.592134483392855,3
233.3555570371358,9.841587346999544,5.959058424461464,3
233.37555837055802,9.995306676334412,4.092338007688266,3
233.39555970398027,9.610838953191019,3.144349886100185,3
233.41556103740248,7.51844606411333,3.3921241129091673,3
233.43556237082473,8.320861168906344,3.632949215362469,3
233.45556370424694,6.752525905188954,1.9863480084162828,3
233.47556503766916,8.935233600543434,2.540056945830972,3
233.4955663710914,7.34921344832898,3.182903228452031,3
233.51556770451361,6.647815534552107,2.233210491355633,3
233.53556903793586,7.874672625713703,3.96246909131739,3
233.55557037135807,6.464949330167001,2.8468145303521517,3
233.57557170478032,8.20738887282361,6.052471635201787,3
233.59557303820253,8.878320701776905,4.599413835008041,3
233.61557437162477,7.610019796989068,8.285465870045007,3
233.635575705047,9.790700341667057,6.397930339278606,3
233.65557703846923,9.37097171699917,8.08691164979305,3
233.67557837189145,11.378713634066557,11.372078497211414,3
233.6955797053137,14.205425328299908,13.829964873025206,3
233.7155810387359,15.202007675483488,13.448515200338784,3
233.73558237215815,17.087501007810836,14.980279289957124,3
233.75558370558036,18.078261748150574,16.58045724549867,3
233.77558503900258,18.766611817905822,17.17836930487675,3
233.79558637242482,20.759492684348274,21.012096326036577,3
233.81558770584704,22.48744031988332,20.788875237365172,3
233.83558903926928,25.814740598357687,24.290990750424648,3
233.8555903726915,25.80436061431601,25.578967687205353,3
233.87559170611374,27.880983566635454,30.55654086436343,3
233.89559303953595,30.41624005382702,27.937552206443783,3
233.9155943729582,33.5319403548876,31.760759631575535,3
233.9355957063804,34.5029538860536,35.123208972071396,3
233.95559703980265,36.772789157329825,36.96396439267599,3
233.97559837322487,38.658426580155485,37.625357772560214,3
233.9955997066471,40.94040736330337,39.5590456694019,3
234.01560104006933,43.992758786334896,43.29682624368871,3
234.03560237349157,44.48276929688249,43.799538383691825,3
234.0556037069138,48.72114820153404,45.88711834463312,3
234.075605040336,48.457935561734715,49.94972466264676,3
234.09560637375824,52.472096679607944,51.37850947551843,3
234.11560770718046,55.47494040094922,53.21759519912084,3
234.1356090406027,57.783474959950745,53.52672339336851,3
234.15561037402492,59.48121460856476,56.62969160440617,3
234.17561170744716,60.82802055931904,59.60105773030002,3
234.19561304086938,63.3297324244881,59.099872261433774,3
234.21561437429162,62.139839936036815,61.228158671522586,3
234.23561570771383,67.38822218874539,63.75064526720817,3
234.25561704113608,67.76925289549187,65.15886803241854,3
234.2756183745583,67.96516151912199,67.06529441123284,3
234.29561970798053,69.16211323796433,67.87450044871828,3
234.31562104140275,72.18386538924615,68.60296602387858,3
234.335622374825,75.22463776926338,71.36869396241069,3
234.3556237082472,73.18153742929984,71.78855858526275,3
234.37562504166942,73.52550922250057,70.39346880736244,3
234.39562637509167,75.20743566228174,70.72826221198471,3
234.41562770851388,74.72699597961923,70.26544733882186,3
234.43562904193612,75.76353953374291,72.10306379867745,3
234.45563037535834,76.94738826382684,71.83168937416576,3
234.47563170878058,74.72153314333144,74.06989923468537,3
234.4956330422028,75.96254856562602,73.69067013630814,3
234.51563437562504,76.36903893797447,71.91555784218984,3
234.53563570904726,76.72546564473619,71.83692315152888,3
234.5556370424695,75.7299472167376,71.21309397130672,3
234.5756383758917,76.50467875448848,73.47159190389338,3
234.59563970931396,75.03848119775573,68.220278009174,3
234.61564104273617,73.72472515156967,66.68140403096332,3
234.63564237615842,73.25952493881614,68.97121567955101,3
234.65564370958063,73.04330926906702,69.18660124028844,3
234.67564504300285,73.70907690300777,64.58332934589654,3
234.6956463764251,69.12629284862449,64.04051310223484,3
234.7156477098473,68.34552382395526,62.04749272788893,3
234.73564904326955,68.53432586368855,60.88747129256486,3
234.75565037669176,66.7563640726137,56.281506305345076,3
234.775651710114,65.56572934380995,56.78808269119196,3
234.79565304353622,62.64443870690875,56.00473098438614,3
234.81565437695846,62.22745326175562,53.95531340134637,3
234.83565571038068,59.546008382522224,50.86955308534087,3
234.85565704380292,57.943933004400925,49.58457851025485,3
234.87565837722514,54.740575258751235,47.89087454552255,3
234.89565971064738,52.41661941380432,46.21415049194612,3
234.9156610440696,48.79342182284819,44.86344778961937,3
234.93566237749184,50.09791910933193,42.48026555194558,3
234.95566371091405,46.63769012120132,39.07011063581043,3
234.97566504433627,45.166789942788114,36.20162623588701,3
234.9956663777585,42.070935946817954,35.62136338868974,3
235.01566771118073,40.005601291825045,33.875679026298975,3
235.03566904460297,38.676847043635576,29.23015010995003,3
235.05567037802518,37.132280303491314,29.66464834403842,3
235.07567171144743,34.68825991328286,26.502226197634553,3
235.09567304486964,32.14867391133496,24.175603760475724,3
235.11567437829189,29.802749583668408,22.126104955685506,3
235.1356757117141,26.016116307177864,20.29383073454554,3
235.15567704513634,25.282894440780886,20.049014345829338,3
235.17567837855856,24.376718394386597,16.06001655515829,3
235.1956797119808,20.598765717365318,13.936762806672343,3
235.21568104540302,19.75660836671222,11.987145759844896,3
235.23568237882526,18.450038935644557,10.791520921997847,3
235.25568371224747,16.593169416063073,11.594273334904718,3
235.2756850456697,15.321742606419747,7.3553343434643175,3
235.29568637909193,14.102677728041257,8.020995074959645,3
235.31568771251415,14.585512302524245,6.520646896278703,3
235.3356890459364,11.18892068300198,7.370114548574326,3
235.3556903793586,10.815093149977503,7.704450297841082,3
235.37569171278085,10.467740334989225,4.7451852891779005,3
235.39569304620306,9.40343499500156,2.9202736700141134,3
235.4156943796253,7.485225833018953,2.7799831811039764,3
235.43569571304752,7.247124245310348,2.9695746240376377,3
235.45569704646977,7.889521255129865,5.290663124487168,3
235.47569837989198,8.425109734912546,5.067380096798843,3
235.49569971331422,6.002383106489613,2.6473423834248,3
235.51570104673644,7.036757969517667,3.862679471427604,3
235.53570238015868,6.406495268674951,1.5281681924781143,3
235.5557037135809,7.7787600624756355,3.9537019724052023,3
235.5757050470031,7.155769936046434,3.946406153110303,3
235.59570638042536,8.17006779000522,5.342129560350709,3
235.61570771384757,10.683468255237226,7.8425282408812995,3
235.6357090472698,11.373658641770525,9.100333638891986,3
235.65571038069203,11.929517745476096,8.557829838365176,3
235.67571171411427,11.405279454638597,10.753042550482698,3
235.6957130475365,13.434780023071875,11.641072646949626,3
235.71571438095873,14.22515147465433,12.72656716040229,3
235.73571571438094,15.155192107330192,14.54813319160428,3
235.7557170478032,17.462538380056994,15.264249124500873,3
235.7757183812254,18.72067498518749,17.976526854823174,3
235.79571971464765,20.023448902816504,19.643777665329413,3
235.81572104806986,24.12571470533539,23.001803175808778,3
235.8357223814921,23.270151718675574,24.090805571581942,3
235.85572371491432,26.862318526878017,25.219093330582385,3
235.87572504833653,28.449253476564866,26.807263946622633,3
235.89572638175878,32.42026616562084,31.675467349174443,3
235.915727715181,34.11136815341205,31.596037816922813,3
235.93572904860324,35.95818505285583,33.56065404879472,3
235.95573038202545,37.311752743286654,39.64227879982587,3
235.9757317154477,40.6925717003747,38.019196729914675,3
235.9957330488699,42.00526459867958,40.37764007548308,3
236.01573438229215,44.70965081795247,43.85147100392168,3
236.03573571571437,46.27001643775698,45.06843250785133,3
236.0557370491366,48.519087639393945,45.64916435174822,3
236.07573838255882,48.48462804180035,49.188996238463226,3
236.09573971598107,52.75908741159028,49.97608583857678,3
236.11574104940328,55.21726491081674,53.581410034929604,3
236.13574238282553,56.6305313452825,54.77216004330179,3
236.15574371624774,56.38917262896531,56.672800192657945,3
236.17574504966996,61.49914497240119,59.197878790463456,3
236.1957463830922,63.681150557272424,62.58099240601953,3
236.21574771651441,62.57521859086359,62.51231052787407,3
236.23574904993666,67.52656750539768,64.57693768885234,3
236.25575038335887,66.50961271444814,65.8238925455022,3
236.27575171678112,68.21926483376727,66.24129663109747,3
236.29575305020333,71.08245838850085,66.46635094144769,3
236.31575438362557,71.82247463186782,68.23142416300402,3
236.3357557170478,72.5568662536591,68.6363977071547,3
236.35575705047003,73.5241194668536,70.64713194753271,3
236.37575838389225,74.72912660748064,69.24656258528485,3
236.3957597173145,73.64522074013881,71.04810797712281,3
236.4157610507367,74.77361835385155,74.02283995056945,3
236.43576238415895,77.90569753318812,73.0221593235397,3
236.45576371758116,75.22192958641239,74.49770498013847,3
236.47576505100338,76.31017822594859,72.6587399854852,3
236.49576638442562,77.00644172709156,73.03511728059961,3
236.51576771784784,76.98223019723386,73.17658049508371,3
236.53576905127008,75.5367137595706,72.12312578684693,3
236.5557703846923,77.33286961202846,71.28872264181518,3
236.57577171811454,74.50206525378198,71.50820524311854,3
236.59577305153675,76.09204684669513,72.00601976488699,3
236.615774384959,76.51195302887012,71.37826480351458,3
236.6357757183812,74.22041057021401,68.29604009574591,3
236.65577705180345,71.65192843674902,68.05868014790006,3
236.67577838522567,69.60857563777729,65.61671964447984,3
236.6957797186479,70.3053387226813,63.79539972685076,3
236.71578105207013,68.38779687805454,63.879690543500914,3
236.73578238549237,68.60674087863275,60.77139047081679,3
236.75578371891459,66.35671565036333,59.71623041198564,3
236.7757850523368,64.6003496533165,55.98714558269172,3
236.79578638575904,62.724563854669505,54.252053028447854,3
236.81578771918126,59.996029342849205,53.3452205408173,3
236.8357890526035,61.74168109403639,51.31973780221941,3
236.85579038602572,57.567404824494055,50.37981359274883,3
236.87579171944796,55.71035530247556,47.44743453778801,3
236.89579305287018,54.06279269788408,46.35890327357981,3
236.91579438629242,52.23154321183031,44.4045457224555,3
236.93579571971463,49.44409603920636,41.172606973718494,3
236.95579705313688,45.27380403351857,37.904866146892765,3
236.9757983865591,43.197544540508225,36.50967551921818,3
236.99579971998133,39.82633733155558,33.40001174059352,3
237.01580105340355,40.21977858567583,31.8404647632167,3
237.0358023868258,35.16267548298121,30.93136860388225,3
237.055803720248,36.68724493856682,27.86149788353403,3
237.07580505367022,34.6668952715088,23.455257171808846,3
237.09580638709247,31.560949898414982,24.815743598559088,3
237.11580772051468,30.130939351587543,21.229158965652154,3
237.13580905393692,28.56001183641397,21.917328216883693,3
237.15581038735914,25.520717306812227,16.194752390096006,3
237.17581172078138,24.349083583929445,15.64030501005244,3
237.1958130542036,22.652617365812358,16.81365058258451,3
237.21581438762584,18.285188879854296,12.68657377821391,3
237.23581572104806,19.73758508825915,12.373975815507514,3
237.2558170544703,16.640257542907122,8.49408046593625,3
237.2758183878925,14.446957510939221,9.131749024806306,3
237.29581972131476,14.339394062027418,9.86065099309592,3
237.31582105473697,12.02262349900867,6.371527931040494,3
237.33582238815922,11.616155428723571,5.229134269420596,3
237.35582372158143,11.395848149913984,3.849802071115228,3
237.37582505500365,8.381736917886004,5.409756938417649,3
237.3958263884259,8.803199107179681,2.458357691562907,3
237.4158277218481,9.53262836459968,2.0511879194624187,3
237.43582905527035,8.559126331974548,1.184809747715269,3
237.45583038869256,7.236648752030706,1.3577309779723716,3
237.4758317221148,7.911953912963041,3.197181881347877,3
237.49583305553702,8.64566805398313,3.349758706480878,3
237.51583438895926,6.327796814966347,3.1030487594440066,3
237.53583572238148,5.197301528017527,2.478631288766776,3
237.55583705580372,7.5756682392400725,2.9517320540544776,3
237.57583838922594,5.993864814912383,4.5754342553258756,3
237.59583972264818,9.008403890025143,6.980594601851891,3
237.6158410560704,11.031728360361129,4.808690124498982,3
237.63584238949264,11.25030683060361,7.924360623535255,3
237.65584372291485,10.424620458299387,10.5084249159128,3
237.67584505633707,12.325798493877885,9.41605320243391,3
237.6958463897593,13.034820555823218,10.874340092763044,3
237.71584772318153,17.04029808689833,12.497682121369488,3
237.73584905660377,16.08052040322867,14.75587838635996,3
237.75585039002598,18.176496538628783,17.032076484669826,3
237.77585172344823,17.834746156741073,17.857855987549378,3
237.79585305687044,21.926591737872197,19.136664875152995,3
237.81585439029269,22.053143416639177,20.805192173240272,3
237.8358557237149,23.08833187207711,23.873628386814744,3
237.85585705713714,26.100145500436582,25.176964497631914,3
237.87585839055936,28.799474724283055,27.564121321631287,3
237.8958597239816,31.88224200460373,27.851462744113068,3
237.91586105740382,34.79316127906352,34.07100670664079,3
237.93586239082606,32.95549521689851,35.20524972588283,3
237.95586372424827,38.11857362419926,38.09399921446295,3
237.9758650576705,37.945003084658474,36.891447066006045,3
237.99586639109273,40.26163947452227,39.09023521259497,3
238.01586772451495,44.17310645030005,43.54652033732356,3
238.0358690579372,47.616848596359326,45.01220444761043,3
238.0558703913594,47.860150918834606,48.09802454075056,3
238.07587172478165,49.91536762782052,49.59547180496183,3
238.09587305820386,51.22343091282872,53.70300244476016,3
238.1158743916261,52.52614285262056,53.906449063188475,3
238.13587572504832,56.290374205802365,55.49008872705695,3
238.15587705847057,58.91011002095295,55.81972220462573,3
238.17587839189278,60.08720829091154,58.17183095220241,3
238.19587972531502,61.928050384624925,60.67521856113453,3
238.21588105873724,63.4872920792656,60.24201133033715,3
238.23588239215948,67.08199646105346,64.17029912623637,3
238.2558837255817,67.56537043015449,64.41033527837618,3
238.2758850590039,68.45120632233433,66.71923191807696,3
238.29588639242615,72.21290420295061,67.88424818885348,3
238.31588772584837,71.32037981366413,68.10661229967761,3
238.3358890592706,73.93390924275829,68.73558773322793,3
238.35589039269283,73.13763140318405,71.20457643174854,3
238.37589172611507,74.86593988500317,72.348633114574,3
238.3958930595373,74.48936739439912,71.4474104944448,3
238.41589439295953,75.18490313017604,74.35712741404821,3
238.43589572638174,75.10020032228847,70.44656263661699,3
238.455897059804,77.27176760858376,72.55053402680683,3
238.4758983932262,75.03280880139296,73.71266534350657,3
238.49589972664845,76.22462434637576,71.88027423690835,3
238.51590106007066,75.92255787028732,71.60041194186923,3
238.5359023934929,76.19557010934734,71.5129468227307,3
238.55590372691512,76.39750609832629,71.91632924442345,3
238.57590506033733,77.74453954577525,69.66137673551114,3
238.59590639375958,76.12733756002648,69.86962449665843,3
238.6159077271818,74.22155375486692,67.5433174220925,3
238.63590906060404,74.45041981921798,68.22581351163281,3
238.65591039402625,72.41127254232141,67.32774580878093,3
238.6759117274485,73.56209907202397,65.27860758474695,3
238.6959130608707,71.75994173151095,62.33158532140067,3
238.71591439429295,68.434505549692,61.67686083823782,3
238.73591572771517,68.35635970533598,62.45227389339118,3
238.7559170611374,66.27018043291189,59.59627827933547,3
238.77591839455962,65.5013925585902,57.48647299480365,3
238.79591972798187,64.85924753567475,56.614738755065744,3
238.81592106140408,62.44787370328156,54.54581956990186,3
238.83592239482633,59.801789861424304,53.361084224192595,3
238.85592372824854,57.748160426911454,50.933633829705094,3
238.87592506167076,53.991490869037,47.19579766645701,3
238.895926395093,53.39950971145103,43.71853419121218,3
238.91592772851521,51.1188795456629,43.14096915483218,3
238.93592906193746,48.405908541831714,40.69625719374298,3
238.95593039535967,45.27855489485971,37.48040764226216,3
238.97593172878192,46.17833248491878,37.1060622535444,3
238.99593306220413,41.5281941188112,34.95628189919998,3
239.01593439562637,40.712067574885474,32.715994744671306,3
239.0359357290486,38.59723627219835,31.19620757035937,3
239.05593706247083,34.75408196472812,26.402603756265353,3
239.07593839589305,33.683940446204396,27.21096232568459,3
239.0959397293153,32.43735231028286,23.20906154352334,3
239.1159410627375,30.66565094917219,21.82986770344846,3
239.13594239615975,27.650195539316176,20.487482095952863,3
239.15594372958196,26.230795306448364,19.912130009953,3
239.17594506300418,24.712947083997758,17.193164489201692,3
239.19594639642642,21.586845287324476,13.959819198376227,3
239.21594772984864,19.859324744226523,12.749253296351121,3
239.23594906327088,19.55467929191388,10.877726422046832,3
239.2559503966931,17.024544014643133,10.237986676464928,3
239.27595173011534,16.646064254949692,7.498975857272052,3
239.29595306353755,13.029608789886586,6.926990986132273,3
239.3159543969598,11.463615433313619,7.505678022669587,3
239.335955730382,11.237541922286757,6.928075412501922,3
239.35595706380425,10.307430278897494,4.448364389691628,3
239.37595839722647,9.782235265194887,4.751965961389671,3
239.3959597306487,8.148168894690036,2.8241867606512736,3
239.41596106407093,8.389176857766714,2.625924748814471,3
239.43596239749317,5.997219838746827,4.023490958356604,3
239.45596373091539,8.240440693290898,2.8085358146757393,3
239.4759650643376,6.051717055881284,3.30735720685371,3
239.49596639775984,6.013219221468756,2.018784944814534,3
239.51596773118206,5.907867637440249,3.7206080322045305,3
239.5359690646043,7.3770105549050395,3.090938865977808,3
239.55597039802652,8.454519164005736,3.8792607950828213,3
239.57597173144876,8.468374527445041,5.902848435927057,3
239.59597306487098,7.675927572446648,5.407654812098421,3
239.61597439829322,8.802776539054104,7.874817210717579,3
239.63597573171543,9.129648351037156,8.309979436557146,3
239.65597706513768,10.68274647480489,8.398034164497252,3
239.6759783985599,11.34259624412176,11.62536072955284,3
239.69597973198213,12.30231442966152,11.34051268208657,3
239.71598106540435,13.904091025458083,15.387298227624985,3
239.7359823988266,16.04125220493977,13.853858213709737,3
239.7559837322488,17.539731705666703,17.67852477574113,3
239.77598506567102,20.76600737102995,18.11029081293084,3
239.79598639909327,19.761223097613165,19.05667977899686,3
239.81598773251548,24.151145407644666,21.584405966661013,3
239.83598906593772,24.5988145236767,23.368586806287944,3
239.85599039935994,27.89557505273,25.77571577964057,3
239.87599173278218,28.956641617329833,28.677577098278075,3
239.8959930662044,31.637106266407443,30.590604433550766,3
239.91599439962664,32.55403580366254,31.86209016252605,3
239.93599573304886,36.96092163586774,34.72638770058332,3
239.9559970664711,36.15084866333901,36.536983689000834,3
239.9759983998933,39.406811625156614,37.43581819856775,3
239.99599973331556,41.68609436696029,39.996073158804265,3
240.01600106673777,44.80769349405131,42.358441691445655,3
240.03600240016002,45.837159932227806,44.08979841617856,3
240.05600373358223,50.56605529557739,48.08221256987302,3
240.07600506700444,50.43293016246994,50.163365629395976,3
240.0960064004267,53.2313279689258,51.60929436134425,3
240.1160077338489,56.03608730443884,53.369804368712636,3
240.13600906727115,54.85590999605228,54.37013836021108,3
240.15601040069336,60.65276424944291,56.758093649875605,3
240.1760117341156,59.06721430854029,61.10390060083797,3
240.19601306753782,60.931247783882185,60.35786088008917,3
240.21601440096006,63.80494753868865,61.927681791481945,3
240.23601573438228,64.85713747077924,62.697312357288,3
240.25601706780452,67.10425206238575,65.66525496107062,3
240.27601840122674,69.98048356762114,68.34488447925138,3
240.29601973464898,70.99359428357448,67.70540688387155,3
240.3160210680712,72.23720901017845,69.88995295285751,3
240.33602240149344,73.81725515832106,70.05084465998212,3
240.35602373491565,75.29022815846541,70.26275569624549,3
240.37602506833787,75.34541974462522,69.46779948059356,3
240.3960264017601,77.4985469876748,70.30705234785205,3
240.41602773518233,76.60878697500142,71.09509363574324,3
240.43602906860457,75.44561530968357,73.0897063742554,3
240.45603040202678,76.91647494029702,74.74392290771948,3
240.47603173544903,78.25681040236734,73.08111747924146,3
240.49603306887124,77.53347755264923,71.88235379166757,3
240.51603440229349,75.08405526319564,73.21724746191951,3
240.5360357357157,75.17875596898295,71.17547991532008,3
240.55603706913794,74.03900720449099,70.82782732915153,3
240.57603840256016,77.43445878366204,71.30975967804697,3
240.5960397359824,75.23083692601203,70.46996665861717,3
240.61604106940462,76.52079529393025,69.11061921259052,3
240.63604240282686,73.29882769639316,67.27791808848765,3
240.65604373624907,74.43128280663801,65.67837353160581,3
240.6760450696713,72.83620352224509,65.77592567790559,3
240.69604640309353,69.84337121689427,62.207587817315904,3
240.71604773651575,71.07933637081801,62.48214783866485,3
240.736049069938,65.35529308517455,60.94510771852125,3
240.7560504033602,63.81848694773564,58.15519849549815,3
240.77605173678245,63.13195307674836,56.51260941038445,3
240.79605307020466,65.58163966660614,55.27740751715299,3
240.8160544036269,61.55123303260072,55.96479664491312,3
240.83605573704912,60.68960389354152,54.0839403460517,3
240.85605707047137,56.9453347477019,50.62919845619179,3
240.87605840389358,55.0361135712452,48.68149759326571,3
240.89605973731582,52.963734973779815,46.22742076939847,3
240.91606107073804,53.47045583665198,44.491523997060405,3
240.93606240416028,48.06837740187714,39.10244763407077,3
240.9560637375825,45.29432332468744,40.1321486654704,3
240.9760650710047,46.34111734987896,35.56419566565083,3
240.99606640442695,42.3050558018224,33.377187945338605,3
241.01606773784917,40.47425510150214,32.114708945946184,3
241.0360690712714,39.026209301597675,30.549716542741713,3
241.05607040469363,36.91619213119832,28.659241818994104,3
241.07607173811587,33.94337015634824,24.614082529762577,3
241.0960730715381,31.263280314489425,23.18135061113509,3
241.11607440496033,30.400527424899412,23.407115446048287,3
241.13607573838254,26.57125170612883,20.81623175683927,3
241.1560770718048,26.39009536227982,18.399364614472404,3
241.176078405227,23.214869661078495,16.727880344611375,3
241.19607973864925,19.917806559185728,16.290594785200174,3
241.21608107207146,19.50068943900427,13.35629907134741,3
241.2360824054937,19.182265687741808,10.424273515559605,3
241.25608373891592,15.286217061558881,10.879190811572334,3
241.27608507233813,15.59159842135462,10.517283585443119,3
241.29608640576038,15.416534572894744,6.241571234339302,3
241.3160877391826,13.00727931830913,7.546477999995131,3
241.33608907260484,10.527132404692413,6.946623849268383,3
241.35609040602705,9.414947902127125,1.9927591388856198,3
241.3760917394493,8.290955814967774,5.013887110942703,3
241.3960930728715,8.386514466550732,2.5965248424587233,3
241.41609440629375,10.300012744593554,3.883987669703803,3
241.43609573971597,8.179819662988878,4.345963639668577,3
241.4560970731382,7.342195014257942,2.3569559467683043,3
241.47609840656042,6.936741906529726,1.6706571594671578,3
241.49609973998267,7.8034991676878,4.2395161706363345,3
241.51610107340488,6.036699793515341,4.304322037700284,3
241.53610240682713,7.308371007892343,3.895713387594447,3
241.55610374024934,7.186831147471907,2.8485427207636738,3
241.57610507367156,6.88986882231114,3.748922724522368,3
241.5961064070938,7.606487459413751,5.154274318156002,3
241.61610774051601,9.837298291613338,7.493999359514841,3
241.63610907393826,8.028866657961684,6.837045025018624,3
241.65611040736047,11.991405051587549,11.60862398352526,3
241.67611174078272,11.28411456883798,9.722360064526152,3
241.69611307420493,13.604356835199908,9.731571209587804,3
241.71611440762717,15.615656463245761,13.012869064821269,3
241.7361157410494,17.579210830509922,15.287421200339429,3
241.75611707447163,18.19762011589616,16.808739321533974,3
241.77611840789385,19.33410149679463,17.265243703533404,3
241.7961197413161,20.765777447496422,21.264094283343642,3
241.8161210747383,23.54398062938987,21.75554238645351,3
241.83612240816055,24.559412069574112,23.499830215158013,3
241.85612374158276,25.85898004398095,24.592684305366625,3
241.87612507500498,29.587236483662853,28.090312082128783,3
241.89612640842722,30.89183905943769,29.355707535913883,3
241.91612774184944,33.46668117632418,33.501223804776586,3
241.93612907527168,34.756914607826964,34.78130523340548,3
241.9561304086939,37.438118729080976,39.20872069895645,3
241.97613174211614,39.26038299568157,39.137353231214796,3
241.99613307553835,41.7496929914225,40.396926635205205,3
242.0161344089606,45.47322876434258,43.60394365843147,3
242.0361357423828,45.86400553841129,44.655718833009885,3
242.05613707580505,47.88748755988724,46.625424147782034,3
242.07613840922727,50.22461000355021,51.04134745934528,3
242.0961397426495,52.37512602255392,51.113755314018306,3
242.11614107607173,55.23690009284947,52.33083773398506,3
242.13614240949397,56.08110899084346,54.84826677618243,3
242.15614374291619,57.38845481810385,56.88346578562309,3
242.1761450763384,60.98934917070167,58.1210813350714,3
242.19614640976064,63.3042364072956,62.906472208124896,3
242.21614774318286,63.76359231418081,63.62508849125351,3
242.2361490766051,65.77772296893157,64.0323883411757,3
242.25615041002732,67.547354592187,66.2706919960013,3
242.27615174344956,69.01679540358015,67.55806600549973,3
242.29615307687178,70.02019434091119,66.93885814530131,3
242.31615441029402,70.60849566467958,69.02833894491506,3
242.33615574371623,71.86252319816323,70.98700098994621,3
242.35615707713848,73.06669028899174,71.50856443625621,3
242.3761584105607,73.56507044905315,71.59326605152037,3
242.39615974398293,75.52920813215832,71.69558371036298,3
242.41616107740515,78.50719105198009,70.53011649055384,3
242.4361624108274,76.96251078058496,72.00380152045774,3
242.4561637442496,76.76019432422393,73.87924314059651,3
242.47616507767182,77.00300377916471,70.53771930786463,3
242.49616641109407,76.5089288427672,71.94543708182876,3
242.51616774451628,77.06091241667282,72.69856610775221,3
242.53616907793852,75.93714347227348,72.1404463932243,3
242.55617041136074,76.62017618010367,71.33902780455955,3
242.57617174478298,75.37918523257983,70.28074077286236,3
242.5961730782052,76.55890467866013,70.47019702289306,3
242.61617441162744,75.00899407847584,66.98883356547042,3
242.63617574504966,72.19140773295594,69.12737830434664,3
242.6561770784719,74.07330469956594,67.52390031054017,3
242.6761784118941,72.57075330902558,64.10098781791656,3
242.69617974531636,72.63961779709939,63.2172584971144,3
242.71618107873857,68.38578205213967,63.62808672723994,3
242.73618241216082,67.8621174590451,60.816532932405146,3
242.75618374558303,66.6897059013652,59.36387688504687,3
242.77618507900524,64.09344204863866,55.323802594147246,3
242.7961864124275,62.662923540496145,55.88355737565396,3
242.8161877458497,61.36859508568156,53.20586809906107,3
242.83618907927195,56.916723048165494,51.318955554470534,3
242.85619041269416,58.405590902465576,49.39738112910544,3
242.8761917461164,54.29667603474185,47.01746257964509,3
242.89619307953862,51.516881542336236,44.38637322850297,3
242.91619441296086,50.87518398439956,44.926104755079514,3
242.93619574638308,49.361006345793214,40.4385256849327,3
242.95619707980532,46.8226224972934,38.85233651774287,3
242.97619841322754,43.48551199986199,36.74385574508665,3
242.99619974664978,41.69402174728064,33.811169938998994,3
243.016201080072,40.343532368866576,33.469048949177726,3
243.03620241349424,36.96280190939802,30.668285934596682,3
243.05620374691645,36.062783482843074,29.72508814445077,3
243.07620508033867,31.794711837881493,27.591867723344766,3
243.0962064137609,33.66603572124324,22.37404586380258,3
243.11620774718313,28.39664296266677,21.10312591737909,3
243.13620908060537,27.959921954885882,20.044861337478785,3
243.15621041402758,26.895351549691586,15.38787512433263,3
243.17621174744983,23.603903414232313,16.9355885108704,3
243.19621308087204,22.49916035404101,13.828642310279617,3
243.21621441429429,21.271758584472913,13.497086455586217,3
243.2362157477165,18.994245512010867,12.172421770529263,3
243.25621708113874,17.180209737034264,8.62533253594404,3
243.27621841456096,16.042880225589727,9.926867001958259,3
243.2962197479832,14.291796423286252,6.665478148633885,3
243.31622108140542,14.119057075749211,8.226278292501465,3
243.33622241482766,10.935601273110038,6.92303264257176,3
243.35622374824987,10.569858869675972,7.460629290325136,3
243.3762250816721,11.22331953670831,4.027576490649192,3
243.39622641509433,8.332496830015891,2.0752363070728155,3
243.41622774851655,6.905690345624645,3.329566376742589,3
243.4362290819388,6.224541392711274,1.729771477346616,3
243.456230415361,6.849506075339247,2.4175887947845003,3
243.47623174878325,8.854430476353313,1.4066149855831587,3
243.49623308220546,6.8059759070507715,3.061862868605562,3
243.5162344156277,7.311287419934332,3.7367970014737497,3
243.53623574904992,7.080776320611221,4.364025830045153,3
243.55623708247217,6.925347046218021,4.299541999297847,3
243.57623841589438,8.214298373172854,5.284443098913751,3
243.59623974931662,9.050007698038453,2.3322531411197405,3
243.61624108273884,8.905615636502734,5.910681524576351,3
243.63624241616108,9.169128202083643,7.183823616743378,3
243.6562437495833,11.143915566455078,9.563735804393998,3
243.6762450830055,12.259521486494956,10.113267351397914,3
243.69624641642775,13.594668427342619,11.263655613774281,3
243.71624774984997,15.717957328591519,11.66933948615797,3
243.7362490832722,17.84650251908118,13.15018506322254,3
243.75625041669443,17.66541781867126,16.14225311940632,3
243.77625175011667,19.566031292721622,19.007186802661902,3
243.7962530835389,22.027108605831522,19.906265770861374,3
243.81625441696113,22.706451342005014,19.939343858854752,3
243.83625575038334,25.446258633006867,24.856776179086598,3
243.8562570838056,26.16518040791312,25.398427232940477,3
243.8762584172278,29.331640240627042,28.592564571469566,3
243.89625975065005,31.019568439130595,29.669659597061013,3
243.91626108407226,32.71829847765416,31.846044253260413,3
243.9362624174945,34.375133092325655,33.53628032574383,3
243.95626375091672,37.13408884398832,36.69128997747909,3
243.97626508433893,40.24181622573499,40.12596240631246,3
243.99626641776118,42.28601450892145,39.057730347659124,3
244.0162677511834,43.87541911607206,42.861857152463756,3
244.03626908460564,44.565305517682134,45.6511351017127,3
244.05627041802785,50.01026151171613,46.70388394045817,3
244.0762717514501,50.3647505264341,49.85373001723483,3
244.0962730848723,52.37169174573517,51.89011424255906,3
244.11627441829455,54.30687222693412,53.61050053084302,3
244.13627575171677,59.1064421213353,57.62020979493533,3
244.156277085139,57.606574610981944,57.355500558802596,3
244.17627841856122,60.3713067835511,60.65096424876508,3
244.19627975198347,62.280872640470605,61.569754144368936,3
244.21628108540568,65.13408546388978,62.82134098994924,3
244.23628241882793,67.61358518488963,64.52548729428159,3
244.25628375225014,65.40474948251591,64.26029067375956,3
244.27628508567236,67.93963270700851,66.66978267659835,3
244.2962864190946,69.84199978675105,68.88971598289332,3
244.3162877525168,71.19699122714329,68.83469739919454,3
244.33628908593906,73.19205199223282,70.78492173918225,3
244.35629041936127,73.99331077292659,71.89252855472284,3
244.37629175278352,73.14653306702567,71.39054780507446,3
244.39629308620573,75.70430852298153,71.87477151708302,3
244.41629441962797,75.16218377577535,73.14890426763378,3
244.4362957530502,75.72262874597365,72.72276803492502,3
244.45629708647243,75.91270941587061,72.33108928696905,3
244.47629841989465,76.774257740208,72.06670258332039,3
244.4962997533169,78.42799350856981,72.59728113351434,3
244.5163010867391,77.62971844493279,73.17802761211686,3
244.53630242016135,77.72099854104482,71.57645616668546,3
244.55630375358356,76.13373137554015,71.3612530404551,3
244.57630508700578,77.07133780385662,71.22908156193556,3
244.59630642042802,74.61878234403564,71.24900912970892,3
244.61630775385024,76.58992749059311,68.6271798081254,3
244.63630908727248,74.04141028366762,67.79327163814878,3
244.6563104206947,73.68505069629677,67.61937630046488,3
244.67631175411694,71.17419205789332,65.24155341434499,3
244.69631308753915,71.544570449225,64.46684181921212,3
244.7163144209614,68.54936999649355,64.05724235228091,3
244.7363157543836,67.57912598105202,60.404709522738294,3
244.75631708780585,64.27061934767165,58.93111984748179,3
244.77631842122807,64.13021894908918,57.89237693730658,3
244.7963197546503,62.438823230971764,55.41328374269212,3
244.81632108807253,61.081826637478464,53.342822526996216,3
244.83632242149477,58.90330037830452,51.43477410681659,3
244.85632375491699,57.743508804754974,50.348406422082896,3
244.8763250883392,54.766605074727764,49.44804598638094,3
244.89632642176144,53.7011860253353,46.281935682263395,3
244.91632775518366,51.442180167351225,44.68606899859284,3
244.9363290886059,47.750454032649614,41.23101455400965,3
244.95633042202812,48.523441497485,40.55632133654065,3
244.97633175545036,47.60800335795015,36.29031202796692,3
244.99633308887257,42.17607943224461,33.60895623391068,3
245.01633442229482,39.86258005581178,32.202145289252584,3
245.03633575571703,38.382922626891066,29.973960883874827,3
245.05633708913928,37.618725654472385,28.123067025313595,3
245.0763384225615,33.77673308312242,26.346616204343537,3
245.09633975598373,29.882041825032825,23.79626052224864,3
245.11634108940595,29.382556324543415,21.420555052118125,3
245.1363424228282,25.57796693577581,16.36998503450657,3
245.1563437562504,23.485053426449817,18.47424396910876,3
245.17634508967262,25.747268528591945,17.891077051165983,3
245.19634642309487,19.931479423793668,15.329383311053165,3
245.21634775651708,20.471869567762393,12.77009506775545,3
245.23634908993932,19.08212084614901,12.00900196181761,3
245.25635042336154,17.724270094090514,9.28478022952087,3
245.27635175678378,16.666709271557476,8.309512074505614,3
245.296353090206,13.819590613310769,6.190042897501578,3
245.31635442362824,13.299894960138325,4.968128350747728,3
245.33635575705046,12.207006180015767,5.357793591783251,3
245.3563570904727,10.137619983444038,4.20543009485079,3
245.3763584238949,10.48774294995611,5.1403467003401815,3
245.39635975731716,8.765811025365384,3.581560124891289,3
245.41636109073937,5.936276789202039,3.900565929168133,3
245.43636242416162,9.046938071185284,1.9389633794447088,3
245.45636375758383,6.944019126250185,4.34861668361724,3
245.47636509100604,7.074038742149358,1.8990377455476504,3
245.4963664244283,4.922345480746532,3.748155037284763,3
245.5163677578505,9.100939029735628,3.1420390120346675,3
245.53636909127275,6.501832618449713,3.468834223163936,3
245.55637042469496,6.857073397561613,4.0530700856133235,3
245.5763717581172,9.517258492924379,5.096179698393819,3
245.59637309153942,9.03803544708708,4.694347043628282,3
245.61637442496166,10.260805987152002,7.623562480853155,3
245.63637575838388,10.581313615826945,8.294178966067589,3
245.65637709180612,12.42953979881712,9.096860009774346,3
245.67637842522834,13.010057676536116,9.345693717770674,3
245.69637975865058,13.854141323808662,12.48081945170119,3
245.7163810920728,14.298217062233913,11.63760077346047,3
245.73638242549504,11.990709805481773,15.396602529392382,3
245.75638375891725,19.224557936346514,16.458206075404423,3
245.77638509233947,19.21313558481717,18.953976749334917,3
245.7963864257617,20.91110867982397,21.235309881435274,3
245.81638775918393,22.528250393264518,22.665271591004384,3
245.83638909260617,23.93717925077614,24.9505317294887,3
245.85639042602838,27.82508227641459,26.071313565106927,3
245.87639175945063,28.202938305974506,26.7844420254676,3
245.89639309287284,30.95655757232711,28.59441895769351,3
245.91639442629508,32.38022558241179,31.202779462776537,3
245.9363957597173,35.25562876069371,34.87149092708377,3
245.95639709313954,35.93246619920173,37.54151615704642,3
245.97639842656176,38.89995155542803,36.00869398922291,3
245.996399759984,42.53383288355184,39.757677114268496,3
246.01640109340622,44.00306778515943,43.27432678610796,3
246.03640242682846,45.55768092613236,44.59741957755117,3
246.05640376025067,49.196788247514895,46.89579400497337,3
246.07640509367292,50.33452280463896,50.09299598816163,3
246.09640642709513,53.63368306922012,50.112502461085235,3
246.11640776051735,54.815632116633964,52.90683425377031,3
246.1364090939396,56.61283753577911,55.59301536574013,3
246.1564104273618,57.394093939573416,57.99623975185666,3
246.17641176078405,58.67621717454477,58.680311478396455,3
246.19641309420626,63.339586471686545,60.26614516739677,3
246.2164144276285,62.92612334103176,61.38876921884088,3
246.23641576105072,65.13994318741462,64.1004199028039,3
246.25641709447297,67.9595208147027,65.48196254157295,3
246.27641842789518,69.22161198689284,68.20026868703343,3
246.29641976131742,72.3880636279516,69.02138749722693,3
246.31642109473964,71.05526310246053,68.46727981252218,3
246.33642242816188,73.96223713190496,71.28484091681803,3
246.3564237615841,72.91917795258446,69.74128110053122,3
246.37642509500634,75.43231120741785,70.44280212784498,3
246.39642642842855,76.67345148213606,70.10480523559899,3
246.41642776185077,77.0208945938848,72.41884278048353,3
246.436429095273,76.61017724612208,71.90899856431194,3
246.45643042869523,75.60564289937415,72.7789056682748,3
246.47643176211747,76.71842118161844,73.69292232152122,3
246.4964330955397,76.49775352986259,70.82997264877982,3
246.51643442896193,77.35650508762863,72.4303519810448,3
246.53643576238414,75.04076753173301,71.39213681615256,3
246.5564370958064,76.67968941137963,69.24733896985522,3
246.5764384292286,76.25477628765042,70.02339513599739,3
246.59643976265085,76.40803460501016,69.76436411945447,3
246.61644109607306,74.63631897663132,69.72914877676969,3
246.6364424294953,71.84102944623884,67.01821391865023,3
246.65644376291752,73.79682013825854,67.44642951895806,3
246.67644509633976,71.76443686707988,68.07138657640876,3
246.69644642976198,70.79862282318972,64.21845131695157,3
246.7164477631842,68.24332961665723,60.959173029953526,3
246.73644909660644,67.87041280887716,61.25741405990466,3
246.75645043002865,65.21442227126752,60.65968730332811,3
246.7764517634509,65.57080067440931,57.34517979994103,3
246.7964530968731,64.68376670263389,55.83030256408309,3
246.81645443029535,62.090137272895575,55.35777618105925,3
246.83645576371757,58.60100145480977,51.912153487459946,3
246.8564570971398,58.01950166409178,50.06922501218276,3
246.87645843056202,57.67653165032674,49.17808090250157,3
246.89645976398427,53.124205504895784,46.39349000592035,3
246.91646109740648,50.41514308886899,43.871585298009926,3
246.93646243082873,49.51821521370168,41.56127690176024,3
246.95646376425094,46.50584052712138,38.71343419173197,3
246.97646509767318,45.598744979999495,36.88923683429162,3
246.9964664310954,44.37871033580721,34.92854718497073,3
247.0164677645176,39.243718294938894,33.463609801532215,3
247.03646909793986,38.04977267149265,31.947461097185936,3
247.05647043136207,35.597917226912145,28.819468521255345,3
247.07647176478432,34.47124708988448,26.58403824166992,3
247.09647309820653,32.36468355241304,25.25414040216478,3
247.11647443162877,29.186455584123234,20.052183525673293,3
247.136475765051,27.947605407234647,18.670436139712088,3
247.15647709847323,26.53935975183769,17.030488399020168,3
247.17647843189545,22.0085030519633,18.132255853452328,3
247.1964797653177,21.127863653950367,14.0825008112662,3
247.2164810987399,19.31165646960893,12.370321288518175,3
247.23648243216215,17.588766258466034,9.928709173129699,3
247.25648376558436,15.15445029718101,10.720657003958468,3
247.2764850990066,15.64707064921889,8.779171763567147,3
247.29648643242882,13.286039273823246,8.192399437817953,3
247.31648776585104,11.515249305665591,7.0841295241343225,3
247.33648909927328,11.605467787772918,5.344720268142828,3
247.3564904326955,9.909784771025075,5.727796549051043,3
247.37649176611774,8.191289524684684,1.7184094524346056,3
247.39649309953995,8.436995002465792,3.5874462243937724,3
247.4164944329622,7.181622762952807,2.0781076654678383,3
247.4364957663844,7.460564805792316,1.8105519137517572,3
247.45649709980665,7.547264896313258,3.8535014171439235,3
247.47649843322887,7.304198085388772,2.2777463724309412,3
247.4964997666511,5.02532574884751,3.5940457712093936,3
247.51650110007333,6.963900991385964,4.6243176713250085,3
247.53650243349557,6.021111079485336,4.20147529866499,3
247.55650376691779,6.451267277803926,3.2021653600639017,3
247.57650510034003,6.792910289464679,4.464924681341866,3
247.59650643376224,9.25769654755039,4.3480124265264,3
247.61650776718446,10.646662557018214,6.322897352371902,3
247.6365091006067,7.846636566038191,6.73046991135756,3
247.65651043402892,11.86929853726278,9.53557887030351,3
247.67651176745116,11.359049306456248,9.406621575671629,3
247.69651310087337,13.796774620766346,11.299139798592227,3
247.71651443429562,16.289461994814623,12.34764089046445,3
247.73651576771783,17.03083217970427,15.324222957005032,3
247.75651710114008,18.329261830102872,18.760547365903154,3
247.7765184345623,19.720674631145233,17.817427524281545,3
247.79651976798453,20.59168191680123,19.388868546017882,3
247.81652110140675,21.419958790800266,20.191962512444178,3
247.836522434829,24.606676444354466,24.940215818157746,3
247.8565237682512,26.145832761966613,24.801744977555845,3
247.87652510167345,28.71053284350971,29.144399752867542,3
247.89652643509567,31.035612753077796,30.073276923998975,3
247.91652776851788,33.39325786844469,32.93528645217239,3
247.93652910194012,34.006775956408475,33.69595144645237,3
247.95653043536234,36.35760248411052,37.076693005022456,3
247.97653176878458,39.81115524873357,36.66092416929841,3
247.9965331022068,41.72252149534926,39.829267873475025,3
248.01653443562904,44.27266531315642,43.10955247372922,3
248.03653576905126,45.68692859046033,45.54094455155808,3
248.0565371024735,48.49422003530842,46.19333964548281,3
248.0765384358957,50.021232711550454,48.913298174532464,3
248.09653976931796,52.02994292646366,52.082523311989654,3
248.11654110274017,54.94867025902163,55.02340188924545,3
248.13654243616242,54.87887121589068,57.67689677607085,3
248.15654376958463,56.963850936941654,57.67649886716477,3
248.17654510300687,58.313942492930266,57.29083814175845,3
248.1965464364291,60.640964753527605,59.13952753780303,3
248.2165477698513,64.90407448828816,61.23369562263804,3
248.23654910327355,65.64743430508994,64.30725009923341,3
248.25655043669576,65.98613094793235,66.22323977601816,3
248.276551770118,69.51737094726674,66.2993653565205,3
248.29655310354022,69.69897910614912,66.89832680071729,3
248.31655443696246,69.87869390224833,68.61938013438854,3
248.33655577038468,73.8553608263485,69.43244226867196,3
248.35655710380692,73.03427451590008,70.5506411860581,3
248.37655843722914,73.5654902478831,69.72768234634913,3
248.39655977065138,75.19589077001372,71.33086727204213,3
248.4165611040736,76.15828971417736,72.39563232097738,3
248.43656243749584,76.28511104381684,71.71627401232618,3
248.45656377091805,75.35794668351305,74.47175702895152,3
248.4765651043403,75.01971756061813,73.49766549877266,3
248.4965664377625,77.66771645043858,71.49981911874234,3
248.51656777118473,76.88196295194552,73.66902068125181,3
248.53656910460697,75.80606322527699,72.4912250840972,3
248.55657043802918,77.9258561366039,71.35873589185863,3
248.57657177145143,76.66612294717544,70.7107616927129,3
248.59657310487364,75.27827836361196,70.443399545978,3
248.61657443829588,75.16576997097114,69.6741642585012,3
248.6365757717181,73.70840079915833,68.42190402458715,3
248.65657710514034,71.47102371694069,65.1147804104714,3
248.67657843856256,72.61761591473928,66.40437887600508,3
248.6965797719848,71.0534464101889,62.90160655064026,3
248.71658110540702,69.74385571694808,63.816879707139115,3
248.73658243882926,66.91937993282133,62.46925273229117,3
248.75658377225147,67.28516150269093,59.98158669118195,3
248.77658510567372,64.77192104848143,57.945229583310955,3
248.79658643909593,64.41072720837856,54.777917654514305,3
248.81658777251815,59.08023378009111,53.833504518115554,3
248.8365891059404,57.601580708822766,51.663335104068565,3
248.8565904393626,55.4406860531288,49.61722146003406,3
248.87659177278485,55.572547828744995,48.2697135361868,3
248.89659310620706,53.15761264144319,45.32402228311333,3
248.9165944396293,50.9296115156748,41.53330298060979,3
248.93659577305152,50.049128348278565,40.67225929809489,3
248.95659710647377,46.044069954049924,41.05644803647082,3
248.97659843989598,45.18367876525204,36.59871550947926,3
248.99659977331822,43.84683560161309,34.17791742352718,3
249.01660110674044,39.77781183525556,31.843865063845552,3
249.03660244016268,38.91306296803284,29.609812427292507,3
249.0566037735849,35.83718630626313,29.81151053050526,3
249.07660510700714,33.260585408549375,24.98485383527869,3
249.09660644042935,31.696775775065483,25.17115802363589,3
249.11660777385157,30.507708719283336,20.680008138910278,3
249.1366091072738,29.01907509133892,20.122294240247058,3
249.15661044069603,25.561141499295886,19.992625242027373,3
249.17661177411827,21.00576372938223,16.351529574053185,3
249.1966131075405,22.695411604714067,15.05095443039086,3
249.21661444096273,18.66498123640208,11.841836669410053,3
249.23661577438494,18.152337599959285,11.568518034002755,3
249.2566171078072,17.777101691801466,10.61939614966056,3
249.2766184412294,15.69815554989909,8.994318309404491,3
249.29661977465165,12.242543169800493,8.502772729116812,3
249.31662110807386,13.051963877076233,5.564719014039287,3
249.3366224414961,12.693696390530993,4.6221033710734245,3
249.35662377491832,10.84335736270599,6.068908771974964,3
249.37662510834056,8.816106613687346,4.629374838956313,3
249.39662644176278,9.064186448751444,5.776042844253513,3
249.416627775185,7.585476644374373,5.077194422164615,3
249.43662910860724,8.368768457362593,1.8509334560156183,3
249.45663044202945,8.628852203245192,1.8237900641924205,3
249.4766317754517,7.049045157111565,3.534186124920527,3
249.4966331088739,6.4431199759280355,3.803615732914179,3
249.51663444229615,5.869891565975658,4.310888684584219,3
249.53663577571837,8.861513619570735,3.0553958678475333,3
249.5566371091406,8.830363843939965,2.896130280511379,3
249.57663844256282,8.214021673219772,3.6186620093286423,3
249.59663977598507,7.828755062096057,6.408187150975944,3
249.61664110940728,8.6189756307018,5.3455341603677695,3
249.63664244282953,11.223705399257026,6.991434438825119,3
249.65664377625174,13.253804026287552,8.14425925222292,3
249.67664510967398,12.184765643699523,10.539637529146047,3
249.6966464430962,13.929298431157285,10.421041862507577,3
249.7166477765184,14.685179524314687,12.67492451302198,3
249.73664910994066,16.490125421421666,15.580241100738254,3
249.75665044336287,17.40708439170311,16.540991419274707,3
249.77665177678512,19.901113500493647,18.086417779523845,3
249.79665311020733,23.360093451186188,22.095615512440247,3
249.81665444362957,22.855812213943477,22.35676566633963,3
249.8366557770518,24.050854932942123,24.113713394392207,3
249.85665711047403,26.823762585509492,25.542853753265437,3
249.87665844389625,29.559647293943232,28.590428588222494,3
249.8966597773185,30.890917598172706,31.094659494364024,3
249.9166611107407,31.828529931003448,33.780701763658975,3
249.93666244416295,35.22416606568865,34.96635947670422,3
249.95666377758516,36.42584390539601,37.18499863835228,3
249.9766651110074,41.69069364235057,37.32671748129007,3
249.99666644442962,41.459487769879516,40.79298542491783,3
250.01666777785184,44.76909492545503,41.99039864415289,3
250.03666911127408,45.44965128455524,45.51116702550638,3
250.0566704446963,48.847356315478024,45.79890728533024,3
250.07667177811854,51.92243398789029,48.32594483812976,3
250.09667311154075,52.75592189752908,53.70884806968937,3
250.116674444963,54.85623263013248,53.77096209509759,3
250.1366757783852,56.214865993586706,54.54045854704326,3
250.15667711180745,59.021013398973686,56.92567287186767,3
250.17667844522967,61.14807237248924,59.06356955198861,3
250.1966797786519,61.26575344131588,61.129595666786194,3
250.21668111207413,63.97328965176997,61.39490966740438,3
250.23668244549637,66.38452147675287,64.05885313508423,3
250.25668377891859,68.10339173862732,62.244988567544446,3
250.27668511234083,67.56112508410125,66.38432533345255,3
250.29668644576304,71.01240350875074,67.24050664524817,3
250.31668777918526,71.23304974924876,69.83374658283398,3
250.3366891126075,73.20900330036118,70.60291323257503,3
250.35669044602972,72.64979048466151,71.74761463627921,3
250.37669177945196,74.29623576928401,70.1074543490168,3
250.39669311287417,75.72151740281896,70.95591387134748,3
250.41669444629642,74.62952377382958,74.20153170589461,3
250.43669577971863,76.84685573824204,72.94822288739302,3
250.45669711314088,75.0881309462794,72.87772281981904,3
250.4766984465631,77.29262173213837,71.73263827293331,3
250.49669977998533,77.77716769470051,72.64351855318783,3
250.51670111340755,76.93996993241738,72.49552769800454,3
250.5367024468298,76.37345038809801,73.29479993534554,3
250.556703780252,76.77862091256982,69.29323464674704,3
250.57670511367425,76.49492415481132,70.42410128105507,3
250.59670644709647,75.7255632620352,70.91630203065318,3
250.61670778051868,75.47298246360592,68.77671614239232,3
250.63670911394092,74.17708593844024,68.4517866257298,3
250.65671044736314,72.68302445239756,66.50142019549189,3
250.67671178078538,72.78277346645012,66.1849534729921,3
250.6967131142076,70.69232529346282,64.7273440386521,3
250.71671444762984,70.73208548823355,63.41139207060277,3
250.73671578105206,67.11207925853658,62.37140332146298,3
250.7567171144743,66.57859843167174,58.832873807556865,3
250.7767184478965,63.65028653980757,57.50065917473025,3
250.79671978131876,62.12928934050215,56.50760859601545,3
250.81672111474097,60.37781532304185,51.7595555374169,3
250.83672244816321,57.98564984632173,51.3512331336873,3
250.85672378158543,58.09924260956724,50.159175070644274,3
250.87672511500767,55.750603669149086,47.829669997710894,3
250.8967264484299,53.12235351107717,46.31271010024185,3
250.9167277818521,52.3837847645277,41.778439876548624,3
250.93672911527435,49.18636902182404,38.549886203086984,3
250.95673044869656,45.498615909493175,39.86989457337721,3
250.9767317821188,46.14811464257853,38.52838459746326,3
250.99673311554102,41.291652610944155,35.880026497450494,3
251.01673444896326,40.21530889604418,32.62479961063785,3
251.03673578238548,37.719129036497506,30.339505878729874,3
251.05673711580772,34.98614711023458,28.000067511623328,3
251.07673844922994,35.25310992376952,26.24495968902,3
251.09673978265218,31.733758800281358,24.82709419394188,3
251.1167411160744,29.535611365187187,20.71958415423926,3
251.13674244949664,25.832569209988897,19.45906637879813,3
251.15674378291885,26.741123455864383,21.14341547634875,3
251.1767451163411,21.58306106161222,14.501547755613744,3
251.1967464497633,22.694212508400813,15.501682071172404,3
251.21674778318553,19.46694392285727,12.868775359376029,3
251.23674911660777,17.289205950807386,11.27441267349619,3
251.25675045002998,16.64473279874253,10.819015147507352,3
251.27675178345223,15.359932355489121,7.738529473444446,3
251.29675311687444,13.934095946054953,9.928310292382129,3
251.31675445029668,13.096215916912103,8.363049128178934,3
251.3367557837189,11.25776611203463,5.679237017488296,3
251.35675711714114,10.968497275960482,6.170971232780083,3
251.37675845056336,7.376840029761737,3.9030108895475077,3
251.3967597839856,8.566230760181039,2.8232900877726728,3
251.41676111740782,6.841267792300944,2.520810763063155,3
251.43676245083006,5.107342088672457,1.7522098483892845,3
251.45676378425227,7.509188802577228,2.4600610760574027,3
251.47676511767452,5.523001047986481,2.777119107504794,3
251.49676645109673,7.864210173512519,2.6981950403032275,3
251.51676778451895,7.667347911678251,1.768566410973068,3
251.5367691179412,8.3250035978048,4.222638475935855,3
251.5567704513634,8.171943537336643,2.81989922613552,3
251.57677178478565,7.460688108421353,2.8285784369579394,3
251.59677311820786,7.7327408645437865,6.576946746538739,3
251.6167744516301,10.158501681120594,5.898351029048328,3
251.63677578505232,8.88973166323477,7.494361894691483,3
251.65677711847457,10.66926892909219,9.964294112904714,3
251.67677845189678,13.066086550727583,9.973505912174424,3
251.69677978531902,13.297706533118438,11.27103332662908,3
251.71678111874124,14.328350686357755,12.4066738980513,3
251.73678245216348,15.166416586952284,14.428896176508879,3
251.7567837855857,18.004423734304673,15.932077964521298,3
251.77678511900794,18.822374725883694,17.768287156804472,3
251.79678645243015,21.283286284196475,18.381096012404345,3
251.81678778585237,23.353616375229684,21.836762645143665,3
251.8367891192746,25.86098980062693,23.788575624278213,3
251.85679045269683,27.369524333877646,24.31301372840492,3
251.87679178611907,28.26458049607977,29.742703763598143,3
251.8967931195413,30.59085412614285,29.813900066698142,3
251.91679445296353,31.41170915859822,31.65114851967326,3
251.93679578638574,35.78133108731894,34.107750499113365,3
251.956797119808,37.89098665285765,36.103787385284306,3
251.9767984532302,37.74123581245345,38.961964871379834,3
251.99679978665245,42.00156518479019,39.43594245888617,3
252.01680112007466,43.44936533821541,43.006918574489205,3
252.0368024534969,44.12222770271619,45.63862728439079,3
252.05680378691912,48.26654105961273,47.685105359643345,3
252.07680512034136,50.636725857533484,49.40830685281637,3
252.09680645376358,51.35658046917954,52.026873500212524,3
252.1168077871858,53.15103380924027,54.92069540234774,3
252.13680912060804,55.355280731844694,56.270805955604956,3
252.15681045403025,57.506603643125715,57.708741050708525,3
252.1768117874525,60.470362468870974,60.2351926568322,3
252.1968131208747,64.75008787837308,60.28342140533872,3
252.21681445429695,66.38129856696432,62.60006852600985,3
252.23681578771917,65.29082703416147,65.20519157074513,3
252.2568171211414,67.77610356375334,65.14995442153828,3
252.27681845456362,69.75556932946522,68.19669289928743,3
252.29681978798587,69.50176552665654,66.68860341475164,3
252.31682112140808,70.78216785024651,68.37034115491379,3
252.33682245483033,72.29004105903954,70.76255924220045,3
252.35682378825254,73.209334305626,70.17281986302409,3
252.37682512167478,73.5970456165398,71.84632590911386,3
252.396826455097,73.45952814302775,73.75905270475644,3
252.4168277885192,75.27196239193597,71.69193527545133,3
252.43682912194146,76.84271502483693,72.581474188723,3
252.45683045536367,75.15056845523938,72.73818171431355,3
252.47683178878592,77.07914995527199,71.65325966363419,3
252.49683312220813,74.80665329127073,72.73778139961921,3
252.51683445563037,78.32377195200765,71.27209412514387,3
252.5368357890526,78.07075288017684,71.75641415767002,3
252.55683712247483,75.68921245205169,71.7076273821518,3
252.57683845589705,75.84936219630305,70.83541202099134,3
252.5968397893193,77.14695390154645,69.72322579949758,3
252.6168411227415,75.25594390118924,69.31319101971708,3
252.63684245616375,74.12141876234638,69.15756793778122,3
252.65684378958596,72.33789826566965,65.72596073929532,3
252.6768451230082,70.94968426831856,66.01923692640766,3
252.69684645643042,70.94325429742008,65.74339838544329,3
252.71684778985264,67.32388400854529,64.35666301287628,3
252.73684912327488,66.26962156560081,61.71730496697363,3
252.7568504566971,64.42242831700204,59.74346693608624,3
252.77685179011934,65.95765247802093,56.891214290448154,3
252.79685312354155,63.623826729511165,57.262877724040074,3
252.8168544569638,60.30450769615683,53.908931308041176,3
252.836855790386,57.86534191438299,51.02966586815144,3
252.85685712380825,56.596094072173756,48.884236326439236,3
252.87685845723047,55.69316954409076,47.84067427434523,3
252.8968597906527,51.65003637580364,47.733481130536866,3
252.91686112407493,50.56033661343909,44.443078537436705,3
252.93686245749717,49.84868668129783,42.24763705062713,3
252.95686379091939,46.48221438377947,38.77668716753399,3
252.97686512434163,44.47872143686022,37.93295552523142,3
252.99686645776384,42.357804858679415,34.8856737173799,3
253.01686779118606,41.769265266256184,33.06703018502643,3
253.0368691246083,40.26363352491425,29.54656830138075,3
253.05687045803052,34.42891869279931,28.91637650136612,3
253.07687179145276,34.24950654830961,24.738438303612497,3
253.09687312487497,30.45601206453964,24.778263816734405,3
253.11687445829722,29.38337737463904,23.206553870419718,3
253.13687579171943,28.75810284284585,20.50854734902869,3
253.15687712514168,23.074824853617336,18.58122424716541,3
253.1768784585639,23.717428938698323,16.55161219534432,3
253.19687979198613,22.97062524730716,15.412991914682335,3
253.21688112540835,18.869630201249766,13.888458550250874,3
253.2368824588306,18.424419620375907,10.491208528170532,3
253.2568837922528,16.871125856287204,12.199832947577345,3
253.27688512567505,15.616003372426375,10.545605902663423,3
253.29688645909727,12.602785669597539,7.518011709693521,3
253.31688779251948,14.025356187696621,8.011991081632779,3
253.33688912594172,9.83425235950218,4.782684072741466,3
253.35689045936394,10.77582092605996,4.011459682273214,3
253.37689179278618,9.926873846151109,4.703473197776043,3
253.3968931262084,8.136430511713895,3.0284744108359836,3
253.41689445963064,8.484596099634222,3.9452733257606516,3
253.43689579305286,8.207654712799336,3.8550456274169793,3
253.4568971264751,7.888611490823708,2.6766222140263625,3
253.4768984598973,6.228548629486239,2.75285763232183,3
253.49689979331956,6.897855730491051,4.750647517882396,3
253.51690112674177,8.366458589209863,1.831613601905693,3
253.53690246016401,7.673076788543523,3.977097728750208,3
253.55690379358623,7.795431425463277,3.5619138829991117,3
253.57690512700847,8.665980626866732,5.515748522940902,3
253.5969064604307,7.734221843246737,5.987779985759608,3
253.6169077938529,8.724582578279291,7.072559601387603,3
253.63690912727515,11.186648412152627,7.445150129589758,3
253.65691046069736,11.378261100142483,7.814626448418288,3
253.6769117941196,10.59471111138981,8.367035489056338,3
253.69691312754182,14.2539812898249,13.442132521319847,3
253.71691446096406,14.758739186057936,12.016602806502329,3
253.73691579438628,14.309477073137408,15.564693266146637,3
253.75691712780852,16.155519154631705,15.467854879978509,3
253.77691846123074,19.47496388174495,16.858370447062597,3
253.79691979465298,21.439753603422282,18.98594538600332,3
253.8169211280752,21.638477376300337,22.69542102490084,3
253.83692246149744,23.491658093537964,23.13830725990391,3
253.85692379491965,27.025867696514045,24.96013129376361,3
253.8769251283419,27.012886270507288,28.794275325901737,3
253.8969264617641,31.520884037745365,28.074309914069925,3
253.91692779518633,32.14456978861162,31.264919033926855,3
253.93692912860857,35.350536496326235,35.87633026374749,3
253.95693046203078,36.543652199880064,37.19180173855992,3
253.97693179545303,39.92417858330088,37.62385199200564,3
253.99693312887524,42.79069662428045,41.2308100131653,3
254.01693446229748,42.126315983392196,42.20562823271256,3
254.0369357957197,46.506445698765596,43.98988736743751,3
254.05693712914194,49.383736982827436,46.00545023843362,3
254.07693846256416,50.75886854851162,50.14309561873667,3
254.0969397959864,52.70300558595366,52.5489433119609,3
254.11694112940862,53.9053058230963,53.499428921931894,3
254.13694246283086,56.5605821898567,55.14878909684072,3
254.15694379625307,58.46118919905653,56.58089738797405,3
254.17694512967532,60.76071348529441,57.688754134339234,3
254.19694646309753,62.28746140463966,60.84378708828001,3
254.21694779651975,62.85873584633246,63.62658708711003,3
254.236949129942,65.25544962945811,64.47665679710163,3
254.2569504633642,67.54932394707228,66.66195408007741,3
254.27695179678645,68.84835037035285,67.33014525414855,3
254.29695313020866,70.0057463298677,68.77267517659092,3
254.3169544636309,72.19493580627912,69.57360113193076,3
254.33695579705312,74.2700795164633,68.63439689753174,3
254.35695713047537,71.82686847137242,71.0058422987715,3
254.37695846389758,74.19423478502692,71.3419771142195,3
254.39695979731982,76.2732555292763,73.40403400453279,3
254.41696113074204,74.7138219758634,70.6932797128375,3
254.43696246416428,74.92884920433194,72.8170549741995,3
254.4569637975865,77.88581629294531,72.99283829625075,3
254.47696513100874,76.38552394661419,72.72453575411096,3
254.49696646443095,77.8189312429133,74.42603771553976,3
254.51696779785317,77.1951536293901,71.91562856765019,3
254.5369691312754,77.57266302124364,72.11928049180325,3
254.55697046469763,78.71432573416796,71.02520350141153,3
254.57697179811987,76.86833311459884,72.10950658929285,3
254.5969731315421,74.56898866170327,70.74453055336838,3
254.61697446496433,73.43727368460753,69.14348590984379,3
254.63697579838654,74.1538399247899,67.58406752518734,3
254.6569771318088,71.6942575648446,66.89388179696114,3
254.676978465231,73.5285770902943,64.60188342408402,3
254.69697979865325,72.24816952479104,65.28177603347264,3
254.71698113207546,70.25695182407533,61.48401266807959,3
254.7369824654977,68.1257513250808,61.80464608772247,3
254.75698379891992,65.70185907230766,59.434324080651095,3
254.77698513234216,64.61659687528814,57.62731214591623,3
254.79698646576438,64.98795301139705,55.745997183244484,3
254.8169877991866,61.39919139884947,53.688149732754255,3
254.83698913260884,59.28038738187412,51.55184545661131,3
254.85699046603105,56.90322417383759,50.549175752853934,3
254.8769917994533,54.761515698160856,48.00092179395335,3
254.8969931328755,54.75320851140602,45.012778832314794,3
254.91699446629775,52.47365953422118,42.31373952320446,3
254.93699579971997,46.357385486563885,42.058935667530136,3
254.9569971331422,46.70334759848017,39.67792797650555,3
254.97699846656442,44.85485269109945,37.94591361027762,3
254.99699979998667,46.18510124573534,35.48180705751697,3
255.01700113340888,40.06733542489058,32.58147288701075,3
255.03700246683113,38.56559649651303,29.833886804241175,3
255.05700380025334,35.643095598610884,27.917915379713282,3
255.07700513367558,32.65295348885066,26.44214931389316,3
255.0970064670978,33.31345280325262,24.638159936104827,3
255.11700780052,28.835614719430485,22.15765052471857,3
255.13700913394226,27.90965848405081,20.857288927405175,3
255.15701046736447,25.71198460101086,19.516060721909444,3
255.17701180078672,24.32955992309462,16.234656040354118,3
255.19701313420893,20.799891399887077,13.498154696278554,3
255.21701446763117,19.49098004779473,11.299113279275636,3
255.2370158010534,18.4648357565463,11.263439750444185,3
255.25701713447563,14.931161702086763,9.591555545894783,3
255.27701846789785,15.34617114360289,10.626807652260961,3
255.2970198013201,14.032327023363731,8.426808777146068,3
255.3170211347423,13.573870895317352,5.780523066583299,3
255.33702246816455,11.728250723444692,6.351937576199391,3
255.35702380158676,9.972679980368696,5.658512652380329,3
255.377025135009,11.377116749105397,4.142528113690338,3
255.39702646843122,8.772539914717106,3.8225429082419002,3
255.41702780185344,7.471534349401221,3.176346583456381,3
255.43702913527568,7.890276486556461,5.100260353690089,3
255.4570304686979,7.1408317534271095,1.580741870094803,3
255.47703180212014,7.4147870893986525,1.984202708635188,3
255.49703313554235,8.519357957580718,3.7449274190804607,3
255.5170344689646,7.280393896237794,3.233040626464618,3
255.5370358023868,8.620677700825947,4.783328123074535,3
255.55703713580905,8.011769138083995,3.100936773510475,3
255.57703846923127,7.63835915419613,4.531970782027621,3
255.5970398026535,9.077413066849818,6.704979977770545,3
255.61704113607573,9.95007711574545,5.935449189135606,3
255.63704246949797,11.569602386029695,9.188717320272737,3
255.65704380292019,10.763643126165555,10.300313918619684,3
255.67704513634243,12.177763431286492,11.056900292031461,3
255.69704646976464,13.476574921001383,11.013547122545074,3
255.71704780318686,14.548003877799706,12.483264017104188,3
255.7370491366091,16.51870649920712,14.327916127800574,3
255.75705047003132,18.19201722679692,16.813371990895796,3
255.77705180345356,20.433027256645307,18.420452800966213,3
255.79705313687577,19.623885369638124,19.948216355953413,3
255.81705447029802,22.981304922016882,20.544611797995486,3
255.83705580372023,25.34089202546936,24.15297698979358,3
255.85705713714248,26.675252383697327,26.800244319231624,3
255.8770584705647,29.66980142493142,28.06201584062853,3
255.89705980398693,28.04865291293329,30.600828101820305,3
255.91706113740915,32.83379377978297,30.863344546841947,3
255.9370624708314,36.53828692149413,34.55118022724303,3
255.9570638042536,39.36485630683344,37.37484500943285,3
255.97706513767585,39.77628198905267,38.77379687533213,3
255.99706647109807,42.96099364038542,41.70194796150884,3
256.0170678045203,42.443186847693845,43.232261567052454,3
256.0370691379425,46.56448997914636,45.74460434371419,3
256.05707047136474,46.798722135953845,47.826057328416304,3
256.07707180478695,49.77349486521608,49.52906131567974,3
256.0970731382092,52.09183174613972,51.82376670154027,3
256.11707447163144,54.05358028837649,53.05393834669869,3
256.13707580505366,55.285055159886724,55.174954699236196,3
256.15707713847587,56.84610728849415,56.455411822605065,3
256.17707847189814,62.35340070601443,58.400069010995765,3
256.19707980532036,62.34044303445624,61.76620972124181,3
256.21708113874257,63.48642007048494,62.409667867332494,3
256.2370824721648,65.58363137771983,64.20672523512374,3
256.25708380558706,67.30030088278602,65.70881404819669,3
256.2770851390093,67.48100483210763,66.64141203873395,3
256.2970864724315,69.66999375345587,67.52085895641075,3
256.3170878058537,72.70813855557473,68.4918972085831,3
256.3370891392759,73.24727152368963,68.8872036013904,3
256.3570904726982,73.99662808394446,69.58753751396968,3
256.3770918061204,72.29577168054185,72.13222194144265,3
256.3970931395426,75.14733480910668,70.38134995195195,3
256.41709447296483,76.69684154471027,71.98336041767679,3
256.4370958063871,76.44726346095167,71.99600931685957,3
256.4570971398093,75.93101602264437,72.33607396752608,3
256.47709847323154,78.81137872049328,74.98669475187182,3
256.49709980665375,76.04775681557796,72.29088029771546,3
256.517101140076,78.64818951130991,71.35803542472755,3
256.53710247349824,76.98886726613497,71.68774919468285,3
256.55710380692045,75.44143761427677,71.0553163434006,3
256.57710514034267,75.67456283458648,72.67998163107323,3
256.5971064737649,76.00093050310494,69.300803905565,3
256.61710780718715,75.18892151716896,67.97593535726614,3
256.63710914060937,74.17980581232979,68.07315111771845,3
256.6571104740316,72.23052692934428,66.33446715267574,3
256.6771118074538,71.06838435098665,65.92193397623807,3
256.69711314087607,69.97625266839016,64.43004669281582,3
256.7171144742983,70.3357009572724,63.28217940210061,3
256.7371158077205,68.06497215776176,60.63993361845718,3
256.7571171411427,66.97983038028653,58.920075721416566,3
256.777118474565,63.62327680221428,57.533210076523275,3
256.7971198079872,62.587439135915844,56.489196587285676,3
256.8171211414094,60.466844590705364,53.17022539246448,3
256.83712247483163,59.393633095534256,51.80037958178057,3
256.8571238082539,57.0071152512532,50.00298240121633,3
256.8771251416761,55.212030474574064,48.018764918849314,3
256.89712647509833,50.826393891223915,47.35264743794573,3
256.91712780852055,50.484724660896596,43.48653023821847,3
256.93712914194276,48.35796909210894,40.15030666555819,3
256.95713047536503,48.02949196268406,40.53864279828611,3
256.97713180878725,42.310252475390335,36.53426866805268,3
256.99713314220946,41.97408395933221,34.0626143940645,3
257.0171344756317,40.11386514586726,31.28948731437009,3
257.03713580905395,36.2868415889998,31.240934504364652,3
257.05713714247617,35.44184875456411,26.393571297131523,3
257.0771384758984,33.3713669992543,26.685062076618998,3
257.0971398093206,31.745190387167604,23.263021726665983,3
257.11714114274287,28.315500794596893,21.18032807545464,3
257.1371424761651,27.907024263304606,20.37078989000472,3
257.1571438095873,24.223717830038055,19.105212323875204,3
257.1771451430095,24.144053040408153,14.869782603819106,3
257.1971464764317,21.90123325375094,14.262228080125732,3
257.217147809854,20.16222042177054,12.195248135801844,3
257.2371491432762,19.252939482969243,12.376768205672354,3
257.2571504766984,16.156908165202328,9.58948434265535,3
257.27715181012064,15.9868900328355,8.583382308149995,3
257.2971531435429,12.895685975037903,7.980713986707532,3
257.31715447696513,13.989920955205477,5.907540994212484,3
257.33715581038734,10.8625571980075,6.100754769175933,3
257.35715714380956,10.441020068551243,4.5537326967927845,3
257.37715847723183,9.139642188041188,3.873525017793447,3
257.39715981065405,9.086411395159336,3.024193955943326,3
257.41716114407626,6.950064664978641,2.3301309768255227,3
257.4371624774985,6.092144359419575,2.380658557190702,3
257.45716381092075,7.9615955531299045,2.326880776844229,3
257.47716514434296,6.891630163691356,3.453797319793934,3
257.4971664777652,6.6482887710594865,2.5556250657602058,3
257.5171678111874,6.924215408431283,1.977067239252774,3
257.5371691446096,6.47685245788755,5.070992926661809,3
257.5571704780319,6.993811282575329,5.08160676411165,3
257.5771718114541,7.260060137604544,4.13678474610017,3
257.5971731448763,7.8785699500627215,5.561638375747852,3
257.6171744782985,8.428856123509929,5.747925319274046,3
257.6371758117208,9.036182244987522,7.022271858254848,3
257.657177145143,10.144517955554814,7.709069185281064,3
257.6771784785652,12.24219806538379,9.078194862307196,3
257.69717981198744,12.038938950515456,13.539065406835993,3
257.7171811454097,16.522609060618652,13.683007130912504,3
257.7371824788319,16.059488601098455,13.164858077760487,3
257.75718381225414,18.157676134002354,16.057468953986177,3
257.77718514567636,19.24145123700296,18.64659531439599,3
257.79718647909857,21.837187641038764,20.844309126158816,3
257.81718781252084,22.41480756032226,21.614125669331873,3
257.83718914594306,25.386492696340635,24.47498158945348,3
257.8571904793653,25.8667267070254,24.947397965847113,3
257.8771918127875,30.099605405216472,28.479986459242113,3
257.89719314620976,31.119864134723926,29.783344415483185,3
257.917194479632,33.133478381779376,32.160399625282345,3
257.9371958130542,33.99016815562124,34.45090757514478,3
257.9571971464764,37.92520312478774,37.2948254870145,3
257.9771984798987,40.69653206208619,37.45737202263889,3
257.9971998133209,42.05956122214609,40.645908233656435,3
258.0172011467431,43.13026233289418,42.22039657106792,3
258.0372024801653,46.289686263367265,46.574346229525666,3
258.0572038135876,48.016929995854746,46.796677895213634,3
258.0772051470098,51.99101857604799,50.41436624910061,3
258.097206480432,52.93096568335798,49.730893979803156,3
258.11720781385424,52.93446152802847,52.46268707458153,3
258.13720914727645,57.389718624755275,55.44964812109799,3
258.1572104806987,58.66191298871031,57.032191581226044,3
258.17721181412094,58.14883701989899,58.63152415947782,3
258.19721314754315,62.94539042228546,61.155694851101806,3
258.21721448096537,64.47614406399116,63.020777614318135,3
258.23721581438764,65.60564059101887,64.22766108621303,3
258.25721714780985,67.35548164072483,65.92042230610772,3
258.27721848123207,67.95775260860056,67.33688599081336,3
258.2972198146543,69.93427876017513,67.63051546149703,3
258.31722114807656,70.40966979347165,71.20028336756259,3
258.33722248149877,71.32516621825681,68.49444334089019,3
258.357223814921,73.8739571968737,70.4224339836103,3
258.3772251483432,74.57047512066302,69.72788895665502,3
258.3972264817654,74.93855957900757,71.8597829237023,3
258.4172278151877,76.8481415221858,72.41909513964228,3
258.4372291486099,74.81254508579394,73.20116002779282,3
258.4572304820321,75.5192198282807,71.94857003103014,3
258.47723181545433,76.44924126740251,72.5347294873102,3
258.4972331488766,77.1720552385779,73.73715688646529,3
258.5172344822988,76.57077201890212,72.98655833501708,3
258.53723581572103,76.46955541070457,71.99770557255431,3
258.55723714914325,78.45860826330788,72.11738546306778,3
258.5772384825655,74.20701642779362,69.21449558539841,3
258.59723981598773,75.63756154306466,69.69183317634187,3
258.61724114940995,73.93250399160513,68.73103276657984,3
258.63724248283216,74.0966704276069,67.00628089936288,3
258.65724381625444,73.46156739414165,68.01124967562468,3
258.67724514967665,73.9669181835383,64.56707010919965,3
258.69724648309887,70.31619918283211,65.51377183106251,3
258.7172478165211,69.237864935662,61.07646332093535,3
258.7372491499433,67.93562276262386,60.0011221288927,3
258.75725048336557,67.17861156292624,60.92969251594489,3
258.7772518167878,65.06679210103232,58.0522078116692,3
258.79725315021,64.11840024039098,56.04822293271189,3
258.8172544836322,60.71040085150626,53.67147432459485,3
258.8372558170545,59.903521757284174,52.396245227419065,3
258.8572571504767,57.26052424266059,48.88052455704747,3
258.8772584838989,54.77373350364208,48.44106192995795,3
258.8972598173211,52.155745390512756,44.40132124250681,3
258.9172611507434,52.518471290577736,43.676868117067244,3
258.9372624841656,50.76377484704554,40.61016174558552,3
258.95726381758783,47.03318859168297,38.89083360377683,3
258.97726515101004,43.42604752074912,36.545709900732234,3
258.99726648443226,41.70901076358804,34.65619474733063,3
259.01726781785453,40.67780835814529,32.96981303795715,3
259.03726915127675,36.933450837030314,30.23024417359927,3
259.05727048469896,37.36800375383963,28.52756276366209,3
259.0772718181212,32.41035494628586,26.696956821652833,3
259.09727315154345,31.31657517277165,23.863899148042766,3
259.11727448496566,29.442680793117557,22.491374612737403,3
259.1372758183879,28.640996841093482,20.636301678165815,3
259.1572771518101,25.89135007547364,18.69988490222654,3
259.17727848523236,22.527077306158567,16.787895418506892,3
259.1972798186546,20.609797717466304,14.006681103156703,3
259.2172811520768,21.322275006015747,12.550802590238092,3
259.237282485499,19.14285856771254,11.909927458013273,3
259.2572838189213,16.40192024072951,11.399111064442856,3
259.2772851523435,14.818831713867473,9.440656135501357,3
259.2972864857657,14.470362234760081,9.197536165768796,3
259.3172878191879,13.398125858873088,6.576473978689234,3
259.33728915261014,10.840186491549522,5.550470825548924,3
259.3572904860324,11.414611486458949,5.258410174338508,3
259.3772918194546,9.75202486568268,3.366291678996732,3
259.39729315287684,9.79435457169976,5.1534620022979425,3
259.41729448629906,8.968719214306685,3.228041201881005,3
259.4372958197213,7.23871768681435,4.334212531676717,3
259.45729715314354,8.66363474859157,3.474815917992766,3
259.47729848656576,8.64084821869028,1.4551135935254997,3
259.497299819988,8.184045789683973,2.0789934242959918,3
259.51730115341024,7.533845474300507,3.0626901439919862,3
259.53730248683246,8.034867692376672,3.8958736886290843,3
259.5573038202547,7.843165995227456,2.7086463315565252,3
259.5773051536769,8.546024963645944,4.4627825572058315,3
259.5973064870991,10.25424816468591,3.60829536884699,3
259.6173078205214,9.240878385471433,5.382823980996301,3
259.6373091539436,7.588052999903345,6.690568071637328,3
259.6573104873658,11.195226443482172,9.86484630760479,3
259.677311820788,11.505072562384003,12.306384261502656,3
259.6973131542103,13.969248018332879,10.58708613729787,3
259.7173144876325,14.832640429515454,13.44641711037261,3
259.7373158210547,16.495373404696494,12.508642083262519,3
259.75731715447694,18.526965005699957,16.366213474205264,3
259.7773184878992,19.365231314719207,17.672909213469428,3
259.7973198213214,22.89070971499636,21.276996729457963,3
259.81732115474364,25.526262376014746,21.650440040725996,3
259.83732248816585,25.44400461090338,25.33509750375949,3
259.8573238215881,26.082394910922744,24.200905638470363,3
259.87732515501034,29.231061654799376,28.460460351756975,3
259.89732648843255,30.543415344697088,30.800789308301496,3
259.91732782185477,34.11913061874817,31.785009063869865,3
259.937329155277,36.31224852959715,33.22837573985581,3
259.95733048869926,38.4123182290902,36.808467293168896,3
259.97733182212147,39.697898680013935,38.92022748932931,3
259.9973331555437,41.61294581788733,41.02386230834624,3
260.0173344889659,45.33966504306874,42.95732161401767,3
260.0373358223882,46.3100045863507,46.65238522417506,3
260.0573371558104,46.9552752155839,47.331523460777994,3
260.0773384892326,49.55960300663267,48.44908058626402,3
260.0973398226548,51.947632340039064,52.501234779672636,3
260.1173411560771,53.763722373126846,52.952582709243714,3
260.1373424894993,57.30889077836993,58.01228131239419,3
260.1573438229215,59.64207172737046,57.68713208267792,3
260.17734515634373,59.57589110215771,59.4052607263574,3
260.19734648976595,62.43444060027272,59.945839920481355,3
260.2173478231882,64.13022458218161,63.12739343836653,3
260.23734915661043,66.15091428994907,65.03092338439491,3
260.25735049003265,65.39630910677498,65.50198497240177,3
260.27735182345486,68.76085594751945,67.81484983635363,3
260.29735315687714,69.75543653585785,67.15741639269164,3
260.31735449029935,72.23263524463799,66.83484409843376,3
260.33735582372157,73.32822083057732,70.35195710967547,3
260.3573571571438,72.602342507623,70.94331236167467,3
260.37735849056605,76.51169707275903,70.83741717856662,3
260.39735982398827,75.09436108437049,73.30953790506048,3
260.4173611574105,75.7681584832476,71.02449929233094,3
260.4373624908327,76.49099404711461,71.01453148609932,3
260.45736382425497,75.8942650705697,74.04929201803515,3
260.4773651576772,78.10486434448737,73.24911982419117,3
260.4973664910994,78.52218805160759,72.21439415201283,3
260.5173678245216,74.34911429642325,71.99546884627095,3
260.53736915794383,78.5353622928961,72.58437088086485,3
260.5573704913661,76.27318372189714,71.30085746657176,3
260.5773718247883,75.26230093674457,71.45315156756897,3
260.59737315821053,75.08715143679359,69.53561267046351,3
260.61737449163275,75.21985938488143,69.08008773664572,3
260.637375825055,73.55313234602758,67.94242042780738,3
260.65737715847723,70.8797905621824,66.51270590061462,3
260.67737849189945,71.71756022862311,65.26481391989927,3
260.69737982532166,69.57632549346873,63.91203116485685,3
260.71738115874393,70.94155964806507,61.684109208297315,3
260.73738249216615,67.91090152087416,59.77187049479586,3
260.75738382558836,65.28087433015992,59.4666950574558,3
260.7773851590106,65.91268105530833,56.61803463619847,3
260.7973864924328,61.44632639091283,55.579126842308376,3
260.81738782585506,61.39286127327921,55.15891904124195,3
260.8373891592773,59.38297800467943,50.00568840144631,3
260.8573904926995,57.42711149658784,48.06550660347247,3
260.8773918261217,56.26075294705207,47.63922307002963,3
260.897393159544,53.42103158492096,43.50574030414199,3
260.9173944929662,49.44750896184366,44.122902588543795,3
260.9373958263884,49.313698805785215,41.23230288608954,3
260.9573971598106,47.54161421238614,40.69742616235181,3
260.9773984932329,44.856382895671004,35.786640670046474,3
260.9973998266551,41.91273216853744,35.92904997012199,3
261.0174011600773,39.42218506987209,33.16164262606859,3
261.03740249349954,35.686603583079524,31.587858376017085,3
261.0574038269218,35.21525190330239,28.216405769915802,3
261.07740516034403,33.32240957493538,24.51268212390183,3
261.09740649376624,28.89509462937489,22.884129691953817,3
261.11740782718846,30.49805328087569,22.612153184206257,3
261.1374091606107,27.528363012372044,19.071068091331966,3
261.15741049403294,26.452126489255868,17.965469340201285,3
261.17741182745516,22.61832641338511,15.967669066087836,3
261.1974131608774,22.524527358332495,15.671853102478899,3
261.2174144942996,19.53226469428386,13.272144060238887,3
261.23741582772186,18.155326306000653,12.16750524980623,3
261.2574171611441,17.60298143369073,8.868129350509559,3
261.2774184945663,14.686223728003638,9.361319493963626,3
261.2974198279885,13.70240930110363,8.467393463293076,3
261.3174211614108,12.16502849134753,6.157670577454406,3
261.337422494833,14.362967683469785,6.87793097891836,3
261.3574238282552,12.240953086476537,3.58054340105273,3
261.3774251616774,8.731231088457543,6.593250488975238,3
261.39742649509964,7.659931989054372,3.5245488674497625,3
261.4174278285219,7.814066937215928,1.9133250304839238,3
261.4374291619441,8.299037045874105,1.9186135001778735,3
261.45743049536634,5.524902283849503,1.52387516015835,3
261.47743182878855,5.288668263478815,3.4566666154020362,3
261.4974331622108,6.169905672337794,5.079450557332068,3
261.51743449563304,8.880687843609458,3.4137574243080415,3
261.53743582905525,7.25762440749976,5.7163251692699815,3
261.55743716247747,7.303214515061004,3.121687643206424,3
261.57743849589974,9.140208041263584,4.825260966953211,3
261.59743982932196,9.725572715092373,7.0956302096229,3
261.61744116274417,9.017400040228633,5.982207784151302,3
261.6374424961664,11.510413592633324,6.929438932440344,3
261.65744382958866,9.804749174193653,8.644338770532444,3
261.6774451630109,12.130189319023245,10.667753633051193,3
261.6974464964331,12.331884596517307,10.732130480933,3
261.7174478298553,14.81659240181448,12.31341048411695,3
261.7374491632775,16.46602095490437,15.151399572557107,3
261.7574504966998,19.747339385663985,15.283299036149167,3
261.777451830122,19.571107788067682,19.44349679681301,3
261.7974531635442,21.420912608734263,19.895476151684814,3
261.81745449696643,22.96405728777559,22.02556022332852,3
261.8374558303887,24.28235331747525,23.776328119815837,3
261.8574571638109,26.86212266690314,24.573784408463663,3
261.87745849723314,29.56909312721661,27.30339231052964,3
261.89745983065535,29.671809160405697,29.20208713533915,3
261.9174611640776,31.22734873075828,32.20214029438528,3
261.93746249749984,34.409404884670465,35.11032957401303,3
261.95746383092205,36.88366126826615,34.30049853994717,3
261.97746516434427,40.487610286891424,38.91506457477049,3
261.9974664977665,42.58273933616239,41.6734985190006,3
262.01746783118875,44.50562712353242,41.43543333356682,3
262.03746916461097,46.36095425986385,44.18056408448105,3
262.0574704980332,49.2430718907221,47.29352843425337,3
262.0774718314554,50.009649335210725,49.91977548234313,3
262.09747316487767,51.743530010293384,51.668333039299924,3
262.1174744982999,54.24063776375934,53.26241844044744,3
262.1374758317221,56.5589046946602,56.17496927029816,3
262.1574771651443,56.95546890674659,58.612996763043974,3
262.1774784985666,61.883734991190885,60.22207460711682,3
262.1974798319888,61.168616678428286,60.56429075721129,3
262.217481165411,63.75755352861673,62.21556602934218,3
262.23748249883323,66.86870348230339,63.50642222562733,3
262.2574838322555,67.15368939778918,65.28497399031326,3
262.2774851656777,69.00904149779039,67.37594959836068,3
262.29748649909993,71.16861004328925,65.25639582748039,3
262.31748783252215,70.29229809467256,68.1079831866968,3
262.33748916594436,71.78166103858047,72.4046626286889,3
262.35749049936663,74.87118269451294,71.81593416104761,3
262.37749183278885,74.16605433659171,72.92765601858783,3
262.39749316621106,74.33788120385528,71.60985969939823,3
262.4174944996333,75.69913686444484,72.07350997804087,3
262.43749583305555,76.10733184636278,72.45701482657229,3
262.45749716647776,76.63733225398877,72.59622472705661,3
262.4774984999,78.42149178268774,73.56581601233123,3
262.4974998333222,77.88371371324799,72.71966139568372,3
262.51750116674447,78.01188079167326,71.88577090169885,3
262.5375025001667,74.9570974257552,69.99872827664362,3
262.5575038335889,76.21549464537304,71.95857351267705,3
262.5775051670111,74.57845926928475,69.75062045096386,3
262.5975065004333,74.86954413196281,71.18839272437691,3
262.6175078338556,77.40380856704874,69.68095535208893,3
262.6375091672778,75.08456525508007,69.02821221058846,3
262.6575105007,73.18867448408966,66.8937890955119,3
262.67751183412224,72.47488448759735,66.90024197702061,3
262.6975131675445,73.16957333202724,65.89372701584419,3
262.71751450096673,68.36704152836221,62.5818099998635,3
262.73751583438894,67.83924563093423,60.72982477848388,3
262.75751716781116,66.16439511310227,59.9508102145302,3
262.77751850123343,63.88941671040018,57.38780448547519,3
262.79751983465565,63.86923424793286,57.29021630333266,3
262.81752116807786,61.00389160716263,51.765531891800926,3
262.8375225015001,58.02736640909954,51.640748255752996,3
262.85752383492235,56.468867535614045,47.85693403923402,3
262.87752516834456,55.88684736242384,47.51869980768842,3
262.8975265017668,52.178738032477845,45.19624967197506,3
262.917527835189,48.85643349373211,42.09567730122883,3
262.9375291686112,47.9663641667826,40.49657555649327,3
262.9575305020335,46.84839702510293,38.38751681762821,3
262.9775318354557,45.31768552251714,36.814497919611085,3
262.9975331688779,44.01155769108924,34.09377702361051,3
263.0175345023001,39.25150954426414,30.918739889010464,3
263.0375358357224,38.855449083335266,31.319296669130395,3
263.0575371691446,36.12469804213213,26.433931052363917,3
263.0775385025668,33.26479953048642,24.192725760226175,3
263.09753983598904,30.002725951518414,25.420051614679114,3
263.1175411694113,28.716966736685837,21.592582684629182,3
263.1375425028335,27.620605636031282,19.274679908342673,3
263.15754383625574,25.782252362177033,17.291859241471105,3
263.17754516967796,23.361133273160718,15.800070835730443,3
263.19754650310017,20.595653374276132,14.750774171073255,3
263.21754783652244,20.25046085548514,11.47318783945557,3
263.23754916994466,16.39285387050275,10.301250449196301,3
263.2575505033669,16.7144262783114,11.333657886114528,3
263.2775518367891,14.202052866228986,8.594522564111061,3
263.29755317021136,13.992782350154814,8.152364658716252,3
263.3175545036336,12.08997121369165,6.81271142695636,3
263.3375558370558,10.294619425711794,4.7469192364464075,3
263.357557170478,9.41937707355922,4.7123005754884355,3
263.3775585039003,8.977726402969411,4.130495923502053,3
263.3975598373225,8.246532108645003,4.380022772196642,3
263.4175611707447,8.228730005006925,0.9928706184251932,3
263.4375625041669,9.13786429603392,2.824493994768323,3
263.4575638375892,6.601162870311585,2.8618861666440454,3
263.4775651710114,7.670736567121647,2.5353193710000115,3
263.4975665044336,6.445041179248912,3.844610226760895,3
263.51756783785584,5.106526889179846,2.3693429403190085,3
263.53756917127805,7.759056031322991,3.2679764417475146,3
263.5575705047003,6.466208714048058,4.865062849413394,3
263.57757183812254,8.604200460034292,3.3636726722197565,3
263.59757317154475,8.53657470164617,6.0298085663224965,3
263.61757450496697,9.5829231652701,6.298963931832596,3
263.63757583838924,10.009019217496173,6.856545563460822,3
263.65757717181145,12.243731309267252,8.33062147835156,3
263.67757850523367,13.175933321975126,9.117997066881989,3
263.6975798386559,11.553874213145283,10.61081310987074,3
263.71758117207816,13.721525940626865,12.321552307261477,3
263.73758250550037,14.747982446013737,14.854843446540343,3
263.7575838389226,17.20674940346843,16.961622568639104,3
263.7775851723448,19.675126225195097,15.86921841761433,3
263.797586505767,21.48901661348233,21.36967799676026,3
263.8175878391893,23.625565843617938,22.67934038812336,3
263.8375891726115,23.457794477239208,23.175119735278223,3
263.8575905060337,26.474774220533607,25.0147422609774,3
263.87759183945593,29.067560348718725,27.438197530535128,3
263.8975931728782,30.0595212844477,29.289599809700174,3
263.9175945063004,31.717675946137618,33.67908142443187,3
263.93759583972263,34.31688265392121,35.0758848407304,3
263.95759717314485,36.727620074119116,38.52079224933481,3
263.9775985065671,39.024708520124534,38.77724790021119,3
263.99759983998933,40.9777288617009,40.437037488441106,3
264.01760117341155,44.078847686743785,43.204220054799144,3
264.03760250683376,46.730808211971855,46.420525932849316,3
264.05760384025604,47.53694542691081,46.485624986763966,3
264.07760517367825,52.04191565829591,51.506446370425145,3
264.09760650710047,55.51632536398628,52.3284381667189,3
264.1176078405227,55.112271338365225,52.38691791908163,3
264.1376091739449,56.855193754355355,55.77085426364167,3
264.15761050736717,60.65226382157758,57.18557441064049,3
264.1776118407894,60.62437659436025,58.77286282475479,3
264.1976131742116,62.62080240549201,60.51502565058963,3
264.2176145076338,65.47716898587841,61.161824168659884,3
264.2376158410561,64.74278559112092,64.42353200916226,3
264.2576171744783,67.5420277667917,66.72898555161869,3
264.2776185079005,69.95812266098132,68.27859500280408,3
264.2976198413227,70.10421894056233,66.93265790404224,3
264.317621174745,70.8406871813384,71.48705449254817,3
264.3376225081672,70.997939870928,69.97284481629573,3
264.35762384158943,72.58734076715848,71.6779842889397,3
264.37762517501164,72.7922024578911,72.3055063802961,3
264.39762650843386,74.78536486387439,71.94598062244805,3
264.41762784185613,76.19061304575386,71.83943508465578,3
264.43762917527835,75.90042421619081,72.56079940053972,3
264.45763050870056,76.24695487572725,75.06357294411623,3
264.4776318421228,76.51142273391388,71.85583163981302,3
264.49763317554505,77.86365767269736,72.27898334197737,3
264.51763450896726,78.1148121584958,72.503627548708,3
264.5376358423895,76.81398452632192,72.44960937372362,3
264.5576371758117,75.70432236587848,72.6684356477873,3
264.57763850923396,73.85095910929424,70.40756001405188,3
264.5976398426562,75.27352200316523,68.18605124833705,3
264.6176411760784,75.35617674724114,69.44712738211481,3
264.6376425095006,73.69539171767236,68.61137640116512,3
264.6576438429229,71.35439939232346,66.61415529637151,3
264.6776451763451,72.50549272473765,64.59395020299458,3
264.6976465097673,70.25458430467089,63.119760635431405,3
264.7176478431895,70.15338588098328,61.84965179657371,3
264.73764917661174,66.28304022146398,60.12973962897791,3
264.757650510034,66.40298115189506,58.85915608636171,3
264.7776518434562,65.00085190016081,57.51592344207766,3
264.79765317687844,61.54403491063585,54.57855386967429,3
264.81765451030066,62.433436650699775,53.84821907753074,3
264.8376558437229,60.3351279571092,52.862779331416704,3
264.85765717714514,56.01084418950794,48.26808861291481,3
264.87765851056736,53.845713037707114,46.80593788146067,3
264.8976598439896,53.627197902258025,47.16306430653898,3
264.91766117741184,51.556958811463325,43.978931623406396,3
264.93766251083406,48.337265179713455,42.591866342784364,3
264.9576638442563,47.54284160743394,38.89253400262598,3
264.9776651776785,44.92869511405122,37.75539560589237,3
264.9976665111007,39.02209033671081,33.32522956667912,3
265.017667844523,39.857706016998634,33.54408141555597,3
265.0376691779452,37.95131421740782,30.480680387825142,3
265.0576705113674,37.76734461340938,26.5265516541582,3
265.0776718447896,33.753153503776346,23.83687460980879,3
265.0976731782119,30.02144117740419,22.89906224552125,3
265.1176745116341,32.014227434540345,22.78931239748467,3
265.1376758450563,26.847646369041133,20.005133637478842,3
265.15767717847854,26.442831138034606,19.269715123763124,3
265.1776785119008,25.07513537310522,16.387996925532466,3
265.197679845323,21.311660132495486,14.041577559268024,3
265.21768117874524,19.150119221533608,10.446568026928174,3
265.23768251216745,17.542830147024205,10.381337141269023,3
265.2576838455897,16.10920543116993,9.976169581979889,3
265.27768517901194,14.346665822202526,9.283346234460778,3
265.29768651243415,13.16463817697656,7.291985170750572,3
265.31768784585637,11.613906316895639,6.127301357368772,3
265.3376891792786,12.889932125377996,6.721504165454192,3
265.35769051270086,9.641512874823173,4.337020529042613,3
265.37769184612307,9.06748873235489,5.307185508688584,3
265.3976931795453,8.333005044360297,4.3460011740775375,3
265.4176945129675,7.352545621368567,3.0358548978819955,3
265.4376958463898,8.408859109400264,4.033052318559892,3
265.457697179812,7.509223387521559,0.6104539947689029,3
265.4776985132342,8.445173677332841,3.345979759326835,3
265.4976998466564,6.941222724144888,3.6948531681432666,3
265.5177011800787,8.395716165574985,3.823438673377145,3
265.5377025135009,6.687828094937416,3.1098699056491492,3
265.5577038469231,6.0512038735194675,4.131850603818256,3
265.57770518034533,7.753902741765922,3.470057813739811,3
265.59770651376755,7.151458997795473,5.651167894053725,3
265.6177078471898,10.104194878335367,6.335686203261858,3
265.63770918061203,10.92572233197204,8.0419848080694,3
265.65771051403425,11.48802158169801,9.528400226203395,3
265.67771184745646,13.14659777822476,10.920911514289713,3
265.69771318087874,14.826603756965893,11.517136817751927,3
265.71771451430095,16.026399815139527,11.691060974422623,3
265.73771584772317,17.144316781380574,17.134591970748787,3
265.7577171811454,14.54190047653664,16.241563980025155,3
265.77771851456765,20.417075107262455,18.893434857779365,3
265.79771984798987,20.21905939149654,19.28643790699356,3
265.8177211814121,23.45426568999612,22.148098931615788,3
265.8377225148343,24.590650389501626,24.369700302447367,3
265.85772384825657,27.21918161923062,25.70496714465317,3
265.8777251816788,30.266254325106395,27.981866653136766,3
265.897726515101,30.871589564561084,31.262293516633274,3
265.9177278485232,34.98569869127756,31.53100728067398,3
265.93772918194543,34.50886594423996,34.15568671851759,3
265.9577305153677,36.50984479486394,38.09308586181844,3
265.9777318487899,40.63644887943979,37.89686168722304,3
265.99773318221213,41.48809084675027,41.33178028811329,3
266.01773451563434,42.467155730908445,43.19730501564081,3
266.0377358490566,43.92449246776541,44.87410559594467,3
266.05773718247883,47.140142690993095,48.805288915070115,3
266.07773851590105,49.090685892385906,49.5236123088816,3
266.09773984932326,51.10164062649474,50.50674319384645,3
266.11774118274553,53.56718977903111,53.71391560069469,3
266.13774251616775,55.94952465091303,52.872071832679445,3
266.15774384958996,60.01400034291919,56.362745276758886,3
266.1777451830122,60.010966279281575,58.03265063660908,3
266.1977465164344,62.651959277926025,61.20659186321399,3
266.21774784985666,63.869840247345586,63.36077200896888,3
266.2377491832789,66.60159563931418,61.95574184428521,3
266.2577505167011,66.76980130056725,66.04330929572522,3
266.2777518501233,70.43577685530812,67.44115609329076,3
266.2977531835456,69.12899958506942,67.14791655929854,3
266.3177545169678,73.05707991199053,68.18069315522777,3
266.33775585039,70.72008254729683,69.64293175358492,3
266.3577571838122,74.0240789772193,70.285163793202,3
266.3777585172345,74.06063972941384,70.70786398176273,3
266.3977598506567,76.05725684688491,70.72392162214786,3
266.4177611840789,74.38501698953553,71.846239007783,3
266.43776251750114,76.32530040182866,71.12854987611394,3
266.4577638509234,77.000134711034,71.69873062089084,3
266.4777651843456,78.33840797174457,72.6089965520664,3
266.49776651776784,76.91760874464853,71.2081479741377,3
266.51776785119006,79.39953646598347,72.94365480002551,3
266.5377691846123,75.92722252050558,73.11650232886083,3
266.55777051803454,76.46756409126168,70.65839289566071,3
266.57777185145676,76.98369512389785,70.56822231790083,3
266.597773184879,74.57645399856068,68.65914297943648,3
266.6177745183012,75.60661506798705,68.81654170255064,3
266.63777585172346,74.76743811199512,67.76117782670677,3
266.6577771851457,73.79356855735072,68.63066263318754,3
266.6777785185679,72.43027945108658,66.64781331935386,3
266.6977798519901,70.30949708358263,64.73060907422266,3
266.7177811854124,69.79912227602156,61.54886246572203,3
266.7377825188346,66.4207396149253,62.588622909384476,3
266.7577838522568,63.341031718096446,57.870893422500416,3
266.777785185679,61.86348302628237,57.3343385242253,3
266.79778651910124,62.77441647224844,54.84583888248727,3
266.8177878525235,61.80286943956712,54.116102033887586,3
266.8377891859457,59.131696366564874,51.04135105708141,3
266.85779051936794,57.683132093435056,49.809131690647426,3
266.87779185279015,54.155381499952384,45.99088465028347,3
266.8977931862124,54.58378056338158,43.85571181136899,3
266.91779451963464,51.93510916118126,43.5660643487994,3
266.93779585305685,48.5777801043218,41.86153159884461,3
266.95779718647907,45.68141135150279,38.255254662835,3
266.97779851990134,42.7232232698596,38.27445571445336,3
266.99779985332356,42.077345112152486,35.023467742706416,3
267.01780118674577,40.207571852339676,34.04716388311866,3
267.037802520168,39.31773613668171,29.51319598311151,3
267.05780385359026,36.55179045181418,27.058989228113703,3
267.0778051870125,33.06396062939908,25.867880437496872,3
267.0978065204347,29.494572756631417,23.247123400570523,3
267.1178078538569,28.938452963580175,22.62292391689488,3
267.1378091872791,27.194189544709573,19.26018237228563,3
267.1578105207014,25.413677960985584,17.225221986867478,3
267.1778118541236,23.117955216713067,16.42684222936036,3
267.1978131875458,21.16293844644361,15.257491221243479,3
267.21781452096803,20.009719189705468,12.0538772533625,3
267.2378158543903,18.02373291750093,12.549471151670122,3
267.2578171878125,17.770308389563894,9.957415933437385,3
267.27781852123474,16.501048522536493,9.006125729971282,3
267.29781985465695,13.717009213740395,6.38533734489544,3
267.3178211880792,14.813245853937694,7.488892651989142,3
267.33782252150144,12.282438584201506,5.234408506048949,3
267.35782385492365,10.303686260838122,5.667755173465917,3
267.37782518834587,9.386302233911104,3.819397506900082,3
267.3978265217681,8.912587773389493,2.665507855314282,3
267.41782785519035,7.555339546802575,3.538641710257328,3
267.43782918861257,7.41499735110066,2.907294810256041,3
267.4578305220348,6.108882672826087,3.9390785383309646,3
267.477831855457,6.719632161121096,2.5864883275457413,3
267.49783318887927,5.936280600561254,3.989797355026788,3
267.5178345223015,7.0232415532255725,1.5407955436019576,3
267.5378358557237,7.024742420174618,2.9917346123364403,3
267.5578371891459,7.1958371648268535,2.439265800884409,3
267.5778385225682,7.648103187856021,5.486456202576147,3
267.5978398559904,8.490855717596808,6.256314735218256,3
267.6178411894126,9.692136750797332,6.975712311773569,3
267.63784252283483,10.327021776478043,8.438041254915248,3
267.6578438562571,9.493252396155782,8.209531533932026,3
267.6778451896793,12.233886890905502,10.291487745505906,3
267.69784652310153,14.312444537639653,12.631984941323507,3
267.71784785652375,15.865383974865386,14.590454706397578,3
267.73784918994596,16.351790946830125,15.565946767730177,3
267.75785052336823,17.825217111704088,14.989223189338237,3
267.77785185679045,18.871815836619778,18.52222986757462,3
267.79785319021266,22.147258327464666,21.05071133609192,3
267.8178545236349,24.858360624817934,22.526730123557588,3
267.83785585705715,25.117020854325478,23.78295250857863,3
267.85785719047936,26.901187632912425,26.148390177945164,3
267.8778585239016,28.789862974372273,27.525648691292346,3
267.8978598573238,31.210262425372733,29.490126541892085,3
267.91786119074607,34.04725164891166,32.86948238422551,3
267.9378625241683,36.51474611531074,33.67067172949081,3
267.9578638575905,37.02820270682316,37.09733636336776,3
267.9778651910127,40.40672734010677,37.65351522069235,3
267.9978665244349,42.40690971443138,39.41981676739717,3
268.0178678578572,44.147477217384285,42.55035443102702,3
268.0378691912794,45.298649695460654,45.31431611464342,3
268.0578705247016,47.54281390353698,46.26514695553635,3
268.07787185812384,50.204752700588706,48.752702490132144,3
268.0978731915461,52.50965148907047,50.8311963203479,3
268.11787452496833,54.04098684844104,51.679095676087954,3
268.13787585839054,55.84798426339922,55.95272949500894,3
268.15787719181276,59.01426933510311,57.39884719998649,3
268.17787852523503,58.2375820212948,60.29143601375297,3
268.19787985865725,60.733201124938304,60.91460197206879,3
268.21788119207946,64.92204443534203,62.75327382988649,3
268.2378825255017,64.76345869961978,65.10267291635756,3
268.25788385892395,67.54661342777125,64.75864523921183,3
268.27788519234616,67.7076042913401,67.41879513998333,3
268.2978865257684,70.04178038087768,69.81143821088986,3
268.3178878591906,71.17031545213432,69.33459528105988,3
268.3378891926128,73.3769171515573,69.90384189530019,3
268.3578905260351,73.77055964560167,68.92902158744408,3
268.3778918594573,72.33697941049337,74.20744871437668,3
268.3978931928795,75.54492393786622,71.92652258648413,3
268.4178945263017,75.51007505550494,73.33931840499375,3
268.437895859724,75.10932059043465,72.2050416865021,3
268.4578971931462,77.75681082369782,73.35419809407328,3
268.4778985265684,76.00194135378469,73.37969901684882,3
268.49789985999064,76.17246153351641,71.76271529395189,3
268.5179011934129,75.85751930648397,71.7335542169046,3
268.5379025268351,76.519470697019,73.259617206465,3
268.55790386025734,76.36765343634029,70.65373394737516,3
268.57790519367956,74.71565234489843,70.73804976804402,3
268.59790652710177,75.5108589669529,71.68051411413249,3
268.61790786052404,73.64660565529753,70.3789436960446,3
268.63790919394626,74.12302313153516,68.66983282676375,3
268.6579105273685,72.86889197771782,65.6856253748685,3
268.6779118607907,70.81235079769044,65.7967942687749,3
268.69791319421296,71.2931253400846,64.2526685340532,3
268.7179145276352,67.9718328167375,61.69244441361402,3
268.7379158610574,67.05673160902445,60.88108028905451,3
268.7579171944796,66.58322191606935,60.59856043491236,3
268.7779185279019,63.28024602416914,57.204067438614395,3
268.7979198613241,61.06393382491907,55.9367072216597,3
268.8179211947463,60.751824155573786,52.45026901618037,3
268.8379225281685,58.96970206111361,51.86236822476171,3
268.8579238615908,57.6962569777322,50.51650223000629,3
268.877925195013,54.317996166519414,47.48035623505971,3
268.8979265284352,53.43494566001047,44.539337754328834,3
268.91792786185744,49.83093984119501,43.955607330837545,3
268.93792919527965,47.10357987938737,40.598306330407304,3
268.9579305287019,45.3106939949776,39.596764663355984,3
268.97793186212414,44.74921101017715,35.95469486106856,3
268.99793319554635,43.032915714816085,33.60147924337675,3
269.01793452896857,38.80688845774887,32.98459755195457,3
269.03793586239084,39.09405410473368,30.749044151160653,3
269.05793719581305,35.425356630749626,29.62868359738636,3
269.07793852923527,32.19815968722711,25.683032184654575,3
269.0979398626575,31.708062714074604,23.712958013965714,3
269.11794119607976,29.960295128871497,23.779106751167728,3
269.13794252950197,28.16409742651849,20.581611237521667,3
269.1579438629242,24.961133558513986,17.50742158770075,3
269.1779451963464,23.277522300621847,16.786863061457677,3
269.1979465297686,21.602319682328506,14.342167699533855,3
269.2179478631909,20.16145180030162,13.870262909812416,3
269.2379491966131,17.538827506734545,10.32263473167664,3
269.2579505300353,15.05111901055772,10.172790335154536,3
269.27795186345753,14.37473661888051,7.668515879662666,3
269.2979531968798,14.939423220491982,7.508992361019622,3
269.317954530302,14.858542972048037,5.7306538671005445,3
269.33795586372423,9.671312881246354,5.236175183875664,3
269.35795719714645,9.910895440637608,5.772731230177356,3
269.3779585305687,10.495432724581491,5.0050880296190075,3
269.39795986399093,9.280398077962479,1.7092492182236065,3
269.41796119741315,7.729189155909809,3.226762572147646,3
269.43796253083536,8.458678004698967,3.2939521026193606,3
269.45796386425764,6.099502070116108,2.3265865170906666,3
269.47796519767985,7.5077711950576145,3.4085571300281656,3
269.49796653110207,6.413032457136945,3.711453135785267,3
269.5179678645243,5.728264152291545,4.968166966159502,3
269.5379691979465,5.898639224130656,4.011695416673817,3
269.55797053136877,8.04588357405318,5.687636506061081,3
269.577971864791,7.190206146830013,5.593769962116722,3
269.5979731982132,10.651922041417176,4.5847107809506396,3
269.6179745316354,12.102190636210521,6.392108077772213,3
269.6379758650577,11.896041104107772,6.582040998138801,3
269.6579771984799,10.752618946860125,9.114970383569766,3
269.6779785319021,11.227732993367098,10.469167956692518,3
269.6979798653243,13.387286036266929,13.320899985965003,3
269.7179811987466,13.691698229828557,14.806877182223896,3
269.7379825321688,15.752085589042487,13.358153746243062,3
269.75798386559103,18.490227539088828,16.890982397427827,3
269.77798519901324,20.622949391520244,18.95621986490935,3
269.79798653243546,22.97536279004951,18.347269767751026,3
269.81798786585773,22.907048656572723,21.005872174908877,3
269.83798919927995,25.687401187762227,23.36240164358054,3
269.85799053270216,26.792215299338142,26.277221874617837,3
269.8779918661244,27.497445618875247,27.850848646904556,3
269.89799319954665,32.06329701913164,28.604508123761143,3
269.91799453296886,31.953785801534128,32.30964347581869,3
269.9379958663911,35.65025156600982,33.87652712288537,3
269.9579971998133,37.70614993726917,36.159369551019736,3
269.97799853323556,40.14463871448571,38.992186666195906,3
269.9979998666578,42.76032664179775,40.489856809838166,3
270.01800120008,45.21048747907965,43.654269295617055,3
270.0380025335022,45.42833489242141,43.97405692484526,3
270.0580038669245,47.56458843179733,47.14836203044951,3
270.0780052003467,48.600959252645595,48.94376631494509,3
270.0980065337689,51.90677706740183,50.958264485157834,3
270.1180078671911,52.843032071731955,53.94527448600639,3
270.13800920061334,57.41304680694347,53.162080449750874,3
270.1580105340356,59.961303943198274,57.48734941360491,3
270.1780118674578,60.24818876413704,58.71468266569396,3
270.19801320088004,61.56176764138971,61.77137200866796,3
270.21801453430226,62.13027448957275,61.89453546835921,3
270.2380158677245,66.97343940362825,66.18479535832125,3
270.25801720114674,66.70032558181464,66.19489737123435,3
270.27801853456896,69.13460005275715,67.83455354625559,3
270.2980198679912,70.65518408803827,68.01922741505818,3
270.31802120141344,70.67093495848765,66.90251927181053,3
270.33802253483566,73.06930539814465,69.95700511158749,3
270.3580238682579,73.94599874505488,70.19416278135337,3
270.3780252016801,74.08199040559934,72.02362083668518,3
270.3980265351023,77.06282268985858,71.73700663897283,3
270.4180278685246,75.1187179167804,73.75742219361345,3
270.4380292019468,76.20181075661169,72.01403118325234,3
270.458030535369,77.54436970143892,74.19308951446344,3
270.4780318687912,75.3263399570324,74.0854051969149,3
270.4980332022135,76.88442049389991,71.03725895371534,3
270.5180345356357,76.17281603663992,72.05134572336617,3
270.5380358690579,76.60132978475767,71.11020990838287,3
270.55803720248014,74.74915971146488,70.90120102385013,3
270.5780385359024,77.0974792360733,70.41047029341753,3
270.5980398693246,75.95819956708934,71.08722133626296,3
270.61804120274684,74.55044032902745,68.77242296406992,3
270.63804253616905,74.5828763324137,70.33131849898878,3
270.6580438695913,72.23835593180421,66.23888101521679,3
270.67804520301354,68.60867254889057,67.02690432576892,3
270.69804653643575,71.99428432141175,63.01024126100996,3
270.71804786985797,69.28801542610938,62.04751442318847,3
270.7380492032802,69.02219613338686,58.52357511178248,3
270.75805053670246,66.42734662852811,61.14790558239421,3
270.77805187012467,65.70928464315125,57.34589473879336,3
270.7980532035469,63.33129831594693,53.55002691947866,3
270.8180545369691,61.247850640106314,52.19425278179904,3
270.8380558703914,58.254472719005896,50.65803990872666,3
270.8580572038136,57.819532380035454,50.00592715128288,3
270.8780585372358,56.056000550853355,44.82790161090895,3
270.898059870658,53.21132796181575,45.46939929816388,3
270.9180612040803,50.57894651443998,42.91682975920627,3
270.9380625375025,49.16921342375097,42.39360755287812,3
270.9580638709247,46.79514448556637,38.23265990363229,3
270.97806520434693,46.186487650988084,36.83815319011365,3
270.99806653776915,40.890077106062414,34.953827072160635,3
271.0180678711914,38.84962850573994,31.928927093385703,3
271.03806920461363,38.65500664543734,29.834350519035073,3
271.05807053803585,35.14390669640688,29.44216019343359,3
271.07807187145806,33.50352802788896,25.46573622919033,3
271.09807320488034,29.322079435287826,24.459209577034205,3
271.11807453830255,30.117192361259857,19.072337741851968,3
271.13807587172477,27.2564840439233,20.92134326195041,3
271.158077205147,27.213737465185126,18.118306163948745,3
271.17807853856925,21.291252430529394,18.539293094565345,3
271.19807987199147,22.669592141945195,14.76037911036321,3
271.2180812054137,21.594859987167244,11.12289289637715,3
271.2380825388359,17.1352017780008,11.87523666412139,3
271.25808387225817,17.04325165655573,11.650643012294193,3
271.2780852056804,15.278405037917528,8.543540703707556,3
271.2980865391026,14.514054049300052,6.833897505047502,3
271.3180878725248,12.648948120734161,5.7971473541738305,3
271.338089205947,11.618263960519448,4.896815619675628,3
271.3580905393693,9.633011695093797,6.677852195748405,3
271.3780918727915,10.328929605233315,3.8483224361516406,3
271.39809320621373,7.959189389773981,3.09122153690763,3
271.41809453963594,6.503429157932937,4.8933062316911915,3
271.4380958730582,7.264041915409901,4.029756574854108,3
271.45809720648043,8.92863127548581,2.2143058287591546,3
271.47809853990265,7.2680750551442,2.3547500258639804,3
271.49809987332486,7.445247366307779,3.155432659251625,3
271.51810120674713,8.616981991139358,2.9591192365494328,3
271.53810254016935,8.678172295812564,2.5110777232564514,3
271.55810387359156,8.02936864488514,4.554361882252393,3
271.5781052070138,8.06130161678746,5.999877372667082,3
271.598106540436,8.596963620876036,4.323906671485979,3
271.61810787385826,8.554753668513245,5.263402520317549,3
271.6381092072805,10.066147736444504,8.444095503664677,3
271.6581105407027,11.187881086102067,8.171424138403845,3
271.6781118741249,11.257534476470202,11.331064222744969,3
271.6981132075472,13.041590845816394,11.857444044039527,3
271.7181145409694,15.010395861162445,13.186465257574769,3
271.7381158743916,16.897670195606032,15.166290057021792,3
271.7581172078138,18.069119884052633,14.281046706432953,3
271.7781185412361,20.07940419136023,19.64983763857419,3
271.7981198746583,22.27168938844801,18.7304716847268,3
271.8181212080805,21.298993713126592,21.344890744709264,3
271.83812254150274,23.501456626912162,24.56263869322682,3
271.858123874925,27.431284934490822,25.902493515456637,3
271.8781252083472,28.60589474483267,28.111748984905812,3
271.89812654176944,30.798310069583167,31.126202960627452,3
271.91812787519166,32.12501243363296,31.87657219416243,3
271.9381292086139,36.80187388851274,34.86001169616193,3
271.95813054203614,37.27008258827844,36.549352100011404,3
271.97813187545836,40.66520297434357,38.980371733499524,3
271.9981332088806,41.865324480871514,42.13085001129651,3
272.0181345423028,43.45431754868926,43.95289194407422,3
272.03813587572506,45.956987534881186,44.07810310116803,3
272.0581372091473,48.62805760336679,48.44489203347077,3
272.0781385425695,50.20080716308538,49.10583758085847,3
272.0981398759917,51.53790398358799,50.23853928256017,3
272.118141209414,52.980542391642416,53.82490926219191,3
272.1381425428362,55.30861800856673,55.91890112580484,3
272.1581438762584,58.06393633205989,57.31082727045789,3
272.1781452096806,58.29611472707072,57.49612545067052,3
272.19814654310284,63.56619396148142,61.79641381742782,3
272.2181478765251,63.27259860000955,61.16235002863117,3
272.2381492099473,66.2808850924385,63.14095448175163,3
272.25815054336954,66.74711542922215,66.4208099779976,3
272.27815187679175,70.88750928443255,67.74101978087113,3
272.298153210214,70.40977322005247,68.08251899194251,3
272.31815454363624,70.97786256620861,69.41143387990246,3
272.33815587705845,72.28017565560916,70.59230437525746,3
272.35815721048067,74.29938082036671,69.7847026303494,3
272.37815854390294,73.96557867015065,72.82487505414139,3
272.39815987732516,75.9393790718748,73.81188282351924,3
272.41816121074737,75.74545706523058,71.16797625011918,3
272.4381625441696,77.51188220581952,73.18618881082968,3
272.45816387759186,76.24174640620755,74.9713118161623,3
272.4781652110141,78.51009449634795,72.87685042781177,3
272.4981665444363,77.19793394757522,72.5095601459841,3
272.5181678778585,78.59414000265421,72.3348484021924,3
272.5381692112807,75.19820044838572,71.92082745436385,3
272.558170544703,76.54533986548643,73.33186130062981,3
272.5781718781252,75.38484820479657,71.097011419159,3
272.5981732115474,75.97435467679009,70.08243106194358,3
272.61817454496963,74.44091705069525,70.4891817240883,3
272.6381758783919,74.0692407646654,68.5379079436159,3
272.6581772118141,71.73768551424496,66.65507758253587,3
272.67817854523634,71.90482338274064,65.88132000256441,3
272.69817987865855,70.80395659963399,65.81943742680221,3
272.7181812120808,68.21351907138275,63.40943057234343,3
272.73818254550304,67.33650283252155,60.361481134498966,3
272.75818387892525,66.16386364598117,58.06461195448616,3
272.77818521234747,62.52882635994755,57.13299251623552,3
272.7981865457697,62.662550468965854,55.60955016908949,3
272.81818787919195,60.32767395490534,53.88469537474721,3
272.83818921261417,58.53990704981677,52.53737075790196,3
272.8581905460364,56.014820322296934,49.62323827699952,3
272.8781918794586,56.144618664026225,47.95922856537323,3
272.89819321288087,51.172249610049235,46.67201183311676,3
272.9181945463031,52.11765327722782,43.4727416779965,3
272.9381958797253,46.96468914062276,41.35474080201802,3
272.9581972131475,45.877406970987046,40.130991349231195,3
272.9781985465698,43.469940905089075,37.76245721939987,3
272.998199879992,42.991674028129374,36.40586848692159,3
273.0182012134142,40.011252722896444,31.707616613924426,3
273.03820254683643,40.74315345913496,28.52128375342149,3
273.0582038802587,35.20350825167589,28.561453832500828,3
273.0782052136809,33.813124648421,25.97044809296852,3
273.09820654710313,33.105237804833365,24.84444702736505,3
273.11820788052535,28.02018890158903,21.891071022768163,3
273.13820921394756,26.648680880730204,20.269356328973537,3
273.15821054736983,25.397458757868712,20.438641048482985,3
273.17821188079205,24.52785773254734,15.975533438366845,3
273.19821321421426,21.0806085871598,15.451933401762732,3
273.2182145476365,20.386470491050442,11.704533710670312,3
273.23821588105875,17.194038370527377,9.90803710587786,3
273.25821721448096,17.024303110627127,8.286621988140322,3
273.2782185479032,13.768903913247112,9.437364888173795,3
273.2982198813254,15.46506646731958,5.817919279929676,3
273.31822121474767,12.663111778475646,4.6135923837713495,3
273.3382225481699,10.624237223669825,4.4769646981691915,3
273.3582238815921,11.372877672886798,4.9982087305427605,3
273.3782252150143,8.380471759630966,4.199852518318584,3
273.3982265484365,7.600011683829515,4.817872863406344,3
273.4182278818588,8.472193149293856,3.1530946051744104,3
273.438229215281,6.4957008197907244,4.092253977461235,3
273.4582305487032,8.167652519760802,2.6056992643962182,3
273.47823188212544,6.510486000311135,0.11004641665135662,3
273.4982332155477,7.221605614374124,2.893229457775239,3
273.51823454896993,5.561084227249903,3.5475836622022636,3
273.53823588239214,7.114315232884085,2.6400822210472894,3
273.55823721581436,7.206626879202166,5.100871188943359,3
273.57823854923663,7.830998754181084,5.2196134624284865,3
273.59823988265885,9.224389543235318,5.403190193197181,3
273.61824121608106,8.730945701469015,7.5889846926885,3
273.6382425495033,11.79445180720364,7.665990888547401,3
273.65824388292555,9.526255443722938,8.044747114713406,3
273.67824521634776,13.01879703093806,10.716182781927765,3
273.69824654977,11.671190252041589,12.394794908443032,3
273.7182478831922,14.952216165858113,12.948176394808504,3
273.7382492166144,15.99229252253909,14.951457903373514,3
273.7582505500367,18.926330253426222,17.30831890365065,3
273.7782518834589,20.256879863375204,18.27117002070428,3
273.7982532168811,21.289305645127858,18.584760150605483,3
273.8182545503033,25.004194581859853,22.51690297994199,3
273.8382558837256,26.294472964371188,24.74221912683641,3
273.8582572171478,27.44056434669074,25.693392347442675,3
273.87825855057,28.337063994004268,27.918546222888875,3
273.89825988399224,30.470189854271513,29.28964783978728,3
273.9182612174145,33.29695915229151,31.660378153761734,3
273.9382625508367,35.31537807331689,35.30209747847237,3
273.95826388425894,37.3996201960383,34.38454970656203,3
273.97826521768116,39.984593151694206,38.886979987067285,3
273.99826655110337,39.661868649466875,40.51910931002026,3
274.01826788452564,44.44352885403106,43.89982241540529,3
274.03826921794786,46.72394790275159,45.310720955112394,3
274.0582705513701,48.87041539555905,46.75439972708425,3
274.0782718847923,51.07323721161415,47.755981774811886,3
274.09827321821456,52.454713330252005,52.51113010835616,3
274.1182745516368,53.71984275003854,54.6011812836071,3
274.138275885059,58.01172350366739,58.15109039801411,3
274.1582772184812,59.90796941690089,57.611737144701884,3
274.1782785519035,60.94180448870849,59.09205374959891,3
274.1982798853257,64.11795586138639,61.08263235041019,3
274.2182812187479,63.33260861715422,63.54339065413453,3
274.2382825521701,68.13053144899965,65.31006899979019,3
274.2582838855924,65.86092525305689,65.47506250629824,3
274.2782852190146,66.67135369030326,67.00265663231934,3
274.2982865524368,70.04709019130294,68.13886949638021,3
274.31828788585904,70.3589235045029,69.28778361850713,3
274.33828921928125,73.39961827382227,71.28199366259773,3
274.3582905527035,73.83491214543693,71.28075774700193,3
274.37829188612574,72.61783702952482,70.30544338901991,3
274.39829321954795,75.5723510214666,73.40179183079336,3
274.41829455297017,76.35818920598888,71.74823144382053,3
274.43829588639244,76.12518697707179,70.76769189592736,3
274.45829721981465,77.30020912066239,70.02046906712708,3
274.47829855323687,77.29781982979364,71.08701986289545,3
274.4982998866591,79.89480427167211,73.7687981620631,3
274.51830122008136,76.53746039150923,71.97723004074656,3
274.53830255350357,76.5115035422755,71.58720847072327,3
274.5583038869258,76.20146369862863,72.0285400343965,3
274.578305220348,77.07726371795826,69.12091970530776,3
274.5983065537702,74.4440789054309,71.35981855194275,3
274.6183078871925,75.78735056110938,69.74286504752979,3
274.6383092206147,74.22498476118705,67.94962899317129,3
274.6583105540369,72.03877393922531,69.01761841541581,3
274.67831188745913,71.16925604162718,65.95952860124754,3
274.6983132208814,70.6010899698719,63.80670249822996,3
274.7183145543036,69.58217359738627,62.29129999944134,3
274.73831588772583,67.4898259896207,60.05719718423716,3
274.75831722114805,66.65433235140868,59.485470598472766,3
274.7783185545703,63.73062461120584,58.312339521624835,3
274.79831988799253,61.367707367453235,53.64171509696134,3
274.81832122141475,63.25988384621494,51.45390278939838,3
274.83832255483696,57.773690787000554,54.701489573963435,3
274.85832388825924,57.81749023888219,48.53407927988226,3
274.87832522168145,56.1134521853459,49.25213182025129,3
274.89832655510367,52.68738469896274,47.22581302758164,3
274.9183278885259,51.58944708704168,43.2178999982468,3
274.9383292219481,49.930898256616366,40.374428403162064,3
274.95833055537037,46.859398574521485,40.93852701368249,3
274.9783318887926,45.13266190306916,37.92066670155939,3
274.9983332222148,39.094271936885235,34.48523553630989,3
275.018334555637,38.80961603236403,30.509214859359336,3
275.0383358890593,37.62921574627681,30.103472676618455,3
275.0583372224815,35.740135870258285,28.202862688140947,3
275.0783385559037,34.92347649798594,25.905923464243898,3
275.0983398893259,31.61073349282362,24.961374408273983,3
275.1183412227482,31.60554374670383,21.974483538402165,3
275.1383425561704,26.349904566690107,22.131561309703915,3
275.15834388959263,25.168036851152756,16.975152862172994,3
275.17834522301484,24.203046242101088,16.313234370308514,3
275.19834655643706,20.529022427811345,14.888628935938563,3
275.21834788985933,18.415230219328564,14.78894568059031,3
275.23834922328155,19.998233063540578,9.108779227107977,3
275.25835055670376,18.3430811339252,9.063338086656367,3
275.278351890126,14.585800389859296,7.126604722888003,3
275.29835322354825,13.159244806391284,7.427569134270404,3
275.31835455697046,12.798468117137967,9.503462103780388,3
275.3383558903927,11.576442015862353,6.631368953556082,3
275.3583572238149,10.96837131743831,3.9590608145371515,3
275.37835855723716,10.434139033454302,4.943398437265158,3
275.3983598906594,9.885791824872719,4.675477310794431,3
275.4183612240816,9.912057036624082,2.6717432830229737,3
275.4383625575038,7.716046465499944,3.3861239571918427,3
275.4583638909261,6.344333841893593,1.7238383729569196,3
275.4783652243483,6.427863819004059,2.1202208676216827,3
275.4983665577705,8.091781700763946,4.390047368316758,3
275.5183678911927,6.973367129296006,2.4184301908986447,3
275.53836922461494,7.276033868675108,4.163264079181974,3
275.5583705580372,8.5074502395867,4.15231136610819,3
275.5783718914594,7.652274726228955,6.031713184973178,3
275.59837322488164,9.719671935250268,5.020909100631105,3
275.61837455830386,8.560728522260959,6.937403288203526,3
275.6383758917261,10.049922302628179,8.068458637580434,3
275.65837722514834,10.735514921698996,8.538452368665773,3
275.67837855857056,11.720228415823044,8.977504523467376,3
275.6983798919928,13.163406495256881,11.999526016613578,3
275.71838122541504,17.19564864474615,13.548779387732239,3
275.73838255883726,15.906194193653583,14.32588070595565,3
275.7583838922595,17.365141210966392,17.982124781682998,3
275.7783852256817,18.800628676215666,17.848750157302877,3
275.7983865591039,19.597374802014777,19.531940780739315,3
275.8183878925262,23.321539387214237,20.7294744349564,3
275.8383892259484,23.656079830838596,22.064344505510544,3
275.8583905593706,28.612871206655946,25.861615305291437,3
275.8783918927928,31.295417490569278,27.84995110145796,3
275.8983932262151,32.19070426578234,31.30720945205339,3
275.9183945596373,33.90060191672219,32.722861694956286,3
275.9383958930595,35.945974073772526,34.375672926699934,3
275.95839722648174,36.1510523190323,36.412252474602596,3
275.978398559904,40.760482449979826,37.55781920534774,3
275.9983998933262,42.6572326796723,38.99481494392428,3
276.01840122674844,44.44041615967586,44.459821144875754,3
276.03840256017065,46.91904319514777,43.65071756332105,3
276.0584038935929,48.97599456149232,49.259949573725834,3
276.07840522701514,49.13716759835829,50.97907451100666,3
276.09840656043735,53.151874799569455,52.56100643256558,3
276.11840789385957,55.853553178253335,53.59219005262031,3
276.1384092272818,57.23007430722928,55.20432933848243,3
276.15841056070406,60.11716484873259,57.302248521994024,3
276.17841189412627,59.89106379011907,59.14136386114002,3
276.1984132275485,61.799691602923076,61.14088098783406,3
276.2184145609707,64.17376283682583,63.13457401375219,3
276.238415894393,65.84172408167956,64.23201128572929,3
276.2584172278152,67.450872687541,65.4733234335786,3
276.2784185612374,68.92354497312692,66.6533353153,3
276.2984198946596,69.54834021946795,68.77004432843623,3
276.3184212280819,71.9393595974248,68.07025395187932,3
276.3384225615041,72.71605092031511,69.53188571905926,3
276.3584238949263,73.62071179544736,71.77631124728985,3
276.37842522834853,73.39157881161923,71.16068714090497,3
276.39842656177075,76.47255427432096,71.16987400674087,3
276.418427895193,76.60046817201213,72.96408507337317,3
276.43842922861523,75.91718098444771,72.20469365377129,3
276.45843056203745,75.56921085312317,72.08121345895216,3
276.47843189545966,78.9991418344787,73.41695620443278,3
276.49843322888194,77.53745611509697,70.57738073195645,3
276.51843456230415,77.3818308072716,72.41962162206757,3
276.53843589572637,76.43030432583723,71.83936797789417,3
276.5584372291486,77.86768046525427,70.92911801686134,3
276.57843856257085,75.79026185634802,70.55373825058284,3
276.59843989599307,76.71545862769591,69.35791602189592,3
276.6184412294153,73.56179106510923,69.42835489775754,3
276.6384425628375,73.39535017340671,68.54989862245753,3
276.65844389625977,73.68528090263642,67.75933262313735,3
276.678445229682,73.60973131079825,65.47975910330914,3
276.6984465631042,69.81923526389407,65.10375302272955,3
276.7184478965264,67.95801994770876,62.545232465156424,3
276.7384492299486,68.60220812860389,61.02414700584592,3
276.7584505633709,65.64463634593154,60.956375470221786,3
276.7784518967931,65.28573680408824,57.99019633039142,3
276.79845323021533,61.59181795273955,56.451632147568006,3
276.81845456363754,60.22511551650142,55.66546940996209,3
276.8384558970598,58.15210375999268,52.648349582133,3
276.85845723048203,57.48366979531671,47.69269871764508,3
276.87845856390425,54.52068776704905,48.755128686436045,3
276.89845989732646,52.50787327190421,45.02591822602191,3
276.91846123074873,50.145719148679014,44.48649422222852,3
276.93846256417095,48.47235198360639,40.598776397885516,3
276.95846389759316,46.67965802359904,38.375263679044174,3
276.9784652310154,44.389800533360415,36.62392895994045,3
276.9984665644376,42.716544357129116,34.76943645258162,3
277.01846789785986,39.97217294118851,32.29243323246483,3
277.0384692312821,38.451849926482666,30.515005004682408,3
277.0584705647043,34.53788816769919,27.736565125346328,3
277.0784718981265,32.55527616024824,26.808816917414713,3
277.0984732315488,32.314944473106934,23.781107758769554,3
277.118474564971,29.906882692268503,20.78231615979573,3
277.1384758983932,25.820884883598914,20.59832377817582,3
277.1584772318154,24.183150944777054,19.839360563068432,3
277.1784785652377,24.084678807880447,17.521927609636762,3
277.1984798986599,20.03550211977517,15.379335294705221,3
277.2184812320821,19.2723004244049,13.497905158968345,3
277.23848256550434,18.030081519143614,11.940796397249528,3
277.2584838989266,14.905590707077867,9.44155555672668,3
277.2784852323488,16.60173838624402,8.930800931064114,3
277.29848656577104,14.88756653362699,7.548526507112517,3
277.31848789919326,11.46161129161391,6.501882457263526,3
277.3384892326155,12.364924282351502,7.342923761887238,3
277.35849056603774,12.975171702319475,4.702379758971624,3
277.37849189945996,9.724466582371312,5.036233324745959,3
277.3984932328822,7.663861217481131,4.570740479792222,3
277.4184945663044,9.088689720700334,3.8780149965520723,3
277.43849589972666,7.028547476580982,1.8693123473519078,3
277.4584972331489,8.320140779901529,2.564756803272797,3
277.4784985665711,8.003691030628381,1.0279157602830284,3
277.4984998999933,5.628809406784748,1.5295860850035625,3
277.5185012334156,8.108074573261636,3.2604859472729077,3
277.5385025668378,7.129374234940547,3.5519468299171035,3
277.55850390026,7.798819353653677,4.304230641068861,3
277.5785052336822,6.436545859764215,5.102205483571385,3
277.59850656710444,7.607170803260633,6.512397917675833,3
277.6185079005267,8.443883896788792,6.099400760509672,3
277.6385092339489,9.487024616401014,7.322120847013037,3
277.65851056737114,11.693523813812824,8.162015717560525,3
277.67851190079335,11.88324142170847,9.713115716561518,3
277.6985132342156,14.274470777724213,10.848528144973306,3
277.71851456763784,14.077390035765998,12.919958490725577,3
277.73851590106005,18.0077111718074,13.15983643677796,3
277.75851723448227,19.225360531628965,14.384464837989299,3
277.77851856790454,20.58363745440057,17.10237962364732,3
277.79851990132676,21.098115476191566,19.57088508375063,3
277.81852123474897,22.454767081085055,22.858989408152464,3
277.8385225681712,24.93846679122545,23.145635061301398,3
277.85852390159346,25.880215287784434,27.117005078033444,3
277.8785252350157,28.076630104240277,29.108016376634893,3
277.8985265684379,32.00831652934688,30.718158755649398,3
277.9185279018601,31.801830035340373,31.552665916644447,3
277.9385292352823,35.15153755553781,34.89552141037448,3
277.9585305687046,37.449023337018005,35.67285366552212,3
277.9785319021268,39.84280768063913,38.726538293769764,3
277.998533235549,41.291677729036564,41.26035405847167,3
278.01853456897123,43.538916551909004,43.65797337600692,3
278.0385359023935,46.14836202346564,45.39021706432348,3
278.0585372358157,49.401272224754536,46.80919474179173,3
278.07853856923794,49.03308450513518,50.15206080352276,3
278.09853990266015,52.39771625899439,51.193924527634344,3
278.1185412360824,54.89997292321858,56.86032403517098,3
278.13854256950464,56.80336360946006,54.643086143402805,3
278.15854390292685,58.09609130558109,57.32771217353693,3
278.17854523634907,59.93014762358924,59.17867711785943,3
278.1985465697713,63.00018951646921,61.057885085430335,3
278.21854790319355,63.987821688206296,62.6071519375064,3
278.23854923661577,66.14661094646965,64.37459711550193,3
278.258550570038,67.71279203894561,65.15001329936179,3
278.2785519034602,68.61262613194386,64.60887660717675,3
278.29855323688247,71.34175696245225,67.26155088209514,3
278.3185545703047,70.66517033723056,70.08297475899636,3
278.3385559037269,72.39028602936322,71.15409229882637,3
278.3585572371491,74.46253267571257,72.68072068759295,3
278.3785585705714,73.5659317825466,69.87217507013285,3
278.3985599039936,74.64684938603203,71.8166248381882,3
278.4185612374158,77.49797359190057,73.1880630042635,3
278.43856257083803,76.81322827075549,73.86578433050637,3
278.4585639042603,76.55453893563164,73.9679750602023,3
278.4785652376825,76.87428668254721,72.29045968035544,3
278.49856657110473,74.98457485489531,72.36546634694332,3
278.51856790452695,76.25896333626538,72.9520339309352,3
278.53856923794916,73.63170589664252,70.97445149323788,3
278.55857057137143,76.23481457999166,70.44789283438735,3
278.57857190479365,76.82158901123772,70.78432477308735,3
278.59857323821586,74.17112746863413,69.4302819723226,3
278.6185745716381,75.25229010056601,67.75192558282822,3
278.63857590506035,73.39364007112012,68.37839490578094,3
278.65857723848256,73.75963198105684,65.59861973269227,3
278.6785785719048,69.54148941172039,65.75599596420695,3
278.698579905327,70.86785381624931,64.10722112284861,3
278.71858123874927,68.79827056656842,62.97589059941187,3
278.7385825721715,67.20930296449232,59.77149539095839,3
278.7585839055937,62.858440422008464,58.655777134897505,3
278.7785852390159,65.06946626969255,56.4308924140476,3
278.7985865724381,62.88372168641612,55.24092040070181,3
278.8185879058604,60.208542417366694,53.729410605204016,3
278.8385892392826,58.74839804608611,50.52446649988359,3
278.8585905727048,56.72225095793847,50.008582795837356,3
278.87859190612704,54.6108799419518,46.96042438945114,3
278.8985932395493,53.796939490199065,47.239818547623855,3
278.91859457297153,50.83957936774779,43.53330333507013,3
278.93859590639374,48.60625302845599,42.00401610043866,3
278.95859723981596,44.80877960544842,40.02572603783735,3
278.97859857323823,44.16717966195252,34.94456812685291,3
278.99859990666044,40.491760583647064,35.01992543361302,3
279.01860124008266,39.52339834252176,31.51949066694254,3
279.0386025735049,38.964877335066774,31.686993699253588,3
279.05860390692715,32.912509428719595,29.83994504407739,3
279.07860524034936,33.99351374275437,26.145356309741892,3
279.0986065737716,30.999145207425,22.851007045103863,3
279.1186079071938,29.622239955775722,22.935290043405807,3
279.138609240616,26.483283401428928,19.28274583488201,3
279.1586105740383,25.32458112635862,19.30370742903627,3
279.1786119074605,23.46051758201026,15.22457675294523,3
279.1986132408827,22.39257414931615,14.845722936943167,3
279.2186145743049,20.392832213200208,12.52403428398261,3
279.2386159077272,17.973152138891287,10.64388859035548,3
279.2586172411494,17.54880949685541,10.129706989562573,3
279.2786185745716,15.498925956427222,8.117728613302907,3
279.29861990799384,11.598128763436774,9.205853208187259,3
279.3186212414161,12.892600390519565,5.359842506779179,3
279.3386225748383,8.927613485080853,4.155929663567863,3
279.35862390826054,10.21639665792595,3.350625287882529,3
279.37862524168276,9.862610306333394,5.341593890867321,3
279.39862657510497,8.040229944018702,3.229305334200594,3
279.41862790852724,8.334694349215763,3.7560531070987966,3
279.43862924194946,7.242124108844833,3.200639503052589,3
279.45863057537167,6.862356172149233,4.789579002863537,3
279.4786319087939,7.0453293906649535,3.271537362326005,3
279.49863324221616,6.722858156899274,1.932536628379338,3
279.5186345756384,8.933339310334967,2.7186185592737027,3
279.5386359090606,9.591749530597177,3.888666904093962,3
279.5586372424828,6.385889769387445,4.3386510546481105,3
279.5786385759051,9.545330326028855,4.445805542268836,3
279.5986399093273,9.349370866786002,5.069711057628381,3
279.6186412427495,8.52887041290725,6.1062584065565915,3
279.6386425761717,11.96092518877495,5.982339347571555,3
279.658643909594,10.670851088112498,8.385492108071817,3
279.6786452430162,11.510701460820226,9.969869372767,3
279.6986465764384,14.602994626874667,12.616973162701939,3
279.71864790986064,14.915306347702273,12.803953499947603,3
279.73864924328285,15.885155418880755,14.808891312881464,3
279.7586505767051,18.23236535692484,16.35033864646085,3
279.77865191012734,19.630612189489106,17.666946394467306,3
279.79865324354955,21.0588371302494,20.71565122544026,3
279.81865457697177,22.977378953774288,20.748287949682478,3
279.83865591039404,25.00936318417432,24.5761597446779,3
279.85865724381625,26.961603228196193,25.15426490695228,3
279.87865857723847,31.57207587455373,29.285369924328762,3
279.8986599106607,31.10583488457585,30.240819827456402,3
279.91866124408295,31.72040916962854,32.31409394637152,3
279.93866257750517,34.81746826310871,33.90852345738069,3
279.9586639109274,38.73761399815486,35.201730399152666,3
279.9786652443496,41.30983556342578,38.01368277862725,3
279.9986665777718,41.26134312663318,43.794770490048585,3
280.0186679111941,44.22621786985558,43.19201308754876,3
280.0386692446163,46.90030500905959,44.87970346037318,3
280.0586705780385,47.57888512342561,46.95676770910309,3
280.07867191146073,50.79983886649094,48.363637305469176,3
280.098673244883,52.89107229689861,50.98609100070962,3
280.1186745783052,54.25777447586012,54.59178611365564,3
280.13867591172743,54.41287404438819,55.19961544118223,3
280.15867724514965,59.557071492646756,56.98072398052063,3
280.1786785785719,58.97828925094846,58.67851987162521,3
280.19867991199413,60.787894191429544,61.794349206855564,3
280.21868124541635,65.35595799967597,61.62221649792466,3
280.23868257883856,63.5384195554871,62.60978730412345,3
280.25868391226084,67.01869432438367,64.65949043119566,3
280.27868524568305,68.8658649569974,66.98810281213868,3
280.29868657910527,68.68971362824391,67.55807127068421,3
280.3186879125275,71.40101159802502,68.52592615376246,3
280.3386892459497,72.25472551033135,70.06648638585469,3
280.35869057937197,71.71580525518372,70.53434325124074,3
280.3786919127942,75.2298910556327,71.40383415425907,3
280.3986932462164,73.01501686541172,71.03620315770789,3
280.4186945796386,75.47779942041039,72.62436755050318,3
280.4386959130609,75.94389265804963,72.18381813056969,3
280.4586972464831,76.21314361156742,72.77536545589457,3
280.4786985799053,77.7772704294833,71.60093788147584,3
280.4986999133275,76.24421938268088,71.94568865951334,3
280.5187012467498,77.27432225919712,73.29669479711244,3
280.538702580172,75.54790155404751,73.38659584680153,3
280.55870391359423,75.01434980018927,72.05611020336245,3
280.57870524701644,76.89768548918398,70.2124995420612,3
280.59870658043866,75.91617192017364,69.56010614851675,3
280.61870791386093,74.89375167832955,69.31804380881184,3
280.63870924728315,73.30315253288646,69.50664591035004,3
280.65871058070536,73.44885440588001,67.53122038445156,3
280.6787119141276,72.06296339044681,63.449895367050345,3
280.69871324754985,71.18069305489765,63.348298156503176,3
280.71871458097206,68.49352222180181,61.83240532031179,3
280.7387159143943,68.00074314197978,62.546026827085676,3
280.7587172478165,66.3332189446934,59.38667687357539,3
280.77871858123876,65.36534425878465,57.53037003853525,3
280.798719914661,63.34062552986319,55.39330387833407,3
280.8187212480832,60.30086667699375,52.331859292555734,3
280.8387225815054,58.97561660077889,51.55724283994203,3
280.8587239149277,55.326968362451076,51.01473672024059,3
280.8787252483499,54.471249358481245,48.77231857886976,3
280.8987265817721,53.531420790058355,44.915161903835354,3
280.9187279151943,49.97824773145998,43.82246207865057,3
280.93872924861654,48.20254361262264,40.1828961945752,3
280.9587305820388,46.27485249501476,38.070574276581674,3
280.978731915461,44.638985925421586,37.42331969937584,3
280.99873324888324,42.15671970315106,32.716186758017926,3
281.01873458230546,38.792144703227464,34.06189146153463,3
281.0387359157277,36.52209466644422,28.768477204387626,3
281.05873724914994,36.56114345534671,28.40934189809015,3
281.07873858257216,33.65957952540122,24.900097715619044,3
281.0987399159944,31.07767833573845,24.748927898647555,3
281.11874124941664,31.657984944458388,21.321596840088667,3
281.13874258283886,30.243381044307277,20.155132676699054,3
281.1587439162611,24.562072732038327,16.724762947319213,3
281.1787452496833,22.723251324519183,16.679312050197392,3
281.1987465831055,23.02588336421217,15.536277782671215,3
281.2187479165278,21.14923119263151,15.140386111336438,3
281.23874924995,17.282248773822246,12.190697604920718,3
281.2587505833722,16.559621657270874,9.103780956609171,3
281.2787519167944,15.186912962040582,8.227447120636928,3
281.2987532502167,16.07978165506431,10.669459928154108,3
281.3187545836389,12.149783296939303,5.634009862751097,3
281.3387559170611,10.979232583761412,6.476611484511003,3
281.35875725048334,10.76899682577496,3.590390559222577,3
281.3787585839056,10.27048878224117,3.0233213290872936,3
281.3987599173278,9.322226608127336,3.3882356117216808,3
281.41876125075004,6.3646804185274775,1.7225469228373531,3
281.43876258417225,7.3163579536551415,3.451619750287784,3
281.4587639175945,8.944263151111338,2.840863721656856,3
281.47876525101674,6.686187866760125,2.2037193294389,3
281.49876658443895,7.931206166514508,0.06749958613304274,3
281.51876791786117,5.687379796633671,3.9380205332924905,3
281.5387692512834,6.407665526545,4.4298121883204375,3
281.55877058470566,7.418781809224911,3.3229952256016766,3
281.57877191812787,7.473820125955921,4.587292855730353,3
281.5987732515501,8.237136075254368,4.744694736835748,3
281.6187745849723,9.645154549058029,5.10884281749443,3
281.6387759183946,8.26885650447577,7.1948050491443745,3
281.6587772518168,11.790422583332784,10.087269808099386,3
281.678778585239,12.830051163709895,10.31753826451,3
281.6987799186612,15.432136434113053,10.364428020733355,3
281.7187812520835,14.424433240010064,13.21660779350319,3
281.7387825855057,16.810081462534544,16.457796420962694,3
281.7587839189279,19.054283899716204,16.50440203544776,3
281.77878525235013,18.126237805465514,19.445158832357293,3
281.79878658577235,21.720443565980005,21.213498743989277,3
281.8187879191946,22.923612927071066,22.183863832477392,3
281.83878925261683,24.48103806402122,24.262620487018985,3
281.85879058603905,27.3046389595725,25.759662517414398,3
281.87879191946126,30.74541537068601,29.191786442048585,3
281.89879325288354,31.34146579228419,29.936508853988684,3
281.91879458630575,31.86749894557809,32.041649445741875,3
281.93879591972797,36.83001505418222,33.66669517290656,3
281.9587972531502,35.50475478418059,35.57416083281736,3
281.97879858657245,37.840426637003745,39.54510985778752,3
281.99879991999467,41.33368243038469,40.403314058564604,3
282.0188012534169,44.83716696495299,42.79429290224396,3
282.0388025868391,47.85103560362629,47.22280542844809,3
282.05880392026137,50.01937450936726,47.994525240746064,3
282.0788052536836,51.00900730353292,48.999601437704726,3
282.0988065871058,54.002167054670416,53.065668244703865,3
282.118807920528,55.82487553910852,53.42392713605062,3
282.1388092539502,58.81216608326271,54.65887458248703,3
282.1588105873725,59.51917555924271,56.838524226494314,3
282.1788119207947,60.860035602221046,59.41399231395704,3
282.19881325421693,61.773262584623,60.85812584312997,3
282.21881458763914,64.38077518050025,61.24168007609898,3
282.2388159210614,64.74007748434012,64.35235801820842,3
282.25881725448363,68.17657212833248,65.87193058215172,3
282.27881858790585,68.07194410518606,65.95325911653063,3
282.29881992132806,70.49787621430585,68.18503660059051,3
282.31882125475033,72.48743416988118,67.7118611659029,3
282.33882258817255,72.53950025409506,71.30413919027792,3
282.35882392159476,75.00037398827126,71.15396494678214,3
282.378825255017,74.24913431999157,71.89113958619753,3
282.3988265884392,76.33585135580248,74.41811786511255,3
282.41882792186146,75.56893138134879,72.3601480573035,3
282.4388292552837,74.96929246524778,72.79517020771115,3
282.4588305887059,76.96588747392724,73.58383488479024,3
282.4788319221281,76.06993800855751,73.48809774644123,3
282.4988332555504,75.58912343780963,72.47260825803596,3
282.5188345889726,77.03957552625265,75.53889973666206,3
282.5388359223948,77.33187580398472,72.29491678576238,3
282.558837255817,77.18874115462437,70.31687771246837,3
282.5788385892393,74.94719602289628,70.89997763846112,3
282.5988399226615,75.58907992254368,68.6855519545895,3
282.6188412560837,75.61142517665591,70.08968832592521,3
282.63884258950594,74.93759415237997,67.64332431094113,3
282.6588439229282,71.74715607944583,66.89302302294026,3
282.6788452563504,73.02258452340263,65.13632171425297,3
282.69884658977264,68.58838965171819,65.0949625968768,3
282.71884792319486,68.04045028133035,62.674459817073746,3
282.7388492566171,68.06126699275194,61.53186462697081,3
282.75885059003934,66.94034885329273,58.607831868498195,3
282.77885192346156,62.80930360675518,58.50440493239427,3
282.7988532568838,62.798544838849494,57.08106535618293,3
282.818854590306,61.33922711433904,54.90310306390153,3
282.83885592372826,59.47409797721215,52.52840676560642,3
282.8588572571505,56.824472670641285,49.137545191954366,3
282.8788585905727,55.661850203385875,48.72700359989608,3
282.8988599239949,53.74996734966788,43.58144081842245,3
282.9188612574172,50.60197205864121,43.150710475090634,3
282.9388625908394,47.99366294875236,41.2781930569935,3
282.9588639242616,46.71705168906972,38.666502665145,3
282.9788652576838,42.79899324772526,36.75565961550351,3
282.99886659110604,42.575993266420156,35.23370768408341,3
283.0188679245283,41.352249192269575,33.22320335344035,3
283.0388692579505,34.51799369288708,31.355086731256478,3
283.05887059137274,36.88655833357145,25.8714852027461,3
283.07887192479495,33.834071113484505,26.95720945153958,3
283.0988732582172,30.579549365057282,24.48919111082709,3
283.11887459163944,29.851594924299597,20.850475337104566,3
283.13887592506165,27.858177086763042,20.334429411011616,3
283.15887725848387,25.54567675039648,16.861604102089686,3
283.17887859190614,24.444975460055563,16.365065212357422,3
283.19887992532836,21.876688885432042,14.860149197378842,3
283.21888125875057,18.6639050263649,12.060018224568902,3
283.2388825921728,18.85641206052075,11.709391858896252,3
283.25888392559506,16.114344602068325,10.638483262003938,3
283.2788852590173,15.591648701601693,7.69242390407767,3
283.2988865924395,14.816579440468919,7.060376762876951,3
283.3188879258617,10.42304826261064,5.273129680081226,3
283.3388892592839,11.358792587011857,5.819047447800506,3
283.3588905927062,10.649842260837648,4.56525829407183,3
283.3788919261284,9.099607392341584,4.120057130340587,3
283.3988932595506,9.04646221022403,3.164525089874183,3
283.41889459297283,9.012847192714831,3.078968209368777,3
283.4388959263951,6.626230644611005,3.33568756403168,3
283.4588972598173,6.267334932120782,1.853162014835559,3
283.47889859323953,6.973668085985069,2.710664626843338,3
283.49889992666175,7.541120213114617,5.382467916885824,3
283.518901260084,6.297998188612553,2.6384786417105266,3
283.53890259350624,8.415067689078299,3.512057869454039,3
283.55890392692845,7.421880429498558,4.603253196429213,3
283.57890526035067,7.73404798928254,6.55529991557848,3
283.5989065937729,9.60852269754046,4.38549157357088,3
283.61890792719515,8.450779170882925,6.293331382000291,3
283.63890926061737,9.872177793149875,7.994392372208767,3
283.6589105940396,11.289895786932387,6.779656080598464,3
283.6789119274618,11.182138406612227,8.0849519163945,3
283.69891326088407,13.69401274507794,11.059682939115389,3
283.7189145943063,15.502456123812104,12.004499225896195,3
283.7389159277285,16.8374871056074,14.518409761073421,3
283.7589172611507,17.825814465988262,16.259638009891674,3
283.778918594573,18.262725322062682,18.770577762072843,3
283.7989199279952,21.058001234675583,19.30137784297604,3
283.8189212614174,23.83715633818487,21.31274689130276,3
283.83892259483963,25.718406697035643,24.464458104102082,3
283.8589239282619,28.01670584153879,26.259307956315187,3
283.8789252616841,30.53512642262819,27.636144797277076,3
283.89892659510633,29.31153882066997,29.788975685940915,3
283.91892792852855,32.60415768743382,31.230672634108313,3
283.93892926195076,33.94635498378426,33.84368747540847,3
283.95893059537303,36.417810137122025,36.02353959906272,3
283.97893192879525,41.334334673137064,38.2173418552361,3
283.99893326221746,42.42786875033055,40.842783505252655,3
284.0189345956397,43.01663803194222,42.34121636690125,3
284.03893592906195,46.56458973784836,45.43787905944572,3
284.05893726248416,51.21018675622189,46.00322429359112,3
284.0789385959064,50.425463915698266,49.57408243863358,3
284.0989399293286,52.9874645823539,53.10440070854365,3
284.11894126275087,54.165829752524424,54.34895532743671,3
284.1389425961731,58.01537963403946,56.60117006549078,3
284.1589439295953,60.790782700581765,57.14876889829169,3
284.1789452630175,60.338525446128344,59.65636339140281,3
284.1989465964397,62.19240622418696,60.16724060579246,3
284.218947929862,62.8974586085067,61.581187618378486,3
284.2389492632842,66.2581999445967,64.13610545287132,3
284.2589505967064,66.88394998936126,64.41303524611777,3
284.27895193012864,68.97621513548764,67.17320982491627,3
284.2989532635509,69.74662844994326,68.27232684975489,3
284.31895459697313,72.36337589389036,68.70801048450708,3
284.33895593039534,72.89667197400848,69.19268126538006,3
284.35895726381756,72.64497698863407,71.80390908420414,3
284.37895859723983,75.01927137234027,73.65248209761424,3
284.39895993066204,75.39385034621407,70.33812336164713,3
284.41896126408426,75.67175187934038,73.40954280157841,3
284.4389625975065,76.89387952572575,74.42517526847043,3
284.45896393092875,77.3650353492523,72.3143295939115,3
284.47896526435096,77.47128780851264,70.73228214534325,3
284.4989665977732,73.47461426647737,73.20493922163824,3
284.5189679311954,76.37954731607319,72.13819517169021,3
284.5389692646176,77.60812581931567,70.78022304845975,3
284.5589705980399,76.70392838723555,73.02849383645339,3
284.5789719314621,76.26684923313165,69.86938329279882,3
284.5989732648843,75.55256792440993,68.78962566723602,3
284.6189745983065,72.6636854864875,68.56795366452057,3
284.6389759317288,73.83476102507075,65.79668230373336,3
284.658977265151,73.02816731867156,64.97666391489138,3
284.6789785985732,71.1227352191279,65.29223019315044,3
284.69897993199544,69.36816656251679,63.89851785596201,3
284.7189812654177,68.56717088346738,63.668533686776385,3
284.7389825988399,66.69468731829352,62.00119127812193,3
284.75898393226214,66.85762254068324,58.754015150827605,3
284.77898526568435,64.29566038898764,56.8060071661036,3
284.79898659910657,60.85763326855801,54.94083492782369,3
284.81898793252884,60.67351241244114,53.66313166559342,3
284.83898926595106,58.998313975681334,51.191719043600884,3
284.85899059937327,57.965250406597136,49.956255262798564,3
284.8789919327955,55.04479353124037,46.224203649880934,3
284.89899326621776,52.82754130454076,46.464927553465316,3
284.91899459964,50.946638867692094,43.07331310919239,3
284.9389959330622,48.894980057838616,40.04354143212633,3
284.9589972664844,47.27518399875847,39.09455226374644,3
284.9789985999067,44.66297249679014,38.276280053584145,3
284.9989999333289,40.654172895636414,34.55569966958487,3
285.0190012667511,40.74881200330232,32.803653784432534,3
285.0390026001733,37.25289339133247,30.0111856948728,3
285.0590039335956,34.7098517720269,30.089084217371358,3
285.0790052670178,32.14103681730147,26.1227921102594,3
285.09900660044,31.384320827174957,23.592948766574295,3
285.11900793386224,29.09772272455992,21.698347443226517,3
285.13900926728445,25.34429962642074,21.05918116861125,3
285.1590106007067,24.528624634428606,17.874242120727732,3
285.17901193412894,20.485008112517924,16.1039625621553,3
285.19901326755115,21.755788929317927,14.534200398236512,3
285.21901460097337,19.827983604357332,12.61214130702624,3
285.23901593439564,18.42919809026098,12.131103817398554,3
285.25901726781785,15.187689487846868,11.07020741987603,3
285.27901860124007,15.089751198600368,9.655931789127456,3
285.2990199346623,13.113755217182822,7.89382582348105,3
285.31902126808455,11.77007827234241,7.550541878038176,3
285.33902260150677,10.785884081531023,6.295743492046668,3
285.359023934929,8.891649602226334,3.5000208479398967,3
285.3790252683512,10.591153541113025,5.206482741046017,3
285.3990266017734,9.676529744960119,2.853265325045378,3
285.4190279351957,6.855941711321386,2.041323368771563,3
285.4390292686179,7.5294850187622835,3.403733623753641,3
285.4590306020401,8.436425229628128,2.039656433887492,3
285.47903193546233,8.031770192967304,1.2729082957490556,3
285.4990332688846,5.500816038868455,1.066061905060369,3
285.5190346023068,6.417030358796538,3.477122971950367,3
285.53903593572903,6.960757313794612,4.73815282815697,3
285.55903726915125,8.2466138682709,4.796161755280626,3
285.5790386025735,7.239337826200408,4.149042396215076,3
285.59903993599573,9.691763055603003,5.583016032350197,3
285.61904126941795,7.833905042399125,5.640395891560849,3
285.63904260284016,8.828847100115643,7.214140493583781,3
285.65904393626244,11.652166234213418,9.435502304671672,3
285.67904526968465,12.655568428626989,10.778880721276735,3
285.69904660310686,14.291973363730808,9.538801001015667,3
285.7190479365291,14.434385322059926,14.212107740322542,3
285.7390492699513,16.285222813680793,14.348052170352908,3
285.75905060337357,17.399481398653762,15.666145287749536,3
285.7790519367958,20.385001545276403,19.761965067390236,3
285.799053270218,21.831345536476924,20.48572951028971,3
285.8190546036402,23.6273061579483,21.592364404847885,3
285.8390559370625,26.071449495667462,24.04184711607498,3
285.8590572704847,26.66772148371908,27.226218183067104,3
285.8790586039069,26.61632232875237,27.250096865137667,3
285.8990599373291,27.90422534209174,30.514379443029778,3
285.9190612707514,32.48612219842732,32.309563011155134,3
285.9390626041736,34.63773715919883,32.770980513565675,3
285.95906393759583,37.17206182559462,37.73381988143524,3
285.97906527101804,41.36175823713049,40.64053542356604,3
285.99906660444026,41.644572546109806,39.84810570737076,3
286.01906793786253,46.26503934689344,41.737235659482245,3
286.03906927128475,46.097171909768456,45.45105675644016,3
286.05907060470696,48.35808668278575,49.04486553268973,3
286.0790719381292,52.994568716695625,50.63392613918346,3
286.09907327155145,53.33798905915242,52.4698128017124,3
286.11907460497366,53.49311991569479,53.30402650434325,3
286.1390759383959,56.090654100256195,54.34643629360474,3
286.1590772718181,59.260079666124284,57.2596191440887,3
286.17907860524036,61.14315358868355,59.27402530914906,3
286.1990799386626,62.969180650505734,61.61659454454914,3
286.2190812720848,65.67826537205401,62.19480180995388,3
286.239082605507,64.9905429121418,64.83422621038389,3
286.2590839389293,66.82045268513527,66.54283888564257,3
286.2790852723515,70.26893512700244,67.53983422785622,3
286.2990866057737,70.16221094870218,68.06332273218534,3
286.3190879391959,72.19493470663419,69.22968331714092,3
286.33908927261814,72.7143419065395,70.24255025082441,3
286.3590906060404,72.42542924147185,70.71240739004884,3
286.3790919394626,75.71631908654051,71.96053677483567,3
286.39909327288484,74.83875299911014,71.80629854294159,3
286.41909460630706,74.66831699870747,72.07234642988854,3
286.4390959397293,76.37928631308878,71.2157158921034,3
286.45909727315154,77.56469262755907,71.78239061873737,3
286.47909860657376,78.55156376653005,73.25477717922439,3
286.499099939996,75.0145871294032,71.41312314556895,3
286.51910127341824,76.73277846850945,70.89599828910286,3
286.53910260684046,75.84536827190921,72.34421260739947,3
286.5591039402627,77.23090564753969,70.25464790410624,3
286.5791052736849,75.43115805168765,71.20942551392727,3
286.5991066071071,75.72295360057686,68.67152720703359,3
286.6191079405294,75.04543313263194,68.45416138122809,3
286.6391092739516,74.93030827286404,68.16978301748497,3
286.6591106073738,72.58777859763448,65.02892083639694,3
286.679111940796,71.19584382018694,66.9234718564832,3
286.6991132742183,69.59055328871372,64.47190486323822,3
286.7191146076405,70.02630859909677,62.39886673916657,3
286.7391159410627,65.71461274242829,60.97760095310279,3
286.75911727448494,66.96854526560581,61.008285321117334,3
286.7791186079072,65.36252060296574,56.11067437753878,3
286.7991199413294,62.234044579044934,56.49999430564577,3
286.81912127475164,62.43927419976729,54.56017234627989,3
286.83912260817385,58.57678298010379,50.83638300675847,3
286.8591239415961,57.68876686964389,48.94432135993571,3
286.87912527501834,54.87726582104882,48.127176268079076,3
286.89912660844055,52.84321708845611,45.472946508575696,3
286.91912794186277,49.891448244693855,45.00402306327216,3
286.939129275285,47.233324964230206,40.36438394299615,3
286.95913060870726,46.90539635784483,38.87798098298397,3
286.97913194212947,43.171437584041534,35.917534671923086,3
286.9991332755517,40.76997818889079,34.38917793368255,3
287.0191346089739,40.164361361929814,33.07508901408573,3
287.0391359423962,37.19124100409663,30.134516662634667,3
287.0591372758184,34.85237280427434,28.99789592764309,3
287.0791386092406,34.48164887612129,25.853400167363816,3
287.0991399426628,30.758373052787178,22.9357257027825,3
287.1191412760851,27.004843116219863,22.3899122393574,3
287.1391426095073,27.288750826842268,20.54258022258684,3
287.1591439429295,25.706704651746687,17.501712301521728,3
287.17914527635173,23.23395548876197,14.71875699479704,3
287.19914660977395,22.48167398324512,15.50954157647953,3
287.2191479431962,20.112449819373957,13.880930900352793,3
287.23914927661843,18.44782606567141,9.449280402008235,3
287.25915061004065,15.855170623902922,11.124827939962211,3
287.27915194346286,13.285706138630589,10.963956394867319,3
287.29915327688514,16.239390989620784,8.873988698622831,3
287.31915461030735,12.918736714924771,7.909392814038283,3
287.33915594372957,9.99194333504844,6.092928194317484,3
287.3591572771518,9.706770736420017,4.35062150351504,3
287.37915861057405,9.787534437195273,4.591492446498739,3
287.39915994399627,7.529841237641822,5.4005154002857125,3
287.4191612774185,8.006655945585832,3.6366758939152652,3
287.4391626108407,7.059798840979219,3.864476662711679,3
287.45916394426297,8.679098051170199,3.038206646552568,3
287.4791652776852,7.898493114845084,1.994088097664188,3
287.4991666111074,6.148920986257302,2.5043941651321093,3
287.5191679445296,7.018281364249745,3.794313421524359,3
287.5391692779518,6.842316489147299,4.775178603122904,3
287.5591706113741,9.778254595596078,5.564559963701775,3
287.5791719447963,7.752581095759762,4.8406345136192765,3
287.59917327821853,8.785634723406977,5.675065892436098,3
287.61917461164074,9.527362247949414,7.163117413694832,3
287.639175945063,10.956276751122328,8.583192944694755,3
287.65917727848523,9.80343227381029,9.004875924849262,3
287.67917861190745,11.070864255930779,11.508620967234773,3
287.69917994532966,13.81729315174528,11.517091635513077,3
287.71918127875193,13.7513142495487,13.42462454611455,3
287.73918261217415,15.14825730432472,14.288551817610337,3
287.75918394559636,18.788027153160566,16.898271967904517,3
287.7791852790186,18.907237013643677,18.97869850091989,3
287.7991866124408,21.092201883456234,21.398948870500487,3
287.81918794586306,23.783480489762162,20.503604594637636,3
287.8391892792853,26.396222418536805,25.18767518016889,3
287.8591906127075,26.018353111106617,27.10241512361169,3
287.8791919461297,28.247896120508454,27.784840117754133,3
287.899193279552,32.373029890934525,29.41998065130682,3
287.9191946129742,34.04521482009648,32.12072186757455,3
287.9391959463964,35.178254729233245,33.3645636859466,3
287.9591972798186,37.135374071399546,35.92105282455968,3
287.9791986132409,38.321045521013225,38.757809851086435,3
287.9991999466631,41.81394973972129,42.870252273670125,3
288.0192012800853,44.87864925876818,42.664947749831796,3
288.03920261350754,44.72268816872097,46.13395530610861,3
288.0592039469298,49.5228472900369,46.875126423859,3
288.079205280352,48.744435699102006,51.57877242250867,3
288.09920661377424,53.577084419704896,51.827162957356215,3
288.11920794719646,55.003184782549276,53.490047492570554,3
288.1392092806187,57.61480754520267,55.107461896272795,3
288.15921061404094,59.82995420328323,57.272935445440815,3
288.17921194746316,59.6392816735795,59.812841006230514,3
288.1992132808854,64.72368218908406,61.28179223432908,3
288.2192146143076,61.32154698505867,62.09233794268443,3
288.23921594772986,66.32908828354293,64.46278382944728,3
288.2592172811521,67.77825779213713,66.79985231673301,3
288.2792186145743,67.98727789850342,65.81860279205789,3
288.2992199479965,71.63029489816293,70.46728755577352,3
288.3192212814188,72.79366442734126,68.40928582885361,3
288.339222614841,74.2716389651566,69.29261206937758,3
288.3592239482632,75.12079945516028,71.47959202726895,3
288.3792252816854,75.7006345946787,70.63082339482884,3
288.39922661510764,74.93379379402727,71.16030650875807,3
288.4192279485299,76.7934218170606,74.86940186987475,3
288.4392292819521,77.65655091494698,74.78606158636634,3
288.45923061537434,76.10358364425647,72.78187673737351,3
288.47923194879655,76.43984378194104,73.59231363864002,3
288.4992332822188,76.70436255734401,72.35734745342728,3
288.51923461564104,78.53363165229798,71.88054004642511,3
288.53923594906325,76.07655479914197,73.1312076862747,3
288.55923728248547,76.31795409407087,71.06130902734856,3
288.57923861590774,75.47054348977397,71.6889408873431,3
288.59923994932996,76.83837525635182,69.4921383393649,3
288.61924128275217,74.25769620135691,69.35967492854422,3
288.6392426161744,74.36096883502589,69.99117743979707,3
288.65924394959666,71.00406406729428,65.8307148238632,3
288.6792452830189,72.59022675353718,65.67898002488516,3
288.6992466164411,70.50105289173801,63.20972116503057,3
288.7192479498633,68.2762248415875,63.379278172896484,3
288.7392492832855,67.96659801045399,61.34658013595997,3
288.7592506167078,64.99607810929086,60.00441939740415,3
288.77925195013,64.7758585351178,56.96277548406865,3
288.7992532835522,63.337804873017035,55.41456224891193,3
288.81925461697443,61.39270511354971,53.082329862126315,3
288.8392559503967,61.61705996857218,51.50397739002178,3
288.8592572838189,57.31057601689281,50.74894709234466,3
288.87925861724113,54.809722675259046,48.940199730330974,3
288.89925995066335,52.207723318845346,44.64004047778598,3
288.9192612840856,50.56439866382716,43.241479411971035,3
288.93926261750784,46.58287212925888,40.87553661841232,3
288.95926395093005,46.749157094158555,37.54205355865958,3
288.97926528435227,43.47300108058101,36.264811970790944,3
288.9992666177745,40.835286737248765,33.57476523968698,3
289.01926795119675,37.88485607507029,30.948401410267277,3
289.03926928461897,37.4753069883049,29.28968842856323,3
289.0592706180412,34.968920448445274,28.016354332283097,3
289.0792719514634,33.86914487393752,26.521705139144412,3
289.09927328488567,31.042070118064935,23.11667260207448,3
289.1192746183079,30.015414940189334,21.068580398081195,3
289.1392759517301,25.405148089280797,20.55937358917799,3
289.1592772851523,24.45189298727318,17.662847781774488,3
289.1792786185746,22.718891936644333,15.058505991606403,3
289.1992799519968,21.37839303787935,13.87066124319482,3
289.219281285419,20.429965504884247,13.791279162750397,3
289.23928261884123,19.046804131489253,11.199302604742446,3
289.2592839522635,17.206050260733054,9.62463047165455,3
289.2792852856857,15.32702237551337,8.263359694553904,3
289.29928661910793,11.572076310946118,8.777758133399747,3
289.31928795253015,12.50125915443616,6.087900505530382,3
289.33928928595236,11.64682707036832,4.162569528043566,3
289.35929061937463,8.500370839424086,5.337029434502995,3
289.37929195279685,10.321688893306325,5.0956657160877095,3
289.39929328621906,8.703628406873207,4.589588359439774,3
289.4192946196413,8.080876765300602,2.8492287040747604,3
289.43929595306355,6.930253382668529,2.0596641561140494,3
289.45929728648576,7.170581174355561,2.983636553610788,3
289.479298619908,5.807583560455469,2.0529482201082447,3
289.4992999533302,4.217240894584112,2.673165828314946,3
289.51930128675247,4.3140635860721925,3.382912386204001,3
289.5393026201747,8.16329045541726,2.639321498721828,3
289.5593039535969,7.849035419698071,3.230069280372904,3
289.5793052870191,7.769900428375416,6.61282696294694,3
289.5993066204413,6.2443669278256575,4.6693334914288585,3
289.6193079538636,9.90675806544689,6.510498708499637,3
289.6393092872858,9.291756486690915,8.448941284907278,3
289.659310620708,10.269582983917953,8.039074307614849,3
289.67931195413024,12.678258086104435,8.022494206335455,3
289.6993132875525,14.049261641739285,12.058405696941048,3
289.7193146209747,13.04154374689153,12.847332308409966,3
289.73931595439694,19.764613710889734,14.183022340108373,3
289.75931728781916,17.794285798174116,17.044744650928795,3
289.77931862124143,21.03475019120656,16.638599947187185,3
289.79931995466364,19.64280850241988,19.266593495643264,3
289.81932128808586,23.603912810003806,20.531468220142624,3
289.8393226215081,25.314539522127998,24.16671026373879,3
289.85932395493035,27.501813272761716,24.766406900934243,3
289.87932528835256,30.121139812140996,28.273499863030914,3
289.8993266217748,31.636254324519985,33.94480035531784,3
289.919327955197,31.37453520687131,31.968310652616317,3
289.9393292886192,34.126068877247874,34.54432529606318,3
289.9593306220415,36.900191720025646,38.48371099125673,3
289.9793319554637,38.31682817864751,39.280440662582095,3
289.9993332888859,41.107351954421695,42.556282775881364,3
290.0193346223081,44.30627463107253,42.9065331340996,3
290.0393359557304,45.28467134081278,45.901030670228415,3
290.0593372891526,47.43452016374291,47.963613944569914,3
290.0793386225748,50.771421476437425,49.037818521823255,3
290.09933995599704,54.41566356527938,52.80585650213084,3
290.1193412894193,53.55246477225678,53.12899482031515,3
290.1393426228415,55.16588363455938,55.68624865052417,3
290.15934395626374,57.31573961435002,57.696338005806446,3
290.17934528968595,60.186608613973256,58.87844912585747,3
290.19934662310817,61.70118489519501,60.886748675787416,3
290.21934795653044,65.05841739043309,62.39853796721933,3
290.23934928995266,64.88744755449441,61.509831790551274,3
290.25935062337487,67.3930136625438,64.6682237105024,3
290.2793519567971,68.43075199482331,67.93233768360956,3
290.29935329021936,69.81828799669013,69.18588959428898,3
290.3193546236416,72.08487947683278,68.80721290522781,3
290.3393559570638,71.33441148273965,70.87619720017187,3
290.359357290486,73.40913569252487,72.6719269315583,3
290.3793586239083,74.91790144633548,71.94818795673606,3
290.3993599573305,73.09129766603232,72.38273391488886,3
290.4193612907527,76.23119847657965,71.42717572508397,3
290.4393626241749,76.05920930528652,72.74539026692266,3
290.4593639575972,77.37441246711322,72.57385779120928,3
290.4793652910194,76.00187943242408,73.1600302397731,3
290.4993666244416,76.92790798318008,72.06114010505844,3
290.51936795786384,75.35542617007496,72.9955123438404,3
290.53936929128605,75.9850769406148,72.27398827728611,3
290.5593706247083,76.11877344444173,72.37457632789268,3
290.57937195813054,74.30728533730576,71.90783345429688,3
290.59937329155275,75.31752311208399,72.0192028589321,3
290.61937462497497,73.89534232137282,68.24725860218155,3
290.63937595839724,73.21806643307777,68.09328982423916,3
290.65937729181945,74.52307428340723,67.13059302851218,3
290.67937862524167,71.06047510594327,66.57022436714345,3
290.6993799586639,68.80152538289644,63.24782768569057,3
290.71938129208615,70.1180838494309,61.88701651873265,3
290.73938262550837,68.26138926053355,61.304993925184895,3
290.7593839589306,65.74089176928885,59.06545103805313,3
290.7793852923528,63.46083730292249,56.588490556991275,3
290.799386625775,63.487388076750264,54.73287318388399,3
290.8193879591973,59.690770051364545,52.277839901105665,3
290.8393892926195,59.166567841500154,50.69557627684631,3
290.8593906260417,58.1266534747042,50.12910508065195,3
290.87939195946393,56.591793673571935,47.00661392927298,3
290.8993932928862,53.20752919360595,45.18611725549168,3
290.9193946263084,51.60656701254788,42.89166522143519,3
290.93939595973063,48.948182285067595,41.752890211564036,3
290.95939729315285,46.76206271338081,38.072062422033405,3
290.9793986265751,44.13184754104486,35.1547048274797,3
290.99939995999733,43.161413467297116,33.47678503122407,3
291.01940129341955,40.25716146910407,31.908439390387674,3
291.03940262684176,36.84945354461634,30.478994212150358,3
291.05940396026404,35.81823486956311,27.51369443261379,3
291.07940529368625,33.28029860255232,26.879530965313336,3
291.09940662710846,30.398318263338634,24.13113657588104,3
291.1194079605307,29.405524887815652,21.378768257114675,3
291.1394092939529,25.83855641071064,20.37658431445068,3
291.15941062737517,24.353219803360957,17.983963801743986,3
291.1794119607974,24.381824202634796,15.327110692718817,3
291.1994132942196,21.050232687731175,17.27358779827411,3
291.2194146276418,19.910546911808428,13.381684880380842,3
291.2394159610641,18.007326155808965,12.185467971771732,3
291.2594172944863,18.549790968323002,11.14310708242898,3
291.2794186279085,14.233632791124146,10.042419803396733,3
291.2994199613307,14.126749732969982,5.2495370135265045,3
291.319421294753,12.577388032149507,6.320733259109966,3
291.3394226281752,12.064734987618042,5.833631840332714,3
291.35942396159743,12.315933162162588,4.965885315315202,3
291.37942529501964,11.139462046398439,3.636679337487068,3
291.39942662844186,8.93130996656526,3.773964419943537,3
291.41942796186413,8.42530283517328,2.6686511093692555,3
291.43942929528635,7.202927927679843,3.7998123179933025,3
291.45943062870856,6.3033932840726745,3.6921983013112234,3
291.4794319621308,6.21354627943083,4.392272994403916,3
291.49943329555305,7.2095036825153205,1.8429279441877215,3
291.51943462897526,8.435698373289751,4.503540950329199,3
291.5394359623975,6.390482086457262,2.87221703857042,3
291.5594372958197,7.723257280407568,4.314563082606517,3
291.57943862924196,9.848910536998982,4.454875592854164,3
291.5994399626642,7.234661656172289,6.526516438781174,3
291.6194412960864,9.619767330333719,5.761461327591938,3
291.6394426295086,11.096086814241096,8.030654259599453,3
291.6594439629309,12.132042560567463,7.767027915854676,3
291.6794452963531,10.432691119272665,9.63655858083167,3
291.6994466297753,13.638325467438758,11.608946619529586,3
291.7194479631975,16.142551898121706,13.21644467746558,3
291.73944929661974,18.27533585239012,15.058274714113812,3
291.759450630042,17.04434307162609,17.119111906565244,3
291.7794519634642,20.20509579754824,20.006112710185594,3
291.79945329688644,21.220541161624773,21.031085888205062,3
291.81945463030866,23.486949172862417,22.583760916071498,3
291.8394559637309,25.316260741810133,23.635113914552242,3
291.85945729715314,26.80373658634179,27.051995963912624,3
291.87945863057536,30.04680349645667,29.02304188851427,3
291.8994599639976,31.15002838015064,31.416454080128762,3
291.91946129741984,33.56747019971926,31.586531935368207,3
291.93946263084206,37.0796132576392,34.71287371118718,3
291.9594639642643,35.448333146253674,36.237760736159245,3
291.9794652976865,41.75940536792844,38.26631879662332,3
291.9994666311087,41.36127473650553,40.222252357486255,3
292.019467964531,43.39095612126074,43.473752741734344,3
292.0394692979532,45.243307856714466,45.102055107110246,3
292.0594706313754,49.46983723881362,47.710278002566106,3
292.0794719647976,50.09544383172113,49.3608247363564,3
292.0994732982199,52.141213078966,51.66999523521714,3
292.1194746316421,54.39431899855552,53.92012561407315,3
292.1394759650643,55.656491592516595,57.011383709279464,3
292.15947729848654,58.045489334530885,57.59377237940362,3
292.1794786319088,60.33895795177646,58.52605004617924,3
292.199479965331,62.36134327337449,58.91668212243542,3
292.21948129875324,62.997675840923925,61.93541177499963,3
292.23948263217545,64.7195952539802,64.43946608514443,3
292.2594839655977,68.06422576830761,64.17321768684431,3
292.27948529901994,68.20907544771592,66.30954657923974,3
292.29948663244215,70.8821727239821,65.62595879445215,3
292.31948796586437,70.50482017032826,68.83147866710897,3
292.3394892992866,72.12470787985887,69.59259236735033,3
292.35949063270886,71.81058816685108,72.21331488031132,3
292.37949196613107,75.99240051268127,70.23061026196419,3
292.3994932995533,73.79661359733515,71.44449227063471,3
292.4194946329755,75.55339303632167,72.34928299462462,3
292.43949596639777,77.66750455595256,74.6077470858521,3
292.45949729982,76.6760777329167,71.74416768537309,3
292.4794986332422,77.66503035361296,72.86189800934089,3
292.4994999666644,76.32701230386148,71.27583197029985,3
292.5195013000867,76.20470658912596,73.08162811488883,3
292.5395026335089,77.71455445306925,72.62708921974253,3
292.5595039669311,75.2698237066247,70.18793933684542,3
292.57950530035333,76.31899598371353,70.17365604196257,3
292.59950663377555,75.96689800644535,67.78395097063735,3
292.6195079671978,74.57462315085877,69.43359638179942,3
292.63950930062003,73.41610939970047,69.02904307034885,3
292.65951063404225,72.8010058184934,66.26937642128937,3
292.67951196746446,71.7371750610182,65.26174098875482,3
292.69951330088674,70.917867428135,64.79927036224613,3
292.71951463430895,70.118481286903,62.44564753068961,3
292.73951596773117,68.71060587338486,59.38217204970821,3
292.7595173011534,65.92659008436871,59.29139013414173,3
292.77951863457565,63.704872391754854,57.87567819655894,3
292.79951996799787,62.22312862658651,56.4181965980378,3
292.8195213014201,60.58570785564283,55.25641960902113,3
292.8395226348423,58.04469065101245,51.61703618323662,3
292.85952396826457,57.881898988746514,49.59020681250542,3
292.8795253016868,54.723566640468626,48.14715289343576,3
292.899526635109,51.9319964642678,44.89783472633531,3
292.9195279685312,50.809651752081926,42.96644705794118,3
292.9395293019534,49.313617059892266,40.93540640356843,3
292.9595306353757,47.69102455905942,37.7830368787984,3
292.9795319687979,45.32596456180784,37.051626022920765,3
292.99953330222013,44.052456561796895,34.80806799356369,3
293.01953463564234,40.62597773733735,33.65639677382597,3
293.0395359690646,38.65198291418927,31.090942905532415,3
293.05953730248683,35.717704471308615,27.440369857048907,3
293.07953863590905,33.45637852185478,25.45268826276124,3
293.09953996933126,31.51497413427889,22.68795991312448,3
293.11954130275353,29.699045338153045,22.182101180565734,3
293.13954263617575,27.137503945688152,21.51513455806808,3
293.15954396959796,24.074847624113687,17.616884833035428,3
293.1795453030202,21.65606964049936,16.972738280507322,3
293.1995466364424,21.900625584674664,13.155961032490827,3
293.21954796986466,19.073403024573544,11.679564563832333,3
293.2395493032869,19.02943176339999,12.445007206723838,3
293.2595506367091,16.650691806926826,10.647345408488437,3
293.2795519701313,13.39929848809879,7.136637353843796,3
293.2995533035536,14.539581273148704,6.638601515591637,3
293.3195546369758,11.152652505552565,7.433694583074559,3
293.339555970398,10.71915448747495,6.901179696689497,3
293.3595573038202,11.038142251160137,5.294813708488223,3
293.3795586372425,9.058012759676346,3.69697648256986,3
293.3995599706647,9.49382883696233,4.5868222085011645,3
293.4195613040869,8.907464905391734,3.1650239901552752,3
293.43956263750914,8.506534895281673,3.8125886539900007,3
293.4595639709314,8.388906629894565,3.6690534615788852,3
293.4795653043536,6.059089415917305,5.269329936633746,3
293.49956663777584,6.2997816888759,3.2685040207406946,3
293.51956797119806,7.1287685309552735,3.2954807890034674,3
293.5395693046203,5.9058335983713555,3.90241832546411,3
293.55957063804254,9.449737892993616,4.498267487126817,3
293.57957197146476,7.6027405276874065,3.940847036228604,3
293.599573304887,9.577022521627057,5.769206480747638,3
293.6195746383092,9.198351829783578,6.027958177529874,3
293.63957597173146,11.78044418648907,9.744038724478855,3
293.6595773051537,11.536615637973616,10.160823452984685,3
293.6795786385759,11.732920363346492,9.90399715380219,3
293.6995799719981,11.997712520269014,11.099206613066167,3
293.7195813054204,14.921459556453655,13.349069450179265,3
293.7395826388426,17.37236823781985,14.09027378073928,3
293.7595839722648,18.952761569289336,15.302928727101714,3
293.779585305687,21.650032226975856,18.377399715606153,3
293.79958663910924,21.90629463923653,19.633237758756326,3
293.8195879725315,22.967547409495115,22.57683590793662,3
293.8395893059537,24.151709601295714,24.69596273312801,3
293.85959063937594,27.908925072779518,26.7234915910944,3
293.87959197279815,29.588118811419864,27.748853529227,3
293.8995933062204,29.989802580412075,29.402876016505278,3
293.91959463964264,33.6473606425027,33.91978916484478,3
293.93959597306485,34.71605498968679,34.623551753762825,3
293.95959730648707,38.122819260763684,37.00417739733378,3
293.97959863990934,38.430861211432536,41.14605753455382,3
293.99959997333156,40.80907877820197,42.02296031387998,3
294.01960130675377,43.82298239724815,44.727763362809526,3
294.039602640176,47.406143234442204,45.562797698934894,3
294.05960397359826,49.15645727864904,48.198883420400016,3
294.0796053070205,51.323737886268056,48.59620758061322,3
294.0996066404427,53.37440886899993,52.436792214976734,3
294.1196079738649,55.54556592704213,53.11905993004183,3
294.1396093072871,57.55048574463258,56.260430373515035,3
294.1596106407094,59.51486418929066,56.789388276583296,3
294.1796119741316,59.23670343983278,59.34537539692538,3
294.1996133075538,62.50557833462683,60.13672202518521,3
294.21961464097603,63.7934122133504,63.10080882362743,3
294.2396159743983,66.3700349668655,63.62577991788796,3
294.2596173078205,67.53325333765588,65.7480421624059,3
294.27961864124273,68.45905368785623,65.82121385401595,3
294.29961997466495,70.68797395511037,68.62882625311724,3
294.3196213080872,71.13782777256635,69.54730130752168,3
294.33962264150944,72.95713218674499,69.05549282756171,3
294.35962397493165,73.77860247775465,69.49809076365294,3
294.37962530835387,75.71228867830717,69.79807778848972,3
294.3996266417761,74.44509380232314,71.96325413706738,3
294.41962797519835,73.38312096885998,73.13954478002185,3
294.43962930862057,76.95156679878824,72.43775973331611,3
294.4596306420428,75.64585701569003,73.83702176797644,3
294.479631975465,77.53161237905059,73.1862496010125,3
294.49963330888727,78.13654444448652,72.72682375799953,3
294.5196346423095,76.18173452859064,72.60898958435979,3
294.5396359757317,76.4626727531669,71.88876295533746,3
294.5596373091539,77.44678303729813,69.77640565542586,3
294.5796386425762,75.99722667170818,70.19907373803761,3
294.5996399759984,75.1476442492779,69.02304804727729,3
294.6196413094206,74.3026314132869,69.73692654210753,3
294.63964264284283,74.45508206001149,67.48898900582697,3
294.6596439762651,72.256181393483,67.62339348361277,3
294.6796453096873,70.96978271679244,64.89792602080726,3
294.69964664310953,71.02280869651905,65.18288690477944,3
294.71964797653175,69.11584325399537,62.60562741213233,3
294.73964930995396,68.39497789120522,61.32012783973399,3
294.75965064337623,65.33435758841065,59.36725774663581,3
294.77965197679845,65.470201093865,57.6620824300779,3
294.79965331022066,63.810252367529394,56.72422922803351,3
294.8196546436429,59.8900183801131,53.293498984348595,3
294.83965597706515,59.59058130741196,50.73897650741024,3
294.85965731048736,56.96128226483305,48.85215763392609,3
294.8796586439096,53.95035301444719,49.42237610020913,3
294.8996599773318,52.28344901372955,46.95507611940682,3
294.91966131075407,51.62756684800026,43.7153416669264,3
294.9396626441763,48.30591247601422,40.608890669692286,3
294.9596639775985,47.60183207863982,36.6252393249427,3
294.9796653110207,43.721921960529635,37.67050067434276,3
294.9996666444429,40.413542694180926,34.45565273190212,3
295.0196679778652,41.23997046468637,31.94983427035647,3
295.0396693112874,38.56629378109019,30.04875156298487,3
295.0596706447096,35.265799371523,28.900381460667916,3
295.07967197813184,32.71172365784239,25.583868651952645,3
295.0996733115541,32.78910268952806,24.71316738735962,3
295.1196746449763,30.111901322235912,20.53170832040095,3
295.13967597839854,25.927958239670946,20.36959420276762,3
295.15967731182076,25.56002150103627,21.534766507918654,3
295.17967864524303,23.45712157440716,14.272643670814038,3
295.19967997866524,21.850783468766625,15.155831426606849,3
295.21968131208746,19.795417901150486,13.526927128717697,3
295.2396826455097,17.99625778844594,10.523318718253304,3
295.25968397893195,16.919276676863866,9.169088506962526,3
295.27968531235416,14.393543367375436,11.038655774012847,3
295.2996866457764,14.63571342093376,6.404149987326412,3
295.3196879791986,11.097082473512732,5.547143719672673,3
295.3396893126208,12.583851422067056,4.900549254744656,3
295.3596906460431,10.38856112512934,5.821956371507401,3
295.3796919794653,9.317883265603962,4.410938831819845,3
295.3996933128875,7.761745232462989,2.5727438069097794,3
295.4196946463097,8.183834588164354,4.9847371984851145,3
295.439695979732,7.691853191399315,3.1246279010485227,3
295.4596973131542,8.376270435114929,4.281197344896335,3
295.4796986465764,6.665585083836926,2.706713238569554,3
295.49969997999864,6.399440983594501,1.4363441072532779,3
295.5197013134209,7.388347607860615,3.9227174226388932,3
295.5397026468431,7.641139914332313,3.412623063067567,3
295.55970398026534,6.705624754386406,4.589353086269494,3
295.57970531368755,6.896951868353857,3.136034735731002,3
295.59970664710977,11.690595227599959,6.1808514520638935,3
295.61970798053204,8.575295623055867,5.753724653285513,3
295.63970931395426,8.604554972808922,7.765223326332627,3
295.65971064737647,12.056552275919675,8.657196422484496,3
295.6797119807987,11.468028194243715,10.726970619738692,3
295.69971331422096,14.37952059448409,12.160945742291345,3
295.7197146476432,15.886191293506196,12.25203153866091,3
295.7397159810654,15.331835515462634,16.076461642798204,3
295.7597173144876,16.806609427335655,17.474243787367154,3
295.7797186479099,20.21472297178535,18.177726719894192,3
295.7997199813321,19.64728926964244,18.758280052271893,3
295.8197213147543,21.733441961011476,22.348588786552522,3
295.8397226481765,24.895331440387352,23.66667511394945,3
295.8597239815988,26.962861547540445,27.08427113982053,3
295.879725315021,28.30990676089753,26.977828746837492,3
295.8997266484432,30.873498615023067,31.714828601136702,3
295.91972798186544,33.66169838395355,31.725209483446655,3
295.93972931528765,36.042746682373355,34.341929093958775,3
295.9597306487099,37.99675366470484,36.051796038880056,3
295.97973198213214,41.27273680565577,40.77861513835565,3
295.99973331555435,42.14996757658265,41.451782290332396,3
296.01973464897657,42.932026707704935,42.12191290186274,3
296.03973598239884,45.39116028804786,46.25145782340912,3
296.05973731582105,48.828196911403694,48.760480922135926,3
296.07973864924327,50.42800383693543,49.127904546377415,3
296.0997399826655,52.56192544579744,49.543610369969855,3
296.11974131608775,52.960886535392255,52.496883658221854,3
296.13974264950997,55.693775601882905,56.56375018805537,3
296.1597439829322,56.96192585534423,57.5675545717099,3
296.1797453163544,62.14598894014197,59.527076481352395,3
296.1997466497766,61.535943287230985,60.71197934621334,3
296.2197479831989,65.8139613964399,62.66268758834699,3
296.2397493166211,66.19152204352739,65.67730217130496,3
296.2597506500433,67.67825084356329,64.79559872588021,3
296.27975198346553,68.65019451248251,66.23483034155787,3
296.2997533168878,70.054813721674,69.09630513690122,3
296.31975465031,70.38943668183121,71.49796423182377,3
296.33975598373223,72.02054553913109,70.27470793260359,3
296.35975731715445,72.89661344645101,71.69354089257936,3
296.3797586505767,74.54386201817915,72.45282506098665,3
296.39975998399893,76.60541574135448,72.03408916524114,3
296.41976131742115,76.1011464377592,73.49068046264858,3
296.43976265084336,75.2917734637248,71.92436612270242,3
296.45976398426563,76.94406055626919,72.4144801243416,3
296.47976531768785,77.1155097294662,73.52847129855164,3
296.49976665111006,77.68340695664224,71.11882311012894,3
296.5197679845323,77.9738975548987,72.47074884627565,3
296.5397693179545,78.27540932844283,70.56707633969978,3
296.55977065137677,75.75337524134214,73.07744436935404,3
296.579771984799,74.22376046273057,70.95803059877359,3
296.5997733182212,74.77551732193885,72.21079038969047,3
296.6197746516434,75.58147060681473,69.2770335398007,3
296.6397759850657,76.07580283746582,68.54250267707486,3
296.6597773184879,71.84204776947648,66.09082004895731,3
296.6797786519101,73.14015628137174,67.11594593151077,3
296.6997799853323,70.44345959852284,63.43670698241298,3
296.7197813187546,67.93843688825436,62.87096970186748,3
296.7397826521768,67.49839720427408,61.70163680731665,3
296.75978398559903,64.54076355956666,59.276221346290335,3
296.77978531902124,63.82527891819192,56.65198779728624,3
296.79978665244346,61.174774782897344,54.89728395336086,3
296.81978798586573,61.24679190101044,53.1025516574064,3
296.83978931928795,57.27883306173665,51.57746749767523,3
296.85979065271016,57.48285619789219,47.42511161872527,3
296.8797919861324,54.483945677796044,47.03437765593218,3
296.89979331955465,53.45576250803181,43.53908485107561,3
296.91979465297686,50.5415274043368,43.69645010154566,3
296.9397959863991,49.08070110584036,40.22862072073886,3
296.9597973198213,44.94518716488636,40.15476904268861,3
296.97979865324356,44.11529990352659,36.706384558685656,3
296.9997999866658,42.552523948870636,34.841565843102664,3
297.019801320088,39.03980277112272,30.792685379903464,3
297.0398026535102,37.19201968321951,30.271565529239822,3
297.0598039869325,33.65286563163334,29.79822078780412,3
297.0798053203547,35.6061398241089,24.510140011818205,3
297.0998066537769,32.35350863470769,22.604015198002607,3
297.1198079871991,30.06203829993601,20.024495601564244,3
297.13980932062134,28.852029687182995,20.484802925662787,3
297.1598106540436,24.087013634743368,17.565986658968257,3
297.1798119874658,22.86426938426563,16.140602967473992,3
297.19981332088804,22.298293001794573,13.686379408504171,3
297.21981465431026,18.91088859033587,13.229741332874692,3
297.2398159877325,18.202417100346842,9.823814713628202,3
297.25981732115474,15.652853371530213,9.819477291138353,3
297.27981865457696,15.774432411451086,8.988447672764979,3
297.2998199879992,14.719266259841671,8.018982366251908,3
297.31982132142144,12.556780440479534,6.834781535234511,3
297.33982265484366,9.78423751291161,4.803717630093355,3
297.3598239882659,10.442949458176713,4.604293816862399,3
297.3798253216881,10.013082990866208,2.6754439515459447,3
297.3998266551103,10.030436477779524,5.587925187195239,3
297.4198279885326,6.671930792159402,1.3104129456307123,3
297.4398293219548,7.109406655151947,3.037519454327121,3
297.459830655377,8.593589958202328,2.1901480973269116,3
297.4798319887992,5.410772111801549,1.9859230910121446,3
297.4998333222215,7.7779891712836555,4.030524796816737,3
297.5198346556437,5.6756219723261,2.0516808656438865,3
297.5398359890659,6.846178089769971,3.3673630611277927,3
297.55983732248814,7.3239946331990895,4.790786017479101,3
297.5798386559104,8.206383639643494,4.015787394065627,3
297.5998399893326,10.079094988892457,5.186438362656465,3
297.61984132275484,10.168099390543947,4.7918009920560705,3
297.63984265617705,9.584024548126665,8.154991165959606,3
297.6598439895993,10.549248406366267,7.197886234498515,3
297.67984532302154,12.26096118411772,10.176821059209292,3
297.69984665644375,12.873160312666734,10.775624992652473,3
297.71984798986597,13.419020089091179,13.46727310329074,3
297.7398493232882,18.585010220709528,14.352841122048051,3
297.75985065671046,17.1141952746692,16.10709535097032,3
297.77985199013267,19.17146580808076,18.067136053942814,3
297.7998533235549,20.304391220925154,20.258939216140444,3
297.8198546569771,23.443833900897594,23.16358734309153,3
297.83985599039937,24.38944391740336,24.280473289226652,3
297.8598573238216,26.092032166648075,26.19758151359812,3
297.8798586572438,28.559022504478502,28.581288925247765,3
297.899859990666,30.195628138448164,30.23377019622861,3
297.9198613240883,33.15654262816369,30.29225099143776,3
297.9398626575105,35.09059218566257,34.78105605904015,3
297.9598639909327,37.496987604236296,35.50449530481504,3
297.97986532435493,38.282805422752794,38.55766409267385,3
297.99986665777715,41.08164006919207,41.42791985259454,3
298.0198679911994,44.9162846318411,40.74364879705476,3
298.03986932462163,46.450150584255745,45.74601199900618,3
298.05987065804385,48.775772607120814,47.96466042893591,3
298.07987199146606,51.36815833597966,51.000577405357426,3
298.09987332488834,51.430253614482226,53.00492641304448,3
298.11987465831055,56.401907261281885,52.51145546249852,3
298.13987599173277,56.40291667473384,55.37978742538217,3
298.159877325155,59.31077461682843,57.620808180842374,3
298.17987865857725,61.041556265558064,61.50952493878647,3
298.19987999199947,62.95906391077625,60.24956958134062,3
298.2198813254217,65.0709687701778,62.36019046123458,3
298.2398826588439,65.21736303801268,66.15690616968712,3
298.25988399226617,67.85317865866347,65.6380448246397,3
298.2798853256884,69.00998733349799,64.76381209365076,3
298.2998866591106,69.62489903637645,68.1686708172776,3
298.3198879925328,71.92119758750981,68.73827262110505,3
298.339889325955,71.29548880314557,68.81455762859716,3
298.3598906593773,74.88749379504365,71.43214369131533,3
298.3798919927995,73.45466692945158,70.03257501616893,3
298.39989332622173,74.29455409514796,71.76487121287977,3
298.41989465964394,76.67842183321113,73.30615174625326,3
298.4398959930662,74.98728599062292,71.2130562571064,3
298.45989732648843,76.13242715447443,72.51214769376502,3
298.47989865991065,76.96953537349643,71.09461093688101,3
298.49989999333286,77.35720930961322,72.43766142184523,3
298.51990132675513,75.73951807910709,72.4162295694492,3
298.53990266017735,76.5925000679297,71.47738200423213,3
298.55990399359956,75.36233291767617,71.07897109944636,3
298.5799053270218,76.52493689325202,69.4071800613793,3
298.599906660444,75.60601945604465,70.73714926805131,3
298.61990799386626,74.98158328706889,69.17646607614947,3
298.6399093272885,74.75172035540268,66.65176030202174,3
298.6599106607107,73.68065474473475,66.42012049050675,3
298.6799119941329,70.4055225799457,65.75956932874338,3
298.6999133275552,69.91607965569061,64.34760298757757,3
298.7199146609774,70.37298409036036,63.23453071364592,3
298.7399159943996,67.08736111257033,58.97371810149054,3
298.7599173278218,66.01563522592053,59.42080674441505,3
298.7799186612441,65.4216634611995,58.38995609046321,3
298.7999199946663,63.28745642678485,54.24202329263979,3
298.8199213280885,60.86474585747248,52.07941131710793,3
298.83992266151074,57.8062228354588,52.54229742944513,3
298.859923994933,57.88898052987537,50.184780748418696,3
298.8799253283552,53.136402804044835,46.99367749772303,3
298.89992666177744,51.58604816096722,47.03627716903596,3
298.91992799519966,50.518410347307885,43.89261321108281,3
298.9399293286219,47.57399556286367,41.45841513842085,3
298.95993066204414,45.13555345778331,39.213441554904776,3
298.97993199546636,43.10946983320157,35.62915252682075,3
298.9999333288886,41.70506149506409,31.83343100904156,3
299.0199346623108,39.485323356432325,30.232897717295778,3
299.03993599573306,36.588482532792106,30.43242330085896,3
299.0599373291553,37.43637625936664,27.790204030077714,3
299.0799386625775,33.23276879723695,25.682105121905128,3
299.0999399959997,30.554309412020782,23.64628405279159,3
299.119941329422,29.276094133645987,22.133579236264712,3
299.1399426628442,26.423365700477145,19.741689917914453,3
299.1599439962664,24.31916431518077,17.806211582000703,3
299.1799453296886,22.90817578077685,16.20778351844965,3
299.19994666311084,22.246890723139693,14.342385297580323,3
299.2199479965331,18.768384309016987,14.420975067150701,3
299.2399493299553,17.977262495421435,11.057921496541308,3
299.25995066337754,16.734504881583227,9.968214972671502,3
299.27995199679975,14.910107909765323,8.498232049975686,3
299.299953330222,13.515680996674496,9.221982577625637,3
299.31995466364424,11.929943706138408,6.258214754217089,3
299.33995599706645,11.08365525627509,6.531886009670357,3
299.35995733048867,10.918958231358802,5.805907316887376,3
299.37995866391094,9.799320805218835,3.7965294522345485,3
299.39995999733316,8.576835446121262,4.247380452529758,3
299.41996133075537,6.137399954701616,2.7695519016618326,3
299.4399626641776,6.489697317907563,4.0264845851808415,3
299.45996399759986,7.927180300286908,1.3826230130355381,3
299.4799653310221,7.442070576690501,2.069075381964801,3
299.4999666644443,7.042418017834766,0.5876657346557494,3
299.5199679978665,7.404284095681464,3.3884730551956297,3
299.5399693312887,6.822783755478898,2.676843616699616,3
299.559970664711,7.8055022510522285,4.77753435472108,3
299.5799719981332,6.793338224848898,5.20823461668992,3
299.5999733315554,9.148195484542155,5.543288677376613,3
299.61997466497763,11.384094761840618,6.283691358494218,3
299.6399759983999,8.195495612675519,8.074444704276802,3
299.6599773318221,10.180458235873585,8.437401949922535,3
299.67997866524433,14.00031081075699,9.430126876196752,3
299.69997999866655,14.570992976021607,12.058402249920217,3
299.7199813320888,14.447721941327082,12.837080399611478,3
299.73998266551104,16.455085374024453,16.043509349696272,3
299.75998399893325,19.53882633071243,15.437440313087514,3
299.77998533235547,20.649273444097577,18.40922704062764,3
299.7999866657777,23.53758621236109,19.984604201853088,3
299.81998799919995,25.039953365438155,22.51141530049847,3
299.83998933262217,23.26583748821652,23.497611895782647,3
299.8599906660444,27.693977210072237,27.188749522943848,3
299.8799919994666,30.22100804145347,30.593487385293724,3
299.89999333288887,30.44347170203497,29.43180119844348,3
299.9199946663111,34.305299720875375,32.17957819688619,3
299.9399959997333,35.998955718547975,37.21031482833764,3
299.9599973331555,36.11618476418613,36.569984958649634,3
299.9799986665778,40.18514059176037,37.780750253945584,3
300.0,41.249338872769954,42.75330141403614,3
