时间戳,压力传感器1,压力传感器2,True_Label
0.0,42.55604907209734,42.45111491234241,1
0.020001333422228148,40.01595734556013,42.203298946864116,1
0.040002666844456296,44.719809482604305,45.82483013623977,1
0.06000400026668444,45.81320296135055,48.917158028896644,1
0.08000533368891259,49.705164906665786,45.68955742867368,1
0.10000666711114074,49.60656293838117,46.28646501428373,1
0.12000800053336888,51.32475050586549,53.11708689363,1
0.14000933395559703,62.54528619639115,49.00354693301078,1
0.16001066737782518,56.748864872367605,54.15953913124228,1
0.18001200080005333,53.170648278040375,47.14891389622433,1
0.20001333422228149,57.97933414242863,53.70458067987879,1
0.22001466764450964,58.98476651478593,55.04954613129286,1
0.24001600106673776,58.900273496348206,52.287884876154415,1
0.2600173344889659,60.455937280471765,54.037699267398565,1
0.28001866791119406,54.282793625569454,57.05113720040749,1
0.3000200013334222,56.721184846857675,55.80340098989012,1
0.32002133475565037,64.54584529651994,61.518233343428136,1
0.3400226681778785,54.78085109540385,57.72581089820914,1
0.36002400160010667,64.41113344100134,63.18608371641664,1
0.3800253350223348,65.02097763716064,57.953985157984434,1
0.40002666844456297,57.91366338167432,65.48529456040825,1
0.4200280018667911,61.003399060032066,62.547870633329296,1
0.4400293352890193,63.437046611504186,60.26434009813634,1
0.4600306687112474,61.0243990136445,59.128284943166754,1
0.4800320021334755,65.31757435314685,59.79027026306581,1
0.5000333355557037,63.5081445058831,61.916421337822804,1
0.5200346689779318,63.650052279640136,59.3743379689724,1
0.54003600240016,63.57574860897077,57.50915532554836,1
0.5600373358223881,62.36886329618442,61.641113231987674,1
0.5800386692446163,61.1126038369403,62.39860154396446,1
0.6000400026668444,71.72457919562666,57.970752176827844,1
0.6200413360890726,61.644603618466085,52.92613940344577,1
0.6400426695113007,57.55271098156352,58.01432436729606,1
0.6600440029335288,59.4758435490495,55.09891471970571,1
0.680045336355757,61.55263757435012,55.73745855162848,1
0.7000466697779851,58.79230679647961,58.91586771886645,1
0.7200480032002133,58.06509584072866,45.31738260927474,1
0.7400493366224414,63.853645529030715,45.36377570465564,1
0.7600506700446696,55.419058804450415,48.22119507962824,1
0.7800520034668977,57.006124697462674,48.67641619049194,1
0.8000533368891259,55.54175259986992,48.19778685419933,1
0.820054670311354,51.63745057506122,44.71206837811769,1
0.8400560037335822,58.46712386104007,51.231763368960955,1
0.8600573371558103,54.89781064046175,40.00018158928894,1
0.8800586705780385,55.91478923162962,49.148653687520024,1
0.9000600040002666,53.66528887473645,39.641085487671106,1
0.9200613374224949,46.2184501761306,40.399702854994125,1
0.940062670844723,52.331380848771374,36.136412656160324,1
0.960064004266951,41.91768229188682,39.157830479186714,1
0.9800653376891793,41.936822735933134,37.30487344818277,1
1.0000666711114075,38.77799200177102,36.57534885960782,1
1.0200680045336354,48.36213875705015,31.56783574004326,1
1.0400693379558636,41.887239796370665,29.697373602646692,1
1.0600706713780919,39.617911907682995,28.524169137372116,1
1.08007200480032,30.272962388190365,29.54355936736577,1
1.100073338222548,29.046647658222582,25.13853824722264,1
1.1200746716447763,33.71966388739017,24.78186433683994,1
1.1400760050670045,29.937788667050278,28.376323016400026,1
1.1600773384892327,24.584181908739833,24.20308731601543,1
1.1800786719114607,31.658071303100755,26.53929761244501,1
1.2000800053336889,26.46602113166008,25.951982547093085,1
1.220081338755917,26.65198949951354,18.135170515859265,1
1.2400826721781453,31.784453101598206,24.422853717712293,1
1.2600840056003733,27.423799336921522,19.081013242438665,1
1.2800853390226015,27.216998370214302,20.480983441755516,1
1.3000866724448297,22.22417356942535,19.8762934827512,1
1.3200880058670577,16.41068534479622,18.308988196808052,1
1.3400893392892859,23.149241294657344,12.42826883008004,1
1.360090672711514,21.05696312529968,13.150714052710528,1
1.3800920061337423,15.40331958908713,20.52138880767098,1
1.4000933395559703,19.659185647879756,16.81517542727038,1
1.4200946729781985,21.016218279966232,10.520655539989178,1
1.4400960064004267,22.130953117944674,19.026749948115253,1
1.4600973398226549,15.140594555100254,18.666282172532483,1
1.4800986732448829,18.259661212900827,10.963813713012513,1
1.500100006667111,12.170545747453009,14.790381306206251,1
1.5201013400893393,14.357064661701994,13.12633670011948,1
1.5401026735115675,15.885144882355917,12.111918594461727,1
1.5601040069337955,19.6778548326673,10.135463023398584,1
1.5801053403560237,27.13711361684878,11.484555767452964,1
1.6001066737782519,20.42422341129416,19.828595624089765,1
1.6201080072004799,19.834432648632095,15.675984228252856,1
1.640109340622708,20.322906019501094,20.538273557432827,1
1.6601106740449363,23.51483306526364,22.753702537061777,1
1.6801120074671645,21.373720999843826,13.582234961122758,1
1.7001133408893925,21.791891278494912,22.130929276069725,1
1.7201146743116207,17.952809052692754,16.341338451500743,1
1.740116007733849,23.932197837182535,21.863931822325338,1
1.760117341156077,22.8478333646964,17.23584913256296,1
1.780118674578305,33.306210255076294,30.871843728886006,1
1.8001200080005333,23.44540373766172,27.479548315377166,1
1.8201213414227615,30.503881385624453,31.994475787583596,1
1.8401226748449897,27.72474449045562,32.47727018888575,1
1.8601240082672177,30.618924478996888,27.324586067285203,1
1.880125341689446,29.18619880314671,36.826344665442726,1
1.900126675111674,32.72784784812953,32.24171893201264,1
1.920128008533902,37.828547170589935,38.89228320080281,1
1.9401293419561303,37.69126992409578,37.57817030619537,1
1.9601306753783585,47.262452937073945,36.545879498500796,1
1.9801320088005867,46.04147203798884,36.08850105101595,1
2.000133342222815,32.20521556322136,39.69798432438397,1
2.020134675645043,43.85182469330734,43.520708581428465,1
2.040136009067271,43.200951500941414,40.28254906311501,1
2.060137342489499,41.507878191777216,51.57055259027694,1
2.0801386759117273,49.274477516093086,43.117583650609646,1
2.1001400093339555,48.46682270865756,46.410374330483066,1
2.1201413427561837,49.51539805836123,50.6356600965123,1
2.140142676178412,49.220057125743814,48.15931078367652,1
2.16014400960064,53.05145535313173,55.731389346517346,1
2.1801453430228683,47.06531759717316,52.428308937117265,1
2.200146676445096,54.327219202017275,56.59625878746394,1
2.2201480098673243,57.313550300840106,56.80130167441254,1
2.2401493432895525,62.11478352898823,55.2659633377501,1
2.2601506767117807,62.891098241231134,62.70593137694619,1
2.280152010134009,60.25150083863241,58.514453482416116,1
2.300153343556237,68.70611202622139,55.26228779446151,1
2.3201546769784653,65.47121670653941,54.75742965619753,1
2.340156010400693,61.83124851489946,61.91832561068444,1
2.3601573438229213,56.9962762077002,56.737629967830266,1
2.3801586772451495,65.11761936349255,62.83236991965659,1
2.4001600106673777,58.48409471708786,59.79728336441854,1
2.420161344089606,60.755761792533676,63.521505272910765,1
2.440162677511834,65.05380819964388,63.37834211177477,1
2.4601640109340623,68.42013688485473,60.014452772551536,1
2.4801653443562905,64.4987397527344,63.45712725397213,1
2.5001666777785183,69.14413618326921,60.80145690748101,1
2.5201680112007465,61.077763514467264,62.850404761109075,1
2.5401693446229747,69.49021238485648,59.8675951799918,1
2.560170678045203,59.07465397293036,59.77756079974788,1
2.580172011467431,68.25586678052503,65.01220147988866,1
2.6001733448896593,64.17783289909461,58.30977692498234,1
2.6201746783118876,63.161176938057636,54.918916217589036,1
2.6401760117341153,60.77867164860882,54.88529235864084,1
2.6601773451563435,62.54050636704112,58.96067348061446,1
2.6801786785785717,63.6377323606716,51.03726423981465,1
2.7001800120008,59.30815583330285,49.93103450106677,1
2.720181345423028,58.90470800565271,52.53617182413617,1
2.7401826788452563,53.875707103749164,46.71453745532643,1
2.7601840122674846,46.4890900658106,44.44236745001382,1
2.7801853456897128,51.31771299648252,47.78054150885686,1
2.8001866791119405,54.705161862276114,39.21602206050194,1
2.8201880125341687,51.24458270607121,44.93086820581984,1
2.840189345956397,49.77364062440738,45.119929798643426,1
2.860190679378625,52.41697805313259,45.65556585511495,1
2.8801920128008534,56.98235499161157,45.00321072889063,1
2.9001933462230816,51.25517200654413,49.02772863377706,1
2.9201946796453098,46.29171072173763,42.55262919432995,1
2.9401960130675375,53.209233173661744,36.02026100210993,1
2.9601973464897657,50.226712298922735,33.45862584036868,1
2.980198679911994,42.853335688887036,40.76760564889787,1
3.000200013334222,38.383425106745875,30.161165001651042,1
3.0202013467564504,38.17788424659999,31.10142545962235,1
3.0402026801786786,45.06909287744161,41.31823753919349,1
3.0602040136009068,36.769271311477716,30.696089362707543,1
3.080205347023135,37.31744202196229,28.705244815006132,1
3.1002066804453627,30.73686018934812,32.64806304593155,1
3.120208013867591,37.68468389285757,25.775487744230283,1
3.140209347289819,31.449726781314183,25.33830304819626,1
3.1602106807120474,27.15993032736147,23.66942453692331,1
3.1802120141342756,29.640691707446468,18.60401813443385,1
3.2002133475565038,24.731967195011148,25.7691832132611,1
3.220214680978732,28.02174063309943,25.888524921666978,1
3.2402160144009597,21.812236594545475,21.571370983840744,1
3.260217347823188,22.968610945874772,21.514964993038312,1
3.280218681245416,26.024197645961436,18.283597351950917,1
3.3002200146676444,21.37087013059226,15.01653672132137,1
3.3202213480898726,21.500522649339896,16.512328901302904,1
3.3402226815121008,14.6424322539989,16.983511310825214,1
3.360224014934329,19.168273517908958,13.769334241638811,1
3.380225348356557,19.197720495625386,18.082050339095574,1
3.400226681778785,19.09941376251017,14.569883191645065,1
3.420228015201013,23.05701579796537,7.770387317587414,1
3.4402293486232414,18.30592319571619,8.870438201230344,1
3.4602306820454696,23.195968680251543,10.177800435467631,1
3.480232015467698,19.33880141240241,15.556389686345163,1
3.500233348889926,23.219608786258593,13.580028211314723,1
3.520234682312154,22.84210837968825,15.770394432118215,1
3.540236015734382,16.931807238482712,19.798181450708853,1
3.56023734915661,16.485032225377836,20.992680908832394,1
3.5802386825788384,24.794896225860885,19.72197430360712,1
3.6002400160010666,18.933247599051782,16.229314392759576,1
3.620241349423295,24.978589768493528,19.124829521284767,1
3.640242682845523,18.61234482212338,19.834279803576234,1
3.660244016267751,20.7752867127818,19.09335910091165,1
3.6802453496899794,14.351623982209961,15.864042908786686,1
3.700246683112207,20.100585937044837,20.76922866340868,1
3.7202480165344354,24.225095673612067,22.76049139903407,1
3.7402493499566636,24.020144474460572,24.030011364340936,1
3.760250683378892,25.3927100983539,24.50377937507409,1
3.78025201680112,26.06307428065844,20.84539375105342,1
3.800253350223348,30.567706332909932,22.660984162107916,1
3.8202546836455764,28.984304522204276,25.510319445599134,1
3.840256017067804,32.32942339060986,35.20388531981503,1
3.8602573504900324,29.395021739588472,25.654015410396745,1
3.8802586839122606,37.830757318887,30.064269743560853,1
3.900260017334489,37.69337321267962,30.7529399740251,1
3.920261350756717,37.405198761454734,31.159505068213644,1
3.940262684178945,42.05066463520311,34.70553025389418,1
3.9602640176011734,42.3793233493404,34.37059865850583,1
3.9802653510234016,38.03711792108704,38.69803545934112,1
4.00026668444563,41.97186460656465,40.354027681218334,1
4.020268017867858,42.27377290576833,42.47379798668759,1
4.040269351290086,46.820458610796955,42.63615727148234,1
4.0602706847123144,47.79720026045854,39.24301629733389,1
4.080272018134542,45.74721424321889,42.832366820278814,1
4.10027335155677,42.63337874632994,52.88058554649877,1
4.120274684978998,46.13454001472619,52.79915532337729,1
4.140276018401226,55.3382526304157,47.160619660958616,1
4.160277351823455,53.40813485773163,58.56613932398446,1
4.180278685245683,51.8161325512487,52.42561914994999,1
4.200280018667911,61.26679571178002,60.285828696931574,1
4.220281352090139,54.19480310863392,54.69929489387831,1
4.240282685512367,61.72971034098006,58.0689972100544,1
4.260284018934596,54.63018047272396,54.697434768288474,1
4.280285352356824,60.751587202278806,59.23491592087874,1
4.300286685779052,64.9129140930159,61.40792574138464,1
4.32028801920128,60.763322572791374,56.37605166995561,1
4.3402893526235085,62.770930800665546,61.55153241359156,1
4.360290686045737,68.31089226658614,64.37404889016804,1
4.380292019467964,67.23931274933159,57.78656742420703,1
4.400293352890192,66.45262791121475,59.11535595075489,1
4.42029468631242,63.73037831229508,63.32154164038757,1
4.440296019734649,65.35394966260152,63.88874018870837,1
4.460297353156877,62.62029488590821,65.81749486346125,1
4.480298686579105,67.60724930068888,57.90951296257038,1
4.500300020001333,73.2662095454655,53.9489941702218,1
4.520301353423561,63.05730112449454,63.69416325276491,1
4.54030268684579,67.36530841455074,60.82442824508793,1
4.560304020268018,65.02743921113948,58.641985734815286,1
4.580305353690246,66.1487189565291,65.92715028411658,1
4.600306687112474,61.41305047646183,64.63307753845179,1
4.6203080205347025,64.02642546688152,55.42458215143869,1
4.640309353956931,57.845516839427496,62.12292314443256,1
4.660310687379159,59.93593157907073,54.729652447775095,1
4.680312020801386,59.8210772815922,59.380757360264134,1
4.700313354223614,60.459808606853656,50.27634702104566,1
4.720314687645843,57.89231433582426,52.86102713610819,1
4.740316021068071,60.35562271141451,53.61283675115894,1
4.760317354490299,64.21619338573723,49.89263545080016,1
4.780318687912527,61.51606966540993,49.28503716942275,1
4.800320021334755,53.39069345759222,45.26996348898423,1
4.820321354756984,51.8952615634817,47.41655935523313,1
4.840322688179212,51.49934781671735,51.66333387971309,1
4.86032402160144,46.4262550566481,45.950346503491055,1
4.880325355023668,60.884361216416465,51.69329754391079,1
4.9003266884458965,50.344275645031736,45.96807787760334,1
4.920328021868125,53.04939775354895,41.496571423273664,1
4.940329355290353,52.48812207092445,43.63327417107029,1
4.960330688712581,52.69254922134721,30.717651502532938,1
4.980332022134808,39.33376241410513,42.86441636509786,1
5.000333355557037,42.90050480227825,37.869472165769146,1
5.020334688979265,37.14641628362602,31.38834258162432,1
5.040336022401493,40.24558121518385,33.19362733116528,1
5.060337355823721,34.87726991261895,31.725339014819426,1
5.0803386892459494,42.409132788938976,32.788186179055074,1
5.100340022668178,32.496704252860965,28.55432275953305,1
5.120341356090406,32.43912767649433,23.240773024701657,1
5.140342689512634,30.311811458774894,24.107099407972918,1
5.160344022934862,23.728885335719358,19.300361052768352,1
5.1803453563570905,40.04181664873583,30.883045426620825,1
5.200346689779319,31.074239257894597,24.48133347619781,1
5.220348023201547,22.39189964826067,19.45763764430013,1
5.240349356623775,32.62689729384557,24.383040884437733,1
5.260350690046003,23.09106748770936,14.750599987900017,1
5.280352023468231,25.908204936786387,13.488496955078677,1
5.300353356890459,28.912633909612232,16.026832393409137,1
5.320354690312687,27.607412542186808,11.73025796915164,1
5.340356023734915,18.710649179228696,21.87221759183041,1
5.3603573571571435,19.637362251198763,15.931551229983583,1
5.380358690579372,24.050994144820777,10.833899253209891,1
5.4003600240016,20.605568624984347,11.244570610379531,1
5.420361357423828,21.258097418973747,15.706280252939404,1
5.440362690846056,16.356797845197583,13.639220655181038,1
5.4603640242682845,22.490367668782405,24.734875507903233,1
5.480365357690513,17.367216489419906,19.229215703268043,1
5.500366691112741,16.638237983791285,10.536167928624554,1
5.520368024534969,15.588894380741511,12.314234707219219,1
5.540369357957197,19.055645217504424,9.3313201177513,1
5.5603706913794255,21.486181968621178,10.89719575249552,1
5.580372024801653,22.416103199431152,15.499644728271676,1
5.600373358223881,24.9041894422336,18.955814239407328,1
5.620374691646109,19.53746619753803,15.603066475913103,1
5.6403760250683375,18.861432297281375,11.125931170016774,1
5.660377358490566,25.425182174576218,15.730317466165213,1
5.680378691912794,24.919476497630466,18.817601074812934,1
5.700380025335022,27.07520115862592,21.776314688756614,1
5.72038135875725,24.256710212279625,18.147387547035216,1
5.7403826921794785,27.30371147197911,24.15375135955795,1
5.760384025601707,25.93718226013816,27.380364628758173,1
5.780385359023935,25.417756814458713,23.236752233176272,1
5.800386692446163,31.086642683967714,23.153208019904923,1
5.820388025868391,31.04998012060884,29.829661104157523,1
5.8403893592906195,35.59984744264487,27.837835633068465,1
5.860390692712848,41.06934391629851,34.651714052807705,1
5.880392026135075,35.03622538382484,32.71103727083529,1
5.900393359557303,40.56144033010227,29.36267309528475,1
5.9203946929795315,30.615605975295523,40.062428696028284,1
5.94039602640176,37.338633123321806,40.585068622217165,1
5.960397359823988,37.39869200852377,36.64107339798534,1
5.980398693246216,44.214227953775534,45.182713661201824,1
6.000400026668444,37.6592972726763,38.01521525822528,1
6.0204013600906725,44.26039409478608,44.23141987168963,1
6.040402693512901,41.885703946604565,42.37352791248075,1
6.060404026935129,44.6311171616133,52.4419372696046,1
6.080405360357357,46.86046690513336,46.67320390143318,1
6.100406693779585,46.979988098919414,50.089619412113564,1
6.1204080272018135,50.382067515096836,52.41434280054918,1
6.140409360624042,50.53676084980668,54.11445042410482,1
6.16041069404627,52.2800947142569,47.115273878881844,1
6.180412027468497,56.51034923223559,54.44479897702529,1
6.2004133608907255,53.32022994663161,50.27661032881797,1
6.220414694312954,60.69560426161434,51.580451935090295,1
6.240416027735182,53.733937246157,55.84571030445661,1
6.26041736115741,58.60610863030263,51.542023717396624,1
6.280418694579638,59.526484231403074,58.17273580803694,1
6.3004200280018665,66.13790876852583,59.66906436110487,1
6.320421361424095,61.345399646322704,57.012559694957,1
6.340422694846323,62.88902407004176,65.0431311150558,1
6.360424028268551,65.78981518962459,55.745403863722956,1
6.380425361690779,60.85306500359324,63.29711117216062,1
6.4004266951130075,66.5073563856873,60.112733532844025,1
6.420428028535236,68.21336390607254,59.976638086799724,1
6.440429361957464,63.20086861638125,63.40551768827969,1
6.460430695379692,68.21320317802734,59.31328470670971,1
6.4804320288019195,67.66380782672763,62.65624924591393,1
6.500433362224148,66.49813086211374,62.604099009217784,1
6.520434695646376,69.1729683849186,63.06141523529955,1
6.540436029068604,60.72012772956208,57.54826178135223,1
6.560437362490832,65.0537454564075,55.848610602268536,1
6.5804386959130605,60.585931524216036,60.184599780466556,1
6.600440029335289,66.989759191189,57.855549246017155,1
6.620441362757517,69.756673321103,61.882329208320144,1
6.640442696179745,61.70787579535462,63.275397019926885,1
6.660444029601973,63.63234156198683,53.4485723131164,1
6.6804453630242016,61.162895656799314,60.720970683015295,1
6.70044669644643,57.95345741964129,56.06130546152499,1
6.720448029868658,55.04317493176489,54.35057573988589,1
6.740449363290886,60.118657981793106,51.44840758161772,1
6.760450696713114,61.7123883010674,50.30550379732626,1
6.780452030135342,56.70840737618533,58.001863380282565,1
6.80045336355757,56.82641033500878,49.311686144697916,1
6.820454696979798,57.16803419047654,47.2339235024164,1
6.840456030402026,51.41357311145329,41.63579155768184,1
6.8604573638242545,54.7786972542081,47.64895445802304,1
6.880458697246483,52.65350044602587,45.30225465352073,1
6.900460030668711,49.99532386769513,47.29067706795932,1
6.920461364090939,55.13844930699403,48.068496773867665,1
6.940462697513167,50.01721231522742,32.163054016063185,1
6.960464030935396,44.38339375067016,33.48468307601549,1
6.980465364357624,41.0292680587186,37.65237770721208,1
7.000466697779852,45.46632768250132,33.23065127051169,1
7.02046803120208,42.984172988491366,35.43582247724876,1
7.040469364624308,40.30830314994827,27.126523138227824,1
7.060470698046537,38.73690990051284,36.26022225816707,1
7.080472031468764,40.626491179279384,25.869627582564718,1
7.100473364890992,40.013950856081664,27.76272729296618,1
7.12047469831322,34.96534039808826,30.703163337006288,1
7.1404760317354485,32.21064543610541,30.176679500205136,1
7.160477365157677,31.690230373083487,27.80040357074531,1
7.180478698579905,29.73521287550845,27.391125643890962,1
7.200480032002133,27.739933843687275,23.683859105743604,1
7.220481365424361,31.903035772423667,24.78745122206935,1
7.24048269884659,21.960307864032316,24.606759968834407,1
7.260484032268818,22.602094176502096,14.717323605249442,1
7.280485365691046,25.355250206864998,16.859085593824236,1
7.300486699113274,25.173776015963814,18.117902026044195,1
7.320488032535502,23.223610708039935,13.36717741841723,1
7.340489365957731,21.660217650539753,15.559285835654052,1
7.360490699379959,22.604002837314205,6.672993944117772,1
7.380492032802186,27.58756808703866,14.565423352357083,1
7.400493366224414,20.484777132708707,15.135689773999994,1
7.4204946996466425,13.536712109584688,15.347878019419884,1
7.440496033068871,21.402096540476787,19.492887475708436,1
7.460497366491099,22.170675801695033,14.473312450071134,1
7.480498699913327,16.995495650416544,15.404437136781786,1
7.500500033335555,18.869478775176205,18.239341306549843,1
7.520501366757784,23.815180394704715,17.08052701059982,1
7.540502700180012,19.92145112758606,16.659330654524304,1
7.56050403360224,28.548733545797013,18.528070451532603,1
7.580505367024468,23.257125188112564,13.312767812810133,1
7.600506700446696,19.621844424863543,19.043775735517475,1
7.620508033868925,15.850818865711513,13.167072847157156,1
7.640509367291153,14.004030004229527,18.866502536825248,1
7.660510700713381,22.411324256412,15.12684514434967,1
7.680512034135608,26.839635678480587,18.88712231058124,1
7.7005133675578366,14.212988186033048,24.83651820229185,1
7.720514700980065,27.88523543679278,22.391643973176453,1
7.740516034402293,23.171901275645414,23.100976736052672,1
7.760517367824521,28.107228068754154,24.149735321486414,1
7.780518701246749,31.028505987558237,20.04862835899963,1
7.800520034668978,26.603816772551,27.43837435527545,1
7.820521368091206,31.52647257475531,26.548432596136298,1
7.840522701513434,30.127705108055018,31.47257219986328,1
7.860524034935662,22.473696450371158,33.74139905217367,1
7.88052536835789,33.018148138585204,30.57637172310559,1
7.900526701780119,32.04685267165182,34.9574056445824,1
7.920528035202347,35.434227760463415,36.89659038226948,1
7.940529368624575,36.985734027077235,40.99104696029332,1
7.960530702046803,41.84529593220773,38.159034371791336,1
7.9805320354690314,34.2115858581076,36.32291902680605,1
8.00053336889126,42.61580213116496,43.51299966749791,1
8.020534702313487,46.82277385318606,40.49355841078771,1
8.040536035735716,44.79971923441033,46.52116994118545,1
8.060537369157943,41.37215869165947,43.7825643510822,1
8.080538702580172,45.957452220568015,46.69732348530293,1
8.1005400360024,44.970989835521486,53.056718548497294,1
8.120541369424629,49.28014977062203,54.38972255921351,1
8.140542702846856,49.36567739053875,49.31841292010506,1
8.160544036269084,56.206908769463006,51.536265151400784,1
8.180545369691313,49.704727739016484,51.35241811211396,1
8.20054670311354,57.57818033829023,53.58268301011063,1
8.220548036535769,62.011482859234334,57.18926686694523,1
8.240549369957996,61.41399583177528,55.98354052431368,1
8.260550703380225,56.85052727717642,59.666984165423955,1
8.280552036802453,61.637368512271884,55.45649951909536,1
8.300553370224682,62.02757601373285,58.94170489624727,1
8.32055470364691,66.27959327006744,56.918398768558895,1
8.340556037069138,64.86309918118056,54.57271245705401,1
8.360557370491366,60.22228719140908,63.05014374676101,1
8.380558703913595,63.83079180104436,62.20098229865464,1
8.400560037335822,71.67216123761376,63.3954532509819,1
8.420561370758051,60.985571340717875,62.95744385211396,1
8.440562704180278,66.16943450963942,62.55461871628227,1
8.460564037602506,63.147574673087426,54.83287610543452,1
8.480565371024735,64.19322114588589,57.65398098179997,1
8.500566704446962,59.624688723098465,62.892248235701466,1
8.520568037869191,67.30342860577909,63.054710966712705,1
8.540569371291419,61.79603407860061,67.22794103297278,1
8.560570704713648,65.4448014323865,61.35420615661558,1
8.580572038135875,63.36925149612557,62.35314196642825,1
8.600573371558104,61.97262588977334,56.826009352413685,1
8.620574704980331,60.21254567737459,53.96624015049079,1
8.64057603840256,60.315200820704,56.03913245296837,1
8.660577371824788,59.39952893717608,58.647625066204306,1
8.680578705247017,59.52864827739931,62.53395082853778,1
8.700580038669244,57.94070078341407,53.2392633695914,1
8.720581372091473,55.289136439028276,53.30659025231839,1
8.7405827055137,52.64491339521966,52.57586985944509,1
8.760584038935928,55.49326657821341,47.6879459267648,1
8.780585372358157,56.78697191022833,48.15132830632773,1
8.800586705780384,53.86601604456653,48.17968500075073,1
8.820588039202613,52.284176412030746,45.140019363867474,1
8.84058937262484,54.154198695301375,37.55292346276071,1
8.86059070604707,54.82531538756748,41.24083180921902,1
8.880592039469297,51.054142083791234,41.65016643533346,1
8.900593372891526,48.17383786212046,44.499401784811944,1
8.920594706313754,46.76689103591811,37.562715510214595,1
8.940596039735983,49.367628932353185,40.498327886262715,1
8.96059737315821,43.20179594834946,39.7356585896718,1
8.98059870658044,48.414212423343926,33.325944026845676,1
9.000600040002666,46.69936598793283,33.51866775952589,1
9.020601373424896,37.190753609355106,30.953935467517073,1
9.040602706847123,31.17176171185354,30.03787620740886,1
9.06060404026935,40.12834597914968,27.142246544016114,1
9.08060537369158,37.038644668612605,27.83748197959139,1
9.100606707113807,40.513791846464756,34.88383101256589,1
9.120608040536036,34.30171270740528,32.90318099900498,1
9.140609373958263,29.31543210872437,26.474946330142068,1
9.160610707380492,27.45780026952083,24.008069755539232,1
9.18061204080272,29.195224255909036,22.59335686555571,1
9.200613374224949,22.874166340033128,22.38920841546622,1
9.220614707647176,27.440924461775552,25.600590674535056,1
9.240616041069405,23.72828657965984,17.3956596272529,1
9.260617374491632,29.144722398233668,16.956607216961928,1
9.280618707913861,27.168354268625,24.38358253024783,1
9.300620041336089,19.746614804080675,13.345588095621329,1
9.320621374758318,24.174693531625756,25.155985668887062,1
9.340622708180545,13.687833722297531,19.033552060288535,1
9.360624041602772,23.533286413621685,13.38019652566614,1
9.380625375025001,23.629038962488618,12.684692996675075,1
9.400626708447229,21.00783718137423,15.165646895783377,1
9.420628041869458,24.292836522277284,19.909397695828872,1
9.440629375291685,27.889035848544907,11.946827043110176,1
9.460630708713914,20.647988742514183,16.156869117404423,1
9.480632042136142,17.54126085097608,18.02640805166391,1
9.50063337555837,16.895077563355475,14.942186334016371,1
9.520634708980598,17.751191061868703,12.676655121233393,1
9.540636042402827,20.626499722466367,18.437533400231544,1
9.560637375825054,19.790953872210146,12.719833339180997,1
9.580638709247284,23.842036712919025,13.450446326997822,1
9.60064004266951,14.37058835324604,12.826049930950058,1
9.62064137609174,22.64812860744332,14.35292794688268,1
9.640642709513967,25.013896453301506,18.20636594275264,1
9.660644042936195,22.95307282731086,22.64828576315239,1
9.680645376358424,20.315345932553626,24.39290660584465,1
9.700646709780651,20.800635787035915,13.852327171263967,1
9.72064804320288,32.04887456399593,26.654552594403363,1
9.740649376625107,26.455281899074063,18.597670561188572,1
9.760650710047337,26.90125750717107,29.506270450433536,1
9.780652043469564,23.61185492016759,24.822300634543957,1
9.800653376891793,28.719606246247952,24.81685117473913,1
9.82065471031402,36.26451591668915,22.943765704416883,1
9.84065604373625,33.881058980407516,24.040883335760103,1
9.860657377158477,35.721701256581916,32.56852110168044,1
9.880658710580706,30.216769175784037,31.340619139699715,1
9.900660044002933,33.53419807047144,34.78804777856112,1
9.920661377425162,31.33218734229084,37.15095821647879,1
9.94066271084739,38.11803932085763,36.18711185199094,1
9.960664044269617,43.90863595404718,35.258515439980755,1
9.980665377691846,40.53850793446821,41.26172808151129,1
10.000666711114073,37.63230562634642,39.93280947485405,1
10.020668044536302,51.11639763710347,38.88374586436069,1
10.04066937795853,46.154208928163264,47.12068113543091,1
10.060670711380759,49.74060882706645,46.74997601492571,1
10.080672044802986,47.197506041825775,47.41089695317137,1
10.100673378225215,47.38168534824261,47.10898599646371,1
10.120674711647442,49.42699789971635,48.93740481002695,1
10.140676045069672,47.08747010086114,42.39546435763418,1
10.160677378491899,49.656953799481464,55.87717410219871,1
10.180678711914128,53.26587990704337,50.896601230140675,1
10.200680045336355,56.90643480540981,53.94541146975791,1
10.220681378758584,48.44048738481566,56.449305314013905,1
10.240682712180812,60.210849522886306,57.78166593145251,1
10.260684045603039,60.224334967702845,56.02083231033528,1
10.280685379025268,60.05673343538576,55.941200274161716,1
10.300686712447495,61.485769068817646,61.45172216104138,1
10.320688045869725,65.65388374796974,60.13675816800908,1
10.340689379291952,58.15680493133988,57.6830653371532,1
10.360690712714181,68.49852144500186,62.84096812774937,1
10.380692046136408,61.11324115335281,59.14581990288207,1
10.400693379558637,64.94027758932094,58.15865279669775,1
10.420694712980865,64.937550900816,56.943863499853634,1
10.440696046403094,68.55710093847942,54.592218528873374,1
10.460697379825321,61.9735232671252,57.800866454956534,1
10.48069871324755,60.8835255241237,59.05818258733029,1
10.500700046669778,64.29440300462731,58.52055257985364,1
10.520701380092007,65.362769549212,64.09151163241694,1
10.540702713514234,65.26041109398996,65.09353098230135,1
10.560704046936461,65.37697533539726,61.797582295174664,1
10.58070538035869,67.04647319899824,60.10597340705925,1
10.600706713780918,66.59565387463618,59.46183970121603,1
10.620708047203147,59.547155106706306,56.43805321661437,1
10.640709380625374,66.12325882901618,62.0341467971927,1
10.660710714047603,59.92728099776337,53.118635259019364,1
10.68071204746983,67.06697017450341,57.848911474805895,1
10.70071338089206,66.09936335965342,60.69759587139043,1
10.720714714314287,63.90074017595068,48.70549212489868,1
10.740716047736516,67.25232952449339,50.96377617588084,1
10.760717381158743,54.96811743481111,51.189229013729275,1
10.780718714580972,50.56392153524978,53.82548287573032,1
10.8007200480032,51.491362042763576,50.96092412362504,1
10.820721381425429,53.46948430835063,48.73779094821303,1
10.840722714847656,50.48018236621819,49.23817605472974,1
10.860724048269883,50.60887208349102,48.058948281909835,1
10.880725381692113,56.850197588555886,41.84969546174245,1
10.90072671511434,55.26587980367434,34.43072439188693,1
10.920728048536569,42.88949017035344,44.721985323590616,1
10.940729381958796,50.20702209442693,37.8514391893455,1
10.960730715381025,42.32420126734826,33.481013999824306,1
10.980732048803253,44.62300838558147,40.89239544877544,1
11.000733382225482,42.737908698598645,34.32783666165818,1
11.02073471564771,40.65876663732017,31.540341759910746,1
11.040736049069938,36.15257434425129,35.67897151342351,1
11.060737382492166,38.39523692320661,32.151606341958015,1
11.080738715914395,37.281630376980864,25.958605268052896,1
11.100740049336622,34.40566479392708,20.76762813890584,1
11.120741382758851,29.08165434493248,32.56896200411387,1
11.140742716181078,33.083200144849194,23.092458874049672,1
11.160744049603306,35.35335683365699,17.450782201548805,1
11.180745383025535,31.29929618496305,17.624922357560436,1
11.200746716447762,30.79367092914698,21.641966672063216,1
11.220748049869991,28.227284407323868,24.96423576011769,1
11.240749383292219,32.611755048301816,13.336518526512801,1
11.260750716714448,30.36043805068906,21.05634719961238,1
11.280752050136675,23.336754842490574,18.329127229796917,1
11.300753383558904,19.881226071721876,15.725637250080014,1
11.320754716981131,21.87751165499123,16.082008464440467,1
11.34075605040336,17.753103062215636,19.320723598559,1
11.360757383825588,14.899433873999175,18.496283191244586,1
11.380758717247817,21.687847793008242,10.277042701491276,1
11.400760050670044,20.735419509048942,15.790875921379161,1
11.420761384092273,22.47116008699097,18.533177025248687,1
11.4407627175145,17.828078781116634,11.708737329546837,1
11.460764050936728,19.378799945590377,12.021289291876204,1
11.480765384358957,15.561083087360718,18.34367476652964,1
11.500766717781184,19.163382989792364,16.478534658174937,1
11.520768051203413,18.98809294239694,15.325838128140685,1
11.54076938462564,19.203829928520605,15.655311361283065,1
11.56077071804787,21.083446309834912,17.705493329370928,1
11.580772051470097,16.22204630001712,13.773319268451175,1
11.600773384892326,17.836669837701045,16.910467111565893,1
11.620774718314554,20.548976291665905,18.60254532257608,1
11.640776051736783,18.78041882997745,20.82110812019933,1
11.66077738515901,17.86801271518586,22.321278532279365,1
11.680778718581239,25.029754321650685,20.11730177462238,1
11.700780052003466,25.15507580054596,16.88598746498425,1
11.720781385425695,19.38825587980142,12.5408869029118,1
11.740782718847923,25.807451233377567,17.336349312161893,1
11.76078405227015,21.92285634093777,17.82565177510365,1
11.78078538569238,20.90502647491302,25.530894043597876,1
11.800786719114607,25.233844806643212,25.745604021723782,1
11.820788052536836,27.292032210364084,24.750792057727057,1
11.840789385959063,39.915737046436604,29.082159492639608,1
11.860790719381292,30.722286381745832,29.715340880999943,1
11.88079205280352,34.3985108198653,37.17239116490357,1
11.900793386225748,35.17557996110231,33.27569144401225,1
11.920794719647976,29.508955947131533,30.602646246911167,1
11.940796053070205,50.8110523297831,37.83910817528741,1
11.960797386492432,45.71329106406186,34.81373426043529,1
11.980798719914661,43.182539831454996,44.75277863970974,1
12.000800053336889,41.39355254854106,43.84639167175949,1
12.020801386759118,46.776202927247795,36.93135889533432,1
12.040802720181345,43.948294314131736,44.2544050259965,1
12.060804053603572,41.15738799025993,44.90945055427408,1
12.080805387025801,45.85660369368011,46.891372720124224,1
12.100806720448029,49.54348744688138,45.57065701760389,1
12.120808053870258,48.707399046501315,43.59265073186042,1
12.140809387292485,53.749978371133594,50.857293716781236,1
12.160810720714714,57.15978405685569,47.65941284218599,1
12.180812054136942,54.80580962665775,53.81102903948377,1
12.20081338755917,55.40336608355299,61.79032862171774,1
12.220814720981398,58.70571899578104,57.7096678908205,1
12.240816054403627,53.8735252116696,51.784207962496644,1
12.260817387825854,63.280086890778456,50.03397355231403,1
12.280818721248083,57.439058750356274,54.98195743367201,1
12.30082005467031,62.21927971386375,63.595462259990455,1
12.32082138809254,61.36580201737951,59.71266906833632,1
12.340822721514767,58.91087409951358,53.58195077765128,1
12.360824054936995,62.171268298468426,59.1488407889701,1
12.380825388359224,65.65316421053473,61.80772985826723,1
12.400826721781451,66.42905260889339,70.61645309558675,1
12.42082805520368,61.931467879889155,68.62104768447587,1
12.440829388625907,66.15852684497902,64.86589637655077,1
12.460830722048136,71.98175000487653,60.08221900337968,1
12.480832055470364,66.29786273477374,53.10211471261905,1
12.500833388892593,69.11429778253571,58.21573834685487,1
12.52083472231482,64.12960849151402,67.69278559030342,1
12.54083605573705,66.44571294412819,55.626658930255374,1
12.560837389159277,66.51415309088011,57.31236910784979,1
12.580838722581506,65.10019129069148,56.08393762615803,1
12.600840056003733,62.47930012990934,60.125740670325534,1
12.620841389425962,60.1968840557055,55.21108865994456,1
12.64084272284819,59.6353135731022,53.39371674218235,1
12.660844056270417,60.43377447268521,64.39607439428488,1
12.680845389692646,63.33359041623917,57.905251811830105,1
12.700846723114873,57.7688441278077,56.68868692673894,1
12.720848056537102,58.650344805891116,53.62065304394341,1
12.74084938995933,59.98523103570219,48.39345000367324,1
12.760850723381559,54.12159676493009,45.39332948027655,1
12.780852056803786,59.71876283135337,52.36316457631395,1
12.800853390226015,56.720446521386755,45.35875001542926,1
12.820854723648242,56.17456863510521,45.73612555423947,1
12.840856057070472,50.13789675674851,44.70017228279777,1
12.860857390492699,48.14084217089444,41.940305234964754,1
12.880858723914928,44.92254986534273,43.875593421903744,1
12.900860057337155,55.223155078975765,44.127792383979504,1
12.920861390759384,45.33273756630544,42.87067125001888,1
12.940862724181612,50.814877046271505,41.235618505650486,1
12.960864057603839,42.430288542007396,40.4162401974092,1
12.980865391026068,42.058782718244764,40.171509171296165,1
13.000866724448295,34.697422804095744,30.029259814539436,1
13.020868057870524,53.60655685982,41.11506393367046,1
13.040869391292752,42.14256838082146,30.512724167925256,1
13.060870724714981,31.761881974020465,33.40831258098314,1
13.080872058137208,39.344983877165575,29.17338063754721,1
13.100873391559437,33.56108504838637,30.78389947969055,1
13.120874724981665,27.8743056354542,30.4163705005241,1
13.140876058403894,29.076185927918633,36.18491093451517,1
13.160877391826121,27.41782399453163,26.096852735123534,1
13.18087872524835,29.050034098542632,21.21013608085195,1
13.200880058670577,24.406872048604395,21.62262652260093,1
13.220881392092807,28.290458819629393,23.033888352311667,1
13.240882725515034,22.074791881161364,25.936176448379495,1
13.260884058937261,29.277236195788426,17.110806857804718,1
13.28088539235949,28.45800041140572,15.878590801818417,1
13.300886725781718,15.642915756275961,20.25358893772108,1
13.320888059203947,24.514988840552935,13.730120310713977,1
13.340889392626174,19.431225974111175,22.51547156976907,1
13.360890726048403,24.35247051849716,12.320420053872374,1
13.38089205947063,18.397044624446245,21.632414102150673,1
13.40089339289286,22.061756842853846,19.49965476135852,1
13.420894726315087,29.716574734073834,13.885715145586623,1
13.440896059737316,23.443594923446014,21.970284484324253,1
13.460897393159543,16.220863780368184,18.904304353650737,1
13.480898726581772,18.27613094972683,13.013757838142233,1
13.500900060004,19.35905669361789,13.704419529518738,1
13.520901393426229,21.943651915193794,12.346358119865288,1
13.540902726848456,18.39273658627481,18.37411425904823,1
13.560904060270683,22.79695463711605,18.19542595705027,1
13.580905393692912,20.33080954854116,19.29689658241296,1
13.60090672711514,13.179835414405353,16.920430344503906,1
13.620908060537369,21.07957034439605,14.612112961203213,1
13.640909393959596,22.374527962268452,17.94752492895164,1
13.660910727381825,20.58824276229292,21.279041136601904,1
13.680912060804053,23.88220927211106,19.281559462851185,1
13.700913394226282,28.01249745934584,18.594236639956552,1
13.720914727648509,17.09384227541876,24.298509736142314,1
13.740916061070738,20.0572905343983,26.340262067308604,1
13.760917394492965,31.663783417046748,32.642354827354254,1
13.780918727915195,24.436604438252147,22.728124441092856,1
13.800920061337422,28.753940623088525,25.797152581258608,1
13.820921394759651,26.635079989297118,31.048308787615696,1
13.840922728181878,31.84295209116988,27.00075689124066,1
13.860924061604106,31.696112397973717,32.73537296314816,1
13.880925395026335,32.35494453986527,27.10723993806189,1
13.900926728448562,34.9476636419603,33.436280333576846,1
13.920928061870791,30.063453526179124,31.800860029324802,1
13.940929395293018,37.44437462276024,37.218824701783085,1
13.960930728715248,37.79807562665363,38.38093265545855,1
13.980932062137475,47.438001462526564,33.19081462204563,1
14.000933395559704,39.244650934561236,44.06853305336744,1
14.020934728981931,42.278903541944004,44.485766408189164,1
14.04093606240416,44.534720061132234,40.58565206483431,1
14.060937395826388,43.59281489196786,47.13805385969409,1
14.080938729248617,51.09316038142357,43.63246118803787,1
14.100940062670844,51.080075555728484,41.54835675119295,1
14.120941396093073,51.92149230881962,42.79286891100159,1
14.1409427295153,50.73785158838635,50.66499968941604,1
14.160944062937528,58.659227290808175,49.660858035125344,1
14.180945396359757,50.4269395524278,53.482375268313284,1
14.200946729781984,55.825599053125224,53.51688526843079,1
14.220948063204213,58.287678137972314,47.98694094395831,1
14.24094939662644,58.66270727496764,49.677110749616325,1
14.26095073004867,63.86022756052102,55.028665800122376,1
14.280952063470897,60.626492027454496,56.26333636063586,1
14.300953396893126,58.99093639710711,55.11185888713825,1
14.320954730315353,60.049829193628305,61.42170298622535,1
14.340956063737583,61.15390577369415,60.53235819371513,1
14.36095739715981,67.91026830706598,60.94786428074328,1
14.380958730582039,64.25460143506187,59.31364263080008,1
14.400960064004266,71.13230250412585,59.70027315345232,1
14.420961397426495,66.92800811567056,60.62776695205034,1
14.440962730848723,64.41633379036566,66.84638117927078,1
14.46096406427095,63.78495006634847,55.736296714290546,1
14.48096539769318,69.5501660728098,55.34231336637308,1
14.500966731115406,61.4758092040786,55.850363532050636,1
14.520968064537636,69.04978638336344,58.981409651299934,1
14.540969397959863,61.04300197814718,60.83937893777335,1
14.560970731382092,63.54566787752412,59.361106981493414,1
14.58097206480432,64.60060325589043,60.48104051646654,1
14.600973398226548,65.49122213383144,64.69537567284455,1
14.620974731648776,64.17223071179333,59.430306986984505,1
14.640976065071005,59.79478962180462,56.72132441899318,1
14.660977398493232,60.348846657069615,59.83234644434811,1
14.680978731915461,67.15893349778844,56.93995518416973,1
14.700980065337689,57.64697236078953,55.623134128163535,1
14.720981398759918,63.958263676716435,52.22783957547648,1
14.740982732182145,51.777420931806326,55.97462231958696,1
14.760984065604372,53.753612655788494,46.12110557518956,1
14.780985399026601,54.81552111899418,45.04050144883379,1
14.800986732448829,58.12464387013329,50.44734671982162,1
14.820988065871058,52.66044623233666,46.331688600887716,1
14.840989399293285,53.33376210246363,46.013455942065825,1
14.860990732715514,51.19755425122539,45.02592506348536,1
14.880992066137742,49.165672467787005,45.024093049028394,1
14.90099339955997,44.4321088667935,38.54838023307243,1
14.920994732982198,51.878015619593576,42.630719660526445,1
14.940996066404427,46.84880103911872,38.130466317324576,1
14.960997399826654,49.368553850825094,41.68906681053751,1
14.980998733248883,38.93216458579123,36.44162270643689,1
15.00100006667111,43.32872398619513,31.413096794328514,1
15.02100140009334,35.949893713086595,37.12170118093732,1
15.041002733515567,42.52641535234973,30.042583806151814,1
15.061004066937794,40.49418808687927,26.080916596309187,1
15.081005400360024,33.155335502949676,30.79400524312276,1
15.101006733782251,32.88957460842472,30.04569121103508,1
15.12100806720448,35.356369175779264,24.198721647054406,1
15.141009400626707,34.613017238810976,27.244727989689668,1
15.161010734048936,28.091558335416458,21.681580145714612,1
15.181012067471164,23.988785295794383,28.6834323379368,1
15.201013400893393,23.37234522809197,23.34283083560921,1
15.22101473431562,31.84700926411068,21.34803237768089,1
15.24101606773785,31.759380141863033,20.823155549448007,1
15.261017401160077,24.082185123932966,20.014281457150048,1
15.281018734582306,28.671993646479823,15.282363441643374,1
15.301020068004533,29.60260948805175,13.321132699408661,1
15.321021401426762,24.510602775823756,20.150290764410606,1
15.34102273484899,24.714762133186596,22.015366701026633,1
15.361024068271217,25.937200488768433,10.20722426179866,1
15.381025401693446,21.76092039435463,15.846170535563196,1
15.401026735115673,22.178154659845546,14.123059047150043,1
15.421028068537902,22.96129156188597,13.974024749331543,1
15.44102940196013,21.71734336941658,14.36205055899236,1
15.461030735382359,22.081212650765238,9.558746215986002,1
15.481032068804586,16.790189988511205,19.252546140264442,1
15.501033402226815,14.614628010945816,13.20877338047757,1
15.521034735649042,14.565847311144244,12.583838299688278,1
15.541036069071271,16.960431502405864,13.01024206003918,1
15.561037402493499,18.749759821920883,18.68583271081899,1
15.581038735915728,19.32178446548448,17.183110659197045,1
15.601040069337955,25.664243731101326,16.42878022175324,1
15.621041402760184,16.8729950408041,16.77950623871246,1
15.641042736182412,19.966936505189935,16.094705200729873,1
15.66104406960464,18.975065601355926,18.57363359455259,1
15.681045403026868,22.940588621574417,21.21084021737449,1
15.701046736449095,25.930591250746872,25.408233987259855,1
15.721048069871324,25.80278949293026,19.94469470005431,1
15.741049403293552,22.729990327993733,17.59816468200383,1
15.76105073671578,29.840415002109623,29.12571908316248,1
15.781052070138008,28.136937690088807,21.89837262938935,1
15.801053403560237,21.50295949067107,23.957721112770198,1
15.821054736982465,29.86225248417602,26.51894343182129,1
15.841056070404694,27.28355625453931,29.53281488720883,1
15.861057403826921,32.98919083070972,28.029528287681885,1
15.88105873724915,35.661419069718,28.188197459130556,1
15.901060070671377,31.04469580833849,34.28992566537292,1
15.921061404093606,38.33646968843463,31.4532977443843,1
15.941062737515834,39.25255795537619,35.21255904605437,1
15.961064070938063,31.52347808789874,40.88918788266724,1
15.98106540436029,42.9866373707905,39.87087684477277,1
16.00106673778252,42.602957793322474,42.15359197567813,1
16.021068071204745,38.99541548215953,42.47705496988814,1
16.041069404626974,39.20454541501556,42.23624558548444,1
16.061070738049203,46.954444530011884,45.47354119888146,1
16.081072071471432,46.89639971087339,50.7880226966599,1
16.101073404893658,44.82936054860682,43.64998443474781,1
16.121074738315887,54.77805389361867,50.7110926461701,1
16.141076071738116,52.95450751954351,39.60724426889117,1
16.161077405160345,54.77583872506414,54.48166759744656,1
16.18107873858257,53.45983173607747,51.262847060175304,1
16.2010800720048,57.39617800495366,55.80673246253286,1
16.22108140542703,62.24006067752602,59.79103093931036,1
16.241082738849258,62.450125492840165,51.62198790779423,1
16.261084072271483,59.13634026865949,60.44540633866264,1
16.281085405693712,57.69136327535099,57.7611058700813,1
16.30108673911594,62.071530400755286,59.0160851010923,1
16.321088072538167,62.57877923563094,61.72144221278114,1
16.341089405960396,67.4714017296659,56.94172079163244,1
16.361090739382625,57.21436158038509,57.84960423180158,1
16.381092072804854,61.23133799143993,61.87173830692924,1
16.40109340622708,57.187412130297076,54.7877613603028,1
16.42109473964931,61.61264408438225,64.71777663169006,1
16.441096073071538,65.68456465587631,64.79240291336201,1
16.461097406493767,61.371334907233,65.86398042264777,1
16.481098739915993,73.29800258913097,62.717110742656615,1
16.501100073338222,64.18371434846355,64.21213843110164,1
16.52110140676045,60.667135007064026,64.28510204954098,1
16.54110274018268,61.64348881665118,58.53264775283016,1
16.561104073604906,63.42181458916995,61.498379236228885,1
16.581105407027135,58.86100297788403,65.0459864388198,1
16.601106740449364,61.17637436513813,60.23520599122851,1
16.62110807387159,64.24620661441821,60.063097336536515,1
16.64110940729382,61.211512564813,53.47701314001872,1
16.661110740716047,61.4929029381894,61.56867852638274,1
16.681112074138277,60.88104694022733,60.18513164108336,1
16.701113407560502,58.49747306493563,54.99696325311732,1
16.72111474098273,67.60055822481378,52.04706849391406,1
16.74111607440496,64.32476807083926,50.6778036437913,1
16.76111740782719,57.62491995650526,53.69776985554023,1
16.781118741249415,50.65539169832345,50.38179382699727,1
16.801120074671644,58.702918176624166,50.545556078339985,1
16.821121408093873,55.7430179904799,49.82340365159603,1
16.841122741516102,52.68606704319924,43.947242462632445,1
16.861124074938328,50.66255940908986,43.21676377543742,1
16.881125408360557,49.173813461348175,51.18907941668542,1
16.901126741782786,48.04512561722776,41.25998095500355,1
16.92112807520501,44.548044589584705,37.68621490701686,1
16.94112940862724,51.86766444588602,40.69903379887777,1
16.96113074204947,43.7789073849455,35.4140324103353,1
16.9811320754717,39.57674125188946,38.62642757781389,1
17.001133408893924,43.637327790914036,35.257030300382795,1
17.021134742316153,39.53368782882209,37.22324343255133,1
17.041136075738383,33.39633029670156,35.02536795535331,1
17.06113740916061,37.38253729491917,37.30121325240928,1
17.081138742582837,36.29717231812329,39.121608635153216,1
17.101140076005066,28.082011035081376,29.79342740022395,1
17.121141409427295,37.35378207839344,30.1007774852191,1
17.141142742849524,32.761397397297074,28.49297699874849,1
17.16114407627175,32.3429000304832,24.777342431163895,1
17.18114540969398,29.571223094578638,13.902104833988384,1
17.201146743116208,26.99296499151397,24.188508221624758,1
17.221148076538434,28.541272812107746,18.840048826137256,1
17.241149409960663,25.10861370793822,18.933400249612394,1
17.261150743382892,26.651991088115526,12.204575309534711,1
17.28115207680512,22.047712725490623,17.65007093961626,1
17.301153410227347,26.084385141695073,18.852877306394923,1
17.321154743649576,25.849000717707572,13.06186824211733,1
17.341156077071805,18.838197631428766,21.55259119343895,1
17.361157410494034,24.871294192792785,16.83299334876815,1
17.38115874391626,15.231580429744488,17.480921501378713,1
17.40116007733849,21.977422279096224,23.780885919780417,1
17.421161410760718,25.412097849400226,14.245864222446688,1
17.441162744182947,21.6993937567278,12.58459162198007,1
17.461164077605172,17.578124515908335,13.93957793537735,1
17.4811654110274,17.651191020603957,17.275038331438108,1
17.50116674444963,13.698340738317277,16.33605257423204,1
17.521168077871856,23.160393542759245,10.854815910148178,1
17.541169411294085,14.904985133239002,13.53984736373229,1
17.561170744716314,22.691159835744266,14.314163955173782,1
17.581172078138543,25.165090201460725,15.102663518714339,1
17.60117341156077,22.65136700459636,14.068063570989384,1
17.621174744982998,17.666713648851434,23.781680653587753,1
17.641176078405227,18.517111791270192,20.863837584007356,1
17.661177411827456,22.90792034872505,14.413738397789244,1
17.68117874524968,24.256945585863043,20.146299804346203,1
17.70118007867191,19.108504887616682,20.428908228113382,1
17.72118141209414,21.968723086583058,25.71429847165671,1
17.74118274551637,21.765581008249637,20.493148326901174,1
17.761184078938594,28.896749310656073,21.414059918999392,1
17.781185412360824,28.73499375200197,21.26640438500589,1
17.801186745783053,24.60118128877207,23.308411761138395,1
17.821188079205278,25.128013134830546,24.960032869362987,1
17.841189412627507,31.2636901945276,25.945228341298716,1
17.861190746049736,36.472120879600006,34.14267894518004,1
17.881192079471965,33.221131038429746,33.74039551333653,1
17.90119341289419,34.116671104681544,29.691577219107987,1
17.92119474631642,31.78890643216615,36.20511396364964,1
17.94119607973865,35.744726470283176,38.329083458058975,1
17.96119741316088,33.59703844523214,45.853754230123926,1
17.981198746583104,40.3621012127719,30.223401906934697,1
18.001200080005333,37.8892803772398,45.672758442595914,1
18.021201413427562,43.24965312057952,43.63288671003911,1
18.04120274684979,51.290803238423365,41.06370062183496,1
18.061204080272017,48.60844195962585,41.64579897862377,1
18.081205413694246,44.169623348775275,46.351734670623834,1
18.101206747116475,52.026013528375046,44.097886945643616,1
18.1212080805387,55.77817946954506,46.87285616127421,1
18.14120941396093,58.05968121166419,52.76885220157686,1
18.16121074738316,55.360295942771494,52.53066259357045,1
18.181212080805388,52.33133651200059,52.65677424217582,1
18.201213414227613,59.443097713680736,47.42212687212384,1
18.221214747649842,50.849955631055465,58.52708740855481,1
18.24121608107207,60.93515284773502,52.341452810650075,1
18.2612174144943,57.55668339247632,57.29394844445018,1
18.281218747916526,53.231124048046006,55.594896610308204,1
18.301220081338755,62.842650781197825,62.69946837103288,1
18.321221414760984,51.46165416022977,58.917496055705705,1
18.341222748183213,64.39913168521521,65.44441747974051,1
18.36122408160544,63.84230296240828,58.59919577479804,1
18.381225415027668,59.84335658229209,60.30266519400073,1
18.401226748449897,63.40588878063656,61.34636498619204,1
18.421228081872123,69.15306459936603,62.4094181328675,1
18.44122941529435,64.89937611475834,56.80722581339517,1
18.46123074871658,64.93361575450783,59.263587441597416,1
18.48123208213881,68.08026140849721,55.06796625294118,1
18.501233415561035,56.38899782876917,61.35222994585276,1
18.521234748983264,64.47966309406362,59.451533988938586,1
18.541236082405494,70.07161428408975,60.04178529253564,1
18.561237415827723,64.84576194985598,52.719174232151815,1
18.58123874924995,64.33470733130163,61.009677908518945,1
18.601240082672177,61.84231143883595,62.36243338338331,1
18.621241416094406,59.93374281539699,59.762434308133166,1
18.641242749516636,67.04396316008044,57.39516328979372,1
18.66124408293886,64.62083346786223,62.28531037912169,1
18.68124541636109,57.88477716187229,56.66294981992583,1
18.70124674978332,61.698828767348544,55.61080667123707,1
18.721248083205545,57.18478520598706,51.79234318906545,1
18.741249416627774,56.7796342564523,53.340541053631476,1
18.761250750050003,60.806826569719,55.04949880547108,1
18.781252083472232,63.42104753163896,48.506569293871145,1
18.801253416894458,50.9718333247785,46.987448791900995,1
18.821254750316687,51.237008586963874,51.66345859765981,1
18.841256083738916,55.99716279952018,54.407712464149895,1
18.861257417161145,48.1520428446053,45.4577582796319,1
18.88125875058337,54.87297603021659,38.72944733223138,1
18.9012600840056,50.874545331729564,40.55094653800629,1
18.92126141742783,46.29990176674222,38.072497208394495,1
18.941262750850058,54.55169750742657,43.721980732502196,1
18.961264084272283,51.12067967832959,36.00238031386011,1
18.981265417694512,48.838651250722904,32.91112438995099,1
19.00126675111674,45.52541601283023,34.71808185639931,1
19.021268084538967,43.70096607394492,41.24580236244849,1
19.041269417961196,40.07560797721451,34.27877493357882,1
19.061270751383425,35.28450110313056,29.0869782136846,1
19.081272084805654,39.584255335094326,28.55524319604522,1
19.10127341822788,34.111433708207706,30.53424633517579,1
19.12127475165011,37.25436602075312,24.71609644587889,1
19.141276085072338,31.806071015250243,30.787895374949027,1
19.161277418494567,30.712584460710218,23.73294948824498,1
19.181278751916793,29.89109110029606,23.021393541326276,1
19.20128008533902,30.97547538943686,15.364634641307775,1
19.22128141876125,22.176393984348135,16.537483924973806,1
19.24128275218348,26.44859198256224,24.97170921794135,1
19.261284085605705,19.805718355041186,14.651852559815774,1
19.281285419027935,21.37952178977011,18.994303683811005,1
19.301286752450164,25.040729661727134,15.139730914059772,1
19.32128808587239,21.343198462433307,14.55268452610084,1
19.34128941929462,17.033244656079233,14.14776549685874,1
19.361290752716847,22.5485456267245,17.51316743788017,1
19.381292086139077,18.52770927108873,12.637016492041695,1
19.401293419561302,22.83000812583252,14.92663740484665,1
19.42129475298353,17.018333859315273,16.79002524002353,1
19.44129608640576,20.68791401149963,11.774896568625806,1
19.46129741982799,11.004434016720843,11.689917138795906,1
19.481298753250215,19.14747697619571,7.681158540674762,1
19.501300086672444,13.688344903092243,14.144147664357577,1
19.521301420094673,17.11053637739182,16.569658514574517,1
19.541302753516902,19.897212520332666,14.016635411518418,1
19.561304086939128,17.316730309212375,13.995938990548309,1
19.581305420361357,20.86653368342508,16.95962506338214,1
19.601306753783586,21.194448388068263,18.56038040326119,1
19.62130808720581,18.292583794567864,14.761196919127137,1
19.64130942062804,24.4315784480256,18.44038609328978,1
19.66131075405027,21.89339427078579,21.4461973154692,1
19.6813120874725,17.632113349648428,9.3977419295026,1
19.701313420894724,21.72476762157831,18.421253345128672,1
19.721314754316953,27.58433019345432,17.424122279750076,1
19.741316087739182,22.728883608339935,26.623953483185648,1
19.76131742116141,26.24316928414296,25.639078787474244,1
19.781318754583637,28.7588144665292,25.0713393928539,1
19.801320088005866,35.16834581211082,33.14868892710629,1
19.821321421428095,30.92499747699472,24.71937071546789,1
19.841322754850324,30.251775839375004,28.39786322003065,1
19.86132408827255,29.688005315211864,29.627329014159642,1
19.88132542169478,38.49990272919896,28.993068855263758,1
19.901326755117008,29.78545403799109,31.709627170332517,1
19.921328088539234,39.641824490496994,25.893592478843328,1
19.941329421961463,35.0699861715101,36.71261775846371,1
19.961330755383692,43.062581337908995,41.919535393946724,1
19.98133208880592,38.290535642823784,37.176794639002914,1
20.001333422228146,40.87616380323088,35.64185300452583,1
20.021334755650376,45.770815112274704,39.12940503597875,1
20.041336089072605,45.26033301014396,38.387831850076815,1
20.061337422494834,50.666830026681744,44.79534924690622,1
20.08133875591706,46.072114933846144,43.187518719427125,1
20.10134008933929,53.263895337091576,50.08160422886514,1
20.121341422761517,54.44511550630085,48.09897715299445,1
20.141342756183747,55.33519326175297,55.688889756947525,1
20.161344089605972,56.46483086048214,49.016132329478715,1
20.1813454230282,54.624162662161595,56.044737033802804,1
20.20134675645043,60.2439849006489,55.32961737515301,1
20.221348089872656,53.8149205015767,52.202732305160445,1
20.241349423294885,54.086331791082415,60.06222949869557,1
20.261350756717114,59.00554788064889,56.16921367467033,1
20.281352090139343,62.24143661501551,56.74796513564218,1
20.30135342356157,58.92566111853003,50.14763686477307,1
20.321354756983798,57.605189274241646,56.70236630250311,1
20.341356090406027,65.5966978050917,58.96212501330826,1
20.361357423828256,62.17209067807471,66.04976192796786,1
20.38135875725048,63.708632240395715,57.788415690494965,1
20.40136009067271,60.089230824282176,59.809333707573,1
20.42136142409494,60.99382051386441,60.44134699579099,1
20.44136275751717,60.18990732355807,58.82575651691861,1
20.461364090939394,69.14649922014408,58.601287595299084,1
20.481365424361623,74.92268301432351,61.91299234745183,1
20.501366757783853,66.19954709206888,59.99264689587636,1
20.521368091206078,63.34101083516608,63.23901583969546,1
20.541369424628307,68.37579293317307,54.48532044740459,1
20.561370758050536,64.20448893685969,59.94948570783597,1
20.581372091472765,65.84916258129623,58.77490511542263,1
20.60137342489499,65.89151720821535,57.809490744040744,1
20.62137475831722,56.36260836265654,59.508821260149944,1
20.64137609173945,60.47870660530024,56.80813774686793,1
20.661377425161678,62.49014849175233,58.630335589819936,1
20.681378758583904,58.91990465638952,53.82012033194321,1
20.701380092006133,64.83096868365803,55.03719371795036,1
20.721381425428362,64.07010744969116,54.00010256189986,1
20.74138275885059,57.969802703209304,54.69102770273223,1
20.761384092272817,60.04925407080968,53.82251122531612,1
20.781385425695046,50.812390271053594,45.25218376399845,1
20.801386759117275,52.54560640780811,47.71109717707381,1
20.8213880925395,50.992264403072156,50.559340280369135,1
20.84138942596173,58.044866038101006,47.01412264727177,1
20.86139075938396,50.82076024769824,48.19180422525481,1
20.881392092806188,44.385780036697355,47.74859306400176,1
20.901393426228413,48.38004897547743,39.70720116359937,1
20.921394759650642,45.519821604459196,45.52808924616398,1
20.94139609307287,44.80788470331319,42.15268840484535,1
20.9613974264951,41.59707055361992,44.61133139956205,1
20.981398759917326,37.438675464829664,42.209844485500184,1
21.001400093339555,39.91798689222004,34.185647673913316,1
21.021401426761784,38.56427332004498,37.35284530231784,1
21.041402760184013,35.57373564657074,31.572562140471447,1
21.06140409360624,36.99806109682323,28.141122859345593,1
21.081405427028468,40.16856701267054,37.53820850200249,1
21.101406760450697,33.34244284656719,28.4700954927563,1
21.121408093872923,38.77545027785592,21.49708012208655,1
21.14140942729515,37.78681214937188,25.17517131028205,1
21.16141076071738,28.95814313333343,30.746712251873813,1
21.18141209413961,27.511105223500145,21.869849457852407,1
21.201413427561835,31.321810529048477,21.047161899437874,1
21.221414760984064,32.09134990968409,18.943316997018215,1
21.241416094406294,29.70218412206773,21.108709819741357,1
21.261417427828523,31.432046635681516,15.938580454949014,1
21.281418761250748,25.058758651839526,24.488410110848765,1
21.301420094672977,27.5552080247194,14.871980464998392,1
21.321421428095206,18.192835100827974,18.56485028160178,1
21.341422761517435,23.085368999430745,20.8844217239937,1
21.36142409493966,27.77085233020312,13.213082861340105,1
21.38142542836189,20.158803720972397,13.079762151886538,1
21.40142676178412,31.370435118602913,14.091434421938029,1
21.421428095206345,19.94386171325123,11.11347747081859,1
21.441429428628574,17.838756334331688,14.232009695375544,1
21.461430762050803,25.365992390143568,21.72059962897565,1
21.481432095473032,13.471533477188961,14.22848862305499,1
21.501433428895258,20.973567149917017,15.693727655328573,1
21.521434762317487,23.962728370728478,11.816548717082398,1
21.541436095739716,15.757932462533121,17.238237706970615,1
21.561437429161945,21.386958562799617,19.892949426089448,1
21.58143876258417,21.659252092963904,18.480707919467278,1
21.6014400960064,23.131804756349524,19.502951913450676,1
21.62144142942863,19.96726686976891,15.946478527034484,1
21.641442762850858,17.017419235755053,14.815018232549328,1
21.661444096273083,19.389678986276987,17.651988261131713,1
21.681445429695312,22.614292987432215,18.024357798461498,1
21.70144676311754,27.23184920062474,19.351059095295934,1
21.721448096539767,27.29223404379415,23.412270536000438,1
21.741449429961996,32.7297332490887,25.460673760884305,1
21.761450763384225,29.33374479874603,25.29487137897929,1
21.781452096806454,30.307681217816672,20.759961696816138,1
21.80145343022868,29.622946956988233,23.87217044717011,1
21.82145476365091,25.170852564931447,26.13728284158374,1
21.841456097073138,31.471858606534127,31.837251883952806,1
21.861457430495367,30.77255449882437,30.62092580866728,1
21.881458763917593,34.17907149056836,23.27577898399635,1
21.90146009733982,39.12803750154709,36.87545675840181,1
21.92146143076205,36.56136368796015,36.10799340490262,1
21.94146276418428,45.89770267473942,37.6460064428757,1
21.961464097606505,37.80302950896204,37.16145160926683,1
21.981465431028735,42.194359109284925,41.03392924948801,1
22.001466764450964,44.34710117887386,41.672430674459235,1
22.02146809787319,40.13682074384569,43.90744356455759,1
22.04146943129542,35.94333553894775,44.32585956567471,1
22.061470764717647,49.47534744753655,47.04531586846699,1
22.081472098139876,48.178866249027436,49.12455687914359,1
22.101473431562102,46.8211069860232,47.96594233872843,1
22.12147476498433,47.09022719609707,53.155601719019764,1
22.14147609840656,55.79418947641615,44.802581108663084,1
22.16147743182879,48.95838077085908,55.01031500100093,1
22.181478765251015,55.97084380530425,53.8982537463588,1
22.201480098673244,60.50990071278939,51.8975465837596,1
22.221481432095473,65.4625282982706,57.2566903469155,1
22.241482765517702,54.34561672418856,58.58206043411792,1
22.261484098939928,54.40950447171397,57.439587062642296,1
22.281485432362157,61.557677997359384,60.43799396268724,1
22.301486765784386,64.83282698670817,61.03654406958746,1
22.32148809920661,60.55896294208462,62.90177344966478,1
22.34148943262884,61.915648281187835,57.48236691577618,1
22.36149076605107,62.84797291408088,55.49736120710627,1
22.3814920994733,65.13599192000434,57.23799350937338,1
22.401493432895524,67.00293320867542,59.80825066984579,1
22.421494766317753,60.80180118799929,57.50428071585827,1
22.441496099739982,65.4229708992953,64.77656235536047,1
22.46149743316221,66.44548796051258,63.43701242342761,1
22.481498766584437,68.5839223975789,57.99927988950143,1
22.501500100006666,69.48821172812897,65.03015036136983,1
22.521501433428895,64.21049915998536,59.319642954330114,1
22.541502766851124,69.75847370963734,63.349776403604636,1
22.56150410027335,67.02006607571144,59.43400787631284,1
22.58150543369558,65.85465234949761,58.32573639806032,1
22.601506767117808,60.40218503033397,57.7739069231983,1
22.621508100540034,67.61932763583589,58.194319760092114,1
22.641509433962263,63.91720282279057,59.73286092908729,1
22.66151076738449,61.61269988523779,52.9801579225079,1
22.68151210080672,63.391853930450594,49.002018326351234,1
22.701513434228946,66.95690648276937,59.11643198308477,1
22.721514767651176,57.71612905475761,58.15959307241381,1
22.741516101073405,56.47800068962849,49.07958012331454,1
22.761517434495634,62.09777410250528,57.01353512758514,1
22.78151876791786,48.39473525730254,48.97581078355281,1
22.80152010134009,51.270532965928766,47.22036871845777,1
22.821521434762317,58.74748592654541,51.09483990025403,1
22.841522768184547,56.540016504132424,51.84581973788426,1
22.861524101606772,54.93767851983702,46.68417924352066,1
22.881525435029,49.99494138865839,38.3025637172188,1
22.90152676845123,44.57806550076169,41.43607160119065,1
22.921528101873456,47.74460087889574,39.66661551444653,1
22.941529435295685,51.07935342691981,43.98550017019868,1
22.961530768717914,40.64286513526982,35.10073547875152,1
22.981532102140143,34.97627698318158,38.50694291652744,1
23.00153343556237,43.35940519972361,28.609557034915937,1
23.021534768984598,37.456594621359635,36.35946780163913,1
23.041536102406827,39.394774887846154,31.886027375399358,1
23.061537435829056,36.13406262679735,31.60573508249881,1
23.08153876925128,31.55014539914455,35.19383189758056,1
23.10154010267351,36.092285951569416,31.06410062578672,1
23.12154143609574,31.733855348414245,29.603309536151787,1
23.14154276951797,35.443573660254714,24.005287045792556,1
23.161544102940194,24.4563377895234,24.818780299339796,1
23.181545436362423,30.728155319623873,24.825657539823446,1
23.201546769784652,28.80336318452383,28.37307088127593,1
23.221548103206878,26.94772343080989,11.724178272780584,1
23.241549436629107,28.936408741914967,18.165135202932856,1
23.261550770051336,21.63041895309948,22.560282063994244,1
23.281552103473565,24.03275360330329,15.886964008434795,1
23.30155343689579,21.41669536788059,18.18034117745494,1
23.32155477031802,23.72022400798858,16.360478599187907,1
23.34155610374025,26.44213313174143,20.275987984421512,1
23.361557437162478,19.378957422088543,16.172830832182267,1
23.381558770584704,17.793355097382904,11.883161356270847,1
23.401560104006933,20.232436146517152,16.07526048805378,1
23.421561437429162,21.82047693846576,15.713047727732329,1
23.44156277085139,13.383104060915342,16.769922692949653,1
23.461564104273616,20.449867169510664,20.746479151387838,1
23.481565437695846,18.661529606457627,9.046757958491305,1
23.501566771118075,21.26189684430923,14.315282018745947,1
23.5215681045403,20.333611622683968,16.96256115785209,1
23.54156943796253,22.75945972679866,17.113515625657644,1
23.56157077138476,18.327258277904182,19.76385465439564,1
23.581572104806988,22.11170629465641,20.5702846482361,1
23.601573438229213,25.16935665161234,14.589172569023685,1
23.621574771651442,30.8719424795767,13.321694583251087,1
23.64157610507367,28.37012882932253,18.646287343430284,1
23.6615774384959,25.071111420107346,15.567755520086383,1
23.681578771918126,25.495505595146955,17.502484234108273,1
23.701580105340355,24.191718161585655,19.700975310491614,1
23.721581438762584,15.76616317120187,22.80363199822521,1
23.741582772184813,20.847696939517903,22.784250236212806,1
23.76158410560704,24.786555773092942,27.404562745882224,1
23.781585439029268,21.98543868651313,24.951411231617822,1
23.801586772451497,26.171391003050402,27.88820348689768,1
23.821588105873722,32.45041574031962,29.27838167279243,1
23.84158943929595,26.78161795488967,25.680857124707323,1
23.86159077271818,35.730939859484316,30.744204365533875,1
23.88159210614041,34.87724404577355,36.38473970695339,1
23.901593439562635,36.22527595762381,32.63226903592176,1
23.921594772984864,33.591257942155586,34.6307029173228,1
23.941596106407093,37.144040377541856,36.259198901585656,1
23.961597439829323,33.595699306967305,36.064987913829306,1
23.981598773251548,43.1121377618794,35.180281873702455,1
24.001600106673777,36.401777896123164,40.18592118799751,1
24.021601440096006,45.88032172744196,39.24032647634899,1
24.041602773518235,37.297033808925804,41.01041864833394,1
24.06160410694046,47.91810143717217,47.665766625902904,1
24.08160544036269,46.221964122219816,46.985629090849216,1
24.10160677378492,42.419580384076,48.013704350596456,1
24.121608107207145,51.41681926755414,43.143242377746354,1
24.141609440629374,49.08772770379951,52.458520646079876,1
24.161610774051603,51.79800761522341,50.6768862704985,1
24.181612107473832,53.24384048334245,50.392420098650504,1
24.201613440896057,54.443752875131146,52.96089844914515,1
24.221614774318287,54.6484265060165,54.12969960548909,1
24.241616107740516,65.55764384255818,54.21790583531461,1
24.261617441162745,58.21479163828488,58.28068467568675,1
24.28161877458497,60.1836455982426,55.05604091011449,1
24.3016201080072,56.67223233578917,60.614370279644326,1
24.32162144142943,62.51792921728531,55.15834680066687,1
24.341622774851658,64.18243624908877,62.16518318230166,1
24.361624108273883,61.216137753976795,59.88807564738806,1
24.381625441696112,69.09116639952492,56.085643793220626,1
24.40162677511834,63.362562262248,63.03099672218483,1
24.421628108540567,64.42561802765796,65.98115438773229,1
24.441629441962796,70.88713024923747,61.06828396412116,1
24.461630775385025,64.32763218995169,62.455335921671846,1
24.481632108807254,64.9562888463126,64.89589399859071,1
24.50163344222948,61.764565707031664,66.81886343993098,1
24.52163477565171,67.33923227323245,61.86547253175065,1
24.541636109073938,62.335182096819096,60.20531841522494,1
24.561637442496167,67.30456439698919,59.35568917155322,1
24.581638775918393,66.22460052468209,49.00915583383046,1
24.60164010934062,61.69709820914398,61.8207434993407,1
24.62164144276285,60.70954183543036,61.01233639003934,1
24.64164277618508,67.34682983529301,49.94659176674814,1
24.661644109607305,57.95015950352562,54.11902192413344,1
24.681645443029534,61.064826872696734,54.80674634108181,1
24.701646776451764,60.26590731229328,49.29463838036341,1
24.72164810987399,57.243534211487685,55.68116750571675,1
24.741649443296218,60.6598448114627,54.984732581846096,1
24.761650776718447,56.1437355893694,54.07553253885326,1
24.781652110140676,52.50549122789523,49.253310997878046,1
24.801653443562902,53.20640181144554,46.3620842790756,1
24.82165477698513,50.20559481481311,46.8069785816849,1
24.84165611040736,50.38909395241579,44.031616297220076,1
24.86165744382959,56.2479651915686,42.54411806225213,1
24.881658777251815,46.61262530945675,39.015918788630806,1
24.901660110674044,54.66149573942106,41.97309538876055,1
24.921661444096273,53.63318936470475,43.17346671153489,1
24.941662777518502,48.30287281704401,41.28366999973822,1
24.961664110940728,43.06939506334689,37.11524585495593,1
24.981665444362957,44.41836206223636,38.42008340634482,1
25.001666777785186,47.55026049751553,36.547066807025665,1
25.02166811120741,41.90513120263802,36.585250344943695,1
25.04166944462964,39.940452868979534,32.91840450694251,1
25.06167077805187,41.27040264666268,28.726112400591965,1
25.0816721114741,33.70357105577916,23.766915600510963,1
25.101673444896324,27.38650824867953,22.850995469221804,1
25.121674778318553,35.41097328087089,28.715271373745328,1
25.141676111740782,29.444003511890926,22.30538256172739,1
25.16167744516301,22.947128481351516,25.016131512926318,1
25.181678778585237,33.86361626417618,21.4613022495163,1
25.201680112007466,25.43065835500424,22.71505069887588,1
25.221681445429695,22.33423751710918,18.59833092673188,1
25.241682778851924,27.955092983577963,14.666305898519818,1
25.26168411227415,30.555074412717474,22.827991349256273,1
25.28168544569638,29.659813173611028,15.221954485578994,1
25.301686779118608,18.015243975024656,18.614842191720687,1
25.321688112540834,25.492138247426766,20.0496980870356,1
25.341689445963063,14.07943939562084,8.410822498586914,1
25.36169077938529,18.609146475720635,15.077088966333044,1
25.38169211280752,22.50764457833231,17.250483640081693,1
25.401693446229746,18.555701287415754,14.020708484843754,1
25.421694779651975,15.796198166611031,19.444914630816832,1
25.441696113074205,24.352405111225096,18.979342642179105,1
25.461697446496434,14.653682872857669,12.918930460880178,1
25.48169877991866,20.690833697372362,15.37289038189249,1
25.50170011334089,10.334427662105465,17.55755087522852,1
25.521701446763117,19.51375979542731,22.37628268984992,1
25.541702780185346,21.796672794031803,14.133089080295578,1
25.561704113607572,18.844447756060298,17.255227865171864,1
25.5817054470298,27.58255916136038,17.083074027562784,1
25.60170678045203,20.63877310825738,22.570509521757227,1
25.621708113874256,23.874260488312245,16.21997874549468,1
25.641709447296485,20.507946657952807,20.199751553643672,1
25.661710780718714,23.152718658918193,17.650830794830924,1
25.681712114140943,26.378794036638133,23.162243716548467,1
25.70171344756317,30.5101561947343,18.50575823746474,1
25.721714780985398,28.295047746766812,22.31675305196697,1
25.741716114407627,27.52525551452865,25.84818219972401,1
25.761717447829856,29.40106986371559,20.440779236053512,1
25.78171878125208,24.91819354738087,28.370201387199693,1
25.80172011467431,24.351892082865,27.999879703524726,1
25.82172144809654,23.953548313931392,23.10627682980488,1
25.84172278151877,31.394560653970686,34.005059855095496,1
25.861724114940994,30.160392489859188,31.250987628412133,1
25.881725448363223,33.02279370514583,26.103748041981444,1
25.901726781785452,31.319319132984543,30.647498968317137,1
25.921728115207678,38.32021247472241,37.53908511309399,1
25.941729448629907,35.18301944216306,40.19619564696539,1
25.961730782052136,38.53944337855725,36.125902976398315,1
25.981732115474365,41.73247329044947,39.65848414386699,1
26.00173344889659,40.0751203747385,39.927021339116415,1
26.02173478231882,42.570678623795985,38.28822375158673,1
26.04173611574105,41.64740185717009,44.81084797555029,1
26.061737449163278,53.11741117260287,46.977919029750765,1
26.081738782585504,51.22781874501411,47.48819800114248,1
26.101740116007733,51.97753314592707,45.36687936932615,1
26.121741449429962,55.61232642454529,49.01646027427167,1
26.14174278285219,48.85060841083128,49.03590879850038,1
26.161744116274416,49.867485613879694,51.96708599378624,1
26.181745449696646,55.95048173039508,49.783417386818535,1
26.201746783118875,56.343353538395135,47.99320907798878,1
26.2217481165411,52.634355459336525,56.980088338504714,1
26.24174944996333,62.94874855310976,56.40083558149698,1
26.26175078338556,61.00146702406366,53.14642483129937,1
26.281752116807787,60.653020581549725,57.74355896064025,1
26.301753450230013,52.406257644888214,55.306319057396934,1
26.321754783652242,65.29086351727547,52.27781485135648,1
26.34175611707447,63.137931621338176,63.967628398865045,1
26.3617574504967,67.06979810343968,67.49878439071107,1
26.381758783918926,64.5621440002617,60.08992585897328,1
26.401760117341155,62.06960526794661,56.12009169242107,1
26.421761450763384,70.17971370297597,57.41444742758421,1
26.441762784185613,59.15344228270534,60.342151249156835,1
26.46176411760784,67.03039133968241,60.53082102793937,1
26.481765451030068,66.26475455307103,65.12262470547448,1
26.501766784452297,68.45728383628469,58.40750616660973,1
26.521768117874522,60.919308667853265,57.847923244995286,1
26.54176945129675,58.31377803943096,58.8253873838269,1
26.56177078471898,66.2966171733279,62.37707268959268,1
26.58177211814121,59.13984867934589,56.628358056908205,1
26.601773451563435,58.65527878069363,64.36576157852454,1
26.621774784985664,63.8671148920533,63.04584549355265,1
26.641776118407893,66.76999346330781,50.3126744148207,1
26.661777451830122,62.003322192607115,58.591259083628756,1
26.681778785252348,62.26492318383884,52.856990828300546,1
26.701780118674577,55.41255387351498,55.617384626324096,1
26.721781452096806,58.114648057515154,59.956984005327115,1
26.741782785519035,61.17180383563387,55.93816847758581,1
26.76178411894126,60.026795045122974,45.131524885198395,1
26.78178545236349,54.78726550874255,53.71490441089883,1
26.80178678578572,52.05562283609044,52.31260559870207,1
26.821788119207945,53.08995101674805,45.226745000531835,1
26.841789452630174,52.13157811863535,44.93653620225999,1
26.861790786052403,43.379100810136244,42.321968090860935,1
26.881792119474632,50.80398576841621,43.6032000369526,1
26.901793452896857,49.68190656535079,38.271890473852814,1
26.921794786319087,43.976235742169834,39.67470407276011,1
26.941796119741316,41.231889342003,42.59909088644415,1
26.961797453163545,43.73489954961503,40.5069094698615,1
26.98179878658577,40.61429397286071,37.204580940854264,1
27.001800120008,46.88078568726705,36.78619255174597,1
27.02180145343023,38.99673590453991,34.77151566314784,1
27.041802786852458,37.04384253362065,30.00849224550061,1
27.061804120274683,37.44444237231034,31.216822455545877,1
27.081805453696912,36.22469463778003,32.38244905232932,1
27.10180678711914,36.009064984789,32.84220984450694,1
27.121808120541367,30.281191670094103,25.95159259129929,1
27.141809453963596,34.6682995571543,32.524310096308284,1
27.161810787385825,28.341571469096735,29.99482184365148,1
27.181812120808054,23.023855581070492,20.659431178925562,1
27.20181345423028,28.240736200431993,23.014088619382868,1
27.22181478765251,28.89567503119216,18.578690487000333,1
27.241816121074738,24.919536335057906,24.91375314372474,1
27.261817454496967,22.438953158995705,17.78950160769982,1
27.281818787919192,24.86086236296748,21.385314957541112,1
27.30182012134142,21.450260043347342,17.86139959731184,1
27.32182145476365,25.642780521127982,16.758885706063044,1
27.34182278818588,15.903075133462945,17.513111654102442,1
27.361824121608105,24.858065484078878,20.745724257729755,1
27.381825455030334,20.325866790157836,13.198583461354112,1
27.401826788452563,20.496300414400014,16.116146297562167,1
27.42182812187479,19.973582005936663,9.508698306711837,1
27.441829455297018,20.716507686397737,17.035716717038888,1
27.461830788719247,14.507993068407178,14.89997361081521,1
27.481832122141476,14.390917523704365,10.593518333946411,1
27.501833455563702,16.53330015715601,12.99499231355206,1
27.52183478898593,23.185321418579456,17.236652926612503,1
27.54183612240816,22.01226699735664,20.536626345925896,1
27.56183745583039,19.719836950027908,13.42250652839191,1
27.581838789252615,27.00620422528733,13.613905355132063,1
27.601840122674844,13.67085768161376,17.4942862747912,1
27.621841456097073,17.00913776922909,18.145770254379187,1
27.641842789519302,29.80200314391544,17.17956601103646,1
27.661844122941528,20.71504330788514,20.838134364368955,1
27.681845456363757,24.586890964810305,19.24019927065644,1
27.701846789785986,23.1190665173229,15.975637246068658,1
27.72184812320821,25.39702486717511,21.46220508774623,1
27.74184945663044,23.91723767058927,17.869686722439656,1
27.76185079005267,25.38521085228206,19.545152959907067,1
27.7818521234749,27.149408457421316,22.535120452238754,1
27.801853456897124,28.53586195009167,25.130694035123785,1
27.821854790319353,31.601994770903808,25.16657151873632,1
27.841856123741582,26.843321518652946,28.04554117337089,1
27.86185745716381,25.863607632042132,33.09300277867511,1
27.881858790586037,23.27303721917598,30.512290196692113,1
27.901860124008266,35.96301335375737,42.20708475735352,1
27.921861457430495,32.814447435822885,35.07303491082402,1
27.941862790852724,37.18028672366944,35.648750652299455,1
27.96186412427495,39.57216672474018,38.91606359960867,1
27.98186545769718,40.23583642453059,38.08117025627909,1
28.001866791119408,44.587117323665375,38.49116387993483,1
28.021868124541633,43.285831196426244,45.2466336799027,1
28.041869457963863,44.218591887208134,41.54641522270837,1
28.06187079138609,42.84666569012239,39.22745248667023,1
28.08187212480832,51.75304165246262,47.55127993777427,1
28.101873458230546,54.68412408259826,52.53808860037481,1
28.121874791652775,48.65821458941907,46.327438270069685,1
28.141876125075004,47.91355651662583,53.5690338406998,1
28.161877458497234,55.20186960473253,53.37833948440263,1
28.18187879191946,56.31189639211364,45.45137568274003,1
28.201880125341688,51.984293497981525,50.70157168835863,1
28.221881458763917,56.15682327122707,53.28506194502739,1
28.241882792186146,57.082548482911186,54.88933281068511,1
28.261884125608372,57.499678900304794,58.69914367533873,1
28.2818854590306,66.01061503122719,55.025443279780916,1
28.30188679245283,66.2592329872456,55.1331706602091,1
28.321888125875056,55.759992008542724,55.19814697559426,1
28.341889459297285,66.00551574041506,58.55378918872243,1
28.361890792719514,68.00529362404518,54.89802233744606,1
28.381892126141743,59.62720756860304,55.97649016110155,1
28.40189345956397,63.65642204158413,60.70711965934695,1
28.421894792986198,71.09744327120289,59.818282345616346,1
28.441896126408427,62.310675502401644,61.39763262358898,1
28.461897459830656,64.62878497359517,57.77233429749727,1
28.48189879325288,65.81525828721334,58.63631832934472,1
28.50190012667511,64.30744102716092,69.32979678810844,1
28.52190146009734,64.12708973821186,59.3753889105014,1
28.54190279351957,68.23345309009879,61.93062553963108,1
28.561904126941794,59.01754155101354,60.04007422210436,1
28.581905460364023,64.83296476763593,59.82788108967172,1
28.601906793786252,63.67638656213869,51.181765387881875,1
28.621908127208478,57.02248710299572,56.09554300898137,1
28.641909460630707,65.79229741638184,60.353038185643804,1
28.661910794052936,57.85987783317373,57.64043716195589,1
28.681912127475165,56.27305301733894,55.11018895864691,1
28.70191346089739,61.193785379126005,54.472543775543045,1
28.72191479431962,61.40888248037933,53.42289255618309,1
28.74191612774185,58.672158660678534,56.20803645033066,1
28.761917461164078,57.21977249054291,55.10698155442783,1
28.781918794586304,52.25403068474627,51.98692975995441,1
28.801920128008533,56.3130968440717,51.40616337089827,1
28.82192146143076,48.55263287063878,48.882971348294355,1
28.84192279485299,50.52330947637882,54.68230346205934,1
28.861924128275216,50.49147657911427,38.53448509066518,1
28.881925461697445,42.1883713321283,50.52075192778909,1
28.901926795119675,48.5792112269485,36.34482740820594,1
28.9219281285419,45.59013526103241,38.177945804917904,1
28.94192946196413,45.89689763620986,33.45853680519814,1
28.96193079538636,48.964008281112974,35.75676992031952,1
28.981932128808587,50.21339766510153,42.47431859468315,1
29.001933462230813,40.86365985717708,32.26408740779243,1
29.021934795653042,44.66071917434053,31.692614723170514,1
29.04193612907527,38.16821846635038,36.79928227636592,1
29.0619374624975,45.20880158064615,35.783133607161176,1
29.081938795919726,32.816966286367546,27.995900942227312,1
29.101940129341955,29.262101579914088,30.742064227132158,1
29.121941462764184,31.766772269943782,26.895656764555763,1
29.141942796186413,33.8673139098786,23.79820038500039,1
29.16194412960864,25.460971255594455,34.257293687511066,1
29.181945463030868,28.530685402437893,22.30013853589179,1
29.201946796453097,27.929830397020567,23.8919520858752,1
29.221948129875322,21.85094876654613,22.096388514129266,1
29.24194946329755,26.320202876911498,20.545450010027526,1
29.26195079671978,20.646465420115792,19.727576058873275,1
29.28195213014201,18.945131178073375,16.859668584534653,1
29.301953463564235,27.80306948926357,22.89735142688938,1
29.321954796986464,24.19294942588827,13.232512341064226,1
29.341956130408693,15.949586283614247,17.78989372223524,1
29.361957463830922,20.18745161100799,12.943736783002056,1
29.381958797253148,19.097971046378056,12.515702351443029,1
29.401960130675377,16.306973618784212,17.29844951622923,1
29.421961464097606,20.681047990973845,14.259866952866439,1
29.441962797519835,22.352066673748876,11.0410040196515,1
29.46196413094206,25.104105598233662,14.09173420807234,1
29.48196546436429,19.694092059423948,11.951096179207688,1
29.50196679778652,22.2734180747602,13.678068479854632,1
29.521968131208745,12.092279518310228,12.755320920253068,1
29.541969464630974,23.261802037543582,14.016615156099393,1
29.561970798053203,24.260789187452474,19.77543529844447,1
29.581972131475432,19.020488490992346,17.99176825494235,1
29.601973464897657,23.76576955281149,10.980944584920355,1
29.621974798319886,10.927512752777773,14.127134823893908,1
29.641976131742116,22.029290055010694,21.58908446554062,1
29.661977465164345,12.774243911203525,18.625763209722546,1
29.68197879858657,16.965026647758943,20.42072919092269,1
29.7019801320088,27.37145005081323,22.931528960980117,1
29.72198146543103,25.99159941443952,18.32968662849216,1
29.741982798853257,23.288868318300313,27.271413039767534,1
29.761984132275483,33.57935607310869,22.92540273250934,1
29.781985465697712,26.203925627972723,31.004319613695145,1
29.80198679911994,26.573086779111993,27.093280062878907,1
29.821988132542167,26.504637635315376,31.856413161034958,1
29.841989465964396,25.411625139751628,28.36348328898393,1
29.861990799386625,34.90967502338152,30.51847380522552,1
29.881992132808854,35.28381952367005,34.39906867901246,1
29.90199346623108,39.916744393939666,33.82856576380619,1
29.92199479965331,39.59771154526532,26.71642509693531,1
29.941996133075538,29.888607368962838,40.06468498357493,1
29.961997466497767,37.63724909069582,38.3269929271906,1
29.981998799919992,44.92678423063731,43.276200014104504,1
30.00200013334222,42.395338109239404,43.54173532937502,1
30.02200146676445,41.73085385014666,45.74804906309197,1
30.04200280018668,50.497053858038036,44.65944662702368,1
30.062004133608905,45.12531616070821,39.911071140527326,1
30.082005467031134,46.10800016271172,47.78642888964404,1
30.102006800453363,47.37385390768882,50.1948156043464,1
30.12200813387559,50.53746886464071,48.04636292101111,1
30.142009467297818,55.80666925422902,54.72431335898868,1
30.162010800720047,52.88608396136058,52.329301848147935,1
30.182012134142276,53.64549213344131,56.60042832157663,1
30.202013467564502,54.89471296698702,52.96633330309704,1
30.22201480098673,54.554136977140615,51.98781415905254,1
30.24201613440896,64.27562260345185,62.660910305733566,1
30.26201746783119,60.915167635179834,59.940205088904946,1
30.282018801253415,56.832205052035164,56.55991984283153,1
30.302020134675644,65.00813379574322,67.3653788436424,1
30.322021468097873,61.096672110802594,60.842024580353524,1
30.342022801520102,61.22268649415476,67.08119470593627,1
30.362024134942327,60.05257959836108,62.35253607475791,1
30.382025468364557,63.35892825304269,61.82288726913775,1
30.402026801786786,66.99027235692196,63.11155533106529,1
30.42202813520901,67.89844173872171,53.72206008016151,1
30.44202946863124,61.27836994139029,63.89699398841372,1
30.46203080205347,61.76346227647356,61.00830498678577,1
30.4820321354757,68.43857937510845,62.60679880094515,1
30.502033468897924,65.135958035092,62.506448000701525,1
30.522034802320153,60.493210894456226,60.434063085952225,1
30.542036135742382,60.67399069400031,61.68063971189992,1
30.56203746916461,62.5037390190293,68.77079328305449,1
30.582038802586837,68.19741713124814,62.60560841452465,1
30.602040136009066,62.64072344243965,59.544154624732045,1
30.622041469431295,65.05682981518166,55.647860214701375,1
30.642042802853524,60.19093275143088,57.98443696852717,1
30.66204413627575,61.55364911726011,57.00268016024184,1
30.68204546969798,60.093425909700294,56.6707781433227,1
30.702046803120208,52.287543038485765,55.46293751519393,1
30.722048136542433,65.38720865421936,53.947176390359125,1
30.742049469964662,59.53941402101394,47.508398657210755,1
30.76205080338689,61.1102519973021,55.60275732108638,1
30.78205213680912,57.56665046656103,49.09848345792136,1
30.802053470231346,56.94563357967885,50.174749765979975,1
30.822054803653575,45.153508203324556,47.01257422091308,1
30.842056137075804,52.28430678351765,43.31129539004757,1
30.862057470498033,53.239701897399385,44.2951294373914,1
30.88205880392026,54.032929007895525,48.05878342502608,1
30.902060137342488,47.59870945643411,38.033833389557785,1
30.922061470764717,48.910629534085075,41.1698351202865,1
30.942062804186946,45.408083511764474,34.006051220445634,1
30.962064137609172,45.75777699120286,35.304378488341925,1
30.9820654710314,42.61087642022159,30.716994658597816,1
31.00206680445363,42.77080450242506,36.16814846636068,1
31.02206813787586,38.82154713101374,35.566943675929195,1
31.042069471298085,37.35343023425409,38.56899993605289,1
31.062070804720314,39.32103692772721,35.29486380900052,1
31.082072138142543,40.85097391650915,30.87139014724134,1
31.10207347156477,34.757691734638705,27.905866421786058,1
31.122074804986998,32.64921038833898,19.47238263313796,1
31.142076138409227,31.004943002924005,24.788082634468477,1
31.162077471831456,28.10845130300716,21.134466642535813,1
31.18207880525368,28.5071563287567,21.783633895689928,1
31.20208013867591,24.659611422762637,21.244647471552163,1
31.22208147209814,32.794748036357184,27.175018267555885,1
31.24208280552037,25.31280030698947,19.36110544499574,1
31.262084138942594,22.267284746870182,22.133802436059618,1
31.282085472364823,28.17389951084878,17.356626794819007,1
31.302086805787052,21.15724808152594,11.93519269129099,1
31.32208813920928,24.319563477653524,16.912393466428867,1
31.342089472631507,30.766752294889386,14.323854098444015,1
31.362090806053736,22.623691539974303,19.281238563513213,1
31.382092139475965,17.410704393319367,21.2604153505628,1
31.40209347289819,20.83486755397274,16.703483468716726,1
31.42209480632042,15.107290370951528,16.18546149876433,1
31.44209613974265,22.57678199656253,14.997517544965406,1
31.462097473164878,18.565706814232993,14.490845055723442,1
31.482098806587103,18.251430938407545,21.24952663376382,1
31.502100140009333,14.42403655344829,23.397083385813687,1
31.52210147343156,10.797779363714454,12.985126674423215,1
31.54210280685379,25.318779859580186,15.843573675277822,1
31.562104140276016,28.934715828265837,20.124376534696797,1
31.582105473698245,18.576524260417035,16.981390251583196,1
31.602106807120474,16.38283163319247,16.89597051295215,1
31.622108140542704,16.109438910363224,15.545717027139753,1
31.64210947396493,17.5115258079328,16.11016964217731,1
31.662110807387158,17.957715620031326,16.25474817603432,1
31.682112140809387,26.760872077964223,16.114499077188924,1
31.702113474231613,25.700513869487022,18.942735208322954,1
31.722114807653842,23.68468009195812,22.014552994909725,1
31.74211614107607,29.826837212176915,17.843056413090064,1
31.7621174744983,20.39088345940955,31.719395248693935,1
31.782118807920526,23.769773538451314,19.918677588396797,1
31.802120141342755,33.9039189637113,30.712026690195653,1
31.822121474764984,26.632216982708712,29.56570871534763,1
31.842122808187213,29.264722364550458,28.46967786772821,1
31.86212414160944,33.746328649142576,27.84854422648204,1
31.882125475031668,34.22577807119276,31.96925032733221,1
31.902126808453897,31.95556877786663,32.22343715945244,1
31.922128141876126,37.185457183746045,30.37744698140459,1
31.94212947529835,34.261345995174395,40.2187339491524,1
31.96213080872058,34.74603444460275,40.2519243671715,1
31.98213214214281,38.23254258915915,42.87921376510322,1
32.00213347556504,46.252582256803954,40.21891335820742,1
32.02213480898727,48.59335105498942,37.68422913137221,1
32.04213614240949,40.54445772085455,42.11892835896553,1
32.06213747583172,42.25417873322025,41.58470673417289,1
32.08213880925395,48.08247453114448,46.802443251339,1
32.10214014267618,43.07798376098471,45.150807191681004,1
32.122141476098406,50.00635541870101,45.149864749696754,1
32.142142809520635,54.63977531792416,49.11765648546231,1
32.162144142942864,57.376822066402774,53.48090692325954,1
32.18214547636509,57.89714495711895,50.42949593091863,1
32.202146809787315,55.92639917021688,56.92501904466176,1
32.222148143209544,54.993414712515445,58.69584931757636,1
32.24214947663177,53.671134831940485,56.410981967924805,1
32.262150810054,58.98362281986645,56.04195728004225,1
32.28215214347623,62.18304912180286,57.150492093948394,1
32.30215347689846,65.24088868539278,53.561266864508205,1
32.32215481032069,62.159064743392896,48.299972647959706,1
32.34215614374291,63.53426655226364,57.95144673870463,1
32.36215747716514,65.29700737891761,58.535985736744756,1
32.38215881058737,62.01761115258272,55.15807893533114,1
32.4021601440096,63.55341443924724,56.529231753539314,1
32.42216147743183,61.46017301164854,56.240389054744796,1
32.44216281085406,69.36848927024123,63.863965877710214,1
32.46216414427629,58.98791718225792,58.8905894836473,1
32.482165477698516,61.8989061438097,59.97446058191832,1
32.50216681112074,59.596163934851404,58.69263427876276,1
32.52216814454297,62.899101518025816,59.34873984692857,1
32.542169477965196,61.31574845522257,56.36403240301825,1
32.562170811387425,64.90104764316315,58.17666876020125,1
32.582172144809654,64.4286560120991,59.21887020871412,1
32.60217347823188,65.2767084160445,59.80291266912057,1
32.62217481165411,58.411012980596404,58.98848007914224,1
32.642176145076334,59.44077012496447,52.177636138292016,1
32.66217747849856,59.06330031439291,55.80772916340024,1
32.68217881192079,62.18690927762879,55.2135922808243,1
32.70218014534302,55.34931833361321,52.57151527638546,1
32.72218147876525,61.937538904353836,53.76255026169457,1
32.74218281218748,57.75591209750576,55.56310986742497,1
32.76218414560971,58.70178655055663,52.75817443852876,1
32.78218547903194,58.28449045805509,43.76788064360227,1
32.80218681245416,57.376206554295706,48.922437776467916,1
32.82218814587639,53.89035417570435,45.39314758948252,1
32.84218947929862,52.82947089419195,42.271440025840036,1
32.86219081272085,48.10625447873018,45.55654415511153,1
32.882192146143076,50.66668746644304,49.350259598659484,1
32.902193479565305,54.900324922013105,44.69021438676209,1
32.922194812987534,46.86947726812424,49.464745225977786,1
32.942196146409756,46.35958519237762,38.44602567023055,1
32.962197479831985,46.543939866591764,38.89634276156746,1
32.982198813254215,42.87297410658967,35.39251264956293,1
33.002200146676444,43.57400071310232,39.343921319876856,1
33.02220148009867,37.400487547464536,33.869828947572046,1
33.0422028135209,38.35458889289784,30.837583059935795,1
33.06220414694313,38.787580433731236,32.67423839271649,1
33.08220548036536,33.97085878483201,31.103451049124484,1
33.10220681378758,29.787729852988356,27.015786482351327,1
33.12220814720981,35.61775619860903,25.200430671829277,1
33.14220948063204,32.50572426237513,24.37107259600572,1
33.16221081405427,33.99419257613344,25.616238996307217,1
33.1822121474765,30.404733879224775,22.00958409263877,1
33.20221348089873,32.710019473632094,24.162875810851418,1
33.22221481432096,24.55827732920482,28.101482812084654,1
33.24221614774318,31.66986799111469,27.635013875586647,1
33.26221748116541,25.78023197204196,19.45499151830252,1
33.28221881458764,26.547960179866553,22.208040833324258,1
33.302220148009866,21.266605173530525,24.665425748982205,1
33.322221481432095,21.688030695093232,10.96746912844667,1
33.342222814854324,19.319729768377922,16.356868465873067,1
33.36222414827655,19.374997926757295,14.851002680104052,1
33.38222548169878,24.17200689305712,10.77564389697785,1
33.402226815121004,23.422133880921635,13.328970456413657,1
33.42222814854323,20.35217052375159,19.623208429171342,1
33.44222948196546,16.335804927854166,17.00918935017832,1
33.46223081538769,22.621422010405496,18.443756219059612,1
33.48223214880992,19.259198799455138,22.240964592782433,1
33.50223348223215,20.897118290926908,16.37566906019102,1
33.52223481565438,26.82146317562442,13.044065206086675,1
33.5422361490766,19.002882134088196,9.527104756172266,1
33.56223748249883,23.53651370574882,9.368646842262539,1
33.58223881592106,15.383722328387112,13.975361850035187,1
33.60224014934329,24.233042190961847,14.999047843495791,1
33.62224148276552,22.90926521912981,22.914309029698455,1
33.642242816187746,20.041074515976206,11.790856305831673,1
33.662244149609975,17.27153947864149,26.957047486493042,1
33.682245483032204,25.281136039483275,24.553112157176752,1
33.702246816454426,26.399299916764654,13.815531256316646,1
33.722248149876656,27.299512525561,24.895730772853085,1
33.742249483298885,20.686512388885443,20.69704167756086,1
33.762250816721114,20.939888747984465,23.545195747859477,1
33.78225215014334,29.742612103416445,23.1738846604373,1
33.80225348356557,33.217660190109214,25.10020689184316,1
33.8222548169878,30.849512958186015,32.03839816838515,1
33.84225615041002,33.27732164342919,32.74423057735608,1
33.86225748383225,34.76532579147546,36.070560927239086,1
33.88225881725448,38.70911256978197,37.50727532770746,1
33.90226015067671,35.1923255241233,37.14419874752389,1
33.92226148409894,34.90929522786862,33.53760282865866,1
33.94226281752117,43.44725209192635,35.68536111067779,1
33.9622641509434,45.502987947216226,38.46386438721915,1
33.98226548436563,44.336498230051326,37.027592908878155,1
34.00226681778785,36.811369388105845,37.46479249600258,1
34.02226815121008,41.91874215237648,44.71030918872393,1
34.04226948463231,46.19963590682675,42.57487533467381,1
34.062270818054536,40.584947211387146,42.92892715926753,1
34.082272151476765,48.43507474642599,55.16935447715677,1
34.102273484898994,47.2117054096255,51.39221122916118,1
34.12227481832122,50.417608673225494,53.718548204622316,1
34.142276151743445,50.27881945698643,53.81290385152495,1
34.162277485165674,52.14593533608297,49.58903856046454,1
34.1822788185879,54.57038360634373,51.74843773423183,1
34.20228015201013,56.33894875508267,56.42495434998377,1
34.22228148543236,61.385797835356655,49.42177023028778,1
34.24228281885459,55.64213851298815,56.695060073079425,1
34.26228415227682,54.43866513241238,52.233000120265835,1
34.28228548569905,58.957605110810775,56.66799557323453,1
34.30228681912127,61.92984330366837,57.38130022575031,1
34.3222881525435,66.93587477629022,62.64593032384296,1
34.34228948596573,64.31636348613688,61.41791815211557,1
34.36229081938796,55.30670972125144,55.15464356577656,1
34.38229215281019,61.66073682516984,48.6527294770573,1
34.402293486232416,61.13603977837757,65.80939144586235,1
34.422294819654645,64.36931618354535,57.8808228116382,1
34.44229615307687,65.5113563333705,63.65038444307873,1
34.4622974864991,62.21837018073446,58.84402629244295,1
34.482298819921326,67.10309061563629,59.244313167521796,1
34.502300153343555,64.46222774913846,62.692820880137454,1
34.522301486765784,67.00497990616661,61.058670437709665,1
34.54230282018801,62.82334654110187,59.81780594542072,1
34.56230415361024,70.13081821124844,57.875143121647035,1
34.58230548703247,60.409158622438085,61.346071191383786,1
34.60230682045469,64.73795295625519,63.0614599246248,1
34.62230815387692,61.122692012857655,61.59008674397891,1
34.64230948729915,64.49000788488134,52.433997454036955,1
34.66231082072138,60.36385439905325,61.63049459512389,1
34.68231215414361,57.38516656150689,59.22793294661916,1
34.70231348756584,61.29896709290863,53.904756543181065,1
34.72231482098807,64.56458651177671,58.06092535487571,1
34.74231615441029,57.50910118366782,55.279835151249856,1
34.76231748783252,58.152066198993246,58.23541529950707,1
34.78231882125475,55.21678659163019,53.57412641727186,1
34.80232015467698,53.95615887319882,45.68248718781594,1
34.822321488099206,51.42948796274768,44.293933469855126,1
34.842322821521435,52.15715762540257,42.63117154337318,1
34.862324154943664,46.61023834564973,44.044391722022,1
34.88232548836589,51.9839593459049,39.59017182832467,1
34.902326821788115,46.821417010263396,41.45378183561577,1
34.922328155210344,48.58981575764207,44.554989949304826,1
34.94232948863257,46.392720463410484,40.14130158909913,1
34.9623308220548,49.485916866533415,35.49659416961842,1
34.98233215547703,36.23351931175614,36.20173844980556,1
35.00233348889926,46.72062303246061,39.741960270122284,1
35.02233482232149,40.69280127469018,36.34630677719424,1
35.04233615574371,40.18546351077459,35.293164849956874,1
35.06233748916594,34.15025765182293,35.12871267761324,1
35.08233882258817,35.314918001799064,32.871931264051746,1
35.1023401560104,33.88850268022755,23.24712544158917,1
35.12234148943263,28.765888074016736,31.475295516799356,1
35.14234282285486,33.23118912792064,28.950097696490396,1
35.162344156277086,35.030694872295875,23.908939040363773,1
35.182345489699316,30.7878145212134,19.32848086154388,1
35.20234682312154,27.22616970038807,23.406092187308428,1
35.22234815654377,23.71742300208521,26.00293778161486,1
35.242349489965996,25.156535416120505,21.95018364736238,1
35.262350823388225,23.00407315988627,21.77645009986656,1
35.282352156810454,21.69929837578305,20.392096868347647,1
35.30235349023268,27.893709184694927,20.47088206855215,1
35.32235482365491,20.03676394472049,20.094110147446923,1
35.342356157077134,23.12753725419554,17.699666829567104,1
35.36235749049936,25.088615848452747,13.107559714039725,1
35.38235882392159,19.686744790750268,18.04272847138965,1
35.40236015734382,19.675277009587177,18.20086346430623,1
35.42236149076605,23.312737098803577,8.835495989894369,1
35.44236282418828,8.083435916505868,14.225736484829484,1
35.46236415761051,23.28471641424931,11.564416140468621,1
35.48236549103274,23.317856687785447,20.92114628582755,1
35.50236682445496,17.47318982138086,14.513405715505165,1
35.52236815787719,16.157182476950148,13.070611749836528,1
35.54236949129942,18.1285095660462,10.276538064062045,1
35.56237082472165,18.17574437860921,12.752084002509186,1
35.582372158143876,21.113952613790108,12.218513057509279,1
35.602373491566105,20.899548705594192,13.521135276327051,1
35.622374824988334,18.726226530737836,19.2435373667911,1
35.642376158410556,22.3092632324964,20.465976767100557,1
35.662377491832785,14.596869782421056,29.56686639619408,1
35.682378825255014,17.352533052163682,19.134221578310033,1
35.702380158677244,25.88629856456601,21.70210433459681,1
35.72238149209947,19.013717892763,16.186091125916505,1
35.7423828255217,27.08581321934452,20.652821706336898,1
35.76238415894393,20.6037522495474,23.879086728203816,1
35.78238549236616,29.34920052604646,24.918357339085176,1
35.80238682578838,30.127167320985766,20.495132450959304,1
35.82238815921061,34.790873206610655,26.361593728079562,1
35.84238949263284,33.19069882085399,28.95610898359805,1
35.86239082605507,36.92688486055711,32.68141872233284,1
35.8823921594773,33.47291936916438,24.218854184098504,1
35.90239349289953,32.658328934055454,28.02753813678101,1
35.92239482632176,34.06432671687485,28.411468307424094,1
35.94239615974398,33.362232564896615,31.521201401138562,1
35.96239749316621,43.92865939909232,33.43331779320099,1
35.98239882658844,41.32782109645346,40.1144874453957,1
36.002400160010666,46.63959423212773,38.70576468861897,1
36.022401493432895,48.1686832714229,36.90824429988088,1
36.042402826855124,40.49375120835481,42.93687660174829,1
36.06240416027735,49.7458364673938,49.70250455932282,1
36.08240549369958,50.63797578223307,41.62951816529034,1
36.102406827121804,49.35857199354139,44.49919000958944,1
36.12240816054403,53.964733890469965,45.30174678555484,1
36.14240949396626,52.15542505752172,54.1361169853632,1
36.16241082738849,50.46741089814073,51.186520109425636,1
36.18241216081072,52.1260310307649,46.014044979840996,1
36.20241349423295,56.95390296477983,53.5118403288877,1
36.22241482765518,57.535237262308755,52.53924622532162,1
36.2424161610774,57.2551509023142,57.303071168781926,1
36.26241749449963,52.370358485989065,58.39662252849887,1
36.28241882792186,58.69867920508251,52.57432763007877,1
36.30242016134409,59.72989954743939,57.66094548468452,1
36.32242149476632,59.43771929860798,59.09592557459227,1
36.342422828188546,70.00319928447657,56.606544718575286,1
36.362424161610775,64.99036755129922,68.04854211588523,1
36.382425495033004,56.365032474584964,63.2160532186811,1
36.402426828455226,62.20635030915082,59.73673998466069,1
36.422428161877455,71.00265231332406,58.366376559903635,1
36.442429495299685,63.03681390453464,63.26389011244562,1
36.462430828721914,60.70791441391441,54.81179734955029,1
36.48243216214414,70.98025089921391,63.534718237361815,1
36.50243349556637,69.5348628892675,69.3740787954907,1
36.5224348289886,62.53680592608237,64.30120262069379,1
36.54243616241082,69.82841160900513,58.144332727863514,1
36.56243749583305,63.6526816374777,57.77547117315096,1
36.58243882925528,58.289558966049505,63.43386436899313,1
36.60244016267751,63.89400013490998,61.57424848057306,1
36.62244149609974,60.40449347824514,57.46558780012918,1
36.64244282952197,65.917974552503,60.73611999548751,1
36.6624441629442,59.8897535413232,52.6894686586469,1
36.68244549636643,60.85160858413391,53.10301665542754,1
36.70244682978865,59.933866029629584,64.72792269834113,1
36.72244816321088,58.75086789196515,48.7595808989694,1
36.74244949663311,58.030118274383064,50.3243438390415,1
36.762450830055336,63.070098878500964,53.43424444562512,1
36.782452163477565,57.31631478550584,48.52723763210755,1
36.802453496899794,57.44841818620007,49.137731083236226,1
36.82245483032202,49.729707653819446,47.32239698953993,1
36.842456163744245,58.46171528545254,48.24582592379939,1
36.862457497166474,51.39995941696737,43.68366879484903,1
36.8824588305887,45.08326154908247,45.9943292206672,1
36.90246016401093,46.50996407353739,41.72500850941039,1
36.92246149743316,45.28429808359223,41.44470669683257,1
36.94246283085539,49.03907773005458,34.96369462339718,1
36.96246416427762,49.95223346547372,37.30098750088765,1
36.98246549769985,43.08697999659654,38.8220410277551,1
37.00246683112207,42.57332466017652,41.10682198720552,1
37.0224681645443,44.18601248751529,34.89248711506412,1
37.04246949796653,41.38286002568781,30.841929073339497,1
37.06247083138876,42.584319545484036,26.527434506739148,1
37.08247216481099,40.57227697124123,28.619064729921412,1
37.102473498233216,39.085135564889995,28.260340797234292,1
37.122474831655445,31.427794496722534,24.658716629272003,1
37.14247616507767,37.20213950640725,24.030313558007887,1
37.1624774984999,28.022721353958588,21.992276698225226,1
37.182478831922126,33.21814577266362,27.09745498501556,1
37.202480165344355,29.42820001058864,19.768406926370297,1
37.222481498766584,31.287665051498912,23.76959448501353,1
37.24248283218881,25.37008958371723,22.35339521462294,1
37.26248416561104,31.91700436437509,14.330419495528094,1
37.28248549903327,24.302586794880373,15.484797865813933,1
37.30248683245549,28.550861906696802,22.347012706550185,1
37.32248816587772,19.218132049068753,15.334566483306759,1
37.34248949929995,21.705502036439487,18.36086019555355,1
37.36249083272218,18.803145035943015,18.023503963678973,1
37.38249216614441,19.42002756851295,23.011555481814256,1
37.40249349956664,18.321411998317114,12.763265407048944,1
37.42249483298887,16.3389666794894,20.979617130764666,1
37.44249616641109,19.092278312904394,20.099255752323813,1
37.46249749983332,18.10387359403177,14.39293395758806,1
37.48249883325555,18.56091018424917,14.029498461353862,1
37.50250016667778,13.210378088118581,19.671317066992422,1
37.522501500100006,16.478391960095966,13.895329098552523,1
37.542502833522235,21.09961083488925,10.678515493122685,1
37.562504166944464,16.17056145628345,13.04800122390234,1
37.58250550036669,17.9099103232153,14.745776202256184,1
37.602506833788915,15.557890104020888,21.535025354556662,1
37.622508167211144,19.751701557770556,15.892064668224606,1
37.64250950063337,23.666988906279574,16.104288097683124,1
37.6625108340556,20.524459816780592,18.983087707383643,1
37.68251216747783,19.713002546640475,21.698853862012793,1
37.70251350090006,26.69158813801201,25.11757168464385,1
37.72251483432229,25.232739732279544,21.903310918131705,1
37.74251616774451,25.60694688485677,22.2997484943288,1
37.76251750116674,27.138339060642046,22.61038328980878,1
37.78251883458897,33.314480393026415,28.946814645952077,1
37.8025201680112,28.59873790890138,24.804657620953286,1
37.82252150143343,29.90045382506063,30.595635224558354,1
37.84252283485566,32.71266037109842,27.696966331763267,1
37.862524168277886,27.178820181103447,28.7788675057895,1
37.882525501700115,39.88707278739592,33.11177425583604,1
37.90252683512234,35.77801489429149,38.62250507467839,1
37.92252816854457,32.06749042151465,36.14048395534757,1
37.942529501966796,35.31170955896423,36.65591210503743,1
37.962530835389025,40.0850170596656,38.57303190057552,1
37.982532168811254,37.7257793344597,31.695122491348542,1
38.00253350223348,41.48997829613711,36.14302177630778,1
38.02253483565571,48.77825475090994,47.08385212697993,1
38.042536169077934,43.682532942794666,44.973617856763745,1
38.06253750250016,47.61827087075925,47.96702375470934,1
38.08253883592239,48.1292855906364,45.82074767588626,1
38.10254016934462,47.22087339036185,46.79236603144239,1
38.12254150276685,55.27008128861135,42.376285698282814,1
38.14254283618908,49.411095610792515,50.33017063551107,1
38.16254416961131,50.07283788231125,53.34903576463577,1
38.18254550303354,54.3766705781677,52.23320295231191,1
38.20254683645576,52.124927423350265,52.59773280074785,1
38.22254816987799,54.18065011079159,53.89084881618053,1
38.24254950330022,53.57977053213023,59.10891754103376,1
38.26255083672245,59.219476422224396,61.818845540501535,1
38.282552170144676,58.18562804282995,55.21711233298473,1
38.302553503566905,65.68248446756519,56.80459200563013,1
38.322554836989134,56.695110150282005,54.34582611636856,1
38.342556170411356,64.70392443614159,58.69374658902925,1
38.362557503833585,63.95889598418677,61.589508600867475,1
38.382558837255814,60.584181504346496,61.05044606573207,1
38.40256017067804,70.59412619039381,64.18470523616786,1
38.42256150410027,63.93890051036944,65.9639002206211,1
38.4425628375225,64.02967533274762,61.70642251009593,1
38.46256417094473,58.42430137412336,62.862873112132284,1
38.48256550436696,67.19031691348307,61.48861182255426,1
38.50256683778918,66.56971952048369,59.584212249947704,1
38.52256817121141,63.90475247653763,57.578798626358555,1
38.54256950463364,62.200470645012864,56.6974859044586,1
38.56257083805587,63.06844178877774,60.85229620324915,1
38.5825721714781,65.50787441136822,57.87933647645436,1
38.60257350490033,63.07093559055097,59.8265793623249,1
38.622574838322556,62.72722434495719,56.97351035859526,1
38.64257617174478,65.93919717598456,63.972202082064854,1
38.66257750516701,61.59838083380208,55.24963982462232,1
38.68257883858924,64.590757413356,57.6862072023112,1
38.702580172011466,64.40409700106146,63.5528702420861,1
38.722581505433695,58.56460586181255,49.09516856222905,1
38.742582838855924,52.85129774102233,55.4082742868612,1
38.76258417227815,54.904374063535144,46.791784139068966,1
38.78258550570038,57.28508248758975,52.25108948559853,1
38.802586839122604,49.330506356525326,47.611264627440455,1
38.82258817254483,49.893372453093534,48.72277433055171,1
38.84258950596706,55.62189097354394,41.2405654126848,1
38.86259083938929,50.57174119164627,44.58315319093416,1
38.88259217281152,52.063291788239994,44.827552217020404,1
38.90259350623375,48.527023848563786,43.999965516297664,1
38.92259483965598,44.99670232826358,32.55957711716375,1
38.9425961730782,42.8689840583977,43.75796189288382,1
38.96259750650043,39.588804361275876,41.174722291430044,1
38.98259883992266,37.38298298046098,31.82723444652042,1
39.00260017334489,45.71006661991132,40.3231556687904,1
39.02260150676712,44.31875392815586,38.519417756039985,1
39.042602840189346,29.481466922274173,34.81570198509021,1
39.062604173611575,32.768496819762994,33.546854276641106,1
39.082605507033804,42.574060083078095,27.519030936525787,1
39.102606840456026,31.238765978453724,27.640966624638324,1
39.122608173878255,28.418019011765303,28.116640932270723,1
39.142609507300484,34.690233073450045,21.827445617189483,1
39.162610840722714,35.29390902544343,25.638127445713483,1
39.18261217414494,24.114094293628973,26.59683573936871,1
39.20261350756717,24.62727225563054,22.747519228953035,1
39.2226148409894,30.281978977205824,22.907426286060577,1
39.24261617441162,31.67987625736599,25.12390000050977,1
39.26261750783385,25.425991133173582,15.69553170367251,1
39.28261884125608,24.732713625195778,25.135689403214407,1
39.30262017467831,22.317585931319343,25.10449915656891,1
39.32262150810054,19.63268254693527,19.345198942236586,1
39.34262284152277,21.25533259911744,22.62895187894584,1
39.362624174945,25.752871627600317,21.760207247296087,1
39.38262550836723,22.800945707225523,22.084029688410588,1
39.40262684178945,25.375179925414404,8.216248199367737,1
39.42262817521168,15.700835866464814,20.169093344145377,1
39.44262950863391,15.02255272348101,16.80593805343736,1
39.462630842056136,19.672601237644326,18.01596387784203,1
39.482632175478365,17.984715071991687,13.59711373292956,1
39.502633508900594,16.000990862121743,12.862334708982065,1
39.52263484232282,20.637162099214738,12.387378545379233,1
39.542636175745045,21.876273854477667,17.88836167116097,1
39.562637509167274,14.805835285685845,19.61694684992696,1
39.5826388425895,16.908823940508004,15.920264678355222,1
39.60264017601173,19.44193302405692,17.746405032580086,1
39.62264150943396,17.806005196559642,15.768410336199885,1
39.64264284285619,24.353456075795375,14.377166390981088,1
39.66264417627842,23.288445137372022,17.85799799901437,1
39.68264550970065,18.763448842053958,15.833134988022206,1
39.70264684312287,24.36934877872786,21.1206030930205,1
39.7226481765451,26.943428425016265,24.948305959908087,1
39.74264950996733,25.537806380154365,21.600618813223637,1
39.76265084338956,27.203930993385413,21.099828666782756,1
39.78265217681179,19.372423918848853,21.340620967451013,1
39.802653510234016,29.92466301104557,24.06471285005294,1
39.822654843656245,29.648061082240964,34.987102665856185,1
39.84265617707847,36.66413808298809,29.734599067696987,1
39.862657510500696,29.869106346536363,32.36753563158595,1
39.882658843922925,29.758921781063403,34.5485123437605,1
39.902660177345155,35.63795942896711,36.652163322742396,1
39.922661510767384,29.71100302776965,37.40783029642786,1
39.94266284418961,43.26104836421608,35.344140244451424,1
39.96266417761184,41.84950055405177,41.44422750508775,1
39.98266551103407,41.37417228625172,42.43997820898352,1
40.00266684445629,41.95674982815138,33.58371154949147,1
40.02266817787852,46.11715389658393,45.8282590193352,1
40.04266951130075,48.5696211279208,41.69650016896866,1
40.06267084472298,46.87736445991566,41.963740333012595,1
40.08267217814521,50.98635152054115,53.992238817673126,1
40.10267351156744,42.17286772964178,47.57821600191268,1
40.12267484498967,57.139000286621304,46.31262950770655,1
40.14267617841189,45.54060315507761,47.30621220123062,1
40.16267751183412,53.87434993840583,55.75452760455507,1
40.18267884525635,47.86772151361897,49.26583830518711,1
40.20268017867858,53.56943166163003,56.863004862616755,1
40.222681512100806,52.22715614088578,54.762079898111885,1
40.242682845523035,57.24281426870402,63.02147173471233,1
40.262684178945264,65.63102906922958,55.26845766925687,1
40.28268551236749,62.21797089335555,61.443500950555396,1
40.302686845789715,61.87055101328096,59.72636914722763,1
40.322688179211944,64.794930051747,59.74619380867532,1
40.34268951263417,60.0352369274691,63.40348335525853,1
40.3626908460564,58.75034483631171,62.016343363727344,1
40.38269217947863,65.20222256399285,57.04617803330594,1
40.40269351290086,64.42266966463389,53.35034030087388,1
40.42269484632309,61.850765576278874,65.6189408751801,1
40.44269617974531,67.40220742749634,59.765925381369904,1
40.46269751316754,63.893050471454615,56.52347450572195,1
40.48269884658977,64.23151810030441,63.382104890934,1
40.502700180012,62.8780039621124,53.911858378033656,1
40.52270151343423,64.22765033903657,61.573698139814674,1
40.54270284685646,66.2590630904382,63.58178518856408,1
40.562704180278686,61.1434123648466,64.74435299563241,1
40.582705513700915,69.92714694808768,58.101184783904664,1
40.60270684712314,60.00630282002126,59.28124846104281,1
40.62270818054537,67.17474892835517,64.00847091569618,1
40.642709513967596,62.13074240852718,59.894570021194184,1
40.662710847389825,64.18494399338144,60.61493565810987,1
40.682712180812054,62.57556511593457,58.42733023627564,1
40.70271351423428,58.49623059164945,59.45162669185245,1
40.72271484765651,58.180020317227225,56.32215652650055,1
40.742716181078734,54.72357741645975,56.94117353953428,1
40.76271751450096,59.231194111244015,49.03853400048572,1
40.78271884792319,50.24357749710329,52.435759798281595,1
40.80272018134542,56.507341261414965,50.917194174055865,1
40.82272151476765,56.646181265225735,52.3091903859237,1
40.84272284818988,51.47958976055156,40.61198219530684,1
40.86272418161211,51.18090195306165,43.9217290768141,1
40.88272551503434,53.90354445948124,44.42192216551127,1
40.90272684845656,51.991612037285634,39.004338249620616,1
40.92272818187879,53.70717469633978,40.669317468057436,1
40.94272951530102,48.66465362062185,40.631353999230974,1
40.96273084872325,46.336546404535724,44.41988569967073,1
40.982732182145476,43.28940799007111,30.80917642696896,1
41.002733515567705,39.37736029790515,28.072690099426183,1
41.022734848989934,43.99925615164275,32.644416795317056,1
41.042736182412156,37.676246462501446,33.883531630823754,1
41.062737515834385,41.00941800075668,32.7593872050913,1
41.082738849256614,33.0368933680316,28.799019094863944,1
41.10274018267884,29.580346346228865,27.095640104372936,1
41.12274151610107,36.209578910496745,24.423142940243117,1
41.1427428495233,30.50087611233867,26.6882855675389,1
41.16274418294553,34.097346118865815,20.265438170185313,1
41.18274551636776,27.57123742056169,24.204479149885834,1
41.20274684978998,29.3454628774436,21.301504150450754,1
41.22274818321221,27.67125880813795,23.400154300171156,1
41.24274951663444,23.711147900333152,18.29748327654278,1
41.26275085005667,23.787698129324355,22.166767634303355,1
41.2827521834789,23.71987042852747,15.799157763160203,1
41.30275351690113,22.270334134590385,12.411847370692701,1
41.322754850323356,13.853835593776871,15.664111248120347,1
41.34275618374558,21.62053398462381,10.124076490856638,1
41.36275751716781,17.838102739446473,11.142669220039178,1
41.38275885059004,22.316870337214883,13.975560620232978,1
41.402760184012266,28.48460624587531,13.362281259656154,1
41.422761517434495,17.271323372663662,18.96181307490996,1
41.442762850856724,23.95738576685286,21.47299097293572,1
41.46276418427895,16.428896226921914,20.321110396859936,1
41.48276551770118,23.23382523189448,10.442392573081044,1
41.502766851123404,21.637708640286142,18.567197291841183,1
41.52276818454563,17.714211895423357,22.436973009971233,1
41.54276951796786,18.002033590447514,17.170655596151946,1
41.56277085139009,18.556205856414515,14.249273302426703,1
41.58277218481232,15.090404904672841,15.516488495883413,1
41.60277351823455,21.490489201153043,19.754727444748507,1
41.62277485165678,19.965834668989384,17.62333866752331,1
41.642776185079,26.1126380077203,16.498279825163927,1
41.66277751850123,15.293546954866349,18.572911514365092,1
41.68277885192346,26.082027094388977,18.80781207231627,1
41.70278018534569,21.1565493043655,19.33328453143082,1
41.72278151876792,20.160008591929277,22.10748873054388,1
41.742782852190146,22.279988504559363,23.097139536288374,1
41.762784185612375,31.533130736877744,18.741660735529457,1
41.782785519034604,26.33556101808537,21.4759831984537,1
41.802786852456826,25.64722010324216,29.022917843366493,1
41.822788185879055,33.65990344853607,26.594129938806752,1
41.842789519301284,38.228328997775044,31.493910969839582,1
41.86279085272351,35.64319733296963,27.7286110978333,1
41.88279218614574,35.330703705779555,33.526354449725716,1
41.90279351956797,35.29310574719027,29.634918832759208,1
41.9227948529902,37.87282978361851,30.853077365669137,1
41.94279618641242,40.59408196940893,33.565737035869084,1
41.96279751983465,37.834776033326605,41.62795811321682,1
41.98279885325688,42.48484994405039,45.34926979047058,1
42.00280018667911,46.52900275182846,46.46110789953825,1
42.02280152010134,39.51568075684637,42.875686977395155,1
42.04280285352357,42.30731916343154,40.713376297522075,1
42.0628041869458,43.343018633076696,46.511923234549805,1
42.08280552036803,52.02229814900248,51.98008218979027,1
42.10280685379025,48.31788583344728,47.858711343409766,1
42.12280818721248,48.563911287427395,44.646415863064526,1
42.14280952063471,47.79662747963425,52.65007117596648,1
42.162810854056936,51.178461490869005,49.83393120461647,1
42.182812187479165,52.13907674886848,50.87283789935951,1
42.202813520901394,60.22885533665791,52.54420053481997,1
42.22281485432362,53.72613107811627,60.661730505729764,1
42.242816187745845,60.24850208178274,53.62067404480838,1
42.262817521168074,60.95606748272907,56.18236034158911,1
42.2828188545903,60.92178339034986,54.6736214511352,1
42.30282018801253,62.53273925999273,59.226451762476415,1
42.32282152143476,56.333691056532075,55.78584044873941,1
42.34282285485699,63.4289720642892,57.0817053889756,1
42.36282418827922,65.65146877795151,58.53780641796271,1
42.38282552170145,65.78005673587273,58.46896022782017,1
42.40282685512367,69.43935510257536,58.48341164915158,1
42.4228281885459,67.11584173219981,62.802419487366166,1
42.44282952196813,63.78460897101939,57.69437881165715,1
42.46283085539036,65.00129026322523,58.351599944974915,1
42.48283218881259,70.22932813291129,57.11460688845956,1
42.502833522234816,59.709806725270504,63.30355880902236,1
42.522834855657045,75.13823360787688,59.06379468692403,1
42.54283618907927,65.12268733793708,58.669941674660144,1
42.562837522501496,64.04615969303056,61.18821413686944,1
42.582838855923725,60.617764192710084,62.031741983965745,1
42.602840189345955,71.12186560758745,69.80271233816417,1
42.622841522768184,62.11282160193074,67.0956965080381,1
42.64284285619041,56.934467158265086,55.35628387316973,1
42.66284418961264,67.2794820994763,58.31962721193809,1
42.68284552303487,58.33544556269996,52.452849001415785,1
42.70284685645709,58.430437706346545,57.29886806996822,1
42.72284818987932,59.17679153259064,55.734048800285514,1
42.74284952330155,59.435084456584875,53.9313300677404,1
42.76285085672378,53.730611144972464,48.442289982664825,1
42.78285219014601,61.79017181292422,49.88129311596274,1
42.80285352356824,54.8394734491362,49.54666344327211,1
42.82285485699047,50.16363236718215,50.31790247976409,1
42.84285619041269,52.19557431779646,48.27849980038666,1
42.86285752383492,46.09619997503801,51.52917173509224,1
42.88285885725715,49.701576989830514,41.13983621492551,1
42.90286019067938,50.36155395068084,44.83512985146578,1
42.922861524101606,47.36760344719168,41.81502689306836,1
42.942862857523835,46.0127374435675,37.590149161254985,1
42.962864190946064,46.36701678755338,35.29829094843088,1
42.98286552436829,38.22370994551088,33.63247140471193,1
43.002866857790515,43.920900981679836,39.780922810521396,1
43.022868191212744,38.716279825856454,36.69270019952623,1
43.04286952463497,31.838359287566977,25.2546507159689,1
43.0628708580572,39.52657068978617,28.857002920962355,1
43.08287219147943,30.7618566861411,37.59940312492559,1
43.10287352490166,32.451384128501324,28.126637286618745,1
43.12287485832389,30.729835484952687,21.671997775439547,1
43.14287619174611,27.873461200120893,21.12554266658519,1
43.16287752516834,32.42964995713721,30.49220417139167,1
43.18287885859057,23.788316072730233,29.166382395177973,1
43.2028801920128,24.807417051123338,26.480147772045406,1
43.22288152543503,23.692706975034717,20.012860587976583,1
43.24288285885726,24.256552932481565,23.88785567983613,1
43.262884192279486,21.77408011743338,20.536353022617575,1
43.282885525701715,21.844916746727385,21.368123826581243,1
43.30288685912394,24.830022865580975,19.345008655218617,1
43.322888192546166,13.528301189896732,15.062836635923546,1
43.342889525968396,22.823338008334375,16.817825303110638,1
43.362890859390625,16.93002592853427,20.73913293174194,1
43.382892192812854,20.082906416484185,15.816669626258745,1
43.40289352623508,18.05944134686951,16.843864897005353,1
43.42289485965731,16.211124418831094,18.651003517626126,1
43.442896193079534,17.598760423387375,20.95333546298788,1
43.46289752650176,17.820552684146012,12.119172657382617,1
43.48289885992399,20.93553972331367,14.66416751681418,1
43.50290019334622,21.50943519706706,16.507071867868557,1
43.52290152676845,13.873763963550605,21.20946710988865,1
43.54290286019068,15.7048050194159,19.595791816731673,1
43.56290419361291,18.124221017702826,15.039777891870429,1
43.58290552703514,18.18164418706912,16.62715964271494,1
43.60290686045736,24.106333646993487,13.651835514610289,1
43.62290819387959,14.843738536374778,15.36876461145984,1
43.64290952730182,18.368644640489485,15.792565193938248,1
43.66291086072405,22.675732633777677,17.44104964189938,1
43.682912194146276,27.277558175644945,6.821326979014211,1
43.702913527568505,27.62639585518678,19.2370693482831,1
43.722914860990734,26.54121033317747,19.681772953870258,1
43.742916194412956,27.049461972818122,26.731047367742583,1
43.762917527835185,24.114070706723258,20.647957690576547,1
43.782918861257414,32.79970039688284,28.278591884120882,1
43.80292019467964,28.66714969985836,27.626745578242325,1
43.82292152810187,25.375097028878677,28.392442999296545,1
43.8429228615241,28.01654208786522,22.519638381702695,1
43.86292419494633,35.878858140320155,30.085681203584727,1
43.88292552836856,42.902497948827055,33.48836098404099,1
43.90292686179078,31.518926312712686,29.29442509455701,1
43.92292819521301,33.35683293700987,33.10310541596212,1
43.94292952863524,37.99553038345723,35.00250883949602,1
43.96293086205747,40.45414542289302,40.1224906447623,1
43.9829321954797,40.260788896805806,40.24971634734108,1
44.00293352890193,40.37243694026911,45.03499843540463,1
44.022934862324156,40.17424051824036,37.86531751039622,1
44.04293619574638,52.13446326566984,46.894250804536604,1
44.06293752916861,46.53136218747382,47.86106079939134,1
44.08293886259084,45.141698515977865,40.474060791696246,1
44.102940196013066,53.0465098917892,42.58431685202299,1
44.122941529435295,58.07165767665255,46.95949052584229,1
44.142942862857524,51.74647912349473,53.42104909259687,1
44.16294419627975,54.9507910056432,43.132105117246695,1
44.18294552970198,54.0100478875056,51.48004825622999,1
44.202946863124204,56.63968335270865,55.16625089787667,1
44.22294819654643,50.58873079857633,53.37964694835894,1
44.24294952996866,54.073085876939246,53.43717373320301,1
44.26295086339089,55.85570465451882,61.25441267767813,1
44.28295219681312,58.61398849822473,57.73444840155607,1
44.30295353023535,62.306203823470526,60.487203292191104,1
44.32295486365758,62.77715376035499,59.21257017327287,1
44.3429561970798,59.87108413651052,61.39760967075245,1
44.36295753050203,64.30343222837496,56.20525737783196,1
44.38295886392426,62.70138011910197,56.48794172321782,1
44.40296019734649,57.57268048877028,63.805860402408065,1
44.42296153076872,59.48501563616175,58.49371044377276,1
44.442962864190946,60.587784917214606,56.6598315496426,1
44.462964197613175,59.721858246412495,61.35422459025161,1
44.482965531035404,64.50193269584445,62.29061414820789,1
44.502966864457626,64.1248587996082,61.90386939582481,1
44.522968197879855,60.912633718492835,61.82283562489833,1
44.542969531302084,67.77798511520855,60.37537166804892,1
44.56297086472431,67.25014433771081,58.74439113149278,1
44.58297219814654,62.70222495575909,57.33397920529584,1
44.60297353156877,63.04006073632082,58.57182053841272,1
44.622974864991,62.64561613319039,54.88378742908459,1
44.64297619841322,64.19963681555252,55.646654325950415,1
44.66297753183545,64.1271631992758,52.47868441426972,1
44.68297886525768,63.723509509612136,54.69755716401438,1
44.70298019867991,57.9505194174043,55.130590405548084,1
44.72298153210214,63.49873717050191,60.19409839336877,1
44.74298286552437,54.140908693548134,54.196639637363845,1
44.7629841989466,57.61622161470008,56.68995591215392,1
44.782985532368826,57.69479559712239,53.57184682883383,1
44.80298686579105,51.73571374961508,48.821855392933514,1
44.82298819921328,55.95245685813542,44.91893124975084,1
44.84298953263551,52.23318959191049,46.33940902871605,1
44.862990866057736,44.23063634151462,43.923936186693524,1
44.882992199479965,48.89702197593178,44.18490734464831,1
44.902993532902194,50.033564466665716,45.191761989614605,1
44.92299486632442,51.98075561571567,48.33974344754988,1
44.942996199746645,40.05768300375772,36.857742185864076,1
44.962997533168874,44.2046935242347,39.5230910609179,1
44.9829988665911,41.500303074884826,40.08393862967427,1
45.00300020001333,39.52271208406435,33.990824839483004,1
45.02300153343556,40.666559765002816,31.65421884175534,1
45.04300286685779,41.66675133957027,28.892447809264272,1
45.06300420028002,34.120896517210134,33.13807620781046,1
45.08300553370225,40.057496152798976,32.742556213852566,1
45.10300686712447,36.1489184373898,26.55963786835915,1
45.1230082005467,32.149549772858144,30.504621940680142,1
45.14300953396893,28.487785448639364,23.131125377362686,1
45.16301086739116,23.92061833759766,24.427104698998555,1
45.18301220081339,30.334720777691324,20.31827570076508,1
45.203013534235616,26.34345168446416,20.442371907810205,1
45.223014867657845,21.025154719732107,15.624436341056438,1
45.24301620108007,26.811664741149325,17.677667955554092,1
45.263017534502296,18.071065020904697,18.317290372165115,1
45.283018867924525,21.280352660662032,18.95990314299397,1
45.303020201346754,19.090999252433186,14.283992634240317,1
45.32302153476898,20.104656862657773,16.741623594415156,1
45.34302286819121,18.347104244637936,23.371180622539555,1
45.36302420161344,29.98251803540571,16.887533586401467,1
45.38302553503567,24.997836424192933,14.852354120756285,1
45.40302686845789,18.081541235206522,16.227226615175454,1
45.42302820188012,14.262288599929267,16.7962856576365,1
45.44302953530235,18.337196579278924,16.50546951752558,1
45.46303086872458,20.91822329997079,12.332186359979403,1
45.48303220214681,21.11415999269898,11.436070571448944,1
45.50303353556904,20.61133976768048,10.695867507816583,1
45.52303486899127,21.05634432410472,17.87540463649905,1
45.54303620241349,22.28417529126895,19.170909239505445,1
45.56303753583572,17.870601035530587,17.50051559925503,1
45.58303886925795,22.509963232235602,19.857084806374314,1
45.60304020268018,22.892062275144212,11.121467281694942,1
45.623041536102406,20.793329847069376,18.507244438499793,1
45.643042869524635,19.457470162467825,13.82752295857078,1
45.663044202946864,25.335078690423572,21.56734170171023,1
45.68304553636909,18.122984543488254,21.919064725934707,1
45.703046869791315,24.492431163140132,21.23461693071307,1
45.723048203213544,22.65632270026988,13.874082625953097,1
45.74304953663577,28.406081825478722,27.75513450172559,1
45.763050870058,25.842333408593984,34.05458098858523,1
45.78305220348023,24.39744056289657,28.36925520484241,1
45.80305353690246,32.034454062877764,27.509994866648256,1
45.82305487032469,32.331966079221246,23.128598787418298,1
45.84305620374691,23.987400394535776,30.62707202464099,1
45.86305753716914,35.36665108851729,39.27273761574118,1
45.88305887059137,31.373843076033985,35.707686215280425,1
45.9030602040136,33.745908590501934,27.186313801527593,1
45.92306153743583,35.17212951244638,38.27010062995376,1
45.94306287085806,38.53918367470649,35.250174787072744,1
45.963064204280286,48.090511831528026,41.41812868607642,1
45.983065537702515,37.99293238111118,39.63743654387556,1
46.00306687112474,46.11872019425715,35.298494930297416,1
46.023068204546966,42.89137262077631,48.35488056835466,1
46.043069537969195,49.45756127737651,46.857674394698805,1
46.063070871391425,50.69760913066022,45.64316398312683,1
46.083072204813654,45.936347978497466,46.75664591264185,1
46.10307353823588,49.619622977970145,47.24627993158219,1
46.12307487165811,50.907447261342014,46.27749295548995,1
46.143076205080334,49.42607465124228,53.10869911284111,1
46.16307753850256,44.859578306895386,47.76078496947007,1
46.18307887192479,54.34716166949701,50.093983834515896,1
46.20308020534702,54.83988996736663,57.31242716909626,1
46.22308153876925,53.76166570245201,57.917905431239745,1
46.24308287219148,61.12610764618355,55.72611083225338,1
46.26308420561371,62.85621800239549,54.961125959343555,1
46.28308553903594,55.5074537517238,53.69664112588527,1
46.30308687245816,59.88966764107652,55.28354939928048,1
46.32308820588039,62.35027421032903,64.52783858416599,1
46.34308953930262,61.13999634785142,54.66756863439698,1
46.36309087272485,63.124186093477014,60.19921511202281,1
46.383092206147076,66.56022301609764,63.12434893120739,1
46.403093539569305,62.6272034035162,57.5870870819968,1
46.423094872991534,70.927154859883,59.9863341351325,1
46.443096206413756,59.75121297981525,61.9077990133777,1
46.463097539835985,64.32963322702363,57.921191824489014,1
46.483098873258214,67.18094359737994,62.95491053857211,1
46.50310020668044,61.67193540829569,56.81026681973455,1
46.52310154010267,66.37468828003769,62.950848568242755,1
46.5431028735249,60.737810626264704,55.53241744253403,1
46.56310420694713,60.746675555849315,60.20840333376786,1
46.58310554036936,67.0238458354036,62.159122643931404,1
46.60310687379158,66.64105206743216,60.53885683325083,1
46.62310820721381,63.68858888303435,63.252162577589594,1
46.64310954063604,63.27755073309866,56.58565217378481,1
46.66311087405827,68.52073613160707,56.773924037375,1
46.6831122074805,62.428416148373586,59.75993816298097,1
46.70311354090273,58.77733699152492,49.650704322515146,1
46.723114874324956,58.532674182212844,55.392403302118915,1
46.74311620774718,54.44222226977516,52.26863138128867,1
46.76311754116941,59.34459769408786,47.66592448667263,1
46.783118874591636,59.73559442975257,46.349996415533866,1
46.803120208013866,53.57735574776681,46.56692584976752,1
46.823121541436095,51.262109422870374,45.21313413212045,1
46.843122874858324,50.482857658491305,45.302064885307324,1
46.86312420828055,54.81369866830427,41.98714062171085,1
46.88312554170278,48.91797762274335,44.100683784551066,1
46.903126875125004,48.778673075341956,40.2084211241799,1
46.92312820854723,47.502786025209815,33.92352532452359,1
46.94312954196946,45.38931881100891,45.981311776052536,1
46.96313087539169,43.66005381086997,47.41748411221699,1
46.98313220881392,44.79210580638988,32.59822114425993,1
47.00313354223615,47.39478559254526,37.62713640251308,1
47.02313487565838,33.56172295049033,31.434034344648055,1
47.0431362090806,40.133090691697745,27.73840707359477,1
47.06313754250283,48.494244926089884,26.718519861066163,1
47.08313887592506,38.70142513791172,28.687722332023757,1
47.10314020934729,30.84254466999542,23.388647263029974,1
47.12314154276952,38.584038113538185,19.660956973985662,1
47.143142876191746,38.927250528979314,25.076282386934228,1
47.163144209613975,26.202013762208765,25.53540289608491,1
47.183145543036204,29.2176311232779,23.89059027258911,1
47.203146876458426,32.59490403516587,19.84643004633917,1
47.223148209880655,28.836368878705475,19.943311522060483,1
47.243149543302884,22.74269749994437,19.56682428393668,1
47.26315087672511,23.24142100824951,19.091228672210285,1
47.28315221014734,22.215337691392207,15.409528869736718,1
47.30315354356957,22.475227395102355,13.480615125793754,1
47.3231548769918,21.449144602325976,19.87609691908396,1
47.34315621041402,19.287157175178454,11.353074789526802,1
47.36315754383625,19.20880337497814,14.419386161115838,1
47.38315887725848,20.05348646148641,19.146500699334947,1
47.40316021068071,25.493697849928846,10.991400229713614,1
47.42316154410294,20.88914409460633,18.15017061640623,1
47.44316287752517,21.15026134807643,14.640517223039787,1
47.4631642109474,19.250683760338756,19.73578687986048,1
47.483165544369626,17.699976002444878,6.087941091846256,1
47.50316687779185,14.728154068666056,16.51875488980962,1
47.52316821121408,18.914260028881355,13.757851791540785,1
47.54316954463631,17.59235056586679,13.103475755666489,1
47.563170878058536,21.384105795585747,17.622174486668897,1
47.583172211480765,17.58964469692126,21.292907571387488,1
47.603173544902994,22.20199803255946,20.096400309975277,1
47.62317487832522,23.771867710865823,21.353358325657513,1
47.643176211747445,21.639705611892083,15.505649958747902,1
47.663177545169674,26.648653784830056,17.077419918443404,1
47.6831788785919,22.27747918465878,20.190901816820602,1
47.70318021201413,29.51066649414545,18.399878198973806,1
47.72318154543636,17.141453926350188,20.42574467851029,1
47.74318287885859,18.206865239718567,19.145956822589042,1
47.76318421228082,28.266156428500395,23.635443319308074,1
47.78318554570305,32.6717031698134,27.53185764258771,1
47.80318687912527,26.426903329124364,25.66415612240788,1
47.8231882125475,29.902240620604857,28.649921997931045,1
47.84318954596973,33.77706562507972,31.012057310717903,1
47.86319087939196,35.90037246806669,27.954212924333603,1
47.88319221281419,36.94446362548332,33.830171491308,1
47.903193546236416,30.812884626201285,31.455626780674077,1
47.923194879658645,31.76380617412636,40.92684776733266,1
47.94319621308087,34.93222656846249,32.3553049446199,1
47.963197546503096,41.88043976175844,41.75959987630182,1
47.983198879925325,39.11176421132,35.05688981601055,1
48.003200213347554,41.334683886166005,42.78831769571056,1
48.02320154676978,40.188546694045385,40.13529962839716,1
48.04320288019201,51.32143160155678,39.489008808146316,1
48.06320421361424,48.73610855815628,42.41332268185435,1
48.08320554703647,43.78624489176918,46.83127749032444,1
48.10320688045869,50.56822178413388,45.733235978697884,1
48.12320821388092,47.77038294948421,47.58130505157702,1
48.14320954730315,53.80961643495298,52.29707596571212,1
48.16321088072538,52.208030116885176,48.53789808203175,1
48.18321221414761,52.40345342298915,52.04894526143699,1
48.20321354756984,55.612110860673425,51.7051808333967,1
48.22321488099207,57.54403283868642,47.8848823154114,1
48.24321621441429,58.94878488925527,54.11947179633263,1
48.26321754783652,58.014577841002506,60.137145523278015,1
48.28321888125875,65.87485902258288,54.128076042530694,1
48.30322021468098,62.83115857752504,56.18697669100798,1
48.323221548103206,63.54114118057036,64.58232808326571,1
48.343222881525435,64.62859605656813,58.10931984624959,1
48.363224214947664,65.52802780256415,58.103591419402825,1
48.38322554836989,63.63406953485835,64.47686194140046,1
48.403226881792115,55.60763522399305,60.20666934954324,1
48.423228215214344,67.20650193607456,57.8243581686795,1
48.44322954863657,62.71363931904591,54.20991294690119,1
48.4632308820588,65.51322365448503,62.18313043119608,1
48.48323221548103,64.05870261711088,63.02126095306787,1
48.50323354890326,64.66988379715313,59.38000977017479,1
48.52323488232549,64.01415308335379,59.42169272224525,1
48.54323621574771,63.521623179794034,48.57076432947106,1
48.56323754916994,64.34659216916629,59.679921184588174,1
48.58323888259217,65.95742316336953,51.753157396095055,1
48.6032402160144,61.024283736511826,59.541261967684164,1
48.62324154943663,66.64090773278238,51.34223584227574,1
48.64324288285886,62.46187681350137,58.3027629389793,1
48.663244216281086,66.75784924552526,57.29972524682627,1
48.683245549703315,61.058800797713026,54.56632607612414,1
48.70324688312554,63.64798342017183,54.484187021611085,1
48.723248216547766,62.658295780005375,57.5784957291869,1
48.743249549969995,66.78648627578006,51.458863435999625,1
48.763250883392224,53.24243842514615,52.005535540143924,1
48.783252216814454,59.679910445950426,52.74135967418168,1
48.80325355023668,54.020535101368566,42.615298139049486,1
48.82325488365891,52.254807043021636,47.62126671011409,1
48.843256217081134,53.24544870921538,39.6561764792304,1
48.86325755050336,47.99738114611654,43.5878700712554,1
48.88325888392559,51.804594314025685,39.90671213115233,1
48.90326021734782,51.20513894105486,46.32367474187779,1
48.92326155077005,49.66010346394276,32.866363531953596,1
48.94326288419228,45.09614731966983,40.9861833847405,1
48.96326421761451,44.39437973747589,39.1451397262945,1
48.98326555103674,48.58767206824246,37.79009966972341,1
49.00326688445896,33.50704409288651,32.283397238677615,1
49.02326821788119,41.53168338169576,35.80364398975339,1
49.04326955130342,38.84013096912369,35.78177707346285,1
49.06327088472565,35.2886198001298,34.80309286889915,1
49.083272218147876,34.69261974714191,27.269053583683018,1
49.103273551570105,34.603662638269384,24.848342501484957,1
49.123274884992334,32.4572654847515,25.43339151403659,1
49.143276218414556,29.4827925846733,27.565539861601614,1
49.163277551836785,26.489537892893736,23.798326405212517,1
49.183278885259014,26.10158666386992,22.822507593335228,1
49.20328021868124,32.38062941413394,23.05478613418712,1
49.22328155210347,29.388747141263142,21.649128352343045,1
49.2432828855257,26.34402201348083,23.805581077378147,1
49.26328421894793,24.169254414391947,18.664874656024505,1
49.28328555237016,25.863903962867926,18.904280879284777,1
49.30328688579238,26.589362357265923,17.879035468526478,1
49.32328821921461,25.81959567769585,15.138982908570984,1
49.34328955263684,19.138711237501045,16.680250918315448,1
49.36329088605907,19.087463127917648,18.38186380861437,1
49.3832922194813,18.76685369734237,15.618054579145316,1
49.40329355290353,24.962721795102006,15.774661718756914,1
49.423294886325756,19.574313159671057,20.546298322317828,1
49.44329621974798,19.256568173422785,10.164020865968565,1
49.46329755317021,22.563189378729497,15.751513740429829,1
49.483298886592436,18.515483096848754,11.460390960009335,1
49.503300220014665,14.232806945460045,14.16091727027717,1
49.523301553436895,22.96838984788062,11.213245983576781,1
49.543302886859124,20.577090742581646,10.469198185094395,1
49.56330422028135,31.0537137326853,11.695167109947775,1
49.58330555370358,23.32196711184584,12.512636581957025,1
49.603306887125804,22.496125611528925,12.260719036829475,1
49.62330822054803,16.268785690780668,10.982875603885638,1
49.64330955397026,18.914512887901502,19.310374577801607,1
49.66331088739249,25.015446531850387,16.297524018879123,1
49.68331222081472,24.289646015853737,22.640459202719057,1
49.70331355423695,29.22441325032949,18.97567534881284,1
49.72331488765918,23.072719499011423,25.959380437515513,1
49.7433162210814,24.761227341754473,22.365585805215545,1
49.76331755450363,26.03972425920257,21.575610428228224,1
49.78331888792586,25.05415436613696,23.44478136689367,1
49.80332022134809,35.49674905737241,30.728534247841882,1
49.82332155477032,33.11829199291413,29.998463003083636,1
49.843322888192546,31.7077227660249,30.452848704482644,1
49.863324221614775,32.068062790211684,29.679056968596313,1
49.883325555037004,35.630537297544485,33.62212071696045,1
49.903326888459226,31.37055640123491,32.07334919928442,1
49.923328221881455,37.18413094636876,36.53834150915363,1
49.943329555303684,38.15742239523748,34.74435648071582,1
49.96333088872591,42.8731431001932,37.373888191396766,1
49.98333222214814,43.72449727736916,36.842614497655894,1
50.00333355557037,36.81364221621303,38.40591954263581,1
50.0233348889926,41.605070611270676,48.360292421980546,1
50.04333622241482,45.507231899956814,45.11183417133395,1
50.06333755583705,48.42685780493504,45.775713716045786,1
50.08333888925928,48.79697410441894,48.868493793182104,1
50.10334022268151,50.08184580305324,48.76158418405759,1
50.12334155610374,49.30705201519804,53.4947664170743,1
50.14334288952597,53.649282135941306,51.84796675944548,1
50.1633442229482,55.01431774681998,53.242414270322435,1
50.183345556370426,59.02907720576627,47.97045413958891,1
50.20334688979265,56.21478366343442,46.42756793172797,1
50.22334822321488,55.53671790254608,56.23941400148446,1
50.243349556637106,50.58245959358195,56.4725503741397,1
50.263350890059336,56.18610703292432,56.026994753808616,1
50.283352223481565,55.7233493259199,54.00604501045762,1
50.303353556903794,58.002086112613085,60.473975714174685,1
50.32335489032602,56.43476098707202,55.98760767893433,1
50.343356223748245,63.13168671732122,61.48170087180264,1
50.363357557170474,58.599371160350614,51.67417378924911,1
50.3833588905927,61.06088673550745,58.962454205913446,1
50.40336022401493,64.0160197773856,52.20426626121818,1
50.42336155743716,60.097844633573,53.10474178072484,1
50.44336289085939,68.19170982981792,63.31641680790038,1
50.46336422428162,68.81038844466165,56.62924176448831,1
50.48336555770385,66.95128451019383,57.86169273672479,1
50.50336689112607,62.002126738624874,61.77737723513468,1
50.5233682245483,61.138107178623564,57.34073707138377,1
50.54336955797053,64.92800911571462,59.71943232531976,1
50.56337089139276,58.524861367398344,61.13926658179785,1
50.58337222481499,66.30185932331689,62.55788081165527,1
50.603373558237216,68.10777878815654,58.45853652502425,1
50.623374891659445,57.45464405812794,55.773525941171556,1
50.64337622508167,53.23716565165397,51.073137860237665,1
50.663377558503896,59.77967320164518,55.88963362974423,1
50.683378891926125,66.90044552010494,54.72826685962138,1
50.703380225348354,66.33023437987876,48.891373822054305,1
50.72338155877058,60.920999819795874,48.84540997521976,1
50.74338289219281,59.20718535606799,51.70780518242807,1
50.76338422561504,55.652809192856964,44.555025997657225,1
50.78338555903727,53.08903291735904,54.95797312731838,1
50.80338689245949,55.916467454434446,48.010815448195316,1
50.82338822588172,50.791331820105725,46.27707840215732,1
50.84338955930395,48.666498648282385,49.38487669029336,1
50.86339089272618,55.81849242081965,45.44016412611693,1
50.88339222614841,52.884101464229445,48.72162078865028,1
50.90339355957064,44.74409930685659,41.79655952934582,1
50.92339489299287,44.34564418471682,40.075913161751984,1
50.94339622641509,43.0412652346526,38.28863042677783,1
50.96339755983732,43.79403944457118,33.522018882608556,1
50.98339889325955,47.646299872670504,35.14478077270655,1
51.00340022668178,36.58306129962026,28.2619576971461,1
51.023401560104006,46.5594083931947,31.239648378755152,1
51.043402893526235,37.56662086420167,29.409603116061852,1
51.063404226948464,44.808041750664984,32.267625844873706,1
51.08340556037069,39.704997817428506,33.51866467755999,1
51.103406893792915,31.7205755750742,29.93986597682956,1
51.123408227215144,34.654467939795886,32.497056776797784,1
51.14340956063737,36.79150070692553,28.689083603568545,1
51.1634108940596,29.300464796877574,24.693516769059283,1
51.18341222748183,29.429421802603038,20.10559311287948,1
51.20341356090406,30.80720597817707,26.75114159041398,1
51.22341489432629,19.438604822322645,19.428181392349945,1
51.24341622774851,27.357868701986632,24.354255272383313,1
51.26341756117074,25.71033978820333,18.347874182948853,1
51.28341889459297,23.805854577220227,16.14365315815039,1
51.3034202280152,26.735476068025044,15.936561290120526,1
51.32342156143743,27.336626366076807,16.327769337555324,1
51.34342289485966,17.23717747449364,21.599602555170435,1
51.363424228281886,19.325374595543185,19.852491978424837,1
51.383425561704115,22.72350638494198,10.887438514933653,1
51.40342689512634,17.088095954212726,19.561166151563175,1
51.423428228548566,23.707970640643154,17.375612328224122,1
51.443429561970795,18.97205964203939,15.371560083006335,1
51.463430895393024,22.00059640676406,8.887575254265222,1
51.48343222881525,23.134858177026736,17.04977693791442,1
51.50343356223748,18.20310554164394,14.180830067963651,1
51.52343489565971,20.36020438983378,18.199847163014343,1
51.543436229081934,19.395281126422883,22.96479520360548,1
51.56343756250416,22.71186893405609,12.90711926846328,1
51.58343889592639,20.743362081002413,13.113784085324259,1
51.60344022934862,12.161487265033244,22.59555328956371,1
51.62344156277085,16.871120380005873,20.981669148831653,1
51.64344289619308,23.06536018702695,23.1759216630426,1
51.66344422961531,23.989444781108602,18.99332022357857,1
51.68344556303754,19.873626002243412,24.15160095596599,1
51.70344689645976,26.29062740371136,17.177127615203943,1
51.72344822988199,22.321705348989703,22.254033169167187,1
51.74344956330422,25.651125613346228,19.78831460902683,1
51.76345089672645,24.349127227834064,20.343905837263904,1
51.783452230148676,26.250752186828297,24.39419631054098,1
51.803453563570905,33.51523748954606,25.120430140048125,1
51.823454896993134,28.131112823477483,28.184054860840305,1
51.843456230415356,31.040696224380536,26.87946127999446,1
51.863457563837585,31.71289345822479,28.401942787037164,1
51.883458897259814,31.431978797357008,31.480430896359294,1
51.90346023068204,34.38872861927202,36.64818056393384,1
51.92346156410427,36.87224791679561,32.16026261623241,1
51.9434628975265,35.07708200912897,34.104141791690004,1
51.96346423094873,39.54952939321448,33.21824682673514,1
51.98346556437096,38.974847776943875,45.03859507116936,1
52.00346689779318,47.104005676549654,44.14041561877335,1
52.02346823121541,43.08473410544393,48.56486468582325,1
52.04346956463764,42.54365836655584,46.168180441934126,1
52.06347089805987,45.65233828303539,41.66653305475233,1
52.0834722314821,40.56864591248615,51.432722395210604,1
52.10347356490433,49.720876048817644,46.3465643763003,1
52.123474898326556,52.229034088432854,53.93433826389321,1
52.14347623174878,45.02996874461993,50.31809009121859,1
52.16347756517101,53.63751068398525,56.60396752820521,1
52.183478898593236,52.471197685626976,49.94381421870212,1
52.203480232015465,55.32854454996822,53.109434543247055,1
52.223481565437694,57.788110402954054,56.6202289744039,1
52.243482898859924,55.899159575915455,50.6232245322019,1
52.26348423228215,55.91893193896343,59.475828363300074,1
52.28348556570438,57.69262827750695,57.963527676794634,1
52.303486899126604,58.366874123941116,58.63904347261818,1
52.32348823254883,56.655031995881316,59.7637365281623,1
52.34348956597106,67.23617991545663,58.48897519000838,1
52.36349089939329,67.30490885499692,55.42609844571471,1
52.38349223281552,59.06516670211745,60.238250903210165,1
52.40349356623775,57.71087246088064,60.10053952726496,1
52.42349489965998,60.42407844023452,69.36717218704435,1
52.4434962330822,69.27756646829951,55.78484782453021,1
52.46349756650443,53.87975979230626,56.48488883576428,1
52.48349889992666,64.31946757728012,63.22245444396946,1
52.50350023334889,64.67418229104966,62.022830693443865,1
52.52350156677112,63.76408104254305,64.62384577801195,1
52.543502900193346,69.38232098171532,58.14779768319246,1
52.563504233615575,67.29637513186825,58.67251344287044,1
52.583505567037804,68.16253361582748,52.77283959610953,1
52.603506900460026,57.63078083161852,61.622496347198506,1
52.623508233882255,66.41713757330533,57.058559730066506,1
52.643509567304484,54.425180282471246,57.3894072194748,1
52.66351090072671,56.227884039480756,56.56580021557,1
52.68351223414894,65.15461031476151,56.671258035515045,1
52.70351356757117,59.11619405324236,51.07998967610402,1
52.7235149009934,62.82877935749185,49.644946288298776,1
52.74351623441562,63.43557609264479,53.815510560957854,1
52.76351756783785,55.092474089387515,53.83531495284241,1
52.78351890126008,55.73871581342639,51.46297831727936,1
52.80352023468231,56.23303521726413,42.81637844870187,1
52.82352156810454,59.005328563988314,47.197425612576474,1
52.84352290152677,56.64390133463068,42.96283961902174,1
52.863524234949,53.24117004075609,46.99083612338495,1
52.883525568371226,47.47514154521626,41.57201682417052,1
52.90352690179345,47.02716915130241,44.44493500579023,1
52.92352823521568,51.53134045599871,39.468986338866195,1
52.943529568637906,46.25556954152638,37.414001193605365,1
52.963530902060135,44.18099139907573,43.0878632311369,1
52.983532235482365,39.21408377391682,38.25257073921154,1
53.003533568904594,42.671049337199534,32.47882213308016,1
53.02353490232682,37.09231951914801,29.770629168474805,1
53.043536235749045,40.63906492137179,32.020733568899864,1
53.063537569171274,35.330503294275736,28.443395331162606,1
53.0835389025935,43.10579920511379,29.847968349115394,1
53.10354023601573,32.54845049629947,28.255954924810307,1
53.12354156943796,27.94459263451153,24.916763855970256,1
53.14354290286019,35.50170144607303,26.839774786112137,1
53.16354423628242,34.43735994103706,19.945894543088436,1
53.18354556970465,27.94366154667539,21.18821933587784,1
53.20354690312687,32.59538185288738,25.519647633839675,1
53.2235482365491,26.992122983369843,20.61022768197223,1
53.24354956997133,24.683878569710643,19.728153065389755,1
53.26355090339356,24.2895210540911,20.607086298312513,1
53.28355223681579,18.293652018046693,24.168585869325998,1
53.303553570238016,18.16815885258382,15.597659925943946,1
53.323554903660245,19.675121608675052,17.750871231824895,1
53.34355623708247,27.627173978100885,16.876700840008866,1
53.363557570504696,23.976630213033157,20.548025006065796,1
53.383558903926925,22.093440219220167,20.080780668063536,1
53.403560237349154,18.337611193317706,14.168552519541635,1
53.42356157077138,21.926266494937046,11.847524618670823,1
53.44356290419361,22.269078436752693,13.550072182045206,1
53.46356423761584,19.388590558512032,17.79999958896685,1
53.48356557103807,15.445919266394107,12.48195310277223,1
53.50356690446029,18.01318226379682,16.492151726234674,1
53.52356823788252,20.004574103858616,13.077465348429149,1
53.54356957130475,21.128715088429765,18.656059321951982,1
53.56357090472698,23.701448380720095,11.022917557837754,1
53.58357223814921,25.574954293740838,14.852753060643108,1
53.60357357157144,22.150071867973416,19.19775273481361,1
53.62357490499367,20.021970543335893,18.37549173422624,1
53.64357623841589,19.28684214592836,14.324998282586938,1
53.66357757183812,22.39863940227372,17.17797281844669,1
53.68357890526035,21.72032834031096,20.76830513687294,1
53.70358023868258,25.096246086007447,18.734184825722696,1
53.723581572104806,26.494732079464754,21.902909237517346,1
53.743582905527035,31.76181397858438,23.680878660035855,1
53.763584238949264,32.11356191383854,28.48740639898034,1
53.78358557237149,29.830071757944115,23.555687442858925,1
53.803586905793715,23.226396414067363,30.420908053792115,1
53.823588239215944,26.536627532788145,31.45300445800342,1
53.84358957263817,36.390289923766005,28.020106869442206,1
53.8635909060604,29.5686994808833,34.47100012783183,1
53.88359223948263,32.20566556570423,35.083510195055794,1
53.90359357290486,35.74444765714213,36.61632122240767,1
53.92359490632709,27.879969889185485,29.58423493663034,1
53.94359623974931,38.1897509296066,39.326727002173925,1
53.96359757317154,42.58370215526346,38.915702855530405,1
53.98359890659377,35.02281869678997,37.89873923508168,1
54.003600240016,43.84014270039875,42.408626154708614,1
54.02360157343823,42.4638822448812,41.826418530234086,1
54.04360290686046,48.4911547470346,44.1529652070962,1
54.063604240282686,44.20688917358322,48.8331813964575,1
54.083605573704915,51.4631992890755,42.16649530118562,1
54.10360690712714,51.10279309020852,48.59779021697214,1
54.123608240549366,46.59167605513392,44.92785239401626,1
54.143609573971595,45.14235938196334,41.869992253472496,1
54.163610907393824,52.99852646897241,54.45057573675787,1
54.18361224081605,48.59302594046009,52.62951185755989,1
54.20361357423828,56.34051417815026,55.729491975192474,1
54.22361490766051,52.085951176646645,52.000703039891455,1
54.243616241082734,61.851877130498266,58.34795245849944,1
54.26361757450496,63.79256886826361,54.92275757759557,1
54.28361890792719,59.441890436890105,53.663811654484626,1
54.30362024134942,68.90053497336388,57.03460703662563,1
54.32362157477165,63.42701976348161,53.37490217991267,1
54.34362290819388,62.42701045006079,54.6108846342224,1
54.36362424161611,60.305422743727874,55.676670815962346,1
54.38362557503834,64.46679510779082,65.21715347389168,1
54.40362690846056,61.666953523554085,61.20259430635585,1
54.42362824188279,60.325172724223016,63.27573063572992,1
54.44362957530502,61.5304713515807,55.7116280651383,1
54.46363090872725,64.52470603501776,64.07896803356202,1
54.483632242149476,65.32240858503755,62.79592783601569,1
54.503633575571705,68.31853667455513,62.06543759465075,1
54.523634908993934,70.1529024943941,56.79881802255881,1
54.543636242416156,67.48308371612008,64.1655143582852,1
54.563637575838385,66.95343078836459,65.88697288264065,1
54.583638909260614,66.12095855587796,60.15395760866167,1
54.60364024268284,62.89854751631699,55.78159752595379,1
54.62364157610507,64.56063625062579,57.571211544705534,1
54.6436429095273,61.093502099858874,60.00650898454504,1
54.66364424294953,65.07926544102261,59.11602305576091,1
54.68364557637176,63.95126319852152,54.165167724489535,1
54.70364690979398,63.02483329203374,52.100495434797416,1
54.72364824321621,63.965994785337074,54.345483938061896,1
54.74364957663844,54.406166639560816,53.11883384199459,1
54.76365091006067,59.25570039584033,54.94409709165407,1
54.7836522434829,60.31993001264935,51.61971307349088,1
54.80365357690513,53.37161193607131,47.132348715509735,1
54.823654910327356,55.05172862409482,44.75353947287305,1
54.84365624374958,47.50198591591393,45.108295971659615,1
54.86365757717181,54.81169532558152,45.24796534558359,1
54.883658910594036,50.2331571972627,42.13177265834962,1
54.903660244016265,46.824236866596436,43.12529744208645,1
54.923661577438494,50.192701637397754,34.22398987509377,1
54.94366291086072,44.58706212508961,39.14934842967392,1
54.96366424428295,41.587302969574395,37.69477958873942,1
54.98366557770518,39.66233503026271,37.06181554290499,1
55.003666911127404,44.71972103771452,39.241331341274105,1
55.02366824454963,44.90816255679072,31.20071185738542,1
55.04366957797186,38.66513933297642,34.49163300654743,1
55.06367091139409,39.600274404480054,32.446943158236174,1
55.08367224481632,32.49788913355025,32.705379542307384,1
55.10367357823855,35.54164663455418,26.256274986655953,1
55.12367491166078,33.8120444105863,32.58414745268389,1
55.143676245083,30.44326535590062,29.082038507247862,1
55.16367757850523,30.428111291818315,22.24985600298269,1
55.18367891192746,24.074660940861264,20.46326576449793,1
55.20368024534969,27.137871186553976,25.353999453117208,1
55.22368157877192,28.532808038894068,13.655816257183488,1
55.243682912194146,31.687117696566162,26.977774389622063,1
55.263684245616375,20.049143972166092,17.109804913667432,1
55.283685579038604,21.393152054901943,22.376816608295535,1
55.303686912460826,17.139073779090698,14.129023616341632,1
55.323688245883055,23.30208978363305,17.15400926607553,1
55.343689579305284,25.446465225830668,16.790309734643763,1
55.36369091272751,25.13565218634126,9.714897635341213,1
55.38369224614974,24.217840908482323,10.796351033819773,1
55.40369357957197,20.79481797642299,12.444590472416438,1
55.4236949129942,23.947692851793096,16.500590959486708,1
55.44369624641642,18.936652499399667,9.318146878129262,1
55.46369757983865,20.03339405502632,14.166039517264059,1
55.48369891326088,17.07567194927072,13.330991095478815,1
55.50370024668311,12.182442432032929,14.718664600970108,1
55.52370158010534,24.933208005615523,8.181984175049747,1
55.54370291352757,21.323373603777323,17.843415191949948,1
55.5637042469498,10.633436347220169,17.930134205391326,1
55.583705580372026,18.987763205182866,14.048217505210843,1
55.60370691379425,22.036474968139913,21.537589572746953,1
55.62370824721648,18.470940576780357,18.591128775867993,1
55.643709580638706,20.88442854471771,17.58680792764921,1
55.663710914060935,20.609566153745227,11.88516281437273,1
55.683712247483165,21.38901192356717,24.334291612745716,1
55.703713580905394,19.913230639954968,24.3996417732689,1
55.72371491432762,26.69178257613612,17.62179864597951,1
55.743716247749845,21.77347798996547,20.395042033351395,1
55.763717581172074,28.02319780122092,23.89637744697351,1
55.7837189145943,29.496850389589376,20.134794830076192,1
55.80372024801653,26.725957853148163,26.700077679544528,1
55.82372158143876,35.34685933220244,30.88853408914099,1
55.84372291486099,31.89056870052656,29.38372580552771,1
55.86372424828322,29.96136620173099,35.72481079304185,1
55.88372558170545,36.04180566973323,26.162821854529454,1
55.90372691512767,30.273577613407042,30.68237898416575,1
55.9237282485499,36.573685430015004,35.43531165024545,1
55.94372958197213,40.26951620664309,38.56356875065971,1
55.96373091539436,36.69763573925832,38.03467277929123,1
55.98373224881659,40.50412423315554,42.5538777765174,1
56.003733582238816,45.42269768060679,42.50730998953103,1
56.023734915661045,43.74667893968923,39.009547585634536,1
56.04373624908327,43.689620526375634,45.04998788562969,1
56.063737582505496,46.09655790250313,45.18739827400411,1
56.083738915927725,47.07990909269053,47.60998377134517,1
56.103740249349954,46.37095112075819,51.01680227179104,1
56.12374158277218,44.1624897531077,49.607366331137555,1
56.14374291619441,49.07823540017134,51.57329705076379,1
56.16374424961664,57.37312923711029,51.04770132953808,1
56.18374558303887,52.6230690607319,50.25410332830795,1
56.20374691646109,56.66091088145466,48.207533829504634,1
56.22374824988332,58.03564041411661,55.93491159495285,1
56.24374958330555,53.531666691308615,59.87413794205854,1
56.26375091672778,58.41745620459463,58.07750090152202,1
56.28375225015001,59.73081325387373,57.714225106642004,1
56.30375358357224,55.6703889743058,58.947232044185625,1
56.32375491699447,60.08780865445878,55.641139431634535,1
56.34375625041669,59.0405105371283,58.13336904772005,1
56.36375758383892,58.28284252678161,57.76867989084766,1
56.38375891726115,59.2362271924763,60.559281043521096,1
56.403760250683376,62.06943790679215,65.8092128933758,1
56.423761584105605,60.79649244116105,62.392291930721676,1
56.443762917527835,65.6860322003176,61.12922582457644,1
56.463764250950064,60.073555478890604,49.84862649371437,1
56.48376558437229,71.87899673621905,59.48819201894315,1
56.503766917794515,62.215194498187984,56.7800317725869,1
56.523768251216744,65.86668139269503,62.93693997937735,1
56.54376958463897,65.78103199227942,63.36534165932816,1
56.5637709180612,67.667111470735,54.98289768187042,1
56.58377225148343,69.49667906461224,59.858814274354025,1
56.60377358490566,62.04151110957196,63.719799997415365,1
56.62377491832789,60.6269262972779,60.07423410446534,1
56.64377625175011,66.23207299537074,60.48558638372579,1
56.66377758517234,55.261132485391954,48.81984458788094,1
56.68377891859457,58.12420890109002,60.47558883570504,1
56.7037802520168,64.22529211042924,49.67455541897699,1
56.72378158543903,59.638063976466285,51.65134241186885,1
56.74378291886126,59.49951316071349,55.032741722852265,1
56.763784252283486,56.882686499795604,49.68935992485975,1
56.783785585705715,49.74435567822364,51.9282840606958,1
56.80378691912794,47.433055175969606,50.496995961144194,1
56.823788252550166,56.76504391321973,42.62599648949313,1
56.843789585972395,52.9275400215047,46.16426691147695,1
56.863790919394624,45.816653407147896,45.33302340006922,1
56.88379225281685,48.311656463048,49.78954999511328,1
56.90379358623908,53.092503755981085,39.66298857813387,1
56.92379491966131,43.60227268969939,42.776973874415354,1
56.94379625308353,43.46303973346103,38.80053162138661,1
56.96379758650576,41.83740373338688,38.69675418983243,1
56.98379891992799,43.51867350907039,40.64203995881935,1
57.00380025335022,35.655493909149264,35.28895418156168,1
57.02380158677245,41.43516424450902,27.289909003465194,1
57.04380292019468,35.4662390986533,31.53756837623949,1
57.06380425361691,38.12827960819986,34.10589201130878,1
57.08380558703914,41.89047345706648,29.064370425760846,1
57.10380692046136,29.178515658826335,30.184042288459864,1
57.12380825388359,35.15823030432661,28.325085769590213,1
57.14380958730582,36.532901286359156,28.71012698389696,1
57.16381092072805,23.152595731766585,32.18512943692501,1
57.183812254150276,29.182899163347805,24.22050902089927,1
57.203813587572505,27.975431338542425,25.24489608021376,1
57.223814920994734,30.279864354400832,20.461321262794478,1
57.243816254416956,25.554568309647802,17.63531166614765,1
57.263817587839185,23.167411833294597,18.80559128482762,1
57.283818921261414,19.00442943968375,18.641044983593822,1
57.30382025468364,17.742340232023928,21.938824393430167,1
57.32382158810587,23.345483279173884,21.78410389576433,1
57.3438229215281,28.3228675718484,17.09277314353882,1
57.36382425495033,17.041054879977857,13.910112328261853,1
57.38382558837256,19.54647799175651,20.606252700990776,1
57.40382692179478,21.0851235758311,14.885551916498315,1
57.42382825521701,18.5248068378438,19.005345084495186,1
57.44382958863924,25.50787420363138,11.003664137963487,1
57.46383092206147,16.044564081183317,13.605419596043072,1
57.4838322554837,20.687025808495218,14.623470986830613,1
57.50383358890593,23.95635340912216,18.35190807705868,1
57.523834922328156,22.301167941953977,8.720606853532022,1
57.54383625575038,21.385714461443765,13.862476967452475,1
57.56383758917261,18.804334436314345,15.327853691882927,1
57.583838922594836,17.652620187292076,13.9073198931276,1
57.603840256017065,25.06067654403035,14.599533312808903,1
57.623841589439294,20.675636630810725,23.403498762023847,1
57.64384292286152,19.499368079155474,18.01103580501249,1
57.66384425628375,19.42113041560363,18.89669119185595,1
57.68384558970598,20.572524418956338,24.08983937655527,1
57.703846923128204,24.843483673051075,19.639935205170563,1
57.72384825655043,22.734178983208423,18.63858858038931,1
57.74384958997266,25.960095446143434,23.06318865703463,1
57.76385092339489,24.029879632702123,28.489568475133332,1
57.78385225681712,30.712481514932975,24.8700401845625,1
57.80385359023935,27.278755841202408,28.939269622232615,1
57.82385492366158,32.9777679480967,27.310137457025565,1
57.8438562570838,27.672826041278455,25.188378402060675,1
57.86385759050603,31.852809785819954,24.811955820675756,1
57.88385892392826,23.28588489939528,31.292053777062495,1
57.90386025735049,33.08731377815437,32.23039897801289,1
57.92386159077272,41.804461587709646,33.71776450491649,1
57.943862924194946,34.567298368617706,39.44636176965333,1
57.963864257617175,35.02508010154283,36.49710211155273,1
57.983865591039404,43.307114123590644,44.21547388080171,1
58.003866924461626,38.896404266104085,40.726756892649675,1
58.023868257883855,44.53243044161463,42.62424487336024,1
58.043869591306084,49.99707508104512,42.35247753442158,1
58.06387092472831,51.37467819648671,41.36316472097041,1
58.08387225815054,51.518944522079046,46.372141939261915,1
58.10387359157277,49.652283152991636,49.05364083781221,1
58.123874924995,47.821151933690246,51.43264842052362,1
58.14387625841722,49.07950273296737,52.60075690566569,1
58.16387759183945,53.41458230936736,54.48820483374411,1
58.18387892526168,51.912112032476294,49.83851307644477,1
58.20388025868391,52.743246219608594,50.545252768226796,1
58.22388159210614,60.61120144241835,52.19065918126304,1
58.24388292552837,62.31045901611206,51.06504663810237,1
58.2638842589506,52.831193437162874,58.6430212592646,1
58.283885592372826,60.22206684818143,62.215636196094636,1
58.30388692579505,59.52851191763323,60.745085023210784,1
58.32388825921728,61.16585508439919,60.17708654042813,1
58.343889592639506,66.52178111042998,59.08942541779228,1
58.363890926061735,64.2928604176371,62.37241135700724,1
58.383892259483964,67.48839411606873,57.544308873186544,1
58.40389359290619,69.01811376931654,61.280656519061644,1
58.42389492632842,65.80947650634056,64.89054032419216,1
58.443896259750645,62.45750833852348,67.77305654345227,1
58.463897593172874,63.14196326522472,61.56241859775463,1
58.4838989265951,65.76753888367955,66.01911248069821,1
58.50390026001733,63.876594739096205,58.9079063744887,1
58.52390159343956,66.11610018518302,58.715683086605566,1
58.54390292686179,64.80743485193804,64.0077440175446,1
58.56390426028402,64.8605816955803,65.81897599951311,1
58.58390559370625,67.40964468204324,55.96494207940776,1
58.60390692712847,62.93099444381176,52.3484775284701,1
58.6239082605507,62.08754020043572,58.75986658168933,1
58.64390959397293,68.15823186168271,58.707944312487335,1
58.66391092739516,61.112458162913676,53.64556278108471,1
58.68391226081739,57.30354365867433,56.51164243433836,1
58.703913594239616,61.579242322286355,54.309545410922624,1
58.723914927661845,67.41421244608323,51.37032505357351,1
58.74391626108407,57.000588708374366,50.72532558801633,1
58.763917594506296,60.90094656771891,51.772433335570184,1
58.783918927928525,56.555766902417574,47.57466748368564,1
58.803920261350754,51.20979136902159,49.75321606376477,1
58.82392159477298,57.260578839989044,46.73466596018495,1
58.84392292819521,57.393469678606664,44.207546728310064,1
58.86392426161744,49.52171064400419,42.512671139458575,1
58.88392559503967,53.94838075681333,38.221344140564504,1
58.90392692846189,56.69369768713669,36.78380076476312,1
58.92392826188412,47.122772148681925,40.13576620577115,1
58.94392959530635,43.70946795714095,32.97714573574795,1
58.96393092872858,43.319658359365924,44.514274384878505,1
58.98393226215081,40.85742980113219,29.48638144063256,1
59.00393359557304,40.93526600179095,33.7949089763173,1
59.02393492899527,34.82914441473835,37.58835871105195,1
59.04393626241749,34.61049366649655,31.968415152248138,1
59.06393759583972,36.62269612924196,36.524683076796094,1
59.08393892926195,40.003034598979774,30.440604085254876,1
59.103940262684176,31.40864887636377,27.0350246080469,1
59.123941596106405,34.59953688006522,26.544512280386712,1
59.143942929528635,29.416069172233094,21.91119212311662,1
59.163944262950864,31.024586206929122,24.331746628038417,1
59.18394559637309,22.45450243516987,16.099236493220232,1
59.203946929795315,21.91155836152759,24.557915769468423,1
59.223948263217544,21.29771396912392,21.383214584921255,1
59.24394959663977,27.901908389862264,14.227702857838402,1
59.263950930062,19.097128539948194,21.751895259618703,1
59.28395226348423,23.354692956591617,11.752504865184399,1
59.30395359690646,18.050164978038783,19.273228391619405,1
59.32395493032869,22.796013884665165,11.669206745022613,1
59.34395626375091,17.7450899837544,12.004017349195875,1
59.36395759717314,20.506292027217103,16.212414971407824,1
59.38395893059537,15.515588853603667,19.173950192669768,1
59.4039602640176,13.781106419745594,13.4757191720287,1
59.42396159743983,22.117807712417186,15.702862116674636,1
59.44396293086206,16.598715946375567,12.582621187026508,1
59.463964264284286,14.130389015797647,11.305720493173315,1
59.483965597706515,18.22781928203159,11.530719799926262,1
59.50396693112874,18.372663807896025,13.445637088749134,1
59.523968264550966,26.060921002573163,12.078384238166958,1
59.543969597973195,17.41107969275919,13.0159232226179,1
59.563970931395424,21.446969292254934,13.141501483133075,1
59.58397226481765,11.978770043096766,18.346731456668472,1
59.60397359823988,18.487808997746292,21.168524941656678,1
59.62397493166211,12.43865280219718,22.7461320753417,1
59.64397626508433,19.343260351052308,15.185325675263956,1
59.66397759850656,19.412246675432762,20.250821772938504,1
59.68397893192879,19.665152501852347,22.39747207501484,1
59.70398026535102,21.008036096591944,19.96349337800792,1
59.72398159877325,24.63765895818172,20.698058308960572,1
59.74398293219548,22.311263390239237,21.044482150464418,1
59.76398426561771,29.540266965556217,23.384525560319247,1
59.78398559903994,28.65388934777547,27.70990282188809,1
59.80398693246216,21.623498631831794,24.735043611121284,1
59.82398826588439,28.713257516996865,29.86843304384427,1
59.84398959930662,36.42802961473926,29.753807071162075,1
59.863990932728846,36.28239585671683,33.467646451171156,1
59.883992266151076,28.620356656239874,32.282141800685494,1
59.903993599573305,30.82710781567537,34.12820381962236,1
59.923994932995534,40.13543906772246,37.57973066877708,1
59.943996266417756,41.28048310523153,43.31621252703056,1
59.963997599839985,38.92845429228699,42.280171527420805,1
59.983998933262214,38.38989653104561,41.22758512538568,1
60.00400026668444,37.946495336808994,37.294917003196815,3
60.02400160010667,44.85508759492879,36.552804656533084,3
60.0440029335289,44.78795403176606,36.12351194161107,3
60.06400426695113,46.74599812820679,50.84626744681345,3
60.08400560037336,50.537201024594935,50.01515713135314,3
60.10400693379558,48.703762902516964,46.55597233262576,3
60.12400826721781,54.61204353356069,46.045519719377495,3
60.14400960064004,58.692735292070275,49.530648884917284,3
60.16401093406227,46.341062860057846,47.689898248478414,3
60.1840122674845,54.80111589956547,49.2987738905332,3
60.20401360090673,57.746451209752564,50.036777584860566,3
60.224014934328956,59.60815612543377,46.46485655583477,3
60.24401626775118,62.39300815468342,57.91132986682581,3
60.26401760117341,59.05610163843466,56.396872311283886,3
60.284018934595636,58.249602852265774,61.596594203010476,3
60.304020268017865,62.862430240071966,59.922571829436365,3
60.324021601440094,63.64057764309491,61.051961802665524,3
60.34402293486232,57.189794205012966,59.34029700157715,3
60.36402426828455,65.56543623261,58.14462207666177,3
60.38402560170678,60.47100113563897,64.00701159656224,3
60.404026935129004,66.58689355535064,64.82519257664234,3
60.42402826855123,72.33034376244044,61.52124007064613,3
60.44402960197346,75.44832390908945,60.37277411398313,3
60.46403093539569,66.28275782908972,64.6417909228883,3
60.48403226881792,66.24264002106655,63.89137125889663,3
60.50403360224015,66.90677387160568,63.737701928548326,3
60.52403493566238,69.25882112113355,62.36942045279825,3
60.5440362690846,65.02584685595875,61.78299980679619,3
60.56403760250683,71.33253616292367,63.944960473318034,3
60.58403893592906,73.32781688250341,66.21688910789341,3
60.60404026935129,71.39305621902155,63.12429132801378,3
60.62404160277352,63.82758980483084,63.5784169915497,3
60.644042936195746,66.87212009362167,59.48656449224023,3
60.664044269617975,69.26144359731086,59.19035054133939,3
60.684045603040204,59.55981169395608,55.52493621551209,3
60.704046936462426,64.92835304169891,60.85940816595626,3
60.724048269884655,61.57739389048304,54.31331264695898,3
60.744049603306884,63.7407571421177,53.06076622613047,3
60.76405093672911,63.062602330183125,52.29777865948934,3
60.78405227015134,59.86165674735671,51.87588455015801,3
60.80405360357357,56.18110581388789,50.86223095036127,3
60.8240549369958,61.42072657566731,46.92065975729359,3
60.84405627041802,53.31835305388187,46.85379852810328,3
60.86405760384025,54.68664009450767,52.890991119847165,3
60.88405893726248,51.598540458297926,44.08027237894677,3
60.90406027068471,50.09779181621779,43.61144380636481,3
60.92406160410694,53.67025971525532,41.49033830797661,3
60.94406293752917,42.088801044005564,40.98042057702352,3
60.9640642709514,44.06916905274473,39.3310657706284,3
60.984065604373626,42.784937540390445,34.33973763846379,3
61.00406693779585,39.95397844784358,33.35878897230997,3
61.02406827121808,41.15572945180735,32.03501079320876,3
61.044069604640306,37.85024803706675,31.039393070811922,3
61.064070938062535,35.57647699505279,27.320416510086176,3
61.084072271484764,34.67045888416164,23.191154265900877,3
61.10407360490699,28.017758494761686,28.599937600649497,3
61.12407493832922,29.25017139031133,24.729980848077176,3
61.144076271751445,28.442037909077104,22.541726875846074,3
61.164077605173674,28.269635085553194,23.741609124268976,3
61.1840789385959,27.70841812963241,22.337340403179706,3
61.20408027201813,24.339226821175917,15.303127942247906,3
61.22408160544036,21.1317446070622,11.676088823194124,3
61.24408293886259,23.640892351840037,11.86794664227529,3
61.26408427228482,23.598505889727033,12.642812576810938,3
61.28408560570705,17.64549352810312,8.718090808280905,3
61.30408693912927,16.23326087174816,15.469088066179314,3
61.3240882725515,19.52986909291808,13.270963913032176,3
61.34408960597373,16.89669868842022,9.301898374296186,3
61.36409093939596,11.550785798992694,5.915263725013583,3
61.38409227281819,13.94607844102198,11.120997965465008,3
61.404093606240416,14.257977840732087,6.450563911876622,3
61.424094939662645,12.357522302710628,10.662215513448583,3
61.44409627308487,12.481716481456447,4.685515530592516,3
61.464097606507096,13.114864001105392,10.229900404776973,3
61.484098939929325,12.166805300500567,6.137038463261069,3
61.504100273351554,9.381394620515556,8.135725312547759,3
61.52410160677378,10.909075036013256,5.724609680509159,3
61.54410294019601,10.020435549147118,6.509914044184214,3
61.56410427361824,12.061945728174395,9.329637548363035,3
61.58410560704047,11.697847997964113,9.73821291940298,3
61.60410694046269,10.412916615174897,9.03505605025136,3
61.62410827388492,13.303430021358812,8.060269999717914,3
61.64410960730715,15.390282373571504,12.659207288586323,3
61.66411094072938,11.394183667176437,8.512788150932673,3
61.68411227415161,15.129877403125477,15.256686761682248,3
61.70411360757384,15.782371757942565,15.269420878778964,3
61.72411494099607,15.085407801293755,16.858895006762957,3
61.744116274418296,19.083753815092106,15.321938605383593,3
61.76411760784052,22.35204796298956,18.176029806576963,3
61.78411894126275,19.94273161574525,15.875996712904124,3
61.804120274684976,24.647108251992318,20.909136293655923,3
61.824121608107205,25.65441103954928,23.409467459846617,3
61.844122941529434,22.56058248544072,25.03434043755107,3
61.86412427495166,29.725790198194026,26.964573256853985,3
61.88412560837389,30.684173302444105,26.515530482873963,3
61.904126941796115,34.45780417297855,33.99990390203959,3
61.924128275218344,31.937898259729366,35.40150237365378,3
61.94412960864057,36.49459113970886,38.629583114485655,3
61.9641309420628,36.29365947784309,39.63455097544068,3
61.98413227548503,40.8706690821497,37.661397968217344,3
62.00413360890726,41.863222649745566,39.28079715343041,3
62.02413494232949,45.22945331952231,41.1058833273009,3
62.04413627575172,46.20801094039291,44.996591744288686,3
62.06413760917394,49.39157128177936,50.1221763645259,3
62.08413894259617,53.36701871497575,49.99214617113527,3
62.1041402760184,52.874002286157996,53.0411662950681,3
62.12414160944063,56.096590479347775,55.35568610804576,3
62.14414294286286,58.175926445165715,56.31012729086779,3
62.164144276285086,58.95765297741353,58.03832323625478,3
62.184145609707315,64.9426104138182,59.457773336560486,3
62.20414694312954,63.29836687209456,58.522848027625294,3
62.224148276551766,64.62872782554423,63.142104821981945,3
62.244149609973995,62.78402209395381,61.87593267721078,3
62.264150943396224,69.07359682672883,66.81876132085986,3
62.28415227681845,70.90699100553604,66.23791394278379,3
62.30415361024068,69.6206400899618,66.80169320664493,3
62.32415494366291,72.88021993378997,70.9393134838635,3
62.34415627708514,75.5918123261547,69.49445934214185,3
62.36415761050736,73.75139796840554,72.31629233581026,3
62.38415894392959,75.89684765977273,71.89114921920313,3
62.40416027735182,78.56842666239214,77.32532511666017,3
62.42416161077405,79.40166839645975,71.68104577782894,3
62.44416294419628,77.42897097677113,74.2944610034413,3
62.46416427761851,78.55954808835655,72.43220144671128,3
62.48416561104074,78.37126398117715,72.73830253381507,3
62.50416694446296,77.41598979470751,74.77072210600527,3
62.52416827788519,78.30783330149087,74.22753298471434,3
62.54416961130742,77.78976674106386,71.34363180263867,3
62.564170944729646,78.56493430843324,72.82210478483397,3
62.584172278151875,77.17521218102132,70.87426861264387,3
62.604173611574105,76.76779588560674,71.45954573371908,3
62.624174944996334,76.08058057439946,71.3056578379993,3
62.64417627841856,76.34630817992007,71.29803280419465,3
62.664177611840785,72.04737459628419,67.5785404089353,3
62.684178945263014,71.10491805407618,66.98486791195093,3
62.70418027868524,72.83047879272709,64.0100287066331,3
62.72418161210747,71.67651685059181,65.40875366846792,3
62.7441829455297,70.82767286988576,60.79833088574574,3
62.76418427895193,66.86605637190256,61.66905946196706,3
62.78418561237416,66.76388195411849,59.209703332466425,3
62.80418694579638,63.19979086145937,57.45277958918262,3
62.82418827921861,61.67674481171999,55.1346786915487,3
62.84418961264084,59.5347215444228,52.80384185039519,3
62.86419094606307,56.35195366644642,50.51185375610152,3
62.8841922794853,55.69455170629194,48.71021168620693,3
62.90419361290753,52.87005798089712,44.09745372747974,3
62.924194946329756,50.37758584057749,43.49698522923366,3
62.944196279751985,48.16895724975144,39.46164025470777,3
62.96419761317421,46.991490705950106,39.05628176488942,3
62.984198946596436,43.53169049338212,36.94732502984004,3
63.004200280018665,41.22931124930155,34.27843555280616,3
63.024201613440894,38.37323312661762,32.77828873069579,3
63.04420294686312,37.0620193807843,29.518264862929257,3
63.06420428028535,34.1099934086796,27.862500749340757,3
63.08420561370758,31.85376792438539,24.430013197779076,3
63.1042069471298,28.14817194058374,22.302576302638858,3
63.12420828055203,27.809380441175602,19.54477275344663,3
63.14420961397426,24.51244520850621,18.155795119356437,3
63.16421094739649,21.977297761822012,14.52377413584837,3
63.18421228081872,19.378276430746727,12.030212408160782,3
63.20421361424095,18.72253867473763,11.557090920406067,3
63.22421494766318,17.472154228555066,10.4838173773283,3
63.24421628108541,15.216468408255036,7.552294166593687,3
63.26421761450763,12.389635546007344,6.618116394863859,3
63.28421894792986,11.717428719643708,5.4650846561403625,3
63.30422028135209,10.042510106903105,4.750649430860684,3
63.324221614774316,8.820662069710286,2.9857106770788624,3
63.344222948196546,6.979237960113373,1.156765767830227,3
63.364224281618775,6.4454332407986605,0.8414723779929504,3
63.384225615041004,4.822728463153046,1.3295281084487995,3
63.404226948463226,5.082390850516535,-0.24688956453087174,3
63.424228281885455,2.9259972988826126,0.5659444029646561,3
63.444229615307684,3.9755288757789358,-1.4130704442995339,3
63.46423094872991,2.690964630146272,-0.8290564296886114,3
63.48423228215214,3.746736497987797,-0.5072954575308755,3
63.50423361557437,2.9692127937754096,-0.7074455236025923,3
63.5242349489966,2.8021888602569307,-0.8290468400418881,3
63.54423628241883,3.5718333777801723,0.1380498315821007,3
63.56423761584105,2.8163104836787216,0.963790532316542,3
63.58423894926328,3.621201316949124,1.220931714368803,3
63.60424028268551,5.975211624199885,2.2689956031914056,3
63.62424161610774,5.951179565301684,2.838262603428428,3
63.64424294952997,6.596059585556611,4.458081518563379,3
63.6642442829522,9.392951353496525,6.215045763707187,3
63.684245616374426,9.70233053733229,7.512168434967517,3
63.70424694979665,9.168499917088635,8.123468460888832,3
63.72424828321888,11.97831149805453,12.919229939397477,3
63.744249616641106,14.499344237430597,12.67619828642926,3
63.764250950063335,16.194441449589863,14.688494543547332,3
63.784252283485564,17.237562092462912,17.85807824171717,3
63.80425361690779,19.29045428049744,15.488030077275564,3
63.82425495033002,20.930493409968935,21.006835694657795,3
63.84425628375225,23.85274591315769,24.354972166643964,3
63.864257617174474,26.839737659012748,25.122313412075407,3
63.8842589505967,28.098409158244042,26.78394089531671,3
63.90426028401893,29.822278737668146,30.060325281557283,3
63.92426161744116,34.304590878050846,32.655138887022034,3
63.94426295086339,36.77711139602914,34.61108757034633,3
63.96426428428562,36.64684636445309,37.089443125292874,3
63.98426561770785,40.3719663681919,39.633784324409184,3
64.00426695113008,42.21602908333386,41.86512065518086,3
64.0242682845523,44.64801228806647,45.426068401951625,3
64.04426961797454,47.1195747709608,46.484530854410245,3
64.06427095139676,51.03679360419205,50.06679899422274,3
64.08427228481898,52.039301825305024,52.023301658558786,3
64.10427361824121,54.04744847614864,53.78195393829784,3
64.12427495166344,57.358012400899355,56.290055726858405,3
64.14427628508567,59.11193155627149,59.08217036639262,3
64.1642776185079,60.09215769720229,59.8814343017894,3
64.18427895193012,63.5899218302732,61.60089568814695,3
64.20428028535235,65.74962636419119,64.65287351727537,3
64.22428161877458,66.49141811673726,67.29209513726931,3
64.24428295219681,69.53737148642301,65.47850097662429,3
64.26428428561904,71.12849024455669,68.3529182958157,3
64.28428561904127,71.38450213317556,69.9631222902395,3
64.3042869524635,74.64164778307185,72.14651811346445,3
64.32428828588573,74.30868272425268,74.09173012652808,3
64.34428961930796,76.20496874214093,73.70505331459768,3
64.36429095273019,77.5054228966278,75.30475621697931,3
64.3842922861524,78.81364810001375,76.43114597471465,3
64.40429361957463,80.36523225073613,76.19479419909442,3
64.42429495299686,79.13042743791924,77.50440154532966,3
64.44429628641909,81.19804623707769,76.42424277567518,3
64.46429761984132,80.28396825451765,78.14139189321529,3
64.48429895326355,80.76514603305749,76.37977292978466,3
64.50430028668578,81.73391311926272,75.78826142020297,3
64.524301620108,80.14941847046117,76.50768632566597,3
64.54430295353023,80.01307589359475,74.95021628710846,3
64.56430428695246,78.82560428702075,75.1056126530573,3
64.58430562037469,78.19298585393798,74.12997863939437,3
64.60430695379692,78.54870555571547,72.96305501230502,3
64.62430828721915,77.35426476375457,73.47341893836374,3
64.64430962064138,78.23340186469355,71.06377221580492,3
64.66431095406361,75.54875180264435,68.92573573213328,3
64.68431228748582,76.1830779975065,68.05637072527603,3
64.70431362090805,72.27517203497419,67.10251350519447,3
64.72431495433028,73.00196390106333,65.24946566905172,3
64.74431628775251,70.88812813424093,62.35713056876637,3
64.76431762117474,69.34719207993733,60.817713214582184,3
64.78431895459697,67.21787865569185,59.6220659269855,3
64.8043202880192,65.3967607338965,55.84634406721613,3
64.82432162144143,62.5552870456238,55.80321951216939,3
64.84432295486366,59.298773845062115,52.7487858394255,3
64.86432428828589,57.174908042401135,47.410330652223344,3
64.88432562170811,55.70706603326649,48.03735809132682,3
64.90432695513034,51.8317307943675,45.03540740866635,3
64.92432828855257,52.91821245353045,43.73912132182378,3
64.9443296219748,48.674238057953474,41.96226520249453,3
64.96433095539703,45.724910627747406,37.51899883100402,3
64.98433228881925,43.33606376872682,34.82072155055897,3
65.00433362224148,41.16388053098068,31.533227852340218,3
65.0243349556637,40.27375829778959,30.98299304021542,3
65.04433628908593,37.04940228756522,29.44736047204847,3
65.06433762250816,34.266121280031214,25.635802731291196,3
65.08433895593039,31.730559621175782,22.99889236728194,3
65.10434028935262,29.44703769362978,21.766191477842835,3
65.12434162277485,26.795975851552182,19.812044019134508,3
65.14434295619708,25.517524487432958,17.074668527887308,3
65.16434428961931,23.313463381367765,15.57926281608332,3
65.18434562304154,19.43747527915676,13.662836282857139,3
65.20434695646377,18.49611521382294,12.349888479582965,3
65.224348289886,16.50176840447068,9.461018287016058,3
65.24434962330822,14.5957601786872,7.775818869079914,3
65.26435095673045,13.982754334737754,5.675191011691762,3
65.28435229015267,11.014327985697149,3.4052721800272616,3
65.3043536235749,9.106852157428097,4.0091725745645626,3
65.32435495699713,10.30045784159487,2.0135117664484583,3
65.34435629041936,6.206639718349532,1.5623234022663168,3
65.36435762384158,6.144866137570809,0.6795712717137701,3
65.38435895726381,5.134986792908424,-0.6436455980236735,3
65.40436029068604,5.196827940293465,-0.8699315584644465,3
65.42436162410827,2.141502235236473,-0.3579394106785294,3
65.4443629575305,4.307756055135156,-0.9840561122439843,3
65.46436429095273,3.2205782114418127,-1.505236024658612,3
65.48436562437496,2.3916273934468633,-0.8751063218712243,3
65.50436695779719,3.3006502158062716,0.06605703606808766,3
65.52436829121942,2.4836821713830863,-0.2016431255477995,3
65.54436962464165,3.609069452560654,0.2662056393226418,3
65.56437095806388,5.3208184842203,0.392408112233242,3
65.58437229148609,5.3666201988737665,0.9377402028965938,3
65.60437362490832,5.429400673394868,1.8517408312426227,3
65.62437495833055,5.7044017473948125,1.3903100479513797,3
65.64437629175278,7.138874949011261,4.5843587942832835,3
65.664377625175,9.002221885541788,5.541342280145031,3
65.68437895859724,9.179126055430398,6.958933867915396,3
65.70438029201947,11.358420712519356,10.353758902653267,3
65.7243816254417,12.146627064273098,11.232989763902385,3
65.74438295886392,14.72896367636198,10.676432645972408,3
65.76438429228615,14.630807069727503,15.182821011714221,3
65.78438562570838,17.367151471920334,15.259878625694867,3
65.80438695913061,19.203209366433185,19.339724381631736,3
65.82438829255284,22.40212429858853,19.08150512076209,3
65.84438962597507,23.295124784638382,22.525944278935384,3
65.8643909593973,25.90099855774265,25.696620653299682,3
65.88439229281951,27.282176449619513,27.986510803186256,3
65.90439362624174,31.369800648772507,30.0609764841202,3
65.92439495966397,31.8448380211734,32.979353163875956,3
65.9443962930862,36.99222961904624,35.65747685975527,3
65.96439762650843,35.87030816260373,39.05936187346874,3
65.98439895993066,41.26183178980612,39.89589743324507,3
66.00440029335289,42.198465835687635,42.05467130914104,3
66.02440162677512,44.36943723091727,44.37898847685301,3
66.04440296019735,46.932467172461955,47.352267899240694,3
66.06440429361957,48.05571913821956,49.54566835691785,3
66.0844056270418,52.11747567882003,51.94988227738174,3
66.10440696046403,54.75642811680842,54.58597256518804,3
66.12440829388626,56.46476732481271,56.176554210541696,3
66.14440962730849,59.121557199191066,56.84988558243485,3
66.16441096073072,60.670935082882025,61.46642224102219,3
66.18441229415293,63.60566703591007,62.24688823392606,3
66.20441362757516,63.76110065340406,65.486181165844,3
66.2244149609974,66.81094597809872,66.22058083183788,3
66.24441629441962,68.78371657753718,68.30828897097823,3
66.26441762784185,72.19386080037602,68.74035984470021,3
66.28441896126408,73.57644074818548,71.15817055091762,3
66.30442029468631,74.32095587856178,71.53917144376406,3
66.32442162810854,76.08870961042498,72.31181129129781,3
66.34442296153077,77.36354540848517,73.48924974418571,3
66.364424294953,77.73939101128701,75.4606490746134,3
66.38442562837523,77.1202670657253,75.35194444140859,3
66.40442696179745,78.76305683207622,76.82278530366423,3
66.42442829521968,80.36936139685004,76.09083359319878,3
66.44442962864191,80.88376721942278,76.35343569643268,3
66.46443096206414,79.8428354696276,76.90519053058041,3
66.48443229548636,79.37516817469724,77.37175411781163,3
66.50443362890859,80.95091784357781,79.0095776736198,3
66.52443496233082,81.47005373746235,75.55377286406865,3
66.54443629575304,79.77494988590982,75.80980657105489,3
66.56443762917527,79.71267316315877,75.4855224081573,3
66.5844389625975,79.56102930589188,74.30176952001463,3
66.60444029601973,78.97789331122384,73.6491272403212,3
66.62444162944196,78.63058954566814,73.1481865046546,3
66.64444296286419,76.94252371406729,70.33708009445763,3
66.66444429628642,75.49479303207076,70.37600235874501,3
66.68444562970865,74.84150635181469,67.0436199311778,3
66.70444696313088,72.81992935468749,66.75788445063444,3
66.7244482965531,71.4639387845232,64.79020502854307,3
66.74444962997534,71.20993717683861,63.66000710140209,3
66.76445096339756,69.97918973888184,60.91808058198821,3
66.78445229681978,66.53105723939105,59.40152255172354,3
66.80445363024201,64.82402544078533,59.262888503393874,3
66.82445496366424,62.28648970348858,55.419222447912134,3
66.84445629708647,60.74302635446406,52.67321180073489,3
66.8644576305087,57.781185969994226,49.837121155209154,3
66.88445896393092,56.301694050255094,48.53018873785157,3
66.90446029735315,53.400958007511896,45.94507045018757,3
66.92446163077538,51.43456348896265,44.063695761975595,3
66.94446296419761,48.60378484567276,40.62444998882719,3
66.96446429761984,46.34578608218302,38.81314328558949,3
66.98446563104207,44.71613439051656,36.9143485747462,3
67.0044669644643,41.56935360899835,31.939970366026746,3
67.02446829788653,39.4031561065684,30.93118994821381,3
67.04446963130876,36.71822357184581,29.18400350962401,3
67.06447096473099,34.290519595978544,25.945861701789156,3
67.0844722981532,30.489720265608423,23.831264590348802,3
67.10447363157543,28.638231110617824,21.541528265391207,3
67.12447496499766,27.430900673893227,19.713927706112685,3
67.14447629841989,25.42819701670094,18.35651317579841,3
67.16447763184212,22.8138046864962,15.478128633338754,3
67.18447896526435,20.784432058882913,12.848209382587683,3
67.20448029868658,19.599799145379723,10.916992567573116,3
67.2244816321088,16.72585206409947,10.767772065399484,3
67.24448296553103,15.255329333178405,7.885904815515635,3
67.26448429895326,13.502681469520954,6.104777091581323,3
67.28448563237549,11.556520008624348,6.21524625184725,3
67.30448696579772,11.671184383223249,3.4645963694656112,3
67.32448829921995,9.474786211679127,2.1197067075958875,3
67.34448963264218,7.811402413152008,2.305171903386247,3
67.36449096606441,6.787879509801314,0.8633001115611357,3
67.38449229948662,4.834505089944843,0.2819783160050617,3
67.40449363290885,4.254071348312716,0.04702118761087326,3
67.42449496633108,4.512620769531312,-1.0035428971220979,3
67.44449629975331,3.9637025474496554,-2.0599424484559883,3
67.46449763317554,3.851335875518657,-2.414002745948907,3
67.48449896659777,3.101513651372102,-0.8072299185190728,3
67.50450030002,3.3215410523655473,-1.0758728553546157,3
67.52450163344223,3.3596321919790775,0.5790068429035853,3
67.54450296686446,3.0900982710526232,-1.1195047986993403,3
67.56450430028669,4.267473996959565,-0.8245567441771364,3
67.58450563370891,5.847435924378863,1.5477400429188435,3
67.60450696713114,5.2131858173465115,3.2741119500932356,3
67.62450830055337,6.034077615897707,2.572433824520968,3
67.6445096339756,7.381271748517121,4.508137149587918,3
67.66451096739783,8.530686464355762,6.8889716595428245,3
67.68451230082005,8.126980133824546,7.551974912549821,3
67.70451363424228,11.197841993340779,8.178209963752845,3
67.7245149676645,12.751867396396243,11.703225009934872,3
67.74451630108673,15.378190199829008,12.254001165424363,3
67.76451763450896,15.409112418329105,13.519749416984316,3
67.78451896793119,17.5776791574175,16.966567080305573,3
67.80452030135342,18.70221568298625,18.210502120997152,3
67.82452163477565,20.600424685381334,21.318565865336147,3
67.84452296819788,24.27932094157618,23.230203553952347,3
67.86452430162011,24.919941562446425,25.66910364968714,3
67.88452563504234,28.79788901843131,28.369720922137493,3
67.90452696846457,30.485661452688216,30.922441738804224,3
67.9245283018868,33.38170173308407,31.64295334232308,3
67.94452963530902,33.387635325222014,34.11685774074103,3
67.96453096873125,37.38126871815566,35.964488961062386,3
67.98453230215347,40.65077419418576,39.99054721635936,3
68.0045336355757,42.10070523549899,41.49715416826693,3
68.02453496899793,45.473389316914535,46.05611166799637,3
68.04453630242016,46.55239094561409,46.49980141957303,3
68.06453763584238,49.85861129062125,49.259971175927014,3
68.08453896926461,52.73064347883115,52.098809760293356,3
68.10454030268684,54.815944778886774,54.41455230114822,3
68.12454163610907,57.33803779505533,55.78412135210405,3
68.1445429695313,57.615016621717984,58.576850681638675,3
68.16454430295353,59.58518315736657,61.08818199561405,3
68.18454563637576,64.30853546421818,63.576993986351525,3
68.20454696979799,67.06501346864108,63.3789346338497,3
68.22454830322022,66.59631850878836,65.2792685068635,3
68.24454963664245,68.95554721482803,68.30293287210192,3
68.26455097006468,71.48407489558365,71.01903080193223,3
68.28455230348689,71.14314653260917,71.24830751834727,3
68.30455363690912,74.72444424898703,71.6306345614993,3
68.32455497033135,76.92297665779542,72.83617790836433,3
68.34455630375358,76.84138191712813,75.17855951752051,3
68.3645576371758,79.2888671447279,76.3363847752718,3
68.38455897059804,77.46218885159881,74.55655305931882,3
68.40456030402026,80.70789286692111,77.34207912438355,3
68.4245616374425,77.81727249956741,78.54734072043321,3
68.44456297086472,80.23380842342029,77.40753162524845,3
68.46456430428695,81.74432171388156,74.81919203858017,3
68.48456563770918,81.08585612769484,78.56426064890364,3
68.50456697113141,79.99230997882428,76.54407090227609,3
68.52456830455364,81.23083743924562,74.6539007327495,3
68.54456963797587,80.56342950593184,75.40150340904891,3
68.5645709713981,80.5888344383517,75.15685050866833,3
68.58457230482031,78.64983904919444,73.75862154230397,3
68.60457363824254,79.047048685919,73.72053282901386,3
68.62457497166477,79.03733995916657,71.84350826591727,3
68.644576305087,76.4719572368223,71.05458501695537,3
68.66457763850923,75.95481875714309,68.91625053667823,3
68.68457897193146,72.86242920189024,68.88228248864793,3
68.70458030535369,73.6077493486344,65.57524286767308,3
68.72458163877592,72.8401684019641,64.4518197748217,3
68.74458297219815,69.78866002211265,61.7136084743486,3
68.76458430562037,69.10265957237088,62.03924554728102,3
68.7845856390426,65.6940358555855,57.93901296700926,3
68.80458697246483,65.21882954705109,57.77674013770048,3
68.82458830588706,62.57863652788593,53.47572532509102,3
68.84458963930929,60.662810413399086,51.770665145694174,3
68.86459097273152,58.22299374695361,50.15765588838722,3
68.88459230615373,55.59372137607549,46.987217994317184,3
68.90459363957596,52.720962651731156,46.46229433188984,3
68.9245949729982,52.91755984992671,42.27810217635317,3
68.94459630642042,48.909091381559975,40.774925161959096,3
68.96459763984265,47.34433930213545,37.88988457195123,3
68.98459897326488,44.8115368436615,36.790113286308056,3
69.00460030668711,41.89673582992658,33.13976131554554,3
69.02460164010934,38.44679396370003,30.15774374882018,3
69.04460297353157,35.88265330090887,28.972451337045147,3
69.0646043069538,36.01854939926213,25.07123503220667,3
69.08460564037603,30.77020605935631,23.994434836032156,3
69.10460697379825,29.081235311614222,24.09749187964615,3
69.12460830722048,27.87693564999269,19.64503900599283,3
69.14460964064271,25.4528547708044,17.10001533244327,3
69.16461097406494,23.018436509281674,15.868951792836416,3
69.18461230748716,21.454042879572345,13.429914986348805,3
69.20461364090939,16.96279017024109,10.093978254667372,3
69.22461497433162,17.447285421769596,10.775296638439851,3
69.24461630775384,13.786989945090534,7.985032861161306,3
69.26461764117607,12.707072441999994,6.602613609525434,3
69.2846189745983,10.886483063337646,4.521017073860699,3
69.30462030802053,10.223367946377845,5.203585505888741,3
69.32462164144276,8.983908281310761,3.1574790327310387,3
69.34462297486499,7.18544601337505,0.8627238635079078,3
69.36462430828722,6.733675963075663,-0.9439799521389625,3
69.38462564170945,5.574071708705994,0.4138256857599715,3
69.40462697513168,6.358825305360853,-0.3556243679831389,3
69.4246283085539,3.6852376379016523,-0.06034247833153694,3
69.44462964197614,2.5861104757511786,-1.1858686678552008,3
69.46463097539836,2.5080206580922386,-1.5309434846860488,3
69.48463230882058,3.7357065733074633,0.7734731585799317,3
69.50463364224281,2.6234081739659425,-1.1053885690737837,3
69.52463497566504,3.4876091570288428,-0.9276795266587763,3
69.54463630908727,2.5039817938609943,-0.33186149436269335,3
69.5646376425095,2.566179162625099,0.10890884817091862,3
69.58463897593172,4.955399692326628,1.3150399515671873,3
69.60464030935395,5.779283716210298,1.5423490453375182,3
69.62464164277618,6.985991184550169,1.6923449122503806,3
69.64464297619841,7.290565651112233,5.1072539678378055,3
69.66464430962064,8.904796761458504,6.172456918434404,3
69.68464564304287,9.478502647542832,7.271697386263412,3
69.7046469764651,12.286938125143084,8.664654717599529,3
69.72464830988733,13.568200469971032,11.518070603142949,3
69.74464964330956,13.116405251775936,13.0498128861908,3
69.76465097673179,14.617499559467737,14.487754115358415,3
69.784652310154,17.232798258911927,17.144789603345217,3
69.80465364357623,19.338766294687257,17.770587896928454,3
69.82465497699846,21.717629677551454,20.89057317377985,3
69.84465631042069,23.844713846519657,22.388217976201812,3
69.86465764384292,25.56431063882172,25.458634528640903,3
69.88465897726515,27.93134488208693,27.883090836988444,3
69.90466031068738,30.19584320562828,29.991499506781793,3
69.9246616441096,32.26431629823939,33.008008717458544,3
69.94466297753183,34.76243090720688,34.92655371129274,3
69.96466431095406,36.57173270906408,37.95335421207619,3
69.98466564437629,40.81593607655404,39.533411179267844,3
70.00466697779852,40.28928508468365,42.61149313965693,3
70.02466831122075,45.834444000530965,44.78490375273209,3
70.04466964464298,47.86309412141169,46.259991265953055,3
70.06467097806521,49.15559535533767,50.50171702996015,3
70.08467231148742,52.29023956260923,51.74841895633896,3
70.10467364490965,53.79283123231581,54.10565791797297,3
70.12467497833188,57.75819622745304,57.372222883697425,3
70.14467631175411,58.28133935646651,59.86223089720636,3
70.16467764517634,60.94035985576337,60.45009352072227,3
70.18467897859857,62.27143729701579,62.204999698393586,3
70.2046803120208,64.33296837907679,64.27511966344916,3
70.22468164544303,68.26364198636894,64.19628645474504,3
70.24468297886526,69.79720487680255,69.07215363080103,3
70.26468431228749,70.30243692231556,68.71035606228777,3
70.28468564570971,71.214264474808,70.31508288987864,3
70.30468697913194,74.89425153515933,71.51726923464955,3
70.32468831255417,74.90409779248712,72.32021658108069,3
70.3446896459764,75.85999373554708,73.46713003652907,3
70.36469097939863,76.7258344839883,73.39715280569449,3
70.38469231282085,77.43616822660336,74.95673158905116,3
70.40469364624308,78.28157601619057,75.32579070471594,3
70.4246949796653,79.5664802571323,76.762639657762,3
70.44469631308753,81.45989639648332,78.03410142620169,3
70.46469764650976,79.50521521825603,77.76326429150465,3
70.48469897993199,81.6353669844892,77.02226125876811,3
70.50470031335422,81.09256580640928,77.32989982935915,3
70.52470164677645,79.02405097228996,76.22919497349234,3
70.54470298019868,80.38571032998047,75.13533788615041,3
70.56470431362091,78.44211927937464,76.03014816120867,3
70.58470564704314,78.70743057146294,73.63568841232477,3
70.60470698046537,79.61116949255218,75.0237166437941,3
70.6247083138876,77.90796310678569,73.98676247478765,3
70.64470964730982,76.31031866888928,70.54019420535124,3
70.66471098073205,76.12990527558695,68.89650306932435,3
70.68471231415427,74.99045776791749,68.57171176543152,3
70.7047136475765,74.18756416231989,67.42799145178505,3
70.72471498099873,70.68611932398318,64.79409615303308,3
70.74471631442096,70.40066686927814,62.58851658359257,3
70.76471764784318,68.62142694724845,60.91743686765344,3
70.78471898126541,66.79988551201062,59.07229356014566,3
70.80472031468764,63.010019435687745,58.04846084916966,3
70.82472164810987,63.77430619778936,52.75222954666023,3
70.8447229815321,59.85890938096032,50.86248677002447,3
70.86472431495433,58.548403886640614,50.76246463476922,3
70.88472564837656,55.25058380233909,48.23708255459471,3
70.90472698179879,53.622358031432434,43.95967632186891,3
70.92472831522102,51.56576925059276,43.56395692577104,3
70.94472964864325,48.40105439757803,39.06901362052067,3
70.96473098206548,45.64623865804612,38.33700248450979,3
70.98473231548769,43.81725550105917,36.3667985868813,3
71.00473364890992,41.424009005204844,33.83343052786498,3
71.02473498233215,39.43171104339917,30.372144920363723,3
71.04473631575438,36.30574295696618,28.647155168083447,3
71.0647376491766,34.21686729193415,26.169926617334575,3
71.08473898259884,30.85506482786936,24.18488099321297,3
71.10474031602106,29.48754255945418,22.857255137281324,3
71.1247416494433,27.03545125594975,18.790685743206463,3
71.14474298286552,24.54210379472104,17.400511057280056,3
71.16474431628775,22.70762031925816,13.693300563523279,3
71.18474564970998,19.76582653492009,11.798868323898782,3
71.20474698313221,19.11390833555245,11.602828711272858,3
71.22474831655444,17.052051052953644,9.903835531678824,3
71.24474964997667,15.971436080334735,8.12595656866311,3
71.2647509833989,12.853038140461244,6.893684498126646,3
71.28475231682111,12.572229113499256,5.80409459905771,3
71.30475365024334,10.591079906689579,4.083619554242439,3
71.32475498366557,8.32174303502439,2.500040017578295,3
71.3447563170878,6.621009075433555,1.2133871808620929,3
71.36475765051003,5.362402536905819,0.38226746258205446,3
71.38475898393226,5.022262611049998,-0.7226605116882716,3
71.40476031735449,4.38887146028276,0.33512575368127295,3
71.42476165077672,3.9175366992109746,-1.1606753724409797,3
71.44476298419895,3.329630194262625,-2.175510154822618,3
71.46476431762117,4.169146784264717,-1.5691789614854892,3
71.4847656510434,3.4101741541874464,-0.5372592639222099,3
71.50476698446563,4.102124042091583,-0.8032688915683373,3
71.52476831788786,2.9249007474687887,-0.2824854122207616,3
71.54476965131009,4.901203520473279,-0.4063559682220901,3
71.56477098473232,3.1545083073974296,1.5029016337543313,3
71.58477231815453,5.482776783896529,0.9603575615687119,3
71.60477365157676,5.37479431094938,2.7627443855316662,3
71.624774984999,5.213836409656004,3.9659607137048334,3
71.64477631842122,6.393571917859985,4.030736139691427,3
71.66477765184345,9.134855853479552,8.491514873956888,3
71.68477898526568,8.28260954795345,8.102419018749254,3
71.70478031868791,11.657575082891515,8.724775265900805,3
71.72478165211014,12.643040148132858,10.336325890180772,3
71.74478298553237,15.269375756125045,13.535225284039985,3
71.7647843189546,16.925828205563178,14.536280290147765,3
71.78478565237683,17.746953325147075,17.115862162676176,3
71.80478698579905,19.190405014579348,18.795393785536962,3
71.82478831922128,21.417807690876995,21.308239923676886,3
71.84478965264351,23.833851462175026,23.007244678910936,3
71.86479098606574,25.487813214062758,25.763649971772132,3
71.88479231948796,27.725433114751127,27.562982773198918,3
71.90479365291019,30.295020890295614,29.618792330160453,3
71.92479498633242,33.4373458532213,32.033858731089886,3
71.94479631975464,35.004077618859405,35.23685038188955,3
71.96479765317687,38.28616887108312,35.977637132177506,3
71.9847989865991,40.18484670788812,41.26501460773172,3
72.00480032002133,43.09984267370912,42.2585917880297,3
72.02480165344356,44.997411522666596,44.031765372160905,3
72.04480298686579,46.91433077286336,47.020299188721076,3
72.06480432028802,50.54759116877903,49.632486176772744,3
72.08480565371025,52.13319613884397,52.13883104510169,3
72.10480698713248,54.63001368597027,54.58507813863619,3
72.1248083205547,55.586044265872935,56.100954117852716,3
72.14480965397694,59.14565149307184,58.388796694016364,3
72.16481098739916,61.35460620525266,60.414859079312976,3
72.18481232082138,62.43909393970244,61.6611121035508,3
72.20481365424361,63.71977836209869,62.72071526535825,3
72.22481498766584,67.22006239767323,65.44182875143566,3
72.24481632108807,69.8427351419618,66.75902783341921,3
72.2648176545103,72.60860930836004,70.37418202711066,3
72.28481898793252,73.33940979939813,70.14169147024711,3
72.30482032135475,75.7207153747143,71.70689839564669,3
72.32482165477698,75.59098395309466,72.89297062823522,3
72.34482298819921,76.2767104792245,75.32789732374312,3
72.36482432162144,77.87118248547063,75.36179144185905,3
72.38482565504367,78.16813761768216,76.73423468963905,3
72.4048269884659,77.85327028491447,76.33896004379359,3
72.42482832188813,79.30748182823974,77.5480673243426,3
72.44482965531036,79.58417899511805,77.04127279311962,3
72.46483098873259,81.07297117954975,76.50139492362743,3
72.4848323221548,81.00399022814688,77.43047277605484,3
72.50483365557703,82.14362225376225,76.39863770734202,3
72.52483498899926,79.36977345773984,76.11250648802178,3
72.54483632242149,80.80054993636047,74.7826563842627,3
72.56483765584372,80.85280774586441,76.74178207539111,3
72.58483898926595,82.02328033393765,75.4821553707179,3
72.60484032268818,79.08499312010687,72.91592944469002,3
72.6248416561104,77.75759549670862,72.67722779183534,3
72.64484298953263,77.56979785169456,70.57354816727931,3
72.66484432295486,75.71374382515111,68.76038138447814,3
72.68484565637709,72.37178007395777,70.32667288888803,3
72.70484698979932,74.7047258912359,66.54649140474734,3
72.72484832322155,71.04847682584222,65.1502648338704,3
72.74484965664378,70.41345929513375,62.913717908270485,3
72.76485099006601,68.13441446222743,60.19046225405062,3
72.78485232348822,65.15868143510846,59.78351061786674,3
72.80485365691045,64.83603862154423,56.18548867186455,3
72.82485499033268,62.21261807252647,54.74454504859972,3
72.84485632375491,60.62368279753717,52.72958922689536,3
72.86485765717714,55.777011929066845,48.57294458598457,3
72.88485899059937,56.85110556743053,47.74924711026549,3
72.9048603240216,53.88454889792991,45.50425513887552,3
72.92486165744383,52.349574430350515,43.53371111847459,3
72.94486299086606,47.19784554540199,41.0119651101831,3
72.96486432428829,46.51510955595663,39.0380705707492,3
72.98486565771051,45.499127024091564,35.11817756273531,3
73.00486699113274,40.2851103700242,33.62801303387306,3
73.02486832455497,38.481740423250905,30.822871958025825,3
73.0448696579772,36.82145504996079,28.561155021701076,3
73.06487099139943,34.00367167214914,27.137185958139256,3
73.08487232482165,30.96449083492623,22.703601540286982,3
73.10487365824387,28.006126653024484,22.94713756890674,3
73.1248749916661,26.94683578445241,17.822373359230767,3
73.14487632508833,23.83786141212373,16.814001358769463,3
73.16487765851056,22.337214282517987,13.991513671288924,3
73.18487899193279,19.758018248161285,12.366025881732863,3
73.20488032535502,18.18134695057892,10.44609372028745,3
73.22488165877725,15.63294170203549,10.34635731646634,3
73.24488299219948,13.65810469223617,8.745511963530328,3
73.26488432562171,13.797798023046708,4.606055182472398,3
73.28488565904394,10.405290006934873,4.857377116053473,3
73.30488699246617,9.72315228633783,3.2352089481471142,3
73.3248883258884,8.602817306635098,3.111484471508049,3
73.34488965931062,8.184533022184876,1.5800495649788129,3
73.36489099273285,6.012787761698654,1.756564438663615,3
73.38489232615507,4.77377628866694,1.2220664913858685,3
73.4048936595773,5.372914845089188,-0.5227057089458624,3
73.42489499299953,4.08122080923426,-0.7689737716209476,3
73.44489632642176,2.6525746526100864,-1.1460538932926954,3
73.46489765984398,4.659958283886037,-0.7649218771443785,3
73.48489899326621,2.5032219362668764,-1.6873026371307935,3
73.50490032668844,3.8108656800072263,-0.41402211521720766,3
73.52490166011067,3.0797451914335445,-0.6205985518599847,3
73.5449029935329,5.176070780174169,-0.46280252152411067,3
73.56490432695513,3.9483123289529556,0.8566494700369014,3
73.58490566037736,3.705313083128023,2.5784552026033567,3
73.60490699379959,6.697744998462754,2.0735277620635837,3
73.62490832722182,4.010455574711088,1.612240506432489,3
73.64490966064405,7.5768525370114626,4.111321907251406,3
73.66491099406628,8.395067279951236,6.856719718255806,3
73.68491232748849,9.825627302980985,7.39993961534242,3
73.70491366091072,9.876534076530465,9.225033367603302,3
73.72491499433295,11.143649249714832,10.478925455474439,3
73.74491632775518,13.390036008665916,14.058821863042184,3
73.7649176611774,15.580693809671372,15.000919604824773,3
73.78491899459964,18.242772954437303,16.499402658738312,3
73.80492032802186,17.776916572040573,18.745579374401782,3
73.8249216614441,22.246888832223675,22.573361335908764,3
73.84492299486632,23.329673977354634,22.322518098427857,3
73.86492432828855,26.045053491517407,25.261215579723547,3
73.88492566171078,26.71301117767718,26.85562846953256,3
73.90492699513301,30.507007918933432,29.49454901835549,3
73.92492832855524,33.73832673891925,31.74635451847887,3
73.94492966197747,34.7813733111271,34.75110245436462,3
73.9649309953997,37.73276728707429,35.845924974267,3
73.98493232882191,40.51934948397175,40.06030963944352,3
74.00493366224414,42.954197552411294,41.35417768524205,3
74.02493499566637,43.96691441436652,44.8427658541405,3
74.0449363290886,47.819513131014034,45.47969457805462,3
74.06493766251083,50.11632432238783,49.57191833008867,3
74.08493899593306,52.82795670892764,52.270876859573,3
74.10494032935529,55.76527176746548,53.7470309767501,3
74.12494166277752,57.43441697360265,56.23964480576296,3
74.14494299619975,58.90241214859749,58.648834241603765,3
74.16494432962197,59.53098745032854,60.651748506790206,3
74.1849456630442,63.97549103752592,62.13021340638673,3
74.20494699646643,65.41569288538685,64.39638801240172,3
74.22494832988866,66.40718323484063,66.64309398165689,3
74.24494966331089,69.24814749989098,67.23288547727074,3
74.26495099673312,70.53480192378291,70.20422675250525,3
74.28495233015533,73.63277916494866,71.60854439869769,3
74.30495366357756,73.31019351223654,71.88907563517898,3
74.3249549969998,74.42548029194798,74.00338059217266,3
74.34495633042202,76.9712099832575,72.95553657710973,3
74.36495766384425,78.45740956775082,74.1247961984971,3
74.38495899726648,77.85592173953096,74.83196740839855,3
74.40496033068871,79.86349361261622,75.2292640106373,3
74.42496166411094,81.16793631816009,77.36202867492263,3
74.44496299753317,80.2075205304391,75.98172432543569,3
74.4649643309554,80.618846005193,76.13632965939152,3
74.48496566437763,81.8263054988197,77.04113031688583,3
74.50496699779985,82.05079260126313,76.39432398555635,3
74.52496833122208,79.61582592077082,76.08261706361527,3
74.54496966464431,79.75774913773455,75.89072337578354,3
74.56497099806654,79.99037550662712,74.47009971407971,3
74.58497233148876,80.38996767261594,73.73496018486368,3
74.60497366491099,78.34611624349861,73.54243223340498,3
74.62497499833322,78.8958148960328,71.99789380795374,3
74.64497633175544,76.4778699940326,70.13235788851983,3
74.66497766517767,75.15374665082393,70.68504771796034,3
74.6849789985999,74.03494776825909,68.65341514126956,3
74.70498033202213,74.56305592201244,65.64600376128635,3
74.72498166544436,70.91558662944023,63.678039640446976,3
74.74498299886659,71.66741191512611,62.57839623146181,3
74.76498433228882,67.61991770151333,60.166505327918955,3
74.78498566571105,65.78497124784951,59.15259763305948,3
74.80498699913328,65.02641579229008,57.98793543125584,3
74.8249883325555,61.76225450294446,54.50755943399259,3
74.84498966597774,59.92995857796848,51.602547606057605,3
74.86499099939996,57.61583115764515,49.58672482327142,3
74.88499233282218,56.74721723229963,48.01641525239321,3
74.90499366624441,54.403468942048875,44.328249346882615,3
74.92499499966664,50.454607066738056,42.64917722972362,3
74.94499633308887,48.866182323731486,40.30863936324981,3
74.9649976665111,45.59831481687484,38.12551574737521,3
74.98499899993332,43.87893380227372,35.70611137260534,3
75.00500033335555,40.920730224745945,32.448196162246376,3
75.02500166677778,37.05591638357316,30.66208775330409,3
75.04500300020001,36.58389611522948,28.63446506696821,3
75.06500433362224,35.70297670225882,27.21655297413365,3
75.08500566704447,30.560644749431482,25.091040693992735,3
75.1050070004667,30.02263916132576,20.950116140556503,3
75.12500833388893,27.03322424941674,19.507201460654855,3
75.14500966731116,24.934251847196478,16.677863462324307,3
75.16501100073339,20.129309420182324,14.338618103143038,3
75.1850123341556,22.6110184255476,13.442292346766868,3
75.20501366757783,18.56557729767577,11.315358295638728,3
75.22501500100006,16.802785804180534,9.718140987225144,3
75.24501633442229,15.445540089531963,9.304713036390433,3
75.26501766784452,12.305867443642958,7.126790923506045,3
75.28501900126675,12.865343067480953,4.494178715955526,3
75.30502033468898,10.068699487487718,5.380004674752729,3
75.3250216681112,9.02376919539807,2.480700328351819,3
75.34502300153343,8.363158006611307,2.2096570870624834,3
75.36502433495566,7.3601981856356895,-1.1151707534366992,3
75.38502566837789,7.831049732224688,-0.6406121303885376,3
75.40502700180012,4.069055325799462,0.09172234986615446,3
75.42502833522235,3.891796881197441,-0.43230152091355883,3
75.44502966864458,3.523127864219282,-1.233474145757829,3
75.46503100206681,2.391479053176334,0.5320668966610729,3
75.48503233548902,2.901643284914594,-0.5161903505337344,3
75.50503366891125,2.1021568276065206,-1.7021960727567254,3
75.52503500233348,2.1463021385901078,-0.38908631293888774,3
75.54503633575571,5.370514604016236,0.20866033987832722,3
75.56503766917794,4.304307485309385,0.2894855064177293,3
75.58503900260017,4.89592191681038,2.850698347957616,3
75.6050403360224,3.990398200860465,0.2012865948481628,3
75.62504166944463,4.952306131350041,3.259736781920837,3
75.64504300286686,7.533332443299839,4.599978847240534,3
75.66504433628909,7.744929163465528,5.90171767296444,3
75.68504566971131,8.718573376607123,7.948568107776324,3
75.70504700313354,11.500105209484994,8.669813056319159,3
75.72504833655577,12.35443515091355,10.075039888562683,3
75.745049669978,16.439904153603507,14.010355891019467,3
75.76505100340023,15.341637175112801,15.871517550506047,3
75.78505233682245,17.18885747710266,16.828542648084056,3
75.80505367024467,20.45399373817304,18.143676406698802,3
75.8250550036669,21.180401627951554,20.743034398788506,3
75.84505633708913,24.768176041914927,22.066216248926622,3
75.86505767051136,23.805383198877966,25.153705251865148,3
75.88505900393359,27.540064359923054,28.54507358307884,3
75.90506033735582,31.02838439783433,30.184180015823788,3
75.92506167077805,33.79203651111173,33.14961577883439,3
75.94506300420028,36.11113037213044,35.80581331925289,3
75.96506433762251,38.79798138256755,36.87158171413508,3
75.98506567104474,41.63494278533671,41.31525720798206,3
76.00506700446697,43.10799730516713,42.314802183649974,3
76.0250683378892,45.902177143891734,44.277884860369,3
76.04506967131142,47.225578483655205,47.91966216069233,3
76.06507100473365,48.8764387613864,48.47091001688996,3
76.08507233815587,52.663757047183466,52.258411313463625,3
76.1050736715781,53.956958700450166,53.95181405943601,3
76.12507500500033,56.24857512610982,57.33691751768147,3
76.14507633842256,59.175917688823084,58.03306388135668,3
76.16507767184478,61.31917622571365,59.171385631716895,3
76.18507900526701,63.486224915985005,62.45751788585237,3
76.20508033868924,65.56583961103436,64.13397438501987,3
76.22508167211147,66.56500630105776,66.01403120838556,3
76.2450830055337,69.44615785041516,66.67587853954211,3
76.26508433895593,70.84890975703851,68.11501006905998,3
76.28508567237816,73.62068534305541,71.18399122445129,3
76.30508700580039,75.00145275267658,72.9023969016315,3
76.32508833922262,75.81984497058534,73.02214797796161,3
76.34508967264485,76.60839692872453,75.92872425417086,3
76.36509100606708,77.72997056331742,74.35687473309126,3
76.38509233948929,79.07175150080504,75.28653262879438,3
76.40509367291152,79.21652539067492,78.11290698525244,3
76.42509500633375,79.19019370193668,76.61686358181917,3
76.44509633975598,80.82916176017594,78.49399284860591,3
76.4650976731782,81.5281337854462,78.01970568684675,3
76.48509900660044,80.5756406550625,75.72202839967807,3
76.50510034002266,79.8422008325653,76.66675496108584,3
76.5251016734449,79.86231684865928,75.26642412165886,3
76.54510300686712,79.72436939526808,76.11150074752759,3
76.56510434028935,81.40688868716329,74.33496954452376,3
76.58510567371158,79.56900462584663,73.97235947413462,3
76.60510700713381,80.11115115028176,72.53131944728247,3
76.62510834055604,77.69128367718659,71.1058536461452,3
76.64510967397827,77.39381163447631,71.2842878985583,3
76.6651110074005,75.41026958287684,68.89147842484293,3
76.68511234082271,75.47529361437435,68.24247281642648,3
76.70511367424494,73.0821938401128,67.20158030230995,3
76.72511500766717,71.67679387024259,64.83144220799497,3
76.7451163410894,70.3725567669452,63.05160651695605,3
76.76511767451163,68.82497330778257,60.91838905144458,3
76.78511900793386,65.99962296895082,59.48867659531606,3
76.80512034135609,63.79230210733627,58.11108626979435,3
76.82512167477832,61.841815116051905,54.50900739269548,3
76.84512300820055,60.366328951153854,52.7000277856792,3
76.86512434162277,56.70559227419145,49.75580444354763,3
76.885125675045,56.15796563087204,46.81116000118159,3
76.90512700846723,52.53754907576689,46.50801515781186,3
76.92512834188946,50.75744375385227,42.57354474109361,3
76.94512967531169,47.78907495586259,39.73165183196636,3
76.96513100873392,44.863409014288514,38.35359566609719,3
76.98513234215613,44.544403119476605,36.44467671928444,3
77.00513367557836,40.05818109273739,33.72882826157101,3
77.02513500900059,38.081192491391676,30.218289810438552,3
77.04513634242282,37.155116171271885,27.981518337715922,3
77.06513767584505,35.00838500176743,25.652954912273863,3
77.08513900926728,30.979969062941212,23.48265410199598,3
77.10514034268951,29.066480006929275,21.579838295206276,3
77.12514167611174,24.85974618603139,20.123110025965833,3
77.14514300953397,25.512788954089768,17.751138645821936,3
77.1651443429562,23.30033881546923,16.02111167249266,3
77.18514567637843,21.918397091067302,12.370001929581328,3
77.20514700980065,19.7260804922676,11.821183178175966,3
77.22514834322288,15.097331303466273,10.127891229520648,3
77.24514967664511,16.20566139543905,7.888267861377026,3
77.26515101006734,13.897331136127516,7.626634108311556,3
77.28515234348956,11.68615720178784,4.78842749650136,3
77.30515367691179,9.710752465578077,4.43021029107676,3
77.32515501033402,10.45470848694923,3.015817950584186,3
77.34515634375624,7.148221574761582,1.501232563950261,3
77.36515767717847,7.028157985046122,1.9867077852972035,3
77.3851590106007,5.3646377861511745,0.30977949536068783,3
77.40516034402293,5.409698649354897,0.25277860513676675,3
77.42516167744516,5.488732773713985,-0.9248856866725781,3
77.44516301086739,3.2374225735104742,-1.8444021004462647,3
77.46516434428962,3.827595290765972,-0.19882333618592185,3
77.48516567771185,3.9577219517904676,-2.177548070873477,3
77.50516701113408,2.978410843017525,-1.8200449804312036,3
77.5251683445563,3.6180664463182994,-0.6005710269184062,3
77.54516967797854,3.9616007873199104,0.7271591945419451,3
77.56517101140076,3.427644790115692,1.614589287039285,3
77.58517234482298,5.02635943303192,3.2356136974259533,3
77.60517367824521,4.636107060036786,2.021525803744659,3
77.62517501166744,4.373782769771625,3.717439206177294,3
77.64517634508967,6.820832353104258,4.204048224641772,3
77.6651776785119,8.79421783425164,6.297027543391004,3
77.68517901193412,8.902288565403369,7.1297427687578105,3
77.70518034535635,11.885918288328368,8.982322938022689,3
77.72518167877858,13.641206694843712,12.781132892452268,3
77.74518301220081,13.937441076275608,13.848621123990657,3
77.76518434562304,16.59478788711002,14.138111250480225,3
77.78518567904527,18.028993272008485,16.390534344028307,3
77.8051870124675,19.774513478396635,19.139651535513142,3
77.82518834588973,20.704591804970306,21.71701580526469,3
77.84518967931196,25.163735222091884,21.235813194648888,3
77.86519101273419,27.322682560720658,25.011793576234606,3
77.8851923461564,27.860664906732794,26.627395626887747,3
77.90519367957863,31.25138311554839,30.846677353759905,3
77.92519501300086,32.794791195331115,32.38030260468068,3
77.94519634642309,34.45482523147171,34.09263971745931,3
77.96519767984532,37.81644777854979,37.303255573282094,3
77.98519901326755,39.78945347377867,40.08033944929215,3
78.00520034668978,43.77761040396977,41.15189106591246,3
78.025201680112,46.267062576290165,44.50022638395826,3
78.04520301353423,47.2839386689088,47.08485310735367,3
78.06520434695646,49.94601765485051,49.80814700690983,3
78.08520568037869,52.754376845815806,51.442608752527825,3
78.10520701380092,55.420985241408125,54.61540931087772,3
78.12520834722315,56.5380335638069,56.995883146763,3
78.14520968064538,59.47551484007071,58.89664077271149,3
78.16521101406761,59.36550142787698,60.5640922070483,3
78.18521234748982,62.932312510888416,62.09978418866834,3
78.20521368091205,65.10154754027907,64.13339643958581,3
78.22521501433428,67.99626764110592,65.78466105508303,3
78.24521634775651,68.63090889578443,66.37000318064973,3
78.26521768117874,70.85822126557005,67.20618198177225,3
78.28521901460097,71.84568536589174,70.2734339181768,3
78.3052203480232,73.73144990596501,71.13369000048772,3
78.32522168144543,76.86543445321918,72.5216411293421,3
78.34522301486766,77.81553909961634,72.88560435146528,3
78.36522434828989,78.32117723407713,75.51481315320532,3
78.38522568171211,78.62394339799702,75.45493904559991,3
78.40522701513434,79.85803172684244,75.81234700228231,3
78.42522834855657,80.72914839752879,76.02903375039227,3
78.4452296819788,80.39459729958925,76.7117972369877,3
78.46523101540103,81.33225482717846,77.78692443692914,3
78.48523234882325,79.51124399287826,77.24144478646865,3
78.50523368224547,80.94605893146296,77.02903984649524,3
78.5252350156677,81.33654669773958,76.1967131963066,3
78.54523634908993,80.54383061773436,76.17151164854035,3
78.56523768251216,79.0882444874589,74.7913928963273,3
78.58523901593439,78.96791120036056,74.64941075612437,3
78.60524034935662,78.39803650495956,73.78219864891318,3
78.62524168277885,78.19217645311579,72.057222033438,3
78.64524301620108,76.76863170639392,70.56847797228058,3
78.66524434962331,74.1971803896275,70.0699008084037,3
78.68524568304554,74.57287919998738,69.60469393509645,3
78.70524701646777,74.38770541314811,65.69898123834096,3
78.72524834989,71.39453344077042,64.41031549024197,3
78.74524968331222,70.32771675180201,62.786145182032776,3
78.76525101673445,66.53429189606196,61.21489883138944,3
78.78525235015667,66.02576784587404,59.3933950690977,3
78.8052536835789,65.24960273576153,56.60543221389065,3
78.82525501700113,62.92218984970889,54.35686373342508,3
78.84525635042336,61.398951841035895,53.03463502987151,3
78.86525768384558,59.61571027411963,50.79533954952103,3
78.88525901726781,55.09898093803275,47.92972717058867,3
78.90526035069004,54.253732256538505,44.93395650736098,3
78.92526168411227,48.59066716347502,43.30935242976875,3
78.9452630175345,48.40631860596126,40.88452724575837,3
78.96526435095673,45.99791144602715,37.560552538153644,3
78.98526568437896,43.28363260043395,36.192107778841695,3
79.00526701780119,41.794619198937106,32.58778883266401,3
79.02526835122342,41.175749266151946,32.05160982499138,3
79.04526968464565,37.307659723343406,28.436333056131414,3
79.06527101806788,34.03129119301145,26.361755314482377,3
79.08527235149009,31.431795277426335,23.98542987483545,3
79.10527368491232,29.76259121168132,22.302925215616394,3
79.12527501833455,26.99554802961211,19.18303810902931,3
79.14527635175678,24.743274528618482,17.826593416927942,3
79.165277685179,22.93434181505821,14.890146323206068,3
79.18527901860124,21.020292696811566,12.651302155221398,3
79.20528035202346,19.60469166044111,11.076899791590886,3
79.2252816854457,16.1430944980586,9.466535567845604,3
79.24528301886792,14.266347335661742,7.187081552945002,3
79.26528435229015,13.249906764810605,6.163086834839831,3
79.28528568571238,11.119743122211542,5.442828424270991,3
79.30528701913461,9.519359137975984,3.6679809167947,3
79.32528835255684,9.401841088323431,2.0038447973047067,3
79.34528968597907,7.473132795820262,1.6802757045367904,3
79.3652910194013,5.672343720946559,1.5494866647762087,3
79.38529235282351,7.197677375234254,0.6444461355500686,3
79.40529368624574,5.869553630876133,-0.0822768097532135,3
79.42529501966797,3.860859844749525,-0.6229939931944787,3
79.4452963530902,3.4415495149405686,0.590097193220952,3
79.46529768651243,3.088868803236861,-1.3727506617071914,3
79.48529901993466,3.375238035594895,0.7843011807840634,3
79.50530035335689,0.7498383317964161,-0.7504057707678891,3
79.52530168677912,2.4813263032023984,-0.45085813304378675,3
79.54530302020135,5.359462823943792,0.4630960103339973,3
79.56530435362357,3.037373027619686,1.1968397676898515,3
79.5853056870458,5.017200724312099,1.582216071385515,3
79.60530702046803,5.560938363334353,2.305705034814326,3
79.62530835389026,4.982761071368306,4.2508484707211505,3
79.64530968731249,6.286463969422818,4.943880231950125,3
79.66531102073472,7.6263956309712135,4.75014293582896,3
79.68531235415693,10.133747564214188,7.839883156626717,3
79.70531368757916,12.549217454565628,10.388571167814693,3
79.72531502100139,11.603864048897456,10.062455360770109,3
79.74531635442362,13.944086305367712,11.440840887473158,3
79.76531768784585,16.550445142985506,14.499507229597622,3
79.78531902126808,16.31362192287513,15.342221469847821,3
79.80532035469031,19.931952508826594,19.098104529840047,3
79.82532168811254,21.52627388286089,22.093617031182514,3
79.84532302153477,23.492200548441527,22.807428119909293,3
79.865324354957,27.15593546056511,25.95101678606194,3
79.88532568837923,28.61971075737752,29.777970951657935,3
79.90532702180145,31.661146671371384,30.789419179906147,3
79.92532835522368,31.9500438977154,33.084630170956075,3
79.94532968864591,35.042899152617416,33.076888680714625,3
79.96533102206814,38.002492309349364,36.85996666930906,3
79.98533235549036,39.80973160260394,40.5240682641489,3
80.00533368891259,42.91504699517547,40.8505259493748,3
80.02533502233481,44.065583135399706,46.35995954803798,3
80.04533635575704,49.00973688515808,47.821199721880035,3
80.06533768917927,51.02632190964882,50.36219359298462,3
80.0853390226015,53.68856033554116,52.90599337336264,3
80.10534035602373,54.979833938872694,55.605833890689716,3
80.12534168944596,56.66550293581118,56.477016304019074,3
80.14534302286819,59.48686485230609,58.37142388510644,3
80.16534435629042,61.33439204433159,60.992076858193535,3
80.18534568971265,63.55183009250388,60.93012317422562,3
80.20534702313488,64.12382410113628,64.77060714450461,3
80.2253483565571,66.94968056990112,64.4292563183726,3
80.24534968997934,69.04659506375502,67.68940577928687,3
80.26535102340156,70.39280645214856,68.52286248858546,3
80.28535235682378,72.40097263235376,70.66097019153813,3
80.30535369024601,75.0937203928682,70.34228368140538,3
80.32535502366824,75.01491228050874,72.5809635516496,3
80.34535635709047,75.65730288180856,72.40962581049001,3
80.3653576905127,77.51321292430289,74.99700411721898,3
80.38535902393492,78.84759053778795,76.78677428899961,3
80.40536035735715,80.24825843810905,74.99189882602023,3
80.42536169077938,80.48466459347934,76.01231837841648,3
80.44536302420161,80.68875659872255,76.48549970815407,3
80.46536435762384,80.74538457934078,75.58165116771066,3
80.48536569104607,80.17684078442898,76.61725519850977,3
80.5053670244683,81.03539011242287,78.77797975877061,3
80.52536835789053,83.18258906651361,76.42926562364885,3
80.54536969131276,80.88081682805608,74.88293259281326,3
80.56537102473499,80.52804823743718,76.0107759105946,3
80.5853723581572,80.34489808045792,72.82862800541002,3
80.60537369157943,77.7433100269593,73.78711444322303,3
80.62537502500166,76.23713022301988,72.0102777534633,3
80.64537635842389,77.4547610503822,71.89918668032598,3
80.66537769184612,75.55576788894123,70.38816727902194,3
80.68537902526835,75.64873718399234,68.88268195788447,3
80.70538035869058,73.26692082770548,66.1397195598545,3
80.7253816921128,72.07650164939975,64.93068703948938,3
80.74538302553503,69.549010721344,61.512211088200445,3
80.76538435895726,68.9631294139356,61.104993232888866,3
80.78538569237949,67.57132482061536,59.64359762914436,3
80.80538702580172,64.21473699569076,56.364507046487184,3
80.82538835922395,63.77510557514234,55.56962311392181,3
80.84538969264618,60.14855860369365,51.848450875016994,3
80.86539102606841,57.2502156741923,50.69431573972226,3
80.88539235949062,55.44507289310549,46.6398966281593,3
80.90539369291285,53.722447750466216,45.744948975140524,3
80.92539502633508,51.30349359533352,43.39216490727959,3
80.94539635975731,47.81511844881193,41.148292998815684,3
80.96539769317954,46.521121145454224,37.21401118595092,3
80.98539902660177,43.693637948547284,35.15315448039354,3
81.005400360024,42.133377999416346,32.46017211524851,3
81.02540169344623,38.98403413742492,31.30375394026469,3
81.04540302686846,36.30119286639423,27.6733198288152,3
81.06540436029069,34.99667200553016,26.60180774966057,3
81.08540569371291,31.87560171861717,23.2887719684136,3
81.10540702713514,30.462411762041455,21.94265477232558,3
81.12540836055737,27.37862142684353,20.5253570646941,3
81.1454096939796,24.555594049007073,16.69717375664174,3
81.16541102740183,22.136111678889154,15.340492319106366,3
81.18541236082405,20.151765388610023,13.227302016742776,3
81.20541369424627,16.998155402712886,11.035617245445023,3
81.2254150276685,15.532205421051522,9.88511643831061,3
81.24541636109073,15.248246229040943,8.790070377729203,3
81.26541769451296,13.942723854782965,6.582003221102061,3
81.28541902793519,11.578842592679809,4.150222039430954,3
81.30542036135742,8.786879320099844,4.395184012417235,3
81.32542169477965,10.350531294878254,2.4185987935976527,3
81.34542302820188,7.250620293129715,1.7939413413320202,3
81.36542436162411,6.932618372685195,0.726700842456449,3
81.38542569504634,5.018260063108099,-0.00821616986407861,3
81.40542702846857,4.309533685838683,0.05873453058509481,3
81.4254283618908,3.423172155411012,-0.5768161595600121,3
81.44542969531302,3.907905809943319,-0.9430962412940843,3
81.46543102873525,2.514776487542616,-1.3502589221230412,3
81.48543236215747,3.1673670958814224,0.24988876450368025,3
81.5054336955797,2.078515348784231,-1.2232804047275676,3
81.52543502900193,3.0246806513974174,-0.03693755084923256,3
81.54543636242416,3.4985265471235185,0.4468627608172798,3
81.56543769584638,3.780371321457698,-0.5361294499946387,3
81.58543902926861,3.505258643843635,0.811559100889298,3
81.60544036269084,4.036576939968137,1.106922533927596,3
81.62544169611307,6.580385413336087,3.71147538520484,3
81.6454430295353,6.774050989994661,5.606169272925786,3
81.66544436295753,8.918029953572592,6.929115187044069,3
81.68544569637976,9.45151764880562,6.28255492762818,3
81.70544702980199,9.15579359299863,9.600913679066169,3
81.72544836322422,12.371421809641154,10.596557540255441,3
81.74544969664645,13.738016677039244,13.33847798844582,3
81.76545103006868,15.222497559434856,14.255559417828223,3
81.78545236349089,16.679199360071227,16.067915997268813,3
81.80545369691312,19.54172652727911,19.262015994669678,3
81.82545503033535,21.322433802878233,20.66507768392735,3
81.84545636375758,24.202199504515626,22.634929972688873,3
81.8654576971798,24.628601178031282,25.547676629885938,3
81.88545903060204,29.57447722919139,26.533208011196624,3
81.90546036402426,30.99005341698573,30.720654749745705,3
81.9254616974465,33.23055494242676,32.30395363259638,3
81.94546303086872,34.365102671737915,36.525768510008476,3
81.96546436429095,38.16434995596624,36.91598936419108,3
81.98546569771318,39.07230029352572,41.47421176095386,3
82.00546703113541,42.6299884113581,41.44122836850933,3
82.02546836455764,46.128530834455944,43.85187218699225,3
82.04546969797987,48.11150548158342,47.73624200798711,3
82.0654710314021,51.36136960705419,47.49531723608952,3
82.08547236482431,52.72351747127881,51.334316263788054,3
82.10547369824654,54.20118015332277,53.10953177523666,3
82.12547503166877,57.554067960917976,55.23742427717115,3
82.145476365091,59.734779097969884,58.64470195653246,3
82.16547769851323,61.889654571821744,58.24333482823127,3
82.18547903193546,64.24488421986487,61.81884757275218,3
82.20548036535769,66.22074882198609,63.006523783717384,3
82.22548169877992,67.29723981439642,65.85831855840667,3
82.24548303220215,68.33373471016573,66.90731703019705,3
82.26548436562437,71.38726256671953,69.53989874293842,3
82.2854856990466,72.02754406208163,70.40170767322648,3
82.30548703246883,74.98105036350827,71.07860558305241,3
82.32548836589106,75.0433457253589,73.25229727776549,3
82.34548969931329,76.13951272490694,72.90592474122207,3
82.36549103273552,76.09602253446353,74.2986199399464,3
82.38549236615773,78.98530104879156,75.91592009507816,3
82.40549369957996,79.48590836434651,75.97057322503228,3
82.42549503300219,79.381240545754,75.63951083526466,3
82.44549636642442,79.87927070507448,77.92910608344923,3
82.46549769984665,80.77713540765806,76.21877632654694,3
82.48549903326888,81.79999790175512,76.70718778062358,3
82.50550036669111,79.36685112811006,76.02204907828141,3
82.52550170011334,79.93121644221962,76.95300007184835,3
82.54550303353557,80.32908281386665,75.15559867081497,3
82.5655043669578,79.40925077756867,75.26469920955526,3
82.58550570038003,79.93876003208531,72.7967535756207,3
82.60550703380225,78.92793588506288,73.11334794938921,3
82.62550836722448,76.70010116891022,72.81467318714635,3
82.64550970064671,78.82740876768834,71.67727233744314,3
82.66551103406894,76.29287577744064,70.47564975320158,3
82.68551236749116,73.966846973853,68.99026259549396,3
82.70551370091339,72.89740824517288,66.37447699153383,3
82.72551503433561,70.36065517984758,64.76781161629447,3
82.74551636775784,68.84223513808999,62.11578410895322,3
82.76551770118007,68.24324726778694,61.624339300315214,3
82.7855190346023,66.67938036835268,57.80501679266225,3
82.80552036802453,65.18758236748566,56.35316413828685,3
82.82552170144676,61.59811256670404,54.745597000966974,3
82.84552303486899,62.134684889414665,51.867315961502825,3
82.86552436829122,58.243634970235014,50.383606745539986,3
82.88552570171345,54.91017665189065,46.44607192266846,3
82.90552703513568,54.401062420509504,44.550059226720784,3
82.9255283685579,51.59576541465108,42.687795180610955,3
82.94552970198013,48.65298460191216,41.32902516308923,3
82.96553103540236,45.41008631951151,39.52894311754635,3
82.98553236882458,44.87835684480388,34.13705299048641,3
83.00553370224681,41.188354092048456,32.39433389917365,3
83.02553503566904,38.14391476055527,30.20562891572479,3
83.04553636909127,35.929899329537335,28.315529197376247,3
83.0655377025135,34.812563356393845,26.760350635398233,3
83.08553903593572,31.723140539754787,23.032579804744046,3
83.10554036935795,29.59703899355645,21.653140737936496,3
83.12554170278018,27.4425759895502,18.940268223822645,3
83.14554303620241,25.613982757874798,18.29023404986156,3
83.16554436962464,22.14844382938154,15.213394068381131,3
83.18554570304687,20.426571354727717,13.16936428806807,3
83.2055470364691,18.939129241424638,12.347043612158913,3
83.22554836989133,16.599783050126085,9.283144026066335,3
83.24554970331356,15.422933483405167,8.652883762601025,3
83.26555103673579,12.63053247365654,6.903318204723115,3
83.285552370158,10.95662702845193,5.601739771135617,3
83.30555370358023,9.227727094199656,3.9137458186751695,3
83.32555503700246,9.345684668397343,4.045401866051734,3
83.34555637042469,6.4667729563479375,2.5306151112159183,3
83.36555770384692,5.767658535189871,0.02458881437002569,3
83.38555903726915,6.162904260911832,1.3493888457708438,3
83.40556037069138,3.999026476983868,-0.21040530792709253,3
83.4255617041136,3.2729059087098165,-1.4759947479741578,3
83.44556303753583,3.328309624815007,-0.25724851223860534,3
83.46556437095806,2.4082749571565567,-2.794515309749983,3
83.48556570438029,4.330761008116466,0.12443703656450289,3
83.50556703780252,3.037237616411649,-1.0005261352125105,3
83.52556837122475,3.9376695851798624,-0.8864023898807817,3
83.54556970464698,3.4701799927999573,-1.7020437007602949,3
83.56557103806921,4.4145062883930155,1.3105297714219521,3
83.58557237149142,4.255023379692576,0.6791280315104383,3
83.60557370491365,4.8044491736488375,2.476546090253843,3
83.62557503833588,6.074437833181801,3.752826761226281,3
83.64557637175811,7.105921610883312,5.037479460871142,3
83.66557770518034,7.474223035434864,5.806157528494363,3
83.68557903860257,8.519953544071232,7.9779696924509,3
83.7055803720248,10.123876221746247,9.319028424883964,3
83.72558170544703,13.34968651275737,11.1460295886717,3
83.74558303886926,16.103901277859716,14.131788229039605,3
83.76558437229149,17.160472912745576,14.98239794835989,3
83.78558570571371,17.46671467471731,16.991181066459188,3
83.80558703913594,19.067847018445292,17.831603399179226,3
83.82558837255817,22.665880116632632,22.030180281430056,3
83.8455897059804,22.51493634116658,24.43765230997086,3
83.86559103940263,26.03703350386041,24.294847266101705,3
83.88559237282485,28.930106114128552,26.85818533340413,3
83.90559370624707,30.512771338140666,30.6504389394901,3
83.9255950396693,33.039316620471695,33.24516425426858,3
83.94559637309153,35.365426680400226,36.70941063145443,3
83.96559770651376,38.58068169276278,37.32352278603797,3
83.98559903993599,41.097816506964925,40.0374229296969,3
84.00560037335822,43.25473955758119,41.355899234887175,3
84.02560170678045,44.43411622610129,44.490010781111756,3
84.04560304020268,47.593969714646356,46.82159127893351,3
84.06560437362491,48.871221902817034,50.151291552959385,3
84.08560570704714,52.23395320297936,51.07826355096688,3
84.10560704046937,54.13533713737706,54.604677444758394,3
84.1256083738916,56.72528845816511,56.8324429756862,3
84.14560970731382,58.541995246503774,57.17685410628023,3
84.16561104073605,61.024231992560274,60.84396853028963,3
84.18561237415827,62.75777698155813,63.59528760952881,3
84.2056137075805,65.44081850684613,64.96914523334355,3
84.22561504100273,67.03508618964841,64.54027767892589,3
84.24561637442496,69.17132867756621,68.42473104631897,3
84.26561770784718,71.77054110140514,69.77717460848464,3
84.28561904126941,73.99981046913061,69.69852522745941,3
84.30562037469164,73.69923706410461,72.02406015021499,3
84.32562170811387,75.6543029777305,72.94910650522257,3
84.3456230415361,76.6725828086024,74.95190252606999,3
84.36562437495833,76.84154368595532,74.9166999953852,3
84.38562570838056,78.259451047612,75.46470742105487,3
84.40562704180279,79.87810445652558,75.01143541951208,3
84.42562837522502,79.98281084352143,76.30825189963858,3
84.44562970864725,81.04699464127735,76.39837155009995,3
84.46563104206948,80.05570571535497,77.16558451461856,3
84.48563237549169,81.6997984587756,77.01406739738772,3
84.50563370891392,80.32703245934584,76.5045542555757,3
84.52563504233615,80.46063545447142,75.31489145768673,3
84.54563637575838,80.53878434900153,75.70837727378667,3
84.5656377091806,80.21981272383063,74.43527362022398,3
84.58563904260284,78.81423482613425,73.25130532497582,3
84.60564037602506,79.55278037071447,71.71591301954953,3
84.6256417094473,76.60367849024381,72.17815119260358,3
84.64564304286952,78.1886690464266,71.1192829216414,3
84.66564437629175,76.7025915008784,70.28317442550336,3
84.68564570971398,73.70952474328152,68.74602035551942,3
84.70564704313621,73.96412270695635,66.78022750306755,3
84.72564837655844,71.2313874430793,65.70538256049971,3
84.74564970998067,68.91603080002791,62.615488092564625,3
84.7656510434029,69.31798719553991,60.77221884952149,3
84.78565237682511,67.12362119553501,60.16851912581109,3
84.80565371024734,65.14931591646236,56.58886657229523,3
84.82565504366957,62.05519983714248,54.78494126722544,3
84.8456563770918,59.28820695524477,52.301518774170326,3
84.86565771051403,58.58990862734643,49.9857112621008,3
84.88565904393626,55.545672658545,48.22389746859462,3
84.90566037735849,51.58126954724771,44.972351079100235,3
84.92566171078072,51.78731870169861,44.263766798338466,3
84.94566304420295,48.62505554762871,40.758961517237516,3
84.96566437762517,46.1754772645551,38.716128048517376,3
84.9856657110474,43.507809920096015,35.042512111397485,3
85.00566704446963,41.72662765539468,33.63423741613494,3
85.02566837789186,39.173339085748324,30.19903171050068,3
85.04566971131409,37.82265631748344,28.55692523354248,3
85.06567104473632,33.593964085364675,24.61978080368103,3
85.08567237815853,31.747324348177962,22.525233966066743,3
85.10567371158076,29.104457471698822,22.46104445332321,3
85.12567504500299,26.199027264446926,19.184100673506837,3
85.14567637842522,25.18420339145022,16.91124496106942,3
85.16567771184745,23.610905682793053,14.180123300437716,3
85.18567904526968,21.45731124127629,13.890630875205314,3
85.20568037869191,17.927746265620915,10.278615365043324,3
85.22568171211414,16.707830023017323,9.130147397458918,3
85.24568304553637,16.014073303924796,8.210292755157969,3
85.2656843789586,13.271265864475927,6.932962262977595,3
85.28568571238083,10.87818331751694,5.23038224882636,3
85.30568704580305,9.730207576794863,4.70255842201028,3
85.32568837922528,9.220789777770603,1.9142087375341532,3
85.34568971264751,6.9139798229489635,2.0847958592643323,3
85.36569104606974,7.534160289474092,1.094073590689304,3
85.38569237949196,5.137446431932533,0.5103570116875131,3
85.40569371291419,5.564695858782374,-1.519649306349545,3
85.42569504633641,3.3179456531874787,0.003610624266939255,3
85.44569637975864,4.066319577520096,-1.2087141369044092,3
85.46569771318087,2.3751907980250317,-0.245141952557967,3
85.4856990466031,3.0715191569170277,-1.9859421082489752,3
85.50570038002533,2.4901786031945976,-0.3987121802469823,3
85.52570171344756,3.6472025601212317,-0.7780026656794157,3
85.54570304686979,3.1984991375444225,-0.16426091390147834,3
85.56570438029202,3.2456140969200775,1.4987273374232484,3
85.58570571371425,5.0413129173329585,3.3855869368368046,3
85.60570704713648,5.571748075900964,2.409786757639407,3
85.6257083805587,5.546332479291131,3.880810777488825,3
85.64570971398093,6.041292854304745,5.143762304500901,3
85.66571104740316,9.016479849378285,6.142660954144967,3
85.68571238082538,9.681690255428167,7.92245279966529,3
85.70571371424761,11.458822093348777,7.941454518054943,3
85.72571504766984,12.856862806085173,12.87663773432268,3
85.74571638109207,14.066757476260861,11.910457691642527,3
85.7657177145143,15.004882670711266,13.981824949967539,3
85.78571904793652,18.26772596978955,15.709057353435218,3
85.80572038135875,21.824842088751172,19.48345008064926,3
85.82572171478098,21.897202286321715,20.891404492726735,3
85.84572304820321,22.94610561182654,23.768346082743992,3
85.86572438162544,26.66641261789447,25.44947666294105,3
85.88572571504767,27.873419432501045,29.08181663557384,3
85.9057270484699,31.73334323825167,29.945881872146195,3
85.92572838189213,32.68644435498182,32.34470600146584,3
85.94572971531436,36.50693955354373,34.11369818668411,3
85.96573104873659,36.708637696270664,36.46563811015295,3
85.9857323821588,40.92864659135875,40.522941384801186,3
86.00573371558103,42.987167515877736,42.05559557638278,3
86.02573504900326,45.20386819203258,44.58768486531153,3
86.04573638242549,47.2697967778198,47.0073948069301,3
86.06573771584772,51.187080588642424,48.89669854258393,3
86.08573904926995,52.24642874049764,53.40589661303971,3
86.10574038269218,55.235789207677165,55.460571408511115,3
86.1257417161144,57.14023011532169,57.07620122757209,3
86.14574304953663,58.699102366443505,57.64270663750985,3
86.16574438295886,62.549141240485504,60.113655051848625,3
86.18574571638109,62.93345079472401,61.18773237537514,3
86.20574704980332,68.23095446690617,63.27558648345392,3
86.22574838322555,66.50491445326976,66.08976149488812,3
86.24574971664778,69.03200459584654,68.08381632574431,3
86.26575105007001,71.12949486302378,69.25748000549217,3
86.28575238349222,72.6194202031583,70.32998796878793,3
86.30575371691445,73.38406903123641,73.51429044411015,3
86.32575505033668,74.7049419683138,74.70010877725305,3
86.34575638375891,76.07624010450203,74.82672138477731,3
86.36575771718114,78.336136044245,74.8139216021486,3
86.38575905060337,78.02857127884955,75.08334006786279,3
86.4057603840256,80.45878354106235,76.37994626921812,3
86.42576171744783,79.59957178238521,76.12483769760867,3
86.44576305087006,79.98428513241998,78.14516403086152,3
86.46576438429229,78.7823521181107,76.4723260489703,3
86.48576571771451,80.39410947303824,76.5263889138965,3
86.50576705113674,81.28262159444884,76.92967557839972,3
86.52576838455897,81.66221697774641,76.80247163925682,3
86.5457697179812,81.3832404785232,77.00903911543276,3
86.56577105140343,79.0258183018461,74.50106657915588,3
86.58577238482565,79.79450852385548,74.31742240042963,3
86.60577371824787,78.96226103268489,71.71041647874009,3
86.6257750516701,78.82753156231992,71.75775170117149,3
86.64577638509233,77.5958863502112,70.4193158898557,3
86.66577771851456,76.47189135069958,69.16066682671558,3
86.68577905193679,73.86874950493377,69.35298995886578,3
86.70578038535902,74.12060789353609,67.48839422544194,3
86.72578171878125,71.4035231452386,63.576299156379555,3
86.74578305220348,70.20280266395147,61.76525859919324,3
86.76578438562571,67.89775743156646,60.43837673595652,3
86.78578571904794,65.99216906461518,57.71825252995121,3
86.80578705247017,64.00737681814171,56.85703755966464,3
86.8257883858924,61.7423224294254,54.585523401513484,3
86.84578971931462,59.14336689573423,52.316408225526395,3
86.86579105273685,57.18030234646399,51.42036340701927,3
86.88579238615907,54.989137875348874,47.37579721577821,3
86.9057937195813,52.95211839055254,45.217381108204876,3
86.92579505300353,48.92316362573797,41.99019446600336,3
86.94579638642576,48.19272363694631,39.2328000509944,3
86.96579771984798,45.419545435471065,38.50039175051231,3
86.98579905327021,43.93644071133525,36.32140041818239,3
87.00580038669244,40.73603901610168,34.166530134493954,3
87.02580172011467,38.89559111813491,30.856402996396348,3
87.0458030535369,37.82478044878042,27.950978008743345,3
87.06580438695913,35.20568106938474,27.238427226481917,3
87.08580572038136,30.209950929631262,23.80194692794528,3
87.10580705380359,27.539750643586206,22.237371357194043,3
87.12580838722582,26.80734199210333,19.34152114211114,3
87.14580972064805,24.527222262806326,17.216005238112874,3
87.16581105407028,22.463148404740323,15.402551140868445,3
87.18581238749249,20.633343642962174,12.173810634490685,3
87.20581372091472,19.22685594390153,9.229947798366767,3
87.22581505433695,16.863587329365057,10.55918283635242,3
87.24581638775918,16.000434967853163,8.39399834467661,3
87.2658177211814,13.788782336605614,6.138088979029307,3
87.28581905460364,11.5709325181828,5.349405864530149,3
87.30582038802586,9.704490391874012,2.9535530038528965,3
87.3258217214481,9.630290546029013,1.3228963077745712,3
87.34582305487032,7.587921337676001,1.0780612688970868,3
87.36582438829255,6.9229925116973625,1.2328105533920966,3
87.38582572171478,5.863831004449311,0.6971237037610438,3
87.40582705513701,4.0170523562847,-0.9438227544288509,3
87.42582838855924,4.523433833297099,-0.8877946189679587,3
87.44582972198147,2.563116561163792,-1.0603584548344411,3
87.4658310554037,2.6439066137490492,-1.913381192680744,3
87.48583238882591,2.607430374774831,-2.236736178755133,3
87.50583372224814,2.829191479790869,-0.7984555630906954,3
87.52583505567037,4.624797052314794,0.2733302810388033,3
87.5458363890926,2.4703236340244463,0.1823836909733442,3
87.56583772251483,5.722390187264936,0.6932043748296208,3
87.58583905593706,6.134100763776808,1.3812763097260765,3
87.60584038935929,5.473010042127502,1.4807336058033378,3
87.62584172278152,5.278940648028161,4.155324823658435,3
87.64584305620374,6.741548820016508,5.561397042655706,3
87.66584438962597,9.5928946510772,5.754142368614655,3
87.6858457230482,8.827109259485535,8.040545885627738,3
87.70584705647043,10.456117942453277,8.53841481791048,3
87.72584838989266,12.812179364768156,10.269536438686279,3
87.74584972331489,14.51931793728757,13.270700678458194,3
87.76585105673712,15.717187620941761,15.367745488499798,3
87.78585239015933,18.803428332815095,15.944686067185216,3
87.80585372358156,19.285463828851558,18.144067934119473,3
87.82585505700379,22.376345696793702,22.402852842117127,3
87.84585639042602,24.164118736645356,23.758217579706084,3
87.86585772384825,25.126606128459123,24.12588915111418,3
87.88585905727048,27.835206447766584,27.72058495382524,3
87.90586039069271,30.805018917343133,29.658773698845366,3
87.92586172411494,33.674575326113576,32.88818084673902,3
87.94586305753717,35.51227754585842,34.68785417068486,3
87.9658643909594,38.20678006804411,37.32596120120713,3
87.98586572438163,39.21740345226943,39.65808381861469,3
88.00586705780385,43.10509148697312,42.549669945879,3
88.02586839122608,45.28994247970156,43.2687593599047,3
88.04586972464831,49.07022304103278,48.29478048139427,3
88.06587105807054,50.137430972767234,48.802751025515924,3
88.08587239149276,52.57142646757405,52.518332064801335,3
88.10587372491499,54.64327991879651,54.39131816834179,3
88.12587505833721,58.016739603135896,57.66894486659707,3
88.14587639175944,57.56870412824574,59.49387223472644,3
88.16587772518167,62.05597247615726,59.6532865956984,3
88.1858790586039,62.224113357935366,61.579820454913246,3
88.20588039202613,66.6300474172778,65.40160350052524,3
88.22588172544836,67.99573789391988,65.98827025331227,3
88.24588305887059,69.51657815820349,68.11719452704487,3
88.26588439229282,70.29527329366893,68.50387231521479,3
88.28588572571505,72.16076136702164,70.92703923026241,3
88.30588705913728,72.84169763257881,70.81953449264185,3
88.3258883925595,76.02685281043583,74.15662497397466,3
88.34588972598173,75.11502001663163,73.55851116845379,3
88.36589105940396,77.41405416983172,74.95289067141988,3
88.38589239282618,77.62945183500047,75.33560927088789,3
88.40589372624841,78.04434979216786,74.61980277120675,3
88.42589505967064,78.71001533624076,76.53295410088023,3
88.44589639309287,82.00955273985466,76.76724207242668,3
88.4658977265151,81.0277581104433,76.93380131604788,3
88.48589905993732,81.97996400183497,76.81752737611266,3
88.50590039335955,81.04535539100239,76.52400456912612,3
88.52590172678178,82.3034799903381,75.08029384740337,3
88.54590306020401,80.42113681299094,77.12437974905488,3
88.56590439362624,78.79071905314056,75.6558104968197,3
88.58590572704847,80.10762395400357,73.46908353823137,3
88.6059070604707,81.32584450064941,72.90455396573218,3
88.62590839389293,77.72768388452127,71.31799813807902,3
88.64590972731516,77.77889169294818,71.6883610704089,3
88.66591106073739,75.06688125463516,69.09285171656629,3
88.6859123941596,75.35543294295373,69.1599974978574,3
88.70591372758183,72.91292422464328,66.695322562451,3
88.72591506100406,70.27378980637889,65.30133775673025,3
88.74591639442629,71.34384233122817,63.654353236593536,3
88.76591772784852,69.19933715252691,60.36381677742449,3
88.78591906127075,65.86383984335156,59.58196473023433,3
88.80592039469298,64.87993537512402,57.456662649588466,3
88.8259217281152,63.35203492682605,54.88361021664865,3
88.84592306153743,60.17713516879061,52.123390593120504,3
88.86592439495966,58.09607214372545,50.39942682686571,3
88.88592572838189,55.98394193024681,48.09871205358113,3
88.90592706180412,53.38634190230987,44.27016883942207,3
88.92592839522635,51.009178851049306,42.856539197825114,3
88.94592972864858,48.50184332599918,40.86748780054557,3
88.96593106207081,46.15209747774459,37.85745653116227,3
88.98593239549302,43.17034356479972,34.54998856152737,3
89.00593372891525,41.366031454844354,32.2175254060621,3
89.02593506233748,38.723991581155616,30.689194164955058,3
89.04593639575971,35.28800917405416,29.21993019632952,3
89.06593772918194,33.94326581050864,28.145904387579623,3
89.08593906260417,34.79551205895484,23.56733951057358,3
89.1059403960264,29.28552512451786,20.63164421132635,3
89.12594172944863,26.454714531850637,19.0227413395476,3
89.14594306287086,23.696620519361165,16.516720860034035,3
89.16594439629309,22.382368555143803,15.791183343056982,3
89.18594572971531,20.50321310845484,12.633402191961833,3
89.20594706313754,19.417934348185206,11.060256544851326,3
89.22594839655977,15.930909102248954,9.26911509292264,3
89.245949729982,15.661369122417847,7.2685453011968875,3
89.26595106340423,13.88598715081212,5.644751529512567,3
89.28595239682645,12.986366700347848,4.164198528755144,3
89.30595373024867,10.29498342346372,3.362924332152055,3
89.3259550636709,8.392385231235023,2.3872904732688784,3
89.34595639709313,8.121790283507911,1.122233733354729,3
89.36595773051536,7.2418686018367,-0.7688951330864009,3
89.38595906393759,5.934513556100789,0.26821982851155096,3
89.40596039735982,3.088495162270339,-2.1208381690615674,3
89.42596173078205,3.485159123937845,-0.2060725903222066,3
89.44596306420428,3.3245170956554246,-0.9764082266071339,3
89.46596439762651,3.0669365536625985,-2.4975861116282148,3
89.48596573104874,1.7252253351989353,-0.8035106484238064,3
89.50596706447097,3.176895948313407,-1.241614145169198,3
89.5259683978932,2.946083055442611,-1.349582755251198,3
89.54596973131542,3.1575836347453587,-0.6585002019370232,3
89.56597106473765,2.191962429381377,0.5992537798493519,3
89.58597239815987,4.342913668424566,2.3430959978661328,3
89.6059737315821,5.186297008307638,2.350207927352755,3
89.62597506500433,6.7569842587860345,4.849380226954854,3
89.64597639842655,8.15325550005377,5.0989058966639815,3
89.66597773184878,7.818118015740203,4.318222752688104,3
89.68597906527101,9.546277285678075,9.039552266303835,3
89.70598039869324,11.252857046544417,8.97382189245154,3
89.72598173211547,11.359886989325702,9.618226187495408,3
89.7459830655377,14.400024356833248,12.024013778488998,3
89.76598439895993,15.7372747985121,14.342417140910394,3
89.78598573238216,17.88869502038795,17.222084486106656,3
89.80598706580439,20.380645032174424,19.102695231195298,3
89.82598839922662,21.5202140048598,21.754538374497944,3
89.84598973264885,24.404261827374338,21.84197206682809,3
89.86599106607108,24.366502556940816,26.311492347504693,3
89.88599239949329,27.012562249377417,27.486008510057495,3
89.90599373291552,30.626814064307386,30.6141088421104,3
89.92599506633775,31.278634555453685,32.41491675864858,3
89.94599639975998,34.504704401167984,35.05806510531046,3
89.9659977331822,38.54915834169105,37.99188391743486,3
89.98599906660444,41.0137447334574,41.2435708655187,3
90.00600040002666,43.802912697664105,41.810576629275715,3
90.0260017334489,46.80291860153452,45.38954910766205,3
90.04600306687112,47.96376654237976,45.61330388188201,3
90.06600440029335,50.264440799844195,48.36004425903208,3
90.08600573371558,53.51201588694363,50.771738293950015,3
90.10600706713781,56.777167018285745,53.51649271833949,3
90.12600840056004,57.67749722302662,56.75812939619627,3
90.14600973398227,59.10413019934815,59.38353031786425,3
90.1660110674045,62.14403349159227,61.21468193584666,3
90.18601240082671,63.67009716243692,62.07646274068144,3
90.20601373424894,65.58680707919392,63.28272402225422,3
90.22601506767117,69.91253870894904,65.71246113580034,3
90.2460164010934,69.26898606624216,68.38530284876481,3
90.26601773451563,71.97824706049438,71.13697396179482,3
90.28601906793786,70.8234588371551,68.97874164656905,3
90.30602040136009,74.61488065197642,72.0096226133363,3
90.32602173478232,74.33540464297542,73.74254242057025,3
90.34602306820454,76.05191258648148,74.68918589515566,3
90.36602440162677,78.15983180757341,75.70680180286394,3
90.386025735049,79.59979787413995,74.63037159335403,3
90.40602706847123,79.73120601559168,76.10322185779874,3
90.42602840189346,79.61650816660675,77.24928561961144,3
90.44602973531569,81.09543314565762,75.50572924407255,3
90.46603106873792,80.88795557061403,77.8130464643361,3
90.48603240216013,78.94069996352351,75.79106746060155,3
90.50603373558236,81.34264922733034,75.80875798686121,3
90.52603506900459,81.19151393160499,76.12719374140352,3
90.54603640242682,81.27309560533833,75.88821080609425,3
90.56603773584905,79.41273362745584,74.32244139085627,3
90.58603906927128,80.16342512429384,74.42356894209384,3
90.60604040269351,80.12611744038355,72.38725092896757,3
90.62604173611574,78.06734973075858,72.08739543829954,3
90.64604306953797,77.46987821921513,71.45851920654414,3
90.6660444029602,76.4040806690904,69.22313273411746,3
90.68604573638243,75.24698404148194,68.66578136592221,3
90.70604706980465,73.82063663316903,65.0099187391565,3
90.72604840322688,72.99240216655805,65.7024234592979,3
90.74604973664911,70.27374404006464,63.112184530033105,3
90.76605107007134,67.9858552423972,61.07094595385441,3
90.78605240349356,65.63840315534111,59.24781575573239,3
90.80605373691579,64.22483397526223,57.70651092841379,3
90.82605507033801,62.64889072659543,53.94180262277369,3
90.84605640376024,61.19757116043198,52.96343250364434,3
90.86605773718247,58.602538233647934,49.53073931105006,3
90.8860590706047,56.43841246042638,48.174653907973024,3
90.90606040402693,51.95628958184438,43.95773889460803,3
90.92606173744916,49.680351729819655,42.501945926418536,3
90.94606307087139,49.19467365526026,40.696521003300234,3
90.96606440429362,46.37854180649567,39.61963865950161,3
90.98606573771585,43.62433462367532,34.8639331570499,3
91.00606707113808,42.55108710249714,32.10036874871184,3
91.0260684045603,39.189715939235036,29.798091162466637,3
91.04606973798253,35.4591551141249,28.131831855825535,3
91.06607107140476,34.188853762574595,25.437975873309252,3
91.08607240482698,32.79987418621427,24.376185131549665,3
91.10607373824921,29.145141370597308,21.635854564543624,3
91.12607507167144,25.659259085997885,19.875951708325882,3
91.14607640509367,26.60448031139877,16.613892560719236,3
91.1660777385159,24.389704245220692,14.942978972517116,3
91.18607907193812,19.285286059828568,13.677326359890367,3
91.20608040536035,17.063225195833375,11.693592594234563,3
91.22608173878258,16.341245213519908,9.734641341348327,3
91.24608307220481,14.919628856914088,7.692017684404297,3
91.26608440562704,11.966279891596985,6.184168590601174,3
91.28608573904927,9.908059359247526,4.233940419161931,3
91.3060870724715,10.229436107137975,4.091164727781742,3
91.32608840589373,8.01051962559732,2.378485918283276,3
91.34608973931596,7.147878996762278,2.0617016829540904,3
91.36609107273819,5.304490033181991,2.257261938666743,3
91.3860924061604,6.831779173634902,-1.5030802575266917,3
91.40609373958263,3.2894231066682624,0.07911502130459602,3
91.42609507300486,4.154434003763599,-0.3013738980121532,3
91.44609640642709,3.7121750396318696,-0.9478840090726723,3
91.46609773984932,2.1135911322904786,-1.4783354950944725,3
91.48609907327155,3.9038899087120678,-0.6525899376288786,3
91.50610040669378,1.7755940022923804,-1.1496208863636344,3
91.526101740116,2.977358079480539,-0.6693229873289898,3
91.54610307353823,3.152934617268314,0.3720528979230349,3
91.56610440696046,3.355981852597938,-0.3399565693948059,3
91.58610574038269,4.078915093862725,0.9150999748871576,3
91.60610707380492,4.94931798891346,1.8358074155325474,3
91.62610840722715,6.51433559234897,3.006818110986016,3
91.64610974064938,7.0497106153669,4.002231976197901,3
91.66611107407161,7.675503376043843,6.667000954329056,3
91.68611240749382,10.397765727824833,7.03216720094406,3
91.70611374091605,11.435939200739242,9.520472089856366,3
91.72611507433828,12.699280600764604,10.98001574024226,3
91.74611640776051,15.12043945148658,12.39544279469832,3
91.76611774118274,15.283101705214076,14.883590640247283,3
91.78611907460497,19.72248050940264,16.115367271286914,3
91.8061204080272,18.165891613817365,18.465254432861112,3
91.82612174144943,23.063998578616008,20.086253461711074,3
91.84612307487166,22.609736520682265,23.451574297165116,3
91.86612440829389,25.64963411907496,25.573107354214983,3
91.88612574171611,27.909528960690075,26.17341084398437,3
91.90612707513834,32.02558158792888,29.65919656879115,3
91.92612840856057,31.901797683606546,33.57565854058099,3
91.9461297419828,33.63559544182825,35.6899769100349,3
91.96613107540503,38.0345303232884,36.96132840181584,3
91.98613240882725,39.55449954220334,40.46786947185715,3
92.00613374224947,42.921749742391015,42.56643408925828,3
92.0261350756717,46.73555524366996,45.53173527703159,3
92.04613640909393,46.354856980439365,46.937667838730704,3
92.06613774251616,49.578750886902874,49.43729491792707,3
92.08613907593839,53.028603301728886,52.44189226465846,3
92.10614040936062,54.9185148280644,55.68179405366025,3
92.12614174278285,56.744164472072356,56.459117133026325,3
92.14614307620508,59.50866746358158,58.66732423513828,3
92.16614440962731,61.23043722592269,60.639868056896574,3
92.18614574304954,63.2095271830533,63.12875583021037,3
92.20614707647177,66.21279709767018,64.43758123655198,3
92.226148409894,67.30435241696422,65.86269544441909,3
92.24614974331622,68.1634929625147,67.23012936771094,3
92.26615107673845,71.94586044784172,69.23323979628273,3
92.28615241016067,74.14679973433608,71.30238197466315,3
92.3061537435829,73.97007474457287,71.69417916276278,3
92.32615507700513,74.99802200287702,73.00243633071784,3
92.34615641042735,75.72223049513147,73.93772717815627,3
92.36615774384958,78.28522579750795,74.16714942369528,3
92.38615907727181,78.88076248668534,74.97558498442174,3
92.40616041069404,78.64794696706761,76.81930013947775,3
92.42616174411627,80.22051229261533,75.96842299152314,3
92.4461630775385,80.2285348094015,76.20648377181476,3
92.46616441096073,81.29061337123838,77.41993263784717,3
92.48616574438296,80.91840668652434,76.09578100916609,3
92.50616707780519,81.33551359381578,76.82934613040902,3
92.52616841122742,80.54349904368084,76.55943824061578,3
92.54616974464965,80.94720646613457,74.69785639805347,3
92.56617107807187,80.6783655468894,76.67097362899288,3
92.58617241149409,79.53175571619309,73.3365914436527,3
92.60617374491632,77.91051650125505,72.3362259781606,3
92.62617507833855,78.43909109341178,71.60919635200891,3
92.64617641176078,74.92580828338352,70.35705061850071,3
92.666177745183,75.15455960908218,68.89965632867514,3
92.68617907860524,75.37070774091184,68.14973705229852,3
92.70618041202746,73.07325868198836,66.32018011449343,3
92.7261817454497,70.10276237864284,66.00375359933155,3
92.74618307887192,70.73088363008999,62.68696904999214,3
92.76618441229415,69.08571464842636,61.897765054262216,3
92.78618574571638,65.03858862217388,58.911305983024285,3
92.80618707913861,65.55439687082075,56.753095136385355,3
92.82618841256084,62.26198845193774,54.63992888437704,3
92.84618974598307,59.79355305998402,52.398789353897754,3
92.8661910794053,56.92412532031104,50.59837428656529,3
92.88619241282751,57.060673722326314,47.5019197448956,3
92.90619374624974,54.234255658705614,46.5788568896226,3
92.92619507967197,50.666094956435806,42.797873298858065,3
92.9461964130942,48.997190372179965,40.39511304211398,3
92.96619774651643,46.756876742552386,38.1565524952759,3
92.98619907993866,42.966080896494944,34.67729652091226,3
93.00620041336089,42.56183892778943,33.05898689227277,3
93.02620174678312,37.36560776248249,32.25658968988809,3
93.04620308020534,36.2330130868683,28.966373781397433,3
93.06620441362757,33.59569240951272,25.532328902193186,3
93.0862057470498,31.607226514050677,23.07359635887841,3
93.10620708047203,27.932673128358,22.14624832580165,3
93.12620841389426,27.0938641224815,19.495494744513678,3
93.14620974731649,24.14179854964885,17.45119870362936,3
93.16621108073872,21.40195853218468,14.015157508454418,3
93.18621241416093,20.58425397826585,12.97309776609705,3
93.20621374758316,18.439389572969194,10.791496594376596,3
93.22621508100539,17.334197425908723,9.577450876452149,3
93.24621641442762,14.449909100203717,7.51786356116141,3
93.26621774784985,13.607245065157398,6.5803660343234585,3
93.28621908127208,9.961838772735906,6.1790741643090925,3
93.30622041469431,8.987401376758214,2.162212094250056,3
93.32622174811654,8.41135818279559,3.5805297234611575,3
93.34622308153877,6.292991365187009,1.953289866911814,3
93.366224414961,6.303435303487603,0.2512141502885521,3
93.38622574838323,5.473815705109,-0.2773079678214553,3
93.40622708180545,5.3243492318392915,-0.8076445842368363,3
93.42622841522768,3.8573290298075738,-1.4551462288056491,3
93.44622974864991,3.9803692013949235,-0.6267124662403564,3
93.46623108207214,4.143266887087462,-1.8160916886572682,3
93.48623241549436,2.2839328553158635,-2.2996115947719424,3
93.50623374891659,3.4193554872101304,-2.3538115493006178,3
93.52623508233881,2.6190100625353794,-1.5983983202748584,3
93.54623641576104,5.213795225543637,0.9469466381484765,3
93.56623774918327,2.684732039361399,-0.1462818803225765,3
93.5862390826055,6.089229487256828,1.2634816855171322,3
93.60624041602773,5.525892076030352,2.0256384729167323,3
93.62624174944996,6.020503920253024,4.010737816762121,3
93.64624308287219,5.969749874314124,3.846658432768788,3
93.66624441629442,7.299668049934278,6.835940164881397,3
93.68624574971665,8.769672823326637,7.425250881126091,3
93.70624708313888,12.1014748016132,9.52060202207121,3
93.7262484165611,12.4246168592274,10.620770100756934,3
93.74624974998333,14.39213460192456,12.877690351731811,3
93.76625108340556,15.327786537184231,14.833633653426874,3
93.78625241682778,18.515859909827082,17.51754360000043,3
93.80625375025001,17.76106167693997,19.32545441536838,3
93.82625508367224,21.426090252596367,20.829983928107,3
93.84625641709447,24.981292413180356,23.763914784599315,3
93.8662577505167,27.286103615490216,25.08674690018023,3
93.88625908393892,28.04354689746188,28.549078076736528,3
93.90626041736115,31.511269240049142,29.83845688908971,3
93.92626175078338,33.3630073297258,32.97258529482846,3
93.94626308420561,34.749878045058836,35.334612912914196,3
93.96626441762784,36.71586893448402,37.807001162721846,3
93.98626575105007,40.44481033257401,39.483514298764334,3
94.0062670844723,42.784535526570195,43.12284562225442,3
94.02626841789453,45.03366638679238,42.341642663621975,3
94.04626975131676,48.3282311636591,46.86209264209061,3
94.06627108473899,48.99972160405397,49.76584401176975,3
94.0862724181612,52.117925205176235,50.87287407410227,3
94.10627375158343,56.998372757760656,54.468950922232054,3
94.12627508500566,57.00623734630875,55.73134680130353,3
94.14627641842789,60.48591900865248,58.09500120670282,3
94.16627775185012,62.73019533521234,61.330428376500734,3
94.18627908527235,63.008112202344435,63.080138536868745,3
94.20628041869458,66.35852831034357,63.47323685739017,3
94.2262817521168,67.53995261931533,64.86320589909357,3
94.24628308553903,67.38650470701019,67.42450160079099,3
94.26628441896126,70.85238164851748,69.14460651676958,3
94.28628575238349,72.1178759160467,70.81061454560856,3
94.30628708580572,74.388909651488,71.34864522276968,3
94.32628841922795,76.24792791281183,72.26986667644447,3
94.34628975265018,75.64621974130026,75.69969080020593,3
94.36629108607241,77.71044840627532,73.3711804388078,3
94.38629241949462,78.53257629059428,74.53559554099246,3
94.40629375291685,78.68220430566942,76.83599468168046,3
94.42629508633908,78.14121843019758,76.80133724618304,3
94.44629641976131,80.31351748222365,75.86394510792935,3
94.46629775318354,80.64852279444445,76.22831834903972,3
94.48629908660577,80.20887707131408,77.43545183521898,3
94.506300420028,81.51303305653626,75.7796803342012,3
94.52630175345023,81.41397931207209,77.70207290831989,3
94.54630308687246,81.60970946826421,74.46715707719592,3
94.56630442029468,80.62080322982794,74.88631699592896,3
94.58630575371691,79.02567941268376,74.82740738686375,3
94.60630708713914,79.67123302651054,73.40593163536167,3
94.62630842056137,79.23209758543217,72.58412795530292,3
94.6463097539836,76.72002709940654,68.67141526250116,3
94.66631108740583,74.95203923633777,69.5121305627945,3
94.68631242082805,74.43551977620794,67.99209176015212,3
94.70631375425027,74.40059182311325,66.0009602047411,3
94.7263150876725,70.95268233019135,64.23738992202374,3
94.74631642109473,69.79455257391149,62.90506024112349,3
94.76631775451696,67.9452467870192,61.793996682313086,3
94.78631908793919,67.37586901080107,57.51069601113771,3
94.80632042136142,65.29348696337316,57.84121897162695,3
94.82632175478365,61.80814414593903,54.62170377611466,3
94.84632308820588,60.09527337420794,52.188450488310124,3
94.86632442162811,58.064681121413734,49.992338491199156,3
94.88632575505034,55.949747712963365,47.79993344389891,3
94.90632708847257,53.50984697760841,44.28489851386239,3
94.9263284218948,51.67032493542854,43.369720981850236,3
94.94632975531702,48.0383456316877,41.38131299037409,3
94.96633108873925,45.88336940327744,38.91168017509614,3
94.98633242216147,43.57052976217138,36.661390668778616,3
95.0063337555837,41.722750180626484,32.67517101455053,3
95.02633508900593,38.767985765720276,30.324743948891825,3
95.04633642242815,36.330395184431964,29.56006790088754,3
95.06633775585038,34.76922110118761,24.768722058141105,3
95.08633908927261,32.56530669730168,23.722107768950483,3
95.10634042269484,29.949481679275433,20.593859255172205,3
95.12634175611707,27.144680396855833,19.32781647333888,3
95.1463430895393,23.77916600550764,17.066283450870866,3
95.16634442296153,23.364035819638683,14.4553713021391,3
95.18634575638376,20.61325214425138,12.606945821426848,3
95.20634708980599,19.531751480902326,10.775793114552808,3
95.22634842322822,16.45738966173778,8.70884634519969,3
95.24634975665045,15.265069243484582,8.768998274196948,3
95.26635109007267,14.320082053332666,6.571087943790622,3
95.28635242349489,11.3879234593741,5.94357028068961,3
95.30635375691712,9.219271279299733,3.188081604048966,3
95.32635509033935,9.825810940047544,2.1362063087444785,3
95.34635642376158,7.942595411011125,2.0741694988383577,3
95.3663577571838,6.57080858991277,-1.7256036831656494,3
95.38635909060604,5.507145333303716,0.6285243222170627,3
95.40636042402826,4.538956158045359,0.10639815429075639,3
95.4263617574505,2.9609034330811324,-1.3146630723115749,3
95.44636309087272,2.8825026479739195,0.6184967568491861,3
95.46636442429495,3.9304047578715426,-0.16725731472694694,3
95.48636575771718,1.8725673050228724,-1.3308662672876619,3
95.50636709113941,4.664451280960428,-1.708032158434778,3
95.52636842456164,3.6359095474797414,-0.7492454909853382,3
95.54636975798387,3.319545564493375,-0.41926734434244234,3
95.5663710914061,3.7459300318006976,0.49347966873046833,3
95.58637242482831,4.595855765267802,1.8664818061538897,3
95.60637375825054,4.59559038444168,3.257728171647858,3
95.62637509167277,6.1478757452776405,3.0565766731146073,3
95.646376425095,6.996211177728474,5.224272814333217,3
95.66637775851723,9.036896941504489,6.372865465858235,3
95.68637909193946,9.125110733828997,6.662343322487079,3
95.70638042536169,9.534723324228219,10.334441084083215,3
95.72638175878392,12.195720023025947,10.713913946635213,3
95.74638309220614,14.725052925999364,13.475950636916382,3
95.76638442562837,16.12160019764875,14.326835533251769,3
95.7863857590506,18.94935067589558,16.264318472867167,3
95.80638709247283,19.64940001175661,18.987188173546123,3
95.82638842589506,21.66678521315062,19.66353544489306,3
95.84638975931729,24.75915760205877,23.82472121139754,3
95.86639109273952,26.24178690393039,26.01061512365026,3
95.88639242616173,28.068830868447254,27.30686748087088,3
95.90639375958396,30.859633994205424,31.673926054851616,3
95.92639509300619,32.46710731068128,33.682988806108796,3
95.94639642642842,35.294542952696624,33.9772918952413,3
95.96639775985065,38.05453375329493,37.94129059293775,3
95.98639909327288,39.178868936094176,40.78797972475556,3
96.00640042669511,41.74989763808975,42.496346655452456,3
96.02640176011734,46.49911639912381,44.27790681497107,3
96.04640309353957,48.30567496272016,45.954413043124845,3
96.0664044269618,50.48419242824088,49.79358729707468,3
96.08640576038403,53.24794651967418,50.71414563104814,3
96.10640709380625,56.54550202705573,54.68710693901385,3
96.12640842722848,56.36496698157329,54.8996575258225,3
96.14640976065071,59.676410694611086,58.979298270843636,3
96.16641109407294,62.19786529682125,60.14083134751782,3
96.18641242749516,62.68384138595827,61.97332024153365,3
96.20641376091739,66.39769059342554,63.733709335227815,3
96.22641509433961,69.32946886829691,65.30688416949688,3
96.24641642776184,68.62399829899515,67.99538845367519,3
96.26641776118407,72.23011783815245,69.82036609379524,3
96.2864190946063,72.6785973594719,69.89851305865668,3
96.30642042802853,74.39895282615355,71.87623934514971,3
96.32642176145076,74.90840887855364,72.62499467770627,3
96.34642309487299,78.85859894830045,72.96435487325961,3
96.36642442829522,77.31709459254537,75.61745313747716,3
96.38642576171745,79.39975988092156,75.06961404260447,3
96.40642709513968,78.46360430870357,75.24494409762293,3
96.4264284285619,80.56772277086314,77.29516122277431,3
96.44642976198413,81.22017380883777,77.18038173947131,3
96.46643109540636,80.9557516516169,77.32086563920292,3
96.48643242882858,80.99349123405308,77.09005581821363,3
96.50643376225081,79.68468939969566,78.10697767176848,3
96.52643509567304,80.60673084220187,76.02519281022178,3
96.54643642909527,81.17225735196824,76.67426637684244,3
96.5664377625175,81.07826279612799,74.26289543591488,3
96.58643909593972,78.62285358028659,74.64730162763635,3
96.60644042936195,78.43431177170021,72.03414986142516,3
96.62644176278418,78.23878946335648,71.23611032149256,3
96.64644309620641,78.39974428105153,71.16122813495498,3
96.66644442962864,76.83722040886879,69.72119351257575,3
96.68644576305087,73.16417538888801,69.33426853668826,3
96.7064470964731,73.53552070448188,65.90075366858542,3
96.72644842989533,71.45714408160241,63.148703421609,3
96.74644976331756,69.40581580928207,63.78489314044741,3
96.76645109673979,68.02132703413217,60.23319247386182,3
96.786452430162,65.79809467406702,57.8796128845262,3
96.80645376358423,63.91593336750781,58.56828612191943,3
96.82645509700646,61.753769809082755,54.657168276222464,3
96.84645643042869,61.024965821482944,52.69130263115564,3
96.86645776385092,57.92436714708974,50.71127161689361,3
96.88645909727315,54.74545525049064,47.38386290945671,3
96.90646043069538,54.40912051542274,46.47801659283933,3
96.9264617641176,51.60629559071462,42.267648707694654,3
96.94646309753983,48.58360264322528,39.9314632311804,3
96.96646443096206,46.58773342558197,36.82645669007425,3
96.98646576438429,44.23129882120988,35.06078724239047,3
97.00646709780652,40.11876959918856,32.616709209822936,3
97.02646843122875,39.53757829332121,31.25438162793689,3
97.04646976465098,37.00332027169506,28.91464473037458,3
97.06647109807321,33.3589028423133,25.71749956000501,3
97.08647243149542,32.34450962946783,23.03129259944283,3
97.10647376491765,29.11288202146017,19.79314063181661,3
97.12647509833988,26.633083745475144,18.589913990011993,3
97.14647643176211,25.559577634568658,17.172063319600564,3
97.16647776518434,23.040601005475086,15.022405107133974,3
97.18647909860657,20.170402447435134,13.149739810303542,3
97.2064804320288,18.46755035339641,10.414733215740322,3
97.22648176545103,15.635484119154656,8.057040175599184,3
97.24648309887326,14.18147481899295,7.174032045230793,3
97.26648443229548,12.922360907243421,7.008488798377655,3
97.28648576571771,11.828546774086696,4.94598624404484,3
97.30648709913994,9.827569798401145,3.7515174579797073,3
97.32648843256217,7.83322588674768,1.6388153428554098,3
97.3464897659844,7.45284520425966,1.06878827904829,3
97.36649109940663,6.999176408767067,0.6548467097986596,3
97.38649243282885,5.1602903147658425,0.3246749948671942,3
97.40649376625107,4.63624491969968,-1.9979867712297497,3
97.4264950996733,3.7798608531413005,1.012155598200552,3
97.44649643309553,4.061933070329408,-0.39005289240990315,3
97.46649776651776,3.416339618153551,-0.30467142489698507,3
97.48649909993999,3.1753750945658217,-1.6572418989317734,3
97.50650043336222,2.9039290806050846,-0.8342206237348931,3
97.52650176678445,4.501231349663191,-0.22728933498432347,3
97.54650310020668,2.580111641240036,-1.0241793275710154,3
97.56650443362891,3.6115973762918268,0.9912129233948916,3
97.58650576705114,3.425350487816667,0.551431045637198,3
97.60650710047337,4.8331386304941795,1.062615084767321,3
97.6265084338956,5.612768809547148,3.7914975352722617,3
97.64650976731782,7.020256485151928,4.842053009234508,3
97.66651110074005,8.489818726511063,5.228985802043685,3
97.68651243416227,8.88735350805699,8.298674558520462,3
97.7065137675845,10.455416074956325,8.334612242583475,3
97.72651510100673,12.691163535041586,11.87487336083589,3
97.74651643442895,15.140239150774333,13.586514022157365,3
97.76651776785118,15.323318234802189,14.056780312645689,3
97.78651910127341,17.823107429976993,17.13727552796058,3
97.80652043469564,17.66020100946056,18.037815463840833,3
97.82652176811787,22.404456704734155,21.164735130098563,3
97.8465231015401,23.205820504181034,24.95991276979122,3
97.86652443496233,25.701437828633644,26.823928454576873,3
97.88652576838456,29.50939719315969,28.39112893490526,3
97.90652710180679,30.647677339007313,30.111299705349914,3
97.92652843522902,32.95265326902087,32.463221214749,3
97.94652976865125,33.44017655100469,35.15201271348281,3
97.96653110207347,37.39980654709656,37.67503829343997,3
97.98653243549569,40.08111374223637,40.05481314578055,3
98.00653376891792,42.1844446065261,41.25061148040631,3
98.02653510234015,45.071522818431504,44.77715119211508,3
98.04653643576238,47.423443288454116,46.915919893220554,3
98.0665377691846,48.7985040069368,49.58571168772762,3
98.08653910260684,52.12300842459914,51.81854727449987,3
98.10654043602906,54.317328382893415,54.829173780317305,3
98.1265417694513,57.78869682360961,55.73423349335175,3
98.14654310287352,58.64559420703434,57.93026872858243,3
98.16654443629575,61.62612120113793,61.35834462632224,3
98.18654576971798,63.362962915750664,62.47174715011679,3
98.20654710314021,64.84250064136874,65.88323758399055,3
98.22654843656244,67.52148153397744,66.52602280218362,3
98.24654976998467,68.44726846695785,68.05443773134002,3
98.2665511034069,70.15138686831321,69.17536393893788,3
98.28655243682911,73.38253711159649,69.69539383402466,3
98.30655377025134,73.68665188137577,72.59934295767422,3
98.32655510367357,76.60780222461037,73.31518407306008,3
98.3465564370958,77.16269059909993,72.91660091793614,3
98.36655777051803,76.94503133624517,74.15773622872253,3
98.38655910394026,77.44221360080749,75.36849160297385,3
98.40656043736249,79.2474274308724,75.43189519507294,3
98.42656177078472,80.91157079413212,76.55875619466657,3
98.44656310420694,79.76964311048154,77.53767619953445,3
98.46656443762917,80.38202831836288,76.33668702782425,3
98.4865657710514,81.3202924499724,79.21592796388694,3
98.50656710447363,82.46110436004253,77.03246955540826,3
98.52656843789586,82.02288830904709,75.79201644452803,3
98.54656977131809,81.30695954515582,75.75190167546448,3
98.56657110474032,80.4383082089276,73.93002166496517,3
98.58657243816253,79.81646931991084,73.82637062645392,3
98.60657377158476,79.0442314135307,73.69146138162036,3
98.62657510500699,76.84274134883165,72.5478651470469,3
98.64657643842922,77.95977042045922,70.85738758829142,3
98.66657777185145,73.94676347197087,69.0000892938327,3
98.68657910527368,73.93838810439027,67.34911316882034,3
98.70658043869591,73.6967267314694,66.73822482916412,3
98.72658177211814,71.76974642998285,64.79169221324933,3
98.74658310554037,70.17974916140676,61.71114264720992,3
98.7665844389626,68.03668637673327,60.31122118098401,3
98.78658577238483,66.02675364262385,58.92154281722142,3
98.80658710580705,64.48383598579004,57.339161238902776,3
98.82658843922928,61.66286449103867,54.988159788994416,3
98.84658977265151,60.008700780536,53.23835452664221,3
98.86659110607374,58.96251395240146,48.09346043847986,3
98.88659243949596,54.97502120762097,47.66112378394095,3
98.90659377291819,53.13449136604159,44.9709926848298,3
98.92659510634041,51.274266838460164,43.69483753781763,3
98.94659643976264,48.15574030296438,41.29597339525679,3
98.96659777318487,45.96761167144884,38.83548850700992,3
98.9865991066071,44.31320922560611,35.30492729213088,3
99.00660044002933,40.272615033163106,32.92071258871561,3
99.02660177345156,39.57459001296355,30.47189130198364,3
99.04660310687379,35.42496556853108,28.00207346725272,3
99.06660444029602,33.82058689631134,27.187668366677403,3
99.08660577371825,32.734262468534624,24.062744917373486,3
99.10660710714048,29.39931887673399,20.497461740387987,3
99.1266084405627,26.22248306090299,19.834173002077264,3
99.14660977398493,24.323296343999,18.454164286466117,3
99.16661110740716,21.89792953376855,15.85398672979945,3
99.18661244082938,20.301656738949333,11.833966859303269,3
99.20661377425161,18.86626833688981,10.68161011260051,3
99.22661510767384,15.505484133956795,11.12387185757406,3
99.24661644109607,13.921914455276102,8.07057498650616,3
99.2666177745183,12.80733162043082,6.5626025060802,3
99.28661910794052,10.299552120872399,3.877743228165014,3
99.30662044136275,9.284873061250408,4.698707576007181,3
99.32662177478498,8.441841000121224,2.1693576765199305,3
99.34662310820721,8.949261692872597,1.8332840083518014,3
99.36662444162944,7.794138852354837,0.9481366975791243,3
99.38662577505167,5.966648770922381,1.0678316545371338,3
99.4066271084739,4.696138925696597,-0.7293353592902463,3
99.42662844189613,4.472101518749866,-2.208042310854755,3
99.44662977531836,2.1614932957657764,-1.3670062538557177,3
99.46663110874059,3.6660351965594637,-1.3418741299713268,3
99.4866324421628,2.0232181577542896,-0.41622419764511387,3
99.50663377558503,3.2112321172364386,-1.226857347720286,3
99.52663510900726,3.725221741178217,-0.0548995990739658,3
99.54663644242949,3.14133483803783,0.31141814335150597,3
99.56663777585172,5.132208158237477,1.6881747391533029,3
99.58663910927395,4.677530683356637,1.151125879648376,3
99.60664044269618,4.628988882646537,1.5620499990011172,3
99.6266417761184,7.156158029158937,3.5445771548562903,3
99.64664310954063,7.450068981469632,3.3103012559042693,3
99.66664444296286,6.696050161247065,7.664363782484694,3
99.68664577638509,9.418158985376541,8.771247530419084,3
99.70664710980732,11.180007426292944,9.695380014215418,3
99.72664844322955,12.49134551950398,11.666306509328734,3
99.74664977665178,13.681651664030923,11.686345312167242,3
99.76665111007401,16.52408237703847,15.617129619433221,3
99.78665244349622,16.870210049124292,17.633000393939724,3
99.80665377691845,20.362837188843727,18.79739723039014,3
99.82665511034068,22.483882527456693,21.372897756144187,3
99.84665644376291,23.851632280871815,22.948302600885853,3
99.86665777718514,26.82189700274019,25.631740764289486,3
99.88665911060737,29.210237944099987,28.49934299865494,3
99.9066604440296,33.035573232142674,28.745457596800666,3
99.92666177745183,32.88516322570583,32.31393214068723,3
99.94666311087406,35.44879763079899,33.87465436090569,3
99.96666444429628,38.33161925356429,37.14186110787168,3
99.98666577771851,39.67102066436554,39.06548595203705,3
100.00666711114074,42.406988283263225,43.48047858449564,3
100.02666844456297,44.85787034324847,44.77915293251453,3
100.0466697779852,47.53420904552861,46.883408545256984,3
100.06667111140743,50.74699656447473,47.75065661289808,3
100.08667244482965,51.25954103207005,52.82626680214352,3
100.10667377825187,54.447229160430666,55.278433203709504,3
100.1266751116741,56.204235036211976,55.09653770091919,3
100.14667644509633,58.7073223742398,57.64846503529251,3
100.16667777851856,60.52125527909815,61.16920207708562,3
100.18667911194079,63.35223388182928,61.335817106739746,3
100.20668044536302,67.06479148479444,64.66615030265417,3
100.22668177878525,67.71792804160586,66.63065797492678,3
100.24668311220748,69.14366487387515,69.47353770988343,3
100.2666844456297,72.21490466243772,72.2936901772,3
100.28668577905194,72.95489600303802,71.55259917878043,3
100.30668711247417,75.7918541822608,71.58948227953216,3
100.3266884458964,74.77924895721411,72.3967324964801,3
100.34668977931862,77.677860251969,73.29012456883251,3
100.36669111274085,78.85259779262027,75.14292808190085,3
100.38669244616307,77.7323163827591,75.46815128365334,3
100.4066937795853,79.5822140678646,76.66728407313772,3
100.42669511300753,79.53799376298856,75.28062422350702,3
100.44669644642975,81.03821700945831,76.4276652546032,3
100.46669777985198,80.96258363366088,76.08564314682555,3
100.48669911327421,81.29115943896161,75.90594474474894,3
100.50670044669644,80.93785543485727,76.4300686360819,3
100.52670178011867,81.41736050548484,76.59922743008528,3
100.5467031135409,80.93217259489049,77.2025386765547,3
100.56670444696313,79.33618599351665,75.39310705769074,3
100.58670578038536,80.09664364050944,73.27803882762397,3
100.60670711380759,79.50317800307015,72.76067070922099,3
100.62670844722982,76.9466820031717,71.80031768149895,3
100.64670978065205,77.08245896723557,70.00356448192677,3
100.66671111407427,75.16752002245043,68.44209746324626,3
100.68671244749649,74.71265304582838,67.49409546237574,3
100.70671378091872,73.13922486999533,65.61191124986222,3
100.72671511434095,72.20081636847986,63.966782296847576,3
100.74671644776318,69.7056345737381,62.78603147990927,3
100.7667177811854,68.33489495899734,62.289522741110794,3
100.78671911460764,65.69028456320751,58.50537194881085,3
100.80672044802986,65.31647024733266,56.46388690420217,3
100.8267217814521,62.38025428607535,53.314557442698764,3
100.84672311487432,59.494154878277925,53.187318150223824,3
100.86672444829655,57.66522515759456,50.72097410009089,3
100.88672578171878,54.5642186920553,48.41200001987058,3
100.90672711514101,53.70998258777646,45.97849592346713,3
100.92672844856324,51.534105957612745,43.68471610376444,3
100.94672978198547,48.695910691773065,40.770147286084345,3
100.9667311154077,46.1392625678871,38.0518146613815,3
100.98673244882991,43.28697150016567,34.56111519069467,3
101.00673378225214,40.72143318619689,33.80303224580286,3
101.02673511567437,39.05047492402326,30.865360493056958,3
101.0467364490966,35.323230882895004,27.008011737668397,3
101.06673778251883,33.757154313931956,24.38192848163415,3
101.08673911594106,30.543631036280903,24.22637486639026,3
101.10674044936329,29.63288793926347,19.381932761999916,3
101.12674178278552,27.92200304141775,18.992070793076447,3
101.14674311620774,26.239973084838528,16.9661848070681,3
101.16674444962997,22.561946900075622,14.769104567206215,3
101.1867457830522,20.393233810206862,14.178753829727555,3
101.20674711647443,18.515308498196312,11.146975402608456,3
101.22674844989666,16.403925952928585,8.803289592590641,3
101.24674978331889,14.359456218309624,8.339686240516437,3
101.26675111674112,12.772514658827403,7.251591652396675,3
101.28675245016333,12.25199971389834,4.415977170290815,3
101.30675378358556,9.141315771756494,3.665849632542079,3
101.32675511700779,9.199772218672106,2.5848180649044097,3
101.34675645043002,8.038453810694794,1.0945003364129722,3
101.36675778385225,6.069878327496853,0.5047885469665307,3
101.38675911727448,6.528748434014878,-0.9798851285274335,3
101.40676045069671,4.050100260268284,0.5644257635456944,3
101.42676178411894,4.435434503488013,-0.2827967543902288,3
101.44676311754117,1.8203935490852805,-2.6854879938081764,3
101.4667644509634,4.323656234944566,-0.8050430837806382,3
101.48676578438563,0.5210535045183171,-1.4865263802719284,3
101.50676711780785,2.25202417934307,-0.5466732869860151,3
101.52676845123008,4.067935765595388,0.15391141064064895,3
101.54676978465231,3.253600999512912,0.3118124731744141,3
101.56677111807454,4.142391573334706,0.8218801016426925,3
101.58677245149676,5.132467843464896,1.4648895688528583,3
101.60677378491899,5.9205522832877815,2.542743495584028,3
101.62677511834121,6.487099013800347,3.4004835818993273,3
101.64677645176344,5.899397406616903,4.381250838208216,3
101.66677778518567,8.61111553510497,7.001723993677457,3
101.6867791186079,10.448062985487647,7.092358286003304,3
101.70678045203013,10.361944888296536,10.053022554482713,3
101.72678178545236,12.099841889501414,10.016038737670867,3
101.74678311887459,14.844568265351583,12.729577065847119,3
101.76678445229682,15.174894250753582,16.23056847450135,3
101.78678578571905,17.4290951657371,16.401361919460275,3
101.80678711914128,19.67044407291302,19.12069163124243,3
101.8267884525635,21.812979913378612,20.934008980775936,3
101.84678978598573,23.908549000794068,23.866531628020056,3
101.86679111940796,26.72848602251965,25.659629030184476,3
101.88679245283018,29.0991754129666,29.221797595899332,3
101.90679378625241,30.67156544324119,31.13592691618927,3
101.92679511967464,32.310231141839246,32.35483405398624,3
101.94679645309687,36.503993402346886,35.35710477744568,3
101.9667977865191,37.80734599957704,38.63694725129006,3
101.98679911994132,41.700980912018295,39.34548773103591,3
102.00680045336355,41.301286296781754,42.85938436205273,3
102.02680178678578,45.34682544953224,44.216990769197636,3
102.04680312020801,47.11733260373088,46.00471472346999,3
102.06680445363024,50.98200586561257,49.59968701914507,3
102.08680578705247,51.828165720133754,51.773988307919794,3
102.1068071204747,55.499267485326094,54.27345068962989,3
102.12680845389693,59.136813439934166,56.641878654211844,3
102.14680978731916,59.1293601225782,59.077210111821685,3
102.16681112074139,64.26318617644263,60.619764126990624,3
102.1868124541636,64.71636161085421,61.61695650767513,3
102.20681378758583,66.55849360265906,64.29392304186821,3
102.22681512100806,67.46001432501522,65.6505552605281,3
102.24681645443029,69.00353496042584,68.78480178603652,3
102.26681778785252,70.90126078787553,70.68178248423787,3
102.28681912127475,71.65364484459775,70.12258505121326,3
102.30682045469698,74.9647789402403,71.77900519545031,3
102.3268217881192,75.56381278671451,72.21246232534592,3
102.34682312154143,75.77067302353022,74.52507113583732,3
102.36682445496366,79.16547275697614,72.08938956584431,3
102.38682578838589,77.46824084865,75.22375113578794,3
102.40682712180812,78.4055718207464,74.51799062139091,3
102.42682845523035,80.05504622696908,76.48289054986795,3
102.44682978865258,78.48691279831955,75.78958568610378,3
102.46683112207481,81.18619771950237,76.66358805529477,3
102.48683245549702,79.96260696919276,75.68621935242395,3
102.50683378891925,81.57117176214429,76.27007065394028,3
102.52683512234148,81.02308427213731,76.24007005638447,3
102.54683645576371,78.58136201496887,76.01553083374388,3
102.56683778918594,79.0973620865839,73.5007173886579,3
102.58683912260817,79.39158957008168,74.91416818532323,3
102.6068404560304,79.2238895250112,73.92632259947536,3
102.62684178945263,77.01872493930654,72.61859835942606,3
102.64684312287486,76.39888283052414,68.81596324351311,3
102.66684445629708,76.68947334210127,68.83595420479621,3
102.68684578971931,74.90545416737746,67.28470210372093,3
102.70684712314154,75.90103828977816,67.84329619020977,3
102.72684845656377,71.51507477848743,64.31290895176473,3
102.746849789986,68.29258582155799,63.61430273117481,3
102.76685112340823,68.52229631418037,60.861969925378055,3
102.78685245683045,66.75812169316994,59.069176528238124,3
102.80685379025267,64.39631373954649,55.148965706844315,3
102.8268551236749,62.20993031469471,55.147096477387265,3
102.84685645709713,59.290874369358825,52.394484492937174,3
102.86685779051936,57.97399005837824,50.0856495263126,3
102.88685912394159,58.17862414310255,48.43546241473692,3
102.90686045736382,52.69982753069042,45.836618965675456,3
102.92686179078605,50.158213499875295,42.48381040584472,3
102.94686312420828,50.49693099512609,40.25204312397569,3
102.9668644576305,45.63445867253369,37.782610539165304,3
102.98686579105274,44.888587685391244,37.248140311550564,3
103.00686712447497,40.8406291570325,33.02057951317528,3
103.0268684578972,38.5773753679205,30.751780225300653,3
103.04686979131942,37.705032244591635,26.64392263492267,3
103.06687112474165,34.591648901690235,25.372194841111423,3
103.08687245816387,33.41311741325115,23.068170036426956,3
103.1068737915861,27.635522985831198,20.928728496637905,3
103.12687512500833,24.72483336611292,17.803006320914363,3
103.14687645843055,24.48633570110612,17.095430816873456,3
103.16687779185278,22.447683370024738,14.677471547066741,3
103.18687912527501,20.399912631295656,12.736626507532906,3
103.20688045869724,17.777378076166567,11.082982678605061,3
103.22688179211947,16.26755153644348,9.417754244108098,3
103.2468831255417,15.028634472276337,7.8580071699343845,3
103.26688445896393,12.87938003011655,7.378266905914804,3
103.28688579238616,9.738530712291332,4.4184020623505225,3
103.30688712580839,10.452132208951653,1.9206861378575375,3
103.32688845923062,8.627395024902876,2.379318164346348,3
103.34688979265285,7.671601930391495,2.135877156573352,3
103.36689112607507,5.881080714528525,-0.3344371608477026,3
103.38689245949729,4.8704145082560775,0.43437866254810303,3
103.40689379291952,4.743018450144389,-1.337057767938596,3
103.42689512634175,3.3780440147868225,-0.23347235149516032,3
103.44689645976398,2.9273243112198286,-1.6988046146977476,3
103.4668977931862,2.6242509717165206,-0.8864609735544404,3
103.48689912660844,3.6023110744878295,-0.8330056437124108,3
103.50690046003066,2.077346361687707,-0.16412118232621542,3
103.5269017934529,1.9712724083993451,-1.2641222127667293,3
103.54690312687512,3.8587271795183122,0.5059593574270779,3
103.56690446029735,3.8633621725225327,1.1337661314492018,3
103.58690579371958,4.939977323443561,1.2163557979508717,3
103.60690712714181,3.793507776437717,3.249751151391017,3
103.62690846056404,6.336978033297973,4.19057507643898,3
103.64690979398627,7.806397919931856,5.49448685943366,3
103.6669111274085,8.165384760591962,6.280669505660965,3
103.68691246083071,10.403018294792139,8.414465717434002,3
103.70691379425294,11.421903967104202,8.502410793212375,3
103.72691512767517,11.525739411407654,10.370908130405274,3
103.7469164610974,15.514799411142068,13.04823540816166,3
103.76691779451963,16.49948543600403,14.959176113833808,3
103.78691912794186,19.182099592984102,18.065777394429805,3
103.80692046136409,19.309197361886405,19.47499037955948,3
103.82692179478632,21.903107670809334,21.832244073204418,3
103.84692312820854,24.78154864172564,23.548290154258606,3
103.86692446163077,25.632640844626295,25.864217448252962,3
103.886925795053,29.89757669179257,28.658547597832097,3
103.90692712847523,31.572575959491832,30.034079155160814,3
103.92692846189746,33.27266608607708,32.263096083052886,3
103.94692979531969,35.60844253709497,34.854116532142854,3
103.96693112874192,37.46525288920892,37.47526386486499,3
103.98693246216413,40.49283366762078,39.63999949752973,3
104.00693379558636,43.317758307029365,44.68835150535972,3
104.02693512900859,46.049815824018616,44.21816965830614,3
104.04693646243082,48.76783090203885,48.2247045803589,3
104.06693779585305,51.0551545727626,47.62020025884931,3
104.08693912927528,51.719750342503126,51.86509402610639,3
104.10694046269751,55.319500865971705,54.94690731263512,3
104.12694179611974,56.52724406985148,55.561293161777854,3
104.14694312954197,60.10766821558924,56.94150130324036,3
104.1669444629642,63.04238358477524,60.053561148521084,3
104.18694579638642,62.53652217341292,61.735414375854425,3
104.20694712980865,66.23473860860327,64.11136132814127,3
104.22694846323088,66.67759611501208,65.201436819832,3
104.24694979665311,68.28698481444106,66.89620915117679,3
104.26695113007534,72.23064648709986,69.03560899204875,3
104.28695246349756,70.87201982920341,71.99401448953704,3
104.30695379691979,74.10228355925074,72.42603829100743,3
104.32695513034201,75.97755523696836,73.78413156374526,3
104.34695646376424,74.84261278310761,74.93366398375392,3
104.36695779718647,76.88151089334056,76.06603859688586,3
104.3869591306087,78.43214331838504,75.04696701734048,3
104.40696046403093,78.62356984842936,75.17806980459734,3
104.42696179745316,79.25925182768746,76.20710917781774,3
104.44696313087539,80.86761418851509,76.99998185055087,3
104.46696446429762,82.26150999226253,77.92073820194554,3
104.48696579771985,80.60048764614288,75.80898569485181,3
104.50696713114208,79.67905888688799,77.708133195798,3
104.5269684645643,82.37456933898125,77.57768471414792,3
104.54696979798653,80.95786457015595,75.78737627675693,3
104.56697113140876,82.17875789682508,73.65939480519316,3
104.58697246483098,79.15909911694136,75.24682440434961,3
104.60697379825321,78.12135691151519,73.14905281573702,3
104.62697513167544,79.07458643936175,72.41373756828484,3
104.64697646509767,76.26080725412162,70.6652760489108,3
104.6669777985199,75.29657177165033,70.20868260000334,3
104.68697913194212,73.39874721821666,68.23237549196412,3
104.70698046536435,73.12638067793253,66.83606670424281,3
104.72698179878658,71.55900272376756,64.64656062683784,3
104.74698313220881,70.78572337588375,62.441965584911706,3
104.76698446563104,67.89174182232894,61.39663593556409,3
104.78698579905327,65.89996587997189,58.19609686317005,3
104.8069871324755,64.60684222591243,56.78265642727535,3
104.82698846589773,61.463172894177795,54.51005996432728,3
104.84698979931996,59.5865762806714,52.18988643900378,3
104.86699113274219,58.763857658355114,49.00419105725087,3
104.8869924661644,55.442545940163726,47.749659963895894,3
104.90699379958663,52.38751521615106,44.695101292693785,3
104.92699513300886,50.87671795225249,42.442264572692785,3
104.94699646643109,47.88188961514865,39.902874395571416,3
104.96699779985332,47.00274544895108,36.67463592594203,3
104.98699913327555,44.211319833675745,34.426940791521005,3
105.00700046669778,40.37709773921303,32.70737211138929,3
105.02700180012,38.75347758750582,29.998527885874715,3
105.04700313354223,35.73483986144822,28.003499720512647,3
105.06700446696446,33.43212730426314,26.396390228516587,3
105.08700580038669,31.015769176783067,22.287719990322646,3
105.10700713380892,28.32380066501966,20.778117091767342,3
105.12700846723115,28.534903910568943,20.062686704351986,3
105.14700980065338,24.423025291071585,17.502621119927163,3
105.16701113407561,21.85655475638473,14.53749755642871,3
105.18701246749782,18.932332456803366,14.187988871080945,3
105.20701380092005,18.492857090498088,10.269241990913736,3
105.22701513434228,18.52174330731408,9.620228682676833,3
105.24701646776451,12.60626599557165,7.390252549135942,3
105.26701780118674,12.208886154929576,6.844826206982351,3
105.28701913460897,11.590205169668018,3.4676842081411126,3
105.3070204680312,9.453248003454377,4.817112376590336,3
105.32702180145343,9.23549846117213,2.9040780590259345,3
105.34702313487566,8.081518939131698,2.399316784457051,3
105.36702446829788,7.026206302310516,0.7082509710294003,3
105.38702580172011,5.015910403305877,0.07940394832637637,3
105.40702713514234,4.391099962041994,-1.1350896052030828,3
105.42702846856457,4.193134157195946,-2.709369776253152,3
105.4470298019868,3.515585109162285,-1.3506647842257955,3
105.46703113540903,3.133201556922085,-1.577477373873243,3
105.48703246883125,2.171746311271202,-1.4712988545835863,3
105.50703380225347,3.8661617454517425,-0.4364131815583052,3
105.5270351356757,3.9080936962478168,-0.9311349906085218,3
105.54703646909793,3.1390430690308664,-0.4385570714743248,3
105.56703780252016,3.3570732710129394,1.4363006069912418,3
105.58703913594239,4.888580893367569,0.9856856083468816,3
105.60704046936462,5.405118394127301,2.657243844431718,3
105.62704180278685,5.135353100362756,3.8439296855851266,3
105.64704313620908,8.339647907789681,4.096775123907286,3
105.6670444696313,8.57578246833356,6.40037326055242,3
105.68704580305354,10.17147201128117,7.714048634721109,3
105.70704713647577,9.977858969036305,10.073823747522965,3
105.727048469898,12.677768413126792,10.598105619222896,3
105.74704980332022,15.27058906307651,12.592408934016468,3
105.76705113674245,16.48326322660034,15.324821955409123,3
105.78705247016467,18.506066100098955,16.857633120408437,3
105.8070538035869,19.56552690092019,19.554045891027823,3
105.82705513700913,21.759088384009235,21.60029452136299,3
105.84705647043135,25.040108762849556,24.067325480948966,3
105.86705780385358,25.880681970580344,25.088101036455555,3
105.88705913727581,26.622069892793196,27.465796264075717,3
105.90706047069804,30.10806791371352,30.760905079514263,3
105.92706180412027,32.40712655417586,32.09619041009487,3
105.9470631375425,36.206827649659814,35.67376514936499,3
105.96706447096473,37.61296327242868,37.46283602147758,3
105.98706580438696,40.90670915244436,39.87669592737853,3
106.00706713780919,43.61980166837442,42.720406022749074,3
106.02706847123142,44.260525960620164,45.380739319541156,3
106.04706980465365,48.482292712294736,46.10115110683899,3
106.06707113807587,50.01221401162417,49.851912152927476,3
106.08707247149809,52.11133560116978,52.06905106776347,3
106.10707380492032,54.91399962292626,52.805024013934435,3
106.12707513834255,57.49836828174577,56.922886819430026,3
106.14707647176478,58.75185299939938,58.95764331386928,3
106.167077805187,62.01721647042662,60.98325445857356,3
106.18707913860923,62.0451258087656,62.78184897180493,3
106.20708047203146,65.86519338033011,64.34196856024705,3
106.2270818054537,66.91074029722743,66.2115404870973,3
106.24708313887592,68.88912725430474,67.03141917185145,3
106.26708447229815,71.15479663652447,70.10950890070178,3
106.28708580572038,71.77997905832123,71.22429880667846,3
106.30708713914261,73.70011256994697,72.65173963690951,3
106.32708847256484,75.35684727060094,72.0295298583247,3
106.34708980598707,77.88545432960628,73.69827843711649,3
106.3670911394093,76.75782143197127,76.65066219876093,3
106.38709247283151,77.47814809847709,74.52352096512772,3
106.40709380625374,79.95598006040218,76.30072176390507,3
106.42709513967597,80.02553426906273,75.96111636801362,3
106.4470964730982,80.22775912715237,75.43956724206537,3
106.46709780652043,80.97303290334018,78.25104869855485,3
106.48709913994266,79.8295568256781,77.0459474552277,3
106.50710047336489,81.33871048664922,77.69153033799473,3
106.52710180678712,80.24574818777188,77.42352992099029,3
106.54710314020934,81.48305710649652,76.26370287071464,3
106.56710447363157,80.92866404669238,74.99836143951434,3
106.5871058070538,78.5054069203581,72.58729188629773,3
106.60710714047603,79.14140771063384,73.81062063631398,3
106.62710847389826,77.14767749143942,72.30665836456042,3
106.64710980732049,76.4537372224653,70.90460319108678,3
106.66711114074272,77.21738830423175,68.06853633214321,3
106.68711247416493,74.55680483960988,68.26454760604663,3
106.70711380758716,73.87610820608707,67.32432560159809,3
106.72711514100939,71.68565016696319,64.85205906704931,3
106.74711647443162,70.29744251025205,62.92609380826231,3
106.76711780785385,67.25416753695106,60.32241880343658,3
106.78711914127608,65.42346881827365,60.04848010236919,3
106.80712047469831,64.25868340854117,57.29840373566923,3
106.82712180812054,63.367733669681556,53.88945319755169,3
106.84712314154277,58.59112468854511,52.03982110821809,3
106.867124474965,57.86921998068923,50.3050010639336,3
106.88712580838722,56.36470815154739,46.56100009900735,3
106.90712714180945,51.731772712022554,45.39068834860364,3
106.92712847523168,51.65658609407163,41.64546317805063,3
106.94712980865391,50.2646695039268,40.99903884036721,3
106.96713114207614,47.19382821685354,38.14957923234428,3
106.98713247549836,42.484879725458256,34.74394022580397,3
107.00713380892059,41.37596656912349,32.22155740798079,3
107.02713514234281,38.395251524303,31.506098042414266,3
107.04713647576504,35.95567047421934,27.758970862504455,3
107.06713780918727,33.385772353829076,24.594082840335805,3
107.0871391426095,31.590537368338364,23.59139646269995,3
107.10714047603173,28.694978497150142,21.934917065336847,3
107.12714180945396,25.59661046867786,20.392280155878808,3
107.14714314287619,24.858356012567384,16.389130806694872,3
107.16714447629842,22.316362457724406,16.83653553213362,3
107.18714580972065,19.481640763361018,12.77832697818194,3
107.20714714314288,18.099249071919402,9.94856329604328,3
107.2271484765651,16.60565418673226,9.62389444530936,3
107.24714980998733,13.458528268115645,7.756153626642737,3
107.26715114340956,13.258960761243147,7.608164998632706,3
107.28715247683178,11.10013373326062,5.545930235257634,3
107.30715381025401,8.748620145409866,4.127988787333061,3
107.32715514367624,9.453273968754724,2.2842572422692498,3
107.34715647709847,7.4357580437692015,1.6409355875918201,3
107.3671578105207,7.290924300623527,0.7656435281505066,3
107.38715914394292,6.431806293684716,-1.7936652667877817,3
107.40716047736515,3.54553423371293,-0.5957222265836655,3
107.42716181078738,4.137795102620302,1.3565451372522057,3
107.44716314420961,4.3005248925594755,-0.21560389193308538,3
107.46716447763184,4.054238119959736,-0.7610977844365132,3
107.48716581105407,1.5580276303140765,-0.29299952169592114,3
107.5071671444763,3.301653649349624,1.326351629226779,3
107.52716847789853,3.197079220117609,-1.0209214566244862,3
107.54716981132076,4.1834747698678,0.6426492843158162,3
107.56717114474299,4.186620622574309,-0.6165638209510655,3
107.5871724781652,5.230484647327419,1.5215304372315723,3
107.60717381158743,5.98744243051126,2.1415644486650702,3
107.62717514500966,4.764814280458591,3.971080369245332,3
107.64717647843189,6.907370233174897,3.8811289261733473,3
107.66717781185412,9.094222567562133,5.547414636443376,3
107.68717914527635,10.73129983396171,8.408295700374937,3
107.70718047869858,11.386310335458697,9.59655659853621,3
107.7271818121208,11.021788334573664,11.750853039783085,3
107.74718314554303,13.049133309468576,13.24696177221757,3
107.76718447896526,15.740373087017584,14.46026983967954,3
107.78718581238749,16.298972675087466,15.05485319179709,3
107.80718714580972,19.930178863380306,17.422971363357696,3
107.82718847923195,20.36133779604052,21.222639663405875,3
107.84718981265418,23.63652808016632,21.651810011465876,3
107.86719114607641,26.563616720907707,25.187571400051716,3
107.88719247949862,28.674126749800823,28.276485777469887,3
107.90719381292085,30.723996940040635,30.508370718297154,3
107.92719514634308,32.67469122441303,33.35140483913728,3
107.94719647976531,35.40500019206294,35.90154572674139,3
107.96719781318754,38.505474497771814,38.33213905568867,3
107.98719914660977,40.66485810518848,39.36750079164738,3
108.007200480032,43.52813892680974,42.61716011775795,3
108.02720181345423,43.928937785405864,44.248773768013834,3
108.04720314687646,47.92115150142114,45.308052304008925,3
108.06720448029868,50.07712388119592,50.084592218838935,3
108.08720581372091,52.058092458269876,53.477121116833786,3
108.10720714714314,56.11956995887285,54.00107074345118,3
108.12720848056537,57.03175775346074,57.284217691004855,3
108.1472098139876,59.473893772420304,59.06493981556079,3
108.16721114740983,61.653015183065925,61.03848172619471,3
108.18721248083205,63.77024585946338,63.91194271560666,3
108.20721381425427,65.17181392222145,63.447258994384775,3
108.2272151476765,66.27657264049094,66.5442702105626,3
108.24721648109873,68.47675915150982,68.01442045559776,3
108.26721781452096,70.16530676393702,70.0763179746349,3
108.28721914794319,72.85658407706177,70.04309350307877,3
108.30722048136542,74.16562792922639,72.08573484375901,3
108.32722181478765,76.69675218538201,72.48874610666759,3
108.34722314820988,76.48073485555958,73.78414092412226,3
108.3672244816321,76.90090019522664,75.61900325659762,3
108.38722581505434,78.09956050540973,74.737671934226,3
108.40722714847657,77.78154107383948,77.19441262789329,3
108.4272284818988,80.62673364856757,77.19761071707428,3
108.44722981532102,81.54465126933123,76.65828330627284,3
108.46723114874325,82.36554393891377,76.65594875918532,3
108.48723248216547,80.96165527986682,76.90347549074195,3
108.5072338155877,81.06206653989364,76.34555509572,3
108.52723514900993,81.11205837481151,76.52778766813766,3
108.54723648243215,80.83864624128131,76.91129968910326,3
108.56723781585438,81.25903922300577,74.39042856643256,3
108.58723914927661,79.16511082009613,75.04858131061894,3
108.60724048269884,79.06623774034124,72.57147477044448,3
108.62724181612107,78.35883048859041,70.87977164471455,3
108.6472431495433,77.7660285317417,70.94005753931678,3
108.66724448296553,74.86895022781414,70.22291765437161,3
108.68724581638776,73.89096748045228,68.06724430891559,3
108.70724714980999,73.97561338047214,65.27845780303655,3
108.72724848323222,70.65255783109052,63.792602531695245,3
108.74724981665445,70.33839037454986,63.98690472319913,3
108.76725115007667,66.01327542511129,61.006413469681505,3
108.78725248349889,64.79976171526694,59.11177648514486,3
108.80725381692112,64.84907985244156,56.769054378141796,3
108.82725515034335,61.480951193425334,56.05566423220668,3
108.84725648376558,57.85082208857584,52.91535607702621,3
108.8672578171878,57.02704927470708,51.98708036173887,3
108.88725915061003,56.05357362738431,48.3974367999373,3
108.90726048403226,52.66795160519393,45.12478761557917,3
108.9272618174545,50.07295838730093,43.042772770723886,3
108.94726315087672,48.259916443651925,39.28687579014358,3
108.96726448429895,44.70794032093344,37.37639040442802,3
108.98726581772118,42.550305264511834,34.08631438140218,3
109.00726715114341,41.07437891411713,32.000660593502325,3
109.02726848456564,37.45067523592995,32.15841882856422,3
109.04726981798787,37.11569653894684,27.489069078165464,3
109.0672711514101,33.62808759859321,25.830529409062493,3
109.08727248483231,31.65891219356957,23.951275369933207,3
109.10727381825454,29.032093686076387,20.351261930242252,3
109.12727515167677,28.343859603106136,19.173418373267186,3
109.147276485099,23.191774264350084,18.002878107906213,3
109.16727781852123,22.867398533979376,14.367879488341293,3
109.18727915194346,20.371148576950176,13.521193034797273,3
109.20728048536569,18.411528136468405,11.087928151355555,3
109.22728181878792,14.978688767990745,8.887258080960647,3
109.24728315221014,14.995228315185091,7.839546008163096,3
109.26728448563237,12.764261154061717,5.777912657019265,3
109.2872858190546,10.912283423632656,5.731589173920117,3
109.30728715247683,9.443768565039592,2.7027859232771885,3
109.32728848589906,8.16442443987572,2.4956085991368164,3
109.34728981932129,7.683024736230999,1.4098167865122029,3
109.36729115274352,8.273801131022774,-0.5859480817851204,3
109.38729248616573,5.535569657268808,0.597971741691271,3
109.40729381958796,5.288709036504723,-0.6141552637015993,3
109.42729515301019,4.014400115025469,0.9203016163041899,3
109.44729648643242,3.4648297388483082,-1.3809570813695933,3
109.46729781985465,3.066439226873131,-2.584222272789451,3
109.48729915327688,3.4128653711813115,-0.8479071229706485,3
109.50730048669911,2.517181086743816,-1.1808840282727826,3
109.52730182012134,3.8052752069547235,0.09423063737776372,3
109.54730315354357,2.6532590165650936,0.43968503965620526,3
109.5673044869658,3.886495815672505,1.5855359885349816,3
109.58730582038802,5.358482516150043,0.39816567297001093,3
109.60730715381025,5.546562545112312,3.746691355092417,3
109.62730848723248,6.5453635408277036,3.2753671982680523,3
109.64730982065471,7.842734426026076,4.43380253198039,3
109.66731115407694,9.25005923915544,6.654908473293167,3
109.68731248749916,10.323442138460031,6.721414370708196,3
109.70731382092139,11.267121317654617,8.303215220746306,3
109.72731515434361,12.31851874018886,9.832776918489598,3
109.74731648776584,13.674866479165788,13.357679813398295,3
109.76731782118807,16.51281101619241,14.300315349649193,3
109.7873191546103,17.098448292571966,16.767786256265516,3
109.80732048803253,19.744340203602338,19.811056740469954,3
109.82732182145476,21.85167769652587,20.620489810653826,3
109.84732315487699,23.709416631456264,23.912717506634095,3
109.86732448829922,25.394627326491904,26.224742045239143,3
109.88732582172145,28.696199932725385,27.836543045102303,3
109.90732715514368,30.222150073612145,30.25619582428455,3
109.9273284885659,33.79632547477186,33.52902922424498,3
109.94732982198813,35.72457164037423,34.490112870622916,3
109.96733115541036,38.434778669814506,38.9019129677551,3
109.98733248883258,41.72697537652883,40.538502210248744,3
110.00733382225481,42.79525323322021,43.01034034660736,3
110.02733515567704,44.09594226883785,44.41003143548536,3
110.04733648909927,48.69615657331882,46.743944114231006,3
110.0673378225215,49.2286807145798,49.6838018750938,3
110.08733915594372,50.496341564824505,50.613777391523485,3
110.10734048936595,56.58591891750432,54.039048642983474,3
110.12734182278818,56.56349044030928,56.474840590615656,3
110.14734315621041,59.31255767703837,58.65138815018773,3
110.16734448963264,61.38005222036605,60.66838071329087,3
110.18734582305487,65.06388804311838,62.23291380269114,3
110.2073471564771,66.61952054183483,64.28275283683794,3
110.22734848989933,67.722169733785,64.56460842605635,3
110.24734982332156,69.55506213301382,67.81625347325715,3
110.26735115674379,70.1229052721337,69.8516390220888,3
110.287352490166,72.16348391207816,70.20681069782552,3
110.30735382358823,75.7283293036132,71.30733935471602,3
110.32735515701046,76.1387487999894,73.62336071974188,3
110.34735649043269,76.5759127242478,74.87470813270777,3
110.36735782385492,77.64667579880458,76.52383860092539,3
110.38735915727715,78.91629893924487,75.2008153528298,3
110.40736049069938,79.60131718645393,76.23334756515517,3
110.4273618241216,80.59251793455475,77.84121335610247,3
110.44736315754383,80.6123235584294,76.87908344541863,3
110.46736449096606,79.8442368805381,77.18638660737135,3
110.48736582438829,80.25076502936878,76.09381699919976,3
110.50736715781052,81.97518275641664,78.02897202552708,3
110.52736849123275,81.50660001888022,77.5608527776624,3
110.54736982465498,80.40609286834442,74.70925055077586,3
110.56737115807721,80.8570518822209,74.64635072907184,3
110.58737249149942,80.02449194279909,73.68950579693008,3
110.60737382492165,77.20162243055464,73.81512116360581,3
110.62737515834388,77.80895220497914,72.79463440052716,3
110.64737649176611,76.99841722450824,69.00741490916958,3
110.66737782518834,75.44152664635598,68.00179740395998,3
110.68737915861057,73.54139295581439,69.08698126370057,3
110.7073804920328,74.00765950038688,65.82872517794631,3
110.72738182545503,72.3367781993082,64.65450822622333,3
110.74738315887726,69.25293503426852,62.51759103193185,3
110.76738449229948,69.40690825382613,63.19034512719983,3
110.78738582572171,65.49247977370008,58.794091038238435,3
110.80738715914394,61.575500911206554,56.705035830751946,3
110.82738849256617,60.79797507479351,55.29908878682463,3
110.8473898259884,59.64789477598521,52.61519922853848,3
110.86739115941063,57.11209848532439,49.72659805072195,3
110.88739249283284,54.92809402536926,46.83647799463173,3
110.90739382625507,53.41741836031033,44.864304922466076,3
110.9273951596773,50.71940594473333,41.55260971848737,3
110.94739649309953,48.14416877749565,39.78821185243084,3
110.96739782652176,46.14375292661462,37.48762204224843,3
110.98739915994399,43.11257369608,35.68178744654943,3
111.00740049336622,42.066633223776876,32.78820568402114,3
111.02740182678845,39.62904423260596,31.139475218659875,3
111.04740316021068,36.92431990116951,27.540451409356177,3
111.0674044936329,32.92615833917422,25.281482543320887,3
111.08740582705514,31.796476512587997,23.743393305172226,3
111.10740716047736,25.916036396424936,22.231349036214326,3
111.1274084938996,27.03784051120551,18.571661412348362,3
111.14740982732182,25.314693388571303,18.425713064078465,3
111.16741116074405,22.17234816093229,14.742987471443383,3
111.18741249416627,20.810584459116278,12.640494628138795,3
111.2074138275885,18.313560084198087,11.755761576076226,3
111.22741516101073,18.06166108049916,9.791295941740158,3
111.24741649443295,13.85334840776782,9.219574347545613,3
111.26741782785518,12.905433236998865,7.283528644472602,3
111.28741916127741,11.40297814241,4.812783770433077,3
111.30742049469964,11.022267609934326,4.3054578360615645,3
111.32742182812187,9.280070307416871,3.446975039697741,3
111.3474231615441,7.486752875864535,2.155409074029062,3
111.36742449496633,5.879806956202898,0.9933499771440073,3
111.38742582838856,5.595712008533752,0.41974051135774393,3
111.40742716181079,4.50989554412698,-0.5416590813221404,3
111.42742849523302,4.207253357096813,-0.6179366300408469,3
111.44742982865525,3.9501805738858375,0.7672252636876928,3
111.46743116207747,3.4105190830771592,-1.4267189528642965,3
111.48743249549969,3.6301045168782227,-1.2222932762100138,3
111.50743382892192,4.0108223437381145,-1.579146643872516,3
111.52743516234415,2.5016979906861434,-1.437919700552872,3
111.54743649576638,2.9873038880323617,-0.48570608277091937,3
111.5674378291886,3.997398491043273,-0.07847312713745724,3
111.58743916261083,4.682836321315895,0.8794630221654359,3
111.60744049603306,5.706914957168632,2.2377670361098154,3
111.6274418294553,6.874591439190564,3.430647597904313,3
111.64744316287752,7.2695109264052915,4.471031429303651,3
111.66744449629975,8.556235341699686,6.274480007110583,3
111.68744582972198,9.388072478053042,6.831933431550469,3
111.70744716314421,9.753409321464485,8.996543037719736,3
111.72744849656644,12.442349771962498,9.877005004012496,3
111.74744982998867,13.039488766199142,13.048135661548002,3
111.7674511634109,15.488482324815843,13.073355677399869,3
111.78745249683311,17.191902121460995,16.60312242875545,3
111.80745383025534,19.033177475261784,18.31896413414069,3
111.82745516367757,20.438382860584007,22.04796931536326,3
111.8474564970998,25.101097132766203,23.47519790735513,3
111.86745783052203,27.161620004481023,24.679725525235387,3
111.88745916394426,28.191599007002594,30.362784061866886,3
111.90746049736649,32.57327365011841,31.336600546815646,3
111.92746183078872,33.9644448611001,33.04614053499026,3
111.94746316421094,35.39555730716389,33.602727670411944,3
111.96746449763317,38.93341768746101,36.81318012511893,3
111.9874658310554,40.36598316741737,40.409076177364724,3
112.00746716447763,42.15986826450663,41.908182792944146,3
112.02746849789986,45.0000810037227,44.36542002644921,3
112.04746983132209,47.371131131897705,47.39005892678747,3
112.06747116474432,50.67479281434416,49.602276588210145,3
112.08747249816653,52.98079948037353,50.412582933916866,3
112.10747383158876,54.588538785946874,54.46280621880702,3
112.12747516501099,57.02175470409656,56.683277416526,3
112.14747649843322,59.55378600930674,58.064710768861175,3
112.16747783185545,62.6154221216392,61.20561966078815,3
112.18747916527768,62.35816348431332,63.02298629037074,3
112.20748049869991,66.2185612066434,64.20826730618757,3
112.22748183212214,66.31422340721679,67.27159799443739,3
112.24748316554437,70.26968995563261,67.8445709350694,3
112.2674844989666,71.25613032314222,69.32792516075257,3
112.28748583238882,72.73342709476243,71.02190940169052,3
112.30748716581105,74.17304310936758,72.0558637181035,3
112.32748849923328,74.34243636064208,72.33185591254355,3
112.34748983265551,76.29597022741771,73.2976096910244,3
112.36749116607774,77.73921223042625,75.06025630547092,3
112.38749249949996,79.77694676786017,75.60730427754575,3
112.40749383292219,78.20775759831646,75.80734808123047,3
112.42749516634441,79.77296915457703,77.21559985034699,3
112.44749649976664,80.35371089554583,77.67134343981397,3
112.46749783318887,80.050559497726,77.45128336374036,3
112.4874991666111,80.53255428920303,76.91433451145818,3
112.50750050003333,80.36770729536886,75.68031934461798,3
112.52750183345556,79.94526243587242,76.87792269570674,3
112.54750316687779,80.30073383143424,75.7784539276169,3
112.56750450030002,79.9292480367529,74.82545475524864,3
112.58750583372225,79.86502472388487,74.48411779000665,3
112.60750716714448,79.01960713943502,71.0831185249892,3
112.6275085005667,77.8052953342633,72.0857410158149,3
112.64750983398893,77.02737031122713,71.11900176473469,3
112.66751116741116,74.2423270138848,68.74089984670707,3
112.68751250083338,74.8789331992142,68.0270081281511,3
112.70751383425561,72.69102604224298,66.43832386086335,3
112.72751516767784,70.557641677659,65.91138120993132,3
112.74751650110007,69.90574712692286,63.03560638488533,3
112.7675178345223,68.28753061120979,60.04801353472346,3
112.78751916794452,66.06425112828437,58.89088839758735,3
112.80752050136675,63.62622605359868,55.96201346642427,3
112.82752183478898,61.92420046256494,53.9818283507918,3
112.84752316821121,59.900475437932286,52.35552898752129,3
112.86752450163344,57.08082118418606,51.437020603496634,3
112.88752583505567,54.89552283975117,46.51218689141938,3
112.9075271684779,53.3910813451112,44.705154524830576,3
112.92752850190013,50.08109965761751,41.4025417335728,3
112.94752983532236,47.253702960894294,39.97508355370613,3
112.96753116874459,45.73880146459116,37.6626707907657,3
112.9875325021668,43.271891211332544,35.75740957941603,3
113.00753383558903,41.71449002965106,32.611333956712905,3
113.02753516901126,37.775563942305304,30.03767671676314,3
113.04753650243349,37.51683169364514,28.360607272029736,3
113.06753783585572,33.641931343485545,26.403037320487375,3
113.08753916927795,30.20855673528262,25.18898510419628,3
113.10754050270018,28.863481183013224,21.262087284837243,3
113.1275418361224,27.557510138139037,18.619720898930144,3
113.14754316954463,24.94119215280763,16.412184595697607,3
113.16754450296686,23.516182692058614,13.97980631155594,3
113.18754583638909,21.104860365903196,12.225036836615127,3
113.20754716981132,17.814147000488727,10.341609313900772,3
113.22754850323355,16.830752828770834,8.851343093254785,3
113.24754983665578,14.891450314848226,8.23236095590876,3
113.26755117007801,12.927641311684752,6.138677858234951,3
113.28755250350022,12.385606233381004,4.217190783855881,3
113.30755383692245,8.456535189292486,3.447236570960203,3
113.32755517034468,8.977684512862764,3.2002724594910714,3
113.34755650376691,6.340424849404295,1.0027600316243428,3
113.36755783718914,8.040172305875275,-0.39046953135236784,3
113.38755917061137,5.073858690339028,-0.5161218031819397,3
113.4075605040336,4.810564464207135,0.566975042624472,3
113.42756183745583,3.387881555768521,-1.1920711171195553,3
113.44756317087806,1.500679274268148,-1.700654229797724,3
113.46756450430028,2.704673111297158,-1.1802718319218417,3
113.48756583772251,3.056226497773775,-1.478104045448059,3
113.50756717114474,3.6463632421140106,-1.4055562679296303,3
113.52756850456697,3.172141904816522,-1.6603481843829344,3
113.5475698379892,3.320580124233557,-1.3743337584534046,3
113.56757117141143,3.7328017161799796,1.67458785407353,3
113.58757250483364,3.5190791288037384,1.571376338679103,3
113.60757383825587,6.031741306996462,2.509086916108915,3
113.6275751716781,6.787129013666471,4.629870677162846,3
113.64757650510033,7.84976175944761,4.293698929789871,3
113.66757783852256,8.446248179108162,6.677625650163544,3
113.68757917194479,10.724683798414748,7.095389810066923,3
113.70758050536702,11.654153223580607,9.780979678064533,3
113.72758183878925,10.96009188050773,11.641112711679579,3
113.74758317221148,14.040269638625437,13.547773716827875,3
113.7675845056337,15.956938622678631,14.950809659876974,3
113.78758583905594,18.573335672056267,15.94909988761719,3
113.80758717247816,19.357083862873733,18.830393008359195,3
113.8275885059004,22.089375094563096,21.11698058120111,3
113.84758983932262,22.80001662522091,22.25341624950432,3
113.86759117274485,25.336949474592412,25.92102758119204,3
113.88759250616707,29.62471098028729,28.156047128054055,3
113.9075938395893,30.675714812462324,31.138101420860547,3
113.92759517301153,32.571252273422076,31.95415786798289,3
113.94759650643375,35.74339239739158,36.1045535283348,3
113.96759783985598,38.26625174396794,37.20634731368924,3
113.98759917327821,39.0212423345926,40.7202479944809,3
114.00760050670044,41.66726828391472,42.77404037541746,3
114.02760184012267,44.59467150791307,44.113522884100256,3
114.0476031735449,48.30000810061845,45.326237043303266,3
114.06760450696713,49.98882004151427,49.60194484554589,3
114.08760584038936,52.36015641358127,51.998776192569956,3
114.10760717381159,54.24315794566317,54.22140899449783,3
114.12760850723382,57.496006888724516,55.71078196960156,3
114.14760984065605,59.58794322118688,57.36387402796858,3
114.16761117407827,62.00527608938904,59.14779815495278,3
114.18761250750049,64.43198994716192,61.50187771854267,3
114.20761384092272,65.69022606120832,65.44788901787358,3
114.22761517434495,66.26451728706631,65.09689138054021,3
114.24761650776718,70.52540333539793,66.36404440558813,3
114.2676178411894,71.50993402601613,69.6472484587184,3
114.28761917461163,72.5560900216771,69.73575717446815,3
114.30762050803386,73.85002759697016,72.10400882659755,3
114.3276218414561,74.74651805081965,73.24680499121955,3
114.34762317487832,75.90393413645639,74.18796507446176,3
114.36762450830055,77.8517311270836,74.7849271050034,3
114.38762584172278,79.02278534444483,74.15746117748738,3
114.40762717514501,78.99987759614879,74.53969527238307,3
114.42762850856724,78.52264643796863,77.8275074883758,3
114.44762984198947,79.05639949906023,75.51215378490545,3
114.4676311754117,81.99810274504375,77.33485048785151,3
114.48763250883391,80.82372005148777,77.4498628672671,3
114.50763384225614,80.60802415644885,78.14850497529478,3
114.52763517567837,80.16209233637588,76.14862921718564,3
114.5476365091006,79.45079032595221,74.70008134643349,3
114.56763784252283,80.81869000189852,74.13006369877074,3
114.58763917594506,79.62296908297422,74.31259921126014,3
114.60764050936729,78.14366824346726,72.84815902424876,3
114.62764184278952,78.41093260592373,71.588449665747,3
114.64764317621174,76.99088553242984,71.2232729628044,3
114.66764450963397,75.29335840899526,69.22444515240382,3
114.6876458430562,74.6309226639381,68.30328099069581,3
114.70764717647843,72.54576630066923,66.24786445192828,3
114.72764850990066,71.93816823171413,65.46550281998863,3
114.74764984332289,70.3961602925398,62.182809166978316,3
114.76765117674512,67.09704815657291,60.81064770593991,3
114.78765251016733,65.80900898965763,58.157173604844346,3
114.80765384358956,63.40248888372129,56.175404835433305,3
114.82765517701179,62.218003998931906,54.12922926352322,3
114.84765651043402,59.40339640320327,52.84564398477055,3
114.86765784385625,57.454262605033364,50.973574517300435,3
114.88765917727848,56.77406301309014,48.4364959213242,3
114.90766051070071,53.591542600288925,44.117503071752665,3
114.92766184412294,50.87192862157237,44.26404008537497,3
114.94766317754517,49.41534580765451,39.9383919187603,3
114.9676645109674,44.846630985624834,39.03351917546319,3
114.98766584438962,43.24460332863975,35.124014852472875,3
115.00766717781185,42.39393354619272,32.41618464246523,3
115.02766851123408,39.014285832077576,29.960734225427235,3
115.04766984465631,35.2674602615524,29.793162044946794,3
115.06767117807854,34.22553138676777,24.913624362700627,3
115.08767251150076,31.84915795012428,23.152797862376747,3
115.10767384492299,29.62824073341507,21.910577767248398,3
115.12767517834521,26.264716773561034,17.97368317006312,3
115.14767651176744,25.785594280429436,16.37358036236888,3
115.16767784518967,22.886458828193224,14.898907030051333,3
115.1876791786119,19.496534683098755,10.752918959694899,3
115.20768051203413,17.912735775639497,11.302782447041213,3
115.22768184545636,15.98813206112905,8.475604225669993,3
115.24768317887859,14.234323292086351,7.642580894904873,3
115.26768451230082,13.371896709239023,6.265890599866019,3
115.28768584572305,10.39798404958778,4.303233933650046,3
115.30768717914528,9.126724950742098,3.98149210682695,3
115.3276885125675,7.503050748437919,2.171071070115125,3
115.34768984598973,6.676646133013864,1.6796050352602694,3
115.36769117941196,5.55146463072802,1.4964452792119527,3
115.38769251283418,6.34277370785411,0.31191089868492466,3
115.40769384625641,5.2316282839333645,-0.7583316395286496,3
115.42769517967864,3.7579273706107474,-0.31869965939644496,3
115.44769651310087,2.874454790645302,-2.639660394250018,3
115.4676978465231,4.0439287155329815,0.8829966515916214,3
115.48769917994532,2.7449165157693396,-1.1790039372261103,3
115.50770051336755,2.6190325062753113,-1.6370142049393563,3
115.52770184678978,2.6750164748264402,0.15904603673717466,3
115.54770318021201,4.182484816117989,0.3901656449080972,3
115.56770451363424,4.08178902670496,0.8430031359784801,3
115.58770584705647,3.151044886963124,1.4251179284939988,3
115.6077071804787,6.2310975516225025,1.785452728398901,3
115.62770851390093,6.051623506054091,3.3943170922149077,3
115.64770984732316,7.635769872104552,6.056051696217599,3
115.66771118074539,8.879684673285439,6.581780769407585,3
115.6877125141676,9.537422832391865,7.595327201018712,3
115.70771384758983,11.750659431119079,7.828669940496155,3
115.72771518101206,11.843884722977926,11.572741950780314,3
115.74771651443429,13.528401013555937,12.376860959087953,3
115.76771784785652,16.251700987510343,17.43974483995487,3
115.78771918127875,17.048704114929617,15.12333002159562,3
115.80772051470097,18.264264610486318,20.018867475244203,3
115.8277218481232,21.47047770216623,20.538592566714772,3
115.84772318154543,23.444804497723396,24.138276249097988,3
115.86772451496766,26.905972452257526,25.73327675730148,3
115.88772584838989,29.425940841945884,27.933784866204523,3
115.90772718181212,31.36248815553775,30.919070005074023,3
115.92772851523435,34.906080758936554,33.652569090235616,3
115.94772984865658,35.83961123360868,35.65560882231986,3
115.96773118207881,38.25929407114136,39.00429221698302,3
115.98773251550102,41.79534524677354,40.08514156108736,3
116.00773384892325,45.671022801880206,42.88834675948569,3
116.02773518234548,44.576130209254494,45.561081347125324,3
116.04773651576771,47.5888416954785,48.07031620521629,3
116.06773784918994,50.09771781443803,49.404313752052076,3
116.08773918261217,53.30679306871617,52.62135807313661,3
116.1077405160344,54.547265327286304,53.97906857882533,3
116.12774184945663,57.49493641143368,55.39604031846201,3
116.14774318287886,58.624796427942385,58.907778803744264,3
116.16774451630108,61.92213503864993,59.781356626813924,3
116.18774584972331,63.740438251907015,62.08444532942667,3
116.20774718314554,64.57609826177936,64.00959204755817,3
116.22774851656777,66.4504429168297,66.17091585947784,3
116.24774984999,69.23088280298914,68.58799663320397,3
116.26775118341223,72.22181545371672,69.6624481756493,3
116.28775251683444,71.81552745180261,71.24575200962897,3
116.30775385025667,73.88507328003138,71.65957242896062,3
116.3277551836789,73.89388851023563,73.92936341342548,3
116.34775651710113,75.67034784858281,73.87919493735835,3
116.36775785052336,77.07799587775013,74.11379710798188,3
116.38775918394559,78.94532873838936,76.2522378051602,3
116.40776051736782,78.96068080256609,76.01133891315413,3
116.42776185079005,80.4112904986308,76.48890647973032,3
116.44776318421228,80.04635477059135,77.43211501961488,3
116.4677645176345,81.18668387997523,77.32154362022054,3
116.48776585105674,82.29952834228635,77.63421965591284,3
116.50776718447896,80.20746272434779,76.64726696924696,3
116.5277685179012,81.10014800411055,76.67731242440288,3
116.54776985132342,81.33523606677404,76.1875077746163,3
116.56777118474565,78.13353192910378,74.94372142481913,3
116.58777251816787,80.3432083399364,74.37682542248871,3
116.6077738515901,80.48182603718121,73.06905991946282,3
116.62777518501233,77.36960586499269,71.25785273357366,3
116.64777651843455,76.42533672390239,70.5736337410222,3
116.66777785185678,75.62669807913316,69.71570907517156,3
116.68777918527901,74.54147497455368,68.39185796719423,3
116.70778051870124,72.7226361676282,66.45305450342013,3
116.72778185212347,70.22400010193887,62.4594964491877,3
116.7477831855457,70.3938250793452,62.53494097036286,3
116.76778451896793,67.64976340180162,60.230893801357055,3
116.78778585239016,66.39003991736531,59.237290519554364,3
116.80778718581239,63.908040544020714,57.40990493393973,3
116.82778851923462,62.08109431729197,53.88006216974732,3
116.84778985265685,60.29528737530321,52.183883107425174,3
116.86779118607907,58.85774066668751,51.47537823159099,3
116.88779251950129,54.56554936156031,47.5103242061549,3
116.90779385292352,53.310685760714726,46.5350805027284,3
116.92779518634575,50.259395816460525,42.981026766434724,3
116.94779651976798,48.43804600494346,39.808246864667254,3
116.9677978531902,47.39573478841566,37.050198579922956,3
116.98779918661243,44.36238516544791,34.06967201948333,3
117.00780052003466,41.018624956741384,32.415103199554764,3
117.0278018534569,37.58382852890164,30.875748519535914,3
117.04780318687912,36.199198741664496,28.576507015850183,3
117.06780452030135,34.89173656756782,24.803460878647556,3
117.08780585372358,32.02589890763637,22.689705892775738,3
117.10780718714581,29.190876733218403,21.177530732761987,3
117.12780852056804,25.98536288283178,18.930918353495397,3
117.14780985399027,24.468929770727424,16.28452025500748,3
117.1678111874125,22.448468215301197,14.122242017942865,3
117.18781252083471,20.057890005196345,13.886271522736555,3
117.20781385425694,17.82033429029174,10.994242305409056,3
117.22781518767917,15.920557989717611,9.99507434316019,3
117.2478165211014,15.486295221970277,7.7480948773041565,3
117.26781785452363,13.390062425890468,5.975054655207997,3
117.28781918794586,11.488067335246614,4.360014465047017,3
117.30782052136809,9.30502261666912,4.628588391352729,3
117.32782185479032,8.197056258352944,2.761168200387986,3
117.34782318821254,7.789387438864571,3.2258715956697306,3
117.36782452163477,5.764092110906248,0.24655207921747485,3
117.387825855057,4.947079483289068,-0.2635982792927035,3
117.40782718847923,2.9611114190685113,-0.16659633457648115,3
117.42782852190146,4.434486252771886,-0.5634253158677434,3
117.44782985532369,4.177220096087107,0.8430619448721535,3
117.46783118874592,3.241975233105616,-1.5865327696633673,3
117.48783252216813,3.8737162735363504,-1.8243768512634158,3
117.50783385559036,3.8442135482981934,-0.5953619151800404,3
117.52783518901259,4.180689058884777,0.313786727433646,3
117.54783652243482,4.125653717158299,-0.6666738032856445,3
117.56783785585705,4.779024210123666,0.6700356342888059,3
117.58783918927928,4.422224642132225,2.3052498440605618,3
117.60784052270151,5.442864900619266,1.9986426347267652,3
117.62784185612374,5.411119332914329,3.919074284487224,3
117.64784318954597,8.137479214956466,4.512602766004442,3
117.6678445229682,9.425706696899079,6.534400025423566,3
117.68784585639042,9.368837391191061,7.920122896739958,3
117.70784718981265,10.429242507331699,9.56234129781188,3
117.72784852323488,12.244799622289372,10.589941135851772,3
117.74784985665711,14.825819733474518,11.716038300173484,3
117.76785119007934,16.772161742071926,15.495101652631734,3
117.78785252350156,18.26883591359812,15.74819369289428,3
117.80785385692378,19.280706535715726,19.784892920887927,3
117.82785519034601,21.64938447532254,21.54184555064459,3
117.84785652376824,24.420714610242996,24.019315984632605,3
117.86785785719047,25.903969721586797,25.218192235835282,3
117.8878591906127,28.654705460626072,29.017604108275087,3
117.90786052403493,30.73967937612284,30.022511555867535,3
117.92786185745716,33.68625030641914,33.56022999779736,3
117.94786319087939,35.26133719813693,35.30988484959537,3
117.96786452430162,37.780482980673504,37.251153685578444,3
117.98786585772385,39.27382053380395,40.600463265823,3
118.00786719114608,43.24169851170348,42.17787048494187,3
118.0278685245683,45.854256150654024,45.87706689636608,3
118.04786985799053,47.10389573372121,47.14843124754171,3
118.06787119141276,50.29246294883274,49.10343745000532,3
118.08787252483498,52.680290145089195,53.0190602343385,3
118.10787385825721,55.96495891204715,53.76711368541765,3
118.12787519167944,58.42345307575813,55.963794788448155,3
118.14787652510167,59.28117120708266,58.90387118406517,3
118.1678778585239,60.545835329104506,59.33809485699039,3
118.18787919194612,63.969477533667856,62.91983443175985,3
118.20788052536835,63.700660782197104,64.9389787627402,3
118.22788185879058,66.52841070973325,65.65910262614919,3
118.24788319221281,69.74847027432564,67.0144752263734,3
118.26788452563504,70.75846512610522,71.24844921924571,3
118.28788585905727,71.73910354034707,70.88443704686196,3
118.3078871924795,73.58271247022505,71.20091735617001,3
118.32788852590173,74.93257027450345,73.01314084008129,3
118.34788985932396,75.45232740316298,74.5660624725383,3
118.36789119274619,78.73882806725109,74.8925158614669,3
118.3878925261684,77.37489340879468,75.75878636727063,3
118.40789385959063,78.87743940947581,76.1491738685563,3
118.42789519301286,80.73606330824693,75.2308646192636,3
118.44789652643509,79.18620390913694,78.08151844472984,3
118.46789785985732,80.80036479511017,76.03766127909915,3
118.48789919327955,80.49293983603368,76.88537686983489,3
118.50790052670177,80.39278495413636,76.06082329123709,3
118.527901860124,81.64858117169148,74.53909508972697,3
118.54790319354623,80.04031909138506,75.08400164378331,3
118.56790452696846,80.10106324188955,74.89965638210084,3
118.58790586039069,80.83345710150657,75.43873981597801,3
118.60790719381292,80.0182155605863,72.50422241760366,3
118.62790852723515,77.69199770987512,71.63096526084196,3
118.64790986065738,77.58793560530174,71.01499111495174,3
118.66791119407961,74.7736833776447,68.75540024541822,3
118.68791252750182,74.5280351909577,68.66282200824132,3
118.70791386092405,72.41210302868531,65.65970078947038,3
118.72791519434628,71.65135155032459,64.68049426900228,3
118.74791652776851,69.84066614962477,63.68154160801306,3
118.76791786119074,66.8986032761479,61.0373352559741,3
118.78791919461297,66.34020946987062,58.03264881418505,3
118.8079205280352,62.58822957726607,56.46720037807709,3
118.82792186145743,62.57459921755774,53.16087178330378,3
118.84792319487966,59.679504466522275,52.45047241933375,3
118.86792452830188,58.552228264931664,49.40892184696734,3
118.88792586172411,55.766179959002535,48.55733098178949,3
118.90792719514634,52.3833497934647,45.138965441786496,3
118.92792852856857,51.305366027815246,42.80195025574814,3
118.9479298619908,48.97649787693981,40.77717928554151,3
118.96793119541303,46.361582639690866,38.83013560252176,3
118.98793252883524,42.88165734806889,35.77404666413846,3
119.00793386225747,41.26542379930767,33.50241863995058,3
119.0279351956797,37.85606625110488,30.449150721932515,3
119.04793652910193,36.30959043230662,28.960217126132726,3
119.06793786252416,33.9487847186239,25.64292200017578,3
119.08793919594639,31.905494011610713,22.642281228384128,3
119.10794052936862,30.012914092165417,20.83048244816072,3
119.12794186279085,27.712524948990126,19.74235413666582,3
119.14794319621308,24.51089205242536,17.670563939545016,3
119.1679445296353,21.320503704700606,14.258361377312486,3
119.18794586305754,19.830242832564114,12.936988566236874,3
119.20794719647976,19.532248073793458,11.098080686904217,3
119.227948529902,16.23080101435779,8.613855640115972,3
119.24794986332422,15.42765223161969,7.100937452104546,3
119.26795119674645,11.710598080566342,7.4329248876361,3
119.28795253016867,11.080133260298028,3.532980700438756,3
119.3079538635909,10.627389037209454,5.375426177350986,3
119.32795519701313,7.688107663955721,1.9003351641603299,3
119.34795653043535,8.102042033678257,1.2395455839121208,3
119.36795786385758,6.361196913118722,1.1644706869841834,3
119.38795919727981,5.446608896325879,0.4646696430954479,3
119.40796053070204,5.81802116894456,-0.6272894440361546,3
119.42796186412427,2.5368901781830804,-0.47582354552299955,3
119.4479631975465,3.459634295941587,-0.8124766828590952,3
119.46796453096873,4.603207716694271,-0.8224507622453046,3
119.48796586439096,3.724758224182823,0.2764787270155742,3
119.50796719781319,3.1778632603982953,-0.9885343675393228,3
119.52796853123542,2.4651459140330516,1.1135484369660333,3
119.54796986465765,4.09385669320837,-0.3176945743147534,3
119.56797119807987,4.034018783910572,0.30951777944533654,3
119.58797253150209,4.724220197464639,0.29257926851725546,3
119.60797386492432,6.6494033311755825,2.179138959045231,3
119.62797519834655,7.276780349349124,4.008941687671697,3
119.64797653176878,7.779220001146111,4.282524764119791,3
119.667977865191,7.067990435848549,7.093257824239424,3
119.68797919861323,8.69241287456477,7.837727330468542,3
119.70798053203546,12.04456789756562,9.57899819239877,3
119.72798186545769,14.183872619182022,10.239144193939769,3
119.74798319887992,14.792940539171687,12.907538152834936,3
119.76798453230215,17.622929847093168,14.94981092595049,3
119.78798586572438,17.181147195331448,18.498706946224246,3
119.80798719914661,19.473695250173154,19.918090176196493,3
119.82798853256884,22.54712177323251,20.195597852897293,3
119.84798986599107,22.26250034890373,23.475467301790975,3
119.8679911994133,27.216902902042307,25.670431217931014,3
119.88799253283551,29.63643143089431,27.711652798131905,3
119.90799386625774,30.462674934149387,31.380831154302022,3
119.92799519967997,33.09910378555048,33.35870045687518,3
119.9479965331022,34.544660956265474,35.439657590060534,3
119.96799786652443,39.62183088085696,38.05992682001258,3
119.98799919994666,39.70519549739465,40.026338660550834,3
120.00800053336889,42.86062576218685,42.2694444513033,3
120.02800186679112,45.9063283926128,44.06428609486239,3
120.04800320021334,48.7776535808022,46.92681219937689,3
120.06800453363557,49.91690355819085,49.41025648345259,3
120.0880058670578,50.71194340040748,51.41984102264449,3
120.10800720048003,54.168626620275916,54.895228032194915,3
120.12800853390226,58.25344652476473,56.066424101909355,3
120.14800986732449,59.87736856983252,59.00612216319551,3
120.16801120074672,59.94569893746525,60.43660767192106,3
120.18801253416893,64.48173617056932,62.06842717168456,3
120.20801386759116,66.13555737464603,64.82359116780235,3
120.22801520101339,67.74922462406894,66.11329263666202,3
120.24801653443562,69.79975815635775,68.58053537766715,3
120.26801786785785,71.20690149213308,69.3955906494085,3
120.28801920128008,73.40286070748304,69.87845363679801,3
120.30802053470231,72.96364572469255,71.6534094344815,3
120.32802186812454,75.55573707471424,72.68542469606108,3
120.34802320154677,77.38322980300454,75.2371070254286,3
120.368024534969,77.65957563147536,74.74733391271637,3
120.38802586839122,78.82361220906492,74.69894340201303,3
120.40802720181345,78.43903467952053,75.56513952973553,3
120.42802853523568,80.84024735697967,76.48537242834924,3
120.44802986865791,81.62401406698406,75.76085098210504,3
120.46803120208014,81.77780062261888,75.8116695584753,3
120.48803253550236,80.22153409473499,75.53121704646769,3
120.50803386892458,80.32017231995958,76.32330446181219,3
120.52803520234681,80.65305430596194,75.49882282535603,3
120.54803653576904,80.95473193900125,74.06176013791045,3
120.56803786919127,81.01794626601001,74.39044404748336,3
120.5880392026135,80.60910103917466,73.793344940307,3
120.60804053603573,78.51476657287134,73.08264150678954,3
120.62804186945796,78.10135560821064,73.08944006413417,3
120.64804320288019,78.00153068630637,71.79704346393561,3
120.66804453630242,75.33954232722408,68.94042055338805,3
120.68804586972465,76.2917856023408,67.44564527814954,3
120.70804720314688,72.38889110650005,66.12337906581206,3
120.7280485365691,70.95688353678182,64.23175307039655,3
120.74804986999133,70.70977221972515,62.72511828199028,3
120.76805120341356,68.7072328654961,62.588433226301696,3
120.78805253683578,66.45367378565548,58.01017573877231,3
120.80805387025801,64.15223154816186,56.887244971391524,3
120.82805520368024,62.634739484516466,56.13393656133352,3
120.84805653710247,59.68193224305821,51.59767002158888,3
120.8680578705247,59.47051192998791,49.39242818179489,3
120.88805920394692,54.775248083433176,47.95874607513305,3
120.90806053736915,52.144621411695525,43.92688074898507,3
120.92806187079138,49.8319837650035,42.38059278897093,3
120.94806320421361,47.278507067049595,39.89412204998947,3
120.96806453763584,45.925918874903154,38.865177501423894,3
120.98806587105807,44.777102518461135,34.91033222707126,3
121.0080672044803,40.702741765558216,32.754046336783965,3
121.02806853790253,38.701604706147364,30.5197464033369,3
121.04806987132476,36.204547398426556,28.569032023976813,3
121.06807120474699,34.442122709272844,24.7823247111672,3
121.0880725381692,30.801298978578547,24.49517594274746,3
121.10807387159143,28.021896742838543,21.95134066621499,3
121.12807520501366,27.27757571136216,18.939272660627523,3
121.14807653843589,25.84587045434154,16.369028575763682,3
121.16807787185812,23.131438753472167,15.272468724255026,3
121.18807920528035,21.62888553436519,12.941796190093696,3
121.20808053870257,16.37084706584066,10.540356972167386,3
121.2280818721248,16.68442555583906,9.319592373093869,3
121.24808320554703,14.26128194815218,7.949352798155278,3
121.26808453896926,12.366991038660315,7.424443655556058,3
121.28808587239149,11.827801506465784,3.911330373683454,3
121.30808720581372,10.094924449729527,4.795316618399704,3
121.32808853923595,8.595550237127329,2.4445555684890894,3
121.34808987265818,8.164345157162721,2.537371435081049,3
121.36809120608041,5.534725143761696,0.7443197957980152,3
121.38809253950262,5.625133029746235,-0.6999907812485594,3
121.40809387292485,4.906478576247695,0.16859002787405097,3
121.42809520634708,3.236100586466671,-1.3748727685373219,3
121.44809653976931,2.5905256454198335,-0.06297033836903076,3
121.46809787319154,3.1305336193063553,-2.0351291246165713,3
121.48809920661377,2.6277859773068437,-0.8332210444370582,3
121.508100540036,2.7456809199120125,-0.46219720260161856,3
121.52810187345823,1.93537048739116,-1.1376662153389998,3
121.54810320688046,2.1683999073089533,1.0414761935452235,3
121.56810454030268,4.271252217464001,0.5005795225794124,3
121.58810587372491,4.3953073340964375,1.8953794002664477,3
121.60810720714714,5.117381789980364,1.642561747319387,3
121.62810854056937,5.546322545457246,5.141606458972958,3
121.6481098739916,8.234579502730812,4.9075997455768885,3
121.66811120741383,8.405777866569263,6.663322420350842,3
121.68811254083604,10.200541403703133,7.3623849410558195,3
121.70811387425827,10.733567303413949,11.123998608506076,3
121.7281152076805,11.582853271730093,9.338555781348827,3
121.74811654110273,14.782082172670465,13.279059671267298,3
121.76811787452496,18.101432532570964,16.118086336093203,3
121.78811920794719,16.92507477613602,16.969648219158774,3
121.80812054136942,19.579709115940314,18.8255523302987,3
121.82812187479165,20.611175613884733,19.522948953616,3
121.84812320821388,23.09712475327097,22.90819604440327,3
121.8681245416361,27.053309913452235,26.230534370600882,3
121.88812587505834,27.964722116086776,27.523151729674456,3
121.90812720848056,30.127355263901368,28.770482161793684,3
121.9281285419028,34.24262695928446,32.55278194791836,3
121.94812987532502,35.85247956341817,35.00075919617981,3
121.96813120874725,37.60947275953635,38.74143179477487,3
121.98813254216947,40.20268114257063,39.53510193248161,3
122.0081338755917,42.951010371885666,43.26094382950377,3
122.02813520901393,45.225637953458985,45.42656458384275,3
122.04813654243615,48.60493453720008,46.37519800670364,3
122.06813787585838,49.76389666504918,49.991350511105935,3
122.08813920928061,53.25988705642162,51.596260676860744,3
122.10814054270284,53.58557461350607,52.03970307748363,3
122.12814187612507,58.002029746826466,57.28806525624207,3
122.1481432095473,59.17537089798928,59.01071423499818,3
122.16814454296953,61.975253024936045,60.57309903296993,3
122.18814587639176,63.427063045263694,62.231650660881954,3
122.20814720981399,66.15772881859344,64.63532998414323,3
122.22814854323622,68.44868728172821,66.49611160753683,3
122.24814987665845,71.09367546440986,67.73444026978385,3
122.26815121008067,71.42250620426056,67.9127744606651,3
122.28815254350289,72.6548327612224,70.91183045692156,3
122.30815387692512,74.23645208524772,71.87420960299985,3
122.32815521034735,75.50341921061451,73.06416687852105,3
122.34815654376958,76.25111749726828,73.99910642762833,3
122.3681578771918,77.54352614116965,73.91003485401859,3
122.38815921061403,77.10867951998914,76.46075048131704,3
122.40816054403626,79.73787758707424,74.93677346164851,3
122.42816187745849,79.75816220533574,75.8962523290654,3
122.44816321088072,81.45477177695822,75.40368821588345,3
122.46816454430295,80.67700474564465,77.15540643602478,3
122.48816587772518,80.73561040115759,78.16118076280499,3
122.50816721114741,81.97069884947399,76.73856681130549,3
122.52816854456964,80.70474044040475,76.2012563378261,3
122.54816987799187,80.77326332204868,75.49661320221868,3
122.5681712114141,79.58973706062105,74.22628236455812,3
122.58817254483631,79.55156391517995,72.88685239502612,3
122.60817387825854,79.0637380889334,74.0869994392567,3
122.62817521168077,78.11766666916664,71.44002924258649,3
122.648176545103,76.18235581551127,69.64317409958142,3
122.66817787852523,75.3989900267402,68.73204765184701,3
122.68817921194746,75.53350623587184,67.67269046664653,3
122.70818054536969,73.81880138953024,66.12150959930959,3
122.72818187879191,71.79589525169852,64.82331122462236,3
122.74818321221414,70.35177269733128,64.17459807893962,3
122.76818454563637,66.72620472514913,61.17078047369933,3
122.7881858790586,64.41660661492544,58.907259539401345,3
122.80818721248083,65.61044087779773,57.645994411254485,3
122.82818854590306,62.04164302022199,54.661102657823946,3
122.84818987932529,61.91007587433036,50.7232421357953,3
122.86819121274752,58.992848538974336,49.26952795669719,3
122.88819254616973,56.696886270400185,45.877092486636236,3
122.90819387959196,52.47237094872091,46.29910973740596,3
122.92819521301419,51.249834685870184,43.57071459399552,3
122.94819654643642,49.04674364694796,40.563344764778414,3
122.96819787985865,45.562561609442376,37.43584935498272,3
122.98819921328088,44.2701090335323,36.02866959057991,3
123.00820054670311,41.205006848046835,33.199075037262126,3
123.02820188012534,38.75836311552532,31.149149943908537,3
123.04820321354757,36.46782996702283,29.69604788399023,3
123.0682045469698,33.028293360391096,27.348053634942513,3
123.08820588039202,32.287385888858346,23.937563721182954,3
123.10820721381425,29.018360720512028,20.56230992975601,3
123.12820854723648,26.94564210749751,18.87063796152008,3
123.14820988065871,23.923834072499623,16.697733979597203,3
123.16821121408094,22.812790847347006,16.061004080994323,3
123.18821254750317,21.030555826151616,12.25350908157025,3
123.20821388092538,17.703020343125164,11.242400202986449,3
123.22821521434761,16.70278713274096,10.046865618851404,3
123.24821654776984,13.009678732927615,7.846585223117068,3
123.26821788119207,13.108532445380892,6.34473670443099,3
123.2882192146143,11.57741477725491,5.1134927441626825,3
123.30822054803653,9.17305937447279,3.436186621348162,3
123.32822188145876,8.092131713383191,3.0435588927392554,3
123.34822321488099,9.289021031158185,0.9759617517345253,3
123.36822454830322,6.969883514297463,0.5249870748488059,3
123.38822588172545,4.5812014388350955,-1.002248387652619,3
123.40822721514768,3.3849508734349016,-1.8862572788483525,3
123.4282285485699,3.2053699993234694,-0.5415256418017635,3
123.44822988199213,3.7090135053186275,-1.1502634893936852,3
123.46823121541436,2.8081064384505128,0.8321497374272129,3
123.48823254883659,3.3297031291184642,-2.155828920329197,3
123.5082338822588,2.57717013875405,-1.465419873699024,3
123.52823521568104,2.6279273287926475,0.15023784803587126,3
123.54823654910327,3.7378265920935925,-0.8515909803166428,3
123.5682378825255,2.9195388135084106,-0.09262960775967466,3
123.58823921594772,4.531527090892531,0.005434345451034606,3
123.60824054936995,6.02294615757177,1.9539396407109912,3
123.62824188279218,6.060788549028182,3.326029379206882,3
123.64824321621441,7.614888786199179,4.541609426220719,3
123.66824454963664,7.723394309663078,4.821587080147105,3
123.68824588305887,9.105127679642226,8.214134661604778,3
123.7082472164811,10.532441555174374,10.12423134500556,3
123.72824854990333,12.373526619560728,10.581240376902455,3
123.74824988332556,15.393368063924777,13.300413561905836,3
123.76825121674779,16.141784123136446,15.031369210093366,3
123.78825255017001,18.32943605063976,16.703160318357344,3
123.80825388359223,19.332917801379295,19.454244676091005,3
123.82825521701446,21.014670164853307,20.977514131363094,3
123.84825655043669,25.328907830299208,23.536579141052126,3
123.86825788385892,28.12313691235253,24.341063864588556,3
123.88825921728115,27.886834256258943,27.816953900024572,3
123.90826055070337,31.79578292706048,29.549805830079052,3
123.9282618841256,34.02274260920213,32.746049708049156,3
123.94826321754783,36.35280901419872,35.15650443169408,3
123.96826455097006,37.36976046140095,38.60503153782626,3
123.98826588439229,40.121696625585734,41.40780533103414,3
124.00826721781452,43.54198354346889,43.29103225439801,3
124.02826855123675,45.62249931654394,44.51526683702025,3
124.04826988465898,48.093522645038874,47.58178616133944,3
124.06827121808121,48.84986520733479,50.62319646502976,3
124.08827255150344,53.596237001178714,53.3230012286827,3
124.10827388492565,56.042622260039366,53.98456988924263,3
124.12827521834788,57.55890280532637,55.62123451239164,3
124.14827655177011,59.52210209967621,59.31922666696112,3
124.16827788519234,62.23277948745003,61.62433307635997,3
124.18827921861457,62.056805257361574,62.851450037614576,3
124.2082805520368,66.4754967307464,64.72547352016865,3
124.22828188545903,67.2696946611751,67.3606679243599,3
124.24828321888126,68.8863529312266,67.33001642580805,3
124.26828455230348,70.57268081738535,69.18109943411201,3
124.28828588572571,73.029260003885,70.3701376230648,3
124.30828721914794,73.65110777663423,71.71977530339596,3
124.32828855257017,75.79477627912883,72.95684663208549,3
124.3482898859924,77.45776814998153,73.3574535793409,3
124.36829121941463,77.08092014944963,75.47188838567578,3
124.38829255283686,80.15376868171316,76.12403566344727,3
124.40829388625907,77.65108544952933,76.24275287221278,3
124.4282952196813,80.89246075099616,77.13287144908955,3
124.44829655310353,80.14447467304173,77.3253466416895,3
124.46829788652576,80.74325571920119,75.96908775759314,3
124.48829921994799,80.70322960101319,75.57005936492247,3
124.50830055337022,80.07546262623966,76.44860661614288,3
124.52830188679245,82.38089146977464,76.67992354946084,3
124.54830322021468,80.29027895116451,76.0775820736776,3
124.5683045536369,79.02845923155262,75.66104609084938,3
124.58830588705914,79.13766340911633,73.22317628012928,3
124.60830722048136,77.8550742655391,72.76059435220799,3
124.6283085539036,78.10971466123591,72.23983406564513,3
124.64830988732582,77.32111149904168,70.51814194301349,3
124.66831122074805,75.8914800091499,68.66247674866796,3
124.68831255417028,74.98216854005831,67.63639884608375,3
124.7083138875925,73.22514135110326,66.48528779473209,3
124.72831522101473,71.05232341001198,64.26192717682761,3
124.74831655443695,69.9372841417024,63.25556305910773,3
124.76831788785918,67.39114402736405,59.42860770047608,3
124.78831922128141,67.48388187760307,57.663277061506015,3
124.80832055470364,64.26225623982499,56.863579720746785,3
124.82832188812587,63.529118375977724,54.37190929147896,3
124.8483232215481,59.83331891655777,52.825595462043545,3
124.86832455497033,58.00934646629384,51.84660841947796,3
124.88832588839256,54.179185536155515,47.1355844773287,3
124.90832722181479,52.71233740983958,45.89966928465849,3
124.92832855523702,50.902003802674976,42.263417124852396,3
124.94832988865925,49.30797898704721,39.43863222680051,3
124.96833122208147,46.09970310115539,37.763600619826605,3
124.9883325555037,43.721293090215234,35.0864515683596,3
125.00833388892592,41.41480175962798,32.73240473460936,3
125.02833522234815,38.49132968380898,30.29375526835493,3
125.04833655577038,36.942121072345266,26.559454650971492,3
125.0683378891926,34.92270566662095,25.619559604422193,3
125.08833922261483,32.13302565535142,22.153298845819346,3
125.10834055603706,27.85781492908506,21.96586147927033,3
125.12834188945929,26.91876000069378,18.99584536007082,3
125.14834322288152,25.795765563320636,16.896141327622164,3
125.16834455630375,21.58719812794554,15.231930726178561,3
125.18834588972598,19.939104958073905,13.28712921939075,3
125.20834722314821,18.93379068369091,11.119903925088053,3
125.22834855657044,16.13411351741899,11.194860734192659,3
125.24834988999267,16.6433908725417,7.358288679109852,3
125.2683512234149,11.00104095271739,7.240738798337273,3
125.28835255683713,11.276394909797054,4.54857516164626,3
125.30835389025934,9.078786354852266,2.9250678336442877,3
125.32835522368157,8.463401407758884,1.8728461641488126,3
125.3483565571038,6.052607987004582,1.3298384647461372,3
125.36835789052603,6.340360574541836,0.16659690548596862,3
125.38835922394826,4.903759946557285,-0.4060048699609282,3
125.40836055737049,4.728781844226058,-1.0189691155215952,3
125.42836189079271,3.1513941638749565,-1.0852679455353234,3
125.44836322421494,2.948663882266582,-0.008086476599408643,3
125.46836455763717,2.5568707210314274,-0.27647295547343975,3
125.4883658910594,4.595730268722746,-0.4065171226004397,3
125.50836722448163,3.9170124929899575,-0.8566873542990558,3
125.52836855790386,1.2739305406194266,0.4286750640537911,3
125.54836989132609,4.847698476454563,-0.38598845280906907,3
125.56837122474832,4.2848648029437975,0.7449969947146663,3
125.58837255817055,5.608202159756487,1.0873754652306837,3
125.60837389159276,5.328415243090647,1.9576956108425319,3
125.62837522501499,5.929501682084159,4.253360478202016,3
125.64837655843722,8.380378584700008,5.325401418688241,3
125.66837789185945,9.093520071825413,6.9878501679013825,3
125.68837922528168,8.07248127002181,7.856709649545457,3
125.70838055870391,11.078644771016137,10.91723403480471,3
125.72838189212614,11.547649079509606,9.744460185742481,3
125.74838322554837,15.947861143365678,13.24161517840529,3
125.7683845589706,16.219082648564235,15.349144998494342,3
125.78838589239282,18.47943223544734,16.79286213642616,3
125.80838722581505,19.31862056615081,20.419513055921374,3
125.82838855923728,22.536948182814772,21.384263742829198,3
125.84838989265951,23.382063157178052,23.211669785237987,3
125.86839122608174,26.32808164917184,24.652395131231106,3
125.88839255950397,28.407640429552796,27.83996178201281,3
125.90839389292618,30.69443939157498,31.161270343994456,3
125.92839522634841,33.18179652777423,32.84586589093207,3
125.94839655977064,35.098316166849635,35.47511070604349,3
125.96839789319287,37.87889520408463,37.71603950141511,3
125.9883992266151,40.17567149266816,40.16732599565548,3
126.00840056003733,42.06922395705569,42.90443905129245,3
126.02840189345956,45.173552227439124,43.87997043967116,3
126.04840322688179,47.03156762896653,47.59635067718611,3
126.06840456030402,50.94206327237076,50.12610696334265,3
126.08840589372625,51.66400056430998,52.85308838556202,3
126.10840722714848,55.50840522333059,54.96176557195992,3
126.1284085605707,57.86929548678094,56.33319211120398,3
126.14840989399293,60.70508938225893,57.41506147422339,3
126.16841122741516,61.29197673960218,60.607857673809605,3
126.18841256083739,62.03948559432299,62.494031239157465,3
126.2084138942596,66.2106735929819,64.40145026819002,3
126.22841522768184,69.01793874863866,65.32137922511303,3
126.24841656110407,69.91651314809418,68.36760926739774,3
126.2684178945263,71.63833233927832,68.80463063936111,3
126.28841922794852,73.53062606469892,71.31128353160443,3
126.30842056137075,73.62473757676801,70.49845770739863,3
126.32842189479298,75.98023509900497,72.69401619691006,3
126.34842322821521,76.34548758868225,74.01043008241915,3
126.36842456163744,77.3401010892868,73.68736389761416,3
126.38842589505967,79.24431369571064,76.5427330284441,3
126.4084272284819,79.14657830516381,75.43638913810052,3
126.42842856190413,79.48972246397203,76.607486377647,3
126.44842989532636,80.28891893756696,76.95762828901356,3
126.46843122874859,81.5728042776232,77.03265030897117,3
126.48843256217081,80.68238827231994,76.16377174059029,3
126.50843389559303,79.92985691200757,75.67042244580301,3
126.52843522901526,80.66970305010351,77.08223145125724,3
126.54843656243749,80.62770863608063,74.63056807565151,3
126.56843789585972,81.23971400415036,73.95209056808716,3
126.58843922928195,80.86801301975316,74.72371961356292,3
126.60844056270417,77.68891433205147,73.61813420267028,3
126.6284418961264,78.15115246389277,72.73622006442821,3
126.64844322954863,77.69508162894486,70.51414975535482,3
126.66844456297086,77.22515257192511,69.77106464781826,3
126.68844589639309,72.93300178396024,66.72632130563109,3
126.70844722981532,74.0313849378681,66.9792222689404,3
126.72844856323755,70.59325951344019,64.99302364247659,3
126.74844989665978,69.18308541699689,62.02219602047127,3
126.76845123008201,68.30598411571833,60.11366878525297,3
126.78845256350424,67.17840836548703,57.63789309711089,3
126.80845389692645,64.77445553528871,57.29806405062556,3
126.82845523034868,62.17759719215705,54.94182769273029,3
126.84845656377091,60.32724960604092,51.21441350605611,3
126.86845789719314,57.94227419016959,50.103801539908574,3
126.88845923061537,54.32815607726,46.60798112656972,3
126.9084605640376,52.31075213861654,46.11914769094299,3
126.92846189745983,48.60770981742382,42.1891752093936,3
126.94846323088206,48.898343000121656,39.899275822231665,3
126.96846456430428,45.579406678654784,36.82742838763808,3
126.98846589772651,43.43823869180494,35.41949686954224,3
127.00846723114874,40.1731687290566,33.204393406500486,3
127.02846856457097,37.61732977962882,29.789427704190782,3
127.0484698979932,36.540853193735465,28.680167839385565,3
127.06847123141543,33.83739684012797,25.42978801553454,3
127.08847256483766,31.216772533555886,23.488985522017696,3
127.10847389825987,30.078320379137047,21.5211690282508,3
127.1284752316821,25.6255094018534,21.00317853525623,3
127.14847656510433,25.74866221488394,16.817186911711815,3
127.16847789852656,23.792227701945265,15.772883991585243,3
127.18847923194879,19.633178475553677,13.430974313507864,3
127.20848056537102,18.150300456688527,10.630343875997232,3
127.22848189879325,14.79050533777217,9.321654776530464,3
127.24848323221548,14.014791949385524,9.209300972340701,3
127.2684845656377,13.98298427758673,5.715020295501313,3
127.28848589905994,10.704826315755328,3.758356396582923,3
127.30848723248216,9.864950784609169,3.071126122908641,3
127.3284885659044,7.599892910430853,3.8945774374969186,3
127.34848989932662,7.410999039065666,1.5265718280477691,3
127.36849123274885,6.906352432641204,-0.14072703432235212,3
127.38849256617108,6.2201749667927215,0.6271350326466901,3
127.4084938995933,4.246887437902104,-2.059649561524931,3
127.42849523301552,3.33111106575333,-1.2187018874106879,3
127.44849656643775,3.5476000001406067,-0.17040476521226822,3
127.46849789985998,2.3675300055843085,0.3092127058203231,3
127.48849923328221,2.9071925762704853,-1.3284304669019327,3
127.50850056670444,2.5471354989546064,-2.63294131126423,3
127.52850190012667,3.6247771669289426,-1.0274833703093642,3
127.5485032335489,3.4531665488322347,0.2671030711669303,3
127.56850456697113,4.056042960138602,2.2828170599783295,3
127.58850590039336,3.552705371470387,1.7657027819780042,3
127.60850723381559,4.974529541947048,3.3761266585786345,3
127.62850856723782,7.520119708915565,3.4777809828304282,3
127.64850990066004,5.514707786922502,4.805231173191294,3
127.66851123408227,7.2621987788694335,6.3778582725987505,3
127.6885125675045,9.239082348408886,7.433390211800439,3
127.70851390092672,11.082055546653033,9.520975442871679,3
127.72851523434895,13.597758819376697,11.979367273550125,3
127.74851656777118,14.07460294561833,11.706313252544028,3
127.7685179011934,16.485027289148118,14.786439874092032,3
127.78851923461563,17.202073479396564,18.039602675654947,3
127.80852056803786,20.47462186566584,19.86180006440723,3
127.82852190146009,22.17739220630708,20.774292651740883,3
127.84852323488232,22.825668930245342,23.1322217307226,3
127.86852456830455,25.74268093951867,26.004239223373506,3
127.88852590172678,28.69534190824991,27.637506445570782,3
127.90852723514901,29.610580028082616,29.447360154587734,3
127.92852856857124,33.443007117481166,32.12592558374423,3
127.94852990199347,34.75816672233992,35.39165503303043,3
127.9685312354157,38.12193316386679,37.58650725033688,3
127.98853256883793,40.77511717098434,40.79104527093871,3
128.00853390226015,43.805089932722645,42.14468497889144,3
128.02853523568237,45.401605103924354,45.86729175793223,3
128.0485365691046,48.159790431708736,47.5220377364984,3
128.06853790252683,49.107924271680844,50.76176103326646,3
128.08853923594907,51.62155907083836,51.8801549768233,3
128.10854056937129,55.217213261641064,55.830779868037254,3
128.12854190279353,55.99792536007346,57.03543996174992,3
128.14854323621574,58.46741347249826,59.93735479461245,3
128.16854456963796,60.605982521859396,60.651057590997794,3
128.1885459030602,64.65640679789661,61.537127510022735,3
128.20854723648242,64.48455883022218,64.39468832690584,3
128.22854856990466,68.16294570715114,66.16385309098087,3
128.24854990332688,69.17757670491737,68.33552617411667,3
128.26855123674912,71.15285929198102,68.54841313067521,3
128.28855257017133,72.72079960262361,71.27875414057279,3
128.30855390359358,73.00256450295525,71.62957622519873,3
128.3285552370158,76.28449425279024,72.97837423708998,3
128.34855657043803,77.03005879942023,75.26775478830086,3
128.36855790386025,77.36214936641115,75.41728847384005,3
128.3885592372825,78.8512341907823,76.79227855172887,3
128.4085605707047,79.40654675116336,76.973526428905,3
128.42856190412695,80.74074699843831,76.56163658096996,3
128.44856323754917,80.75657799180706,76.95525052963654,3
128.46856457097138,80.68339213662672,77.96859574281679,3
128.48856590439362,80.64229526426223,77.98244962950145,3
128.50856723781584,81.1218194433275,76.28071985040921,3
128.52856857123808,81.35358710088053,77.10166523697345,3
128.5485699046603,80.5888056747105,76.17421004722164,3
128.56857123808254,80.65266975475217,74.7606406962512,3
128.58857257150476,78.36446639620601,72.50483113295037,3
128.608573904927,79.23630281042047,72.93933953270034,3
128.6285752383492,77.1947205720233,72.62425323573963,3
128.64857657177146,75.62553124023877,71.09851201505627,3
128.66857790519367,74.95281187365482,70.57713971075718,3
128.68857923861592,74.40424218486015,67.84702431386472,3
128.70858057203813,71.67852206414226,65.15824935171386,3
128.72858190546037,71.96118272958374,64.11446946621855,3
128.7485832388826,68.7612088880991,63.02575373461809,3
128.7685845723048,68.91227613742208,59.29643928516635,3
128.78858590572705,64.3638763535537,60.542907675921256,3
128.80858723914926,64.3128109405974,55.29557945836643,3
128.8285885725715,62.103372736645696,53.646765017140254,3
128.84858990599372,59.37824664685981,53.04061189605016,3
128.86859123941596,57.52297916145538,49.17801927645047,3
128.88859257283818,55.100188820854,47.6267237718123,3
128.90859390626042,53.96333802279536,45.23720394300146,3
128.92859523968264,53.618653022750856,41.1161074452974,3
128.94859657310488,49.14422023333904,39.00765562962603,3
128.9685979065271,45.456662016946545,38.73501417075237,3
128.98859923994934,42.27568333761227,36.09340170259247,3
129.00860057337155,42.19892410091182,32.709576566377926,3
129.0286019067938,39.221371102825316,30.012693452149797,3
129.048603240216,36.1153930318296,27.53507400567841,3
129.06860457363823,33.08945592739088,26.418378265339896,3
129.08860590706047,30.80833956248434,24.161033121580495,3
129.10860724048268,27.48339683962785,21.084004580745543,3
129.12860857390493,26.72324634283754,18.228859718119672,3
129.14860990732714,23.60137161840154,17.074655025196307,3
129.16861124074939,21.01886740833794,15.34330637849763,3
129.1886125741716,19.60515688256608,14.524560993804906,3
129.20861390759384,20.243626811396602,11.977095974932825,3
129.22861524101606,15.991788692008946,9.075206231338392,3
129.2486165744383,13.751978191624728,8.194910994520859,3
129.26861790786052,12.82206276206449,6.594228821576041,3
129.28861924128276,11.770016388118085,4.619916869519146,3
129.30862057470497,9.255415537494189,4.0382897621622496,3
129.32862190812722,7.644746811290867,2.357887833054335,3
129.34862324154943,7.809386442339858,1.8367342597697573,3
129.36862457497165,6.413303406888858,0.5388548657684472,3
129.3886259083939,5.180021228835418,-2.1248437963907842,3
129.4086272418161,5.912732014834667,0.9889623112529962,3
129.42862857523835,4.453504633574333,-1.2804904562643182,3
129.44862990866056,4.208648020393772,-0.7097176454214005,3
129.4686312420828,2.2070207862498212,-1.881522860284412,3
129.48863257550502,3.120155800862303,-1.8672918345784821,3
129.50863390892727,3.3591764264441126,-0.9665727991140847,3
129.52863524234948,3.8400730258978006,-0.7068562267033675,3
129.54863657577172,2.649170226672042,0.6749224850962969,3
129.56863790919394,3.8077278744036365,0.6255859957427128,3
129.58863924261618,4.808923578250406,1.8188306397998408,3
129.6086405760384,5.260722135608665,1.9796342565858007,3
129.62864190946064,6.289851336114555,3.3373127213604343,3
129.64864324288286,6.424795201911935,5.084264639149364,3
129.66864457630507,7.742520169982839,6.622361955508765,3
129.6886459097273,9.970693976919993,9.199446326119606,3
129.70864724314953,10.590533998453225,8.84462099032389,3
129.72864857657177,12.851277082702252,12.203652937578315,3
129.748649909994,15.217690109643197,12.355918755103502,3
129.76865124341623,16.195068955089994,13.890030670020083,3
129.78865257683844,16.749616833627464,18.663982361632776,3
129.8086539102607,19.776583407496826,19.27852112024885,3
129.8286552436829,22.582716484118627,22.564239584926813,3
129.84865657710515,24.057494688479295,23.504888656362862,3
129.86865791052736,26.781536035853055,26.261431033781957,3
129.8886592439496,29.18321060206311,28.39482096595609,3
129.90866057737182,32.07052469674822,29.79800431284283,3
129.92866191079406,35.27031714925976,32.75751061805278,3
129.94866324421628,34.990846935780944,35.934101360050505,3
129.9686645776385,39.21296703795786,37.026312968641946,3
129.98866591106074,39.60144804173472,40.94257368745263,3
130.00866724448295,43.37891300260297,43.91922754149105,3
130.0286685779052,45.208860383288176,45.43281284702162,3
130.0486699113274,49.28225069035013,47.955376691211335,3
130.06867124474965,49.63339459247351,49.74647515215297,3
130.08867257817187,53.43530462157807,52.590381894692875,3
130.1086739115941,56.0506968744709,55.44279886406099,3
130.12867524501632,56.61080433278481,56.58338823507619,3
130.14867657843857,61.430956119350434,58.86864437065022,3
130.16867791186078,61.061116770906445,59.94349668995789,3
130.18867924528303,62.312290137572205,63.313509280993365,3
130.20868057870524,65.92585305647786,64.40665417253814,3
130.22868191212748,67.77222546722179,65.97955898750199,3
130.2486832455497,68.52479574646489,68.21698455269731,3
130.26868457897191,69.68931052774823,68.79889788303852,3
130.28868591239416,72.5985178357668,73.22754437259783,3
130.30868724581637,73.90666990838999,72.11066624088949,3
130.32868857923862,75.3228693639379,73.02762040553252,3
130.34868991266083,76.72251362244296,75.06053544052884,3
130.36869124608307,77.23919045332927,73.93702153987404,3
130.3886925795053,78.83194637348728,74.20095100525778,3
130.40869391292753,79.12654746961151,77.76035831679408,3
130.42869524634975,78.90120196021391,76.456618708956,3
130.448696579772,79.61188608196548,77.27983108582384,3
130.4686979131942,81.17915550455108,76.4354339383428,3
130.48869924661645,82.32536290975506,76.65665980751021,3
130.50870058003866,81.75804898375003,75.46793539361178,3
130.5287019134609,80.81042275210707,76.60824376625835,3
130.54870324688312,79.09318900891783,75.49523409963497,3
130.56870458030534,81.06596231426775,74.37615033102374,3
130.58870591372758,78.76485997600435,75.34104252420288,3
130.6087072471498,79.50397933138501,74.28795601022762,3
130.62870858057204,78.15352344503323,72.20582412883932,3
130.64870991399425,76.73147118242717,70.34066373158355,3
130.6687112474165,75.71203675736447,69.23028147282905,3
130.6887125808387,75.15329484999944,66.90541813326256,3
130.70871391426095,72.96754905087552,66.14872497023508,3
130.72871524768317,70.8050984361205,63.44845303002404,3
130.7487165811054,69.72797531172398,63.4757034789216,3
130.76871791452763,68.74616386529307,60.41965898804479,3
130.78871924794987,67.73451691432165,59.48162423998743,3
130.80872058137209,62.87747293591037,56.45053248701975,3
130.82872191479433,60.692215024301504,54.48621007801387,3
130.84872324821654,61.135281561932935,52.68452096398291,3
130.86872458163876,57.869066270993144,49.4326343440921,3
130.888725915061,53.72570489408003,47.33021627948071,3
130.90872724848322,52.126908369276684,45.7580874835023,3
130.92872858190546,51.16101646149925,42.202106457541944,3
130.94872991532768,48.17173059137916,39.371351806016264,3
130.96873124874992,46.33826570451439,37.29744844861145,3
130.98873258217213,42.70508193563046,34.646789125801696,3
131.00873391559438,41.66858160507954,33.391626459424636,3
131.0287352490166,38.87803784924692,29.556958431620227,3
131.04873658243883,34.75166302164473,28.44437548394145,3
131.06873791586105,33.773037215196275,26.15457522998878,3
131.0887392492833,31.38941580786273,23.745307613684936,3
131.1087405827055,29.198658510490105,19.960758769915913,3
131.12874191612775,27.374927598373638,18.092744276336877,3
131.14874324954997,23.852633828774707,16.293679329312628,3
131.16874458297218,21.371830765432122,15.897085319693131,3
131.18874591639442,20.10684843085996,13.714093100009208,3
131.20874724981664,18.201146203464916,12.262627243417617,3
131.22874858323888,16.376246015633935,9.098674191977818,3
131.2487499166611,15.752777725922579,7.936150978416138,3
131.26875125008334,12.723986969754195,5.643382904663577,3
131.28875258350556,11.750718402519384,4.656389961366976,3
131.3087539169278,11.264121523625938,5.405084624556278,3
131.32875525035,8.199208648988158,2.8199647856810817,3
131.34875658377226,8.661194591778266,1.9312659556818401,3
131.36875791719447,7.1557226585867255,1.6224128805148805,3
131.38875925061672,4.695693010118053,0.6631695178693101,3
131.40876058403893,5.284037137339758,-0.7853003169703132,3
131.42876191746117,4.394019002712189,-0.8112998715160625,3
131.4487632508834,3.621649068769454,-1.259246527775241,3
131.4687645843056,2.429679774021337,0.763673788654009,3
131.48876591772785,3.199045017541943,-1.8493132576150144,3
131.50876725115006,4.151147583328111,-1.052590573055056,3
131.5287685845723,1.9402151534717729,-0.5208459864339929,3
131.54876991799452,2.861546347462666,-0.5044054593198111,3
131.56877125141676,4.435973306758553,-0.21332853182512435,3
131.58877258483898,4.821601334827113,1.1137984084495005,3
131.60877391826122,5.6294959385911145,3.1453281825112827,3
131.62877525168344,7.537182887726744,3.132460315526852,3
131.64877658510568,8.734429807407924,4.333099871501044,3
131.6687779185279,7.798924251371687,6.8798780762661735,3
131.68877925195014,9.944246481562583,8.178616429357252,3
131.70878058537235,11.06336993640042,9.803031835438675,3
131.7287819187946,12.622240904015094,10.767972771012955,3
131.7487832522168,13.558241430747538,14.267396915054103,3
131.76878458563903,15.391862754039781,14.133204749844985,3
131.78878591906127,18.166992631093333,15.667278197943471,3
131.80878725248348,18.708046296504182,18.54433469654662,3
131.82878858590573,21.358298918599328,21.532164252068164,3
131.84878991932794,25.83163016224981,22.45383384494868,3
131.86879125275019,26.15438404753465,25.24809037579882,3
131.8887925861724,27.885831714464242,26.991800365735998,3
131.90879391959464,31.57645698278584,30.38718252999721,3
131.92879525301686,33.64692729181559,33.80916932280865,3
131.9487965864391,36.09162169249491,35.464493996123565,3
131.96879791986132,37.46891849546587,38.598580856034495,3
131.98879925328356,40.225786444267385,39.89586550546027,3
132.00880058670577,44.02884310569024,42.288632368692916,3
132.02880192012802,44.724216387143585,45.09857919326919,3
132.04880325355023,47.90719376323868,48.01554940433482,3
132.06880458697245,50.09667412830758,50.14612244557564,3
132.0888059203947,52.13625248630892,51.69082952247311,3
132.1088072538169,52.83291368298055,54.93730860336887,3
132.12880858723915,55.95078417139509,57.99698920115138,3
132.14880992066136,59.54614705243448,58.95147906816715,3
132.1688112540836,62.3596155654592,61.422904813824694,3
132.18881258750582,63.47793269389285,63.13662792740957,3
132.20881392092807,66.17113974863058,65.57538849520083,3
132.22881525435028,68.1480572880868,67.19042797190093,3
132.24881658777252,69.76046812287474,68.95397509598635,3
132.26881792119474,71.42088674525323,69.07846871451126,3
132.28881925461698,72.06063504577277,69.618429745258,3
132.3088205880392,73.61418599914964,71.9058123868904,3
132.32882192146144,75.78443922281424,72.7941928747129,3
132.34882325488365,77.47012715908087,74.47017017155812,3
132.36882458830587,77.08031852105582,74.88256548423807,3
132.3888259217281,78.9529590758425,76.55237505987725,3
132.40882725515033,79.88938159481998,76.37735007462409,3
132.42882858857257,79.57524878020823,74.99157592410127,3
132.4488299219948,81.23797084544705,77.3635215062716,3
132.46883125541703,80.72814221108051,76.5477073802911,3
132.48883258883924,80.81933218286746,76.22657543585812,3
132.5088339222615,81.23829634088614,76.65991688752328,3
132.5288352556837,80.78112642743774,75.82396826397073,3
132.54883658910595,79.53320011504915,75.592989939322,3
132.56883792252816,81.42792133439562,75.90644591900505,3
132.5888392559504,78.96471238646646,74.03806241333983,3
132.60884058937262,78.03474091040646,73.46270590320502,3
132.62884192279486,77.29725353729017,72.38734459351636,3
132.64884325621708,76.18519351764773,69.89820336728812,3
132.6688445896393,74.55350509052032,68.99744754264499,3
132.68884592306154,73.87234406409584,67.89882889833318,3
132.70884725648375,73.05493400870593,66.34651037905705,3
132.728848589906,71.39767106719563,64.70233065780315,3
132.7488499233282,70.10517537199112,62.639230605096756,3
132.76885125675045,67.36447485078861,59.047330573597584,3
132.78885259017267,65.91645978712717,58.47207067644236,3
132.8088539235949,63.1000980290334,55.44689650055521,3
132.82885525701712,61.772453888476484,54.36015225626615,3
132.84885659043937,59.52325271237979,51.56311002618306,3
132.86885792386158,57.546227843242185,50.19258403732495,3
132.88885925728383,55.89121282770473,48.484413206796425,3
132.90886059070604,51.79112819521679,46.557262196796955,3
132.92886192412828,49.895057584627956,42.72771442916683,3
132.9488632575505,48.360341875030144,39.997555115730655,3
132.96886459097271,46.5417205302627,38.266075477023776,3
132.98886592439496,44.57818691814093,35.181711426271875,3
133.00886725781717,39.69727317169337,33.14587617644008,3
133.02886859123942,37.924953895611694,29.754007481825173,3
133.04886992466163,37.92729457400867,26.823157103800924,3
133.06887125808387,35.04687754469755,25.54777119851888,3
133.0888725915061,31.406659621776758,23.764623495514424,3
133.10887392492833,27.55814536459819,19.68880928394771,3
133.12887525835055,26.32806794367499,18.996772396818944,3
133.1488765917728,24.71713621343134,17.306497839058807,3
133.168877925195,21.92780886013277,13.745545445859168,3
133.18887925861725,19.354577829565088,12.481340280200317,3
133.20888059203946,18.095569352402165,11.746585686229384,3
133.2288819254617,16.454983801062024,9.64879897972566,3
133.24888325888392,13.189666916149921,8.339836726971503,3
133.26888459230614,12.623611729204196,6.557493503656791,3
133.28888592572838,13.009700429836872,5.342329803087686,3
133.3088872591506,11.139488009709543,4.764536926737395,3
133.32888859257284,9.893312184102976,3.7400197021666037,3
133.34888992599505,7.525543131243076,0.7427444144879221,3
133.3688912594173,7.521958263766494,0.8754626668607268,3
133.3888925928395,4.99760183641444,0.4098185229829483,3
133.40889392626175,4.723147829312392,-0.21303371284236194,3
133.42889525968397,6.336325667509593,-1.6967472593835873,3
133.4488965931062,3.615882341372301,-1.6439114614031065,3
133.46889792652843,4.035717362058788,-1.2227617275436118,3
133.48889925995067,3.948676126299424,-2.077463278409112,3
133.50890059337289,2.2327938457569303,-1.0307252577071029,3
133.52890192679513,2.6338315778656756,-0.9586315303736692,3
133.54890326021734,3.0339121820427013,-1.153671062503978,3
133.56890459363956,3.7736772797416016,1.5250162617842609,3
133.5889059270618,5.399175897489052,1.9644902423644814,3
133.60890726048402,3.7260996947155167,4.089246107461484,3
133.62890859390626,7.379441117542509,4.513096831990576,3
133.64890992732848,5.3183934959633365,4.835000630434337,3
133.66891126075072,8.593030581784724,6.4111700841936425,3
133.68891259417293,10.038820491312913,7.038970600927165,3
133.70891392759518,12.782543838772083,10.039511124231934,3
133.7289152610174,11.14892817442669,10.434931032497186,3
133.74891659443963,14.525771238251618,14.093523043427647,3
133.76891792786185,15.743917260223213,14.36027814129516,3
133.7889192612841,18.458694582877385,17.628321628484645,3
133.8089205947063,19.724259451883793,19.03269245654056,3
133.82892192812855,21.38672056775035,20.73657818528887,3
133.84892326155077,23.440857408508766,22.612759759835235,3
133.86892459497298,26.792542348373328,25.444462332531216,3
133.88892592839522,28.206333412584332,28.413786061400327,3
133.90892726181744,31.179226473777806,30.494188401946072,3
133.92892859523968,30.831527260323234,33.914518264762386,3
133.9489299286619,34.30232801843377,36.62806228517362,3
133.96893126208414,38.39914863831176,38.567334818317406,3
133.98893259550636,41.00255729571167,39.8558024277256,3
134.0089339289286,43.16369048041557,42.5354735256296,3
134.0289352623508,44.27039081424861,44.66183415935019,3
134.04893659577306,48.14134652237386,47.96294138673116,3
134.06893792919527,50.06368134065328,49.79821308710211,3
134.08893926261752,53.914581589689085,52.5320223139803,3
134.10894059603973,54.64117288389115,55.47882760034365,3
134.12894192946197,57.700586919407705,58.667235318240984,3
134.1489432628842,60.19462539062503,59.37585641673846,3
134.1689445963064,61.5608109111184,61.19284222415881,3
134.18894592972865,63.958474627265794,62.11311805521525,3
134.20894726315086,65.4959610610641,63.665690056718574,3
134.2289485965731,68.49989169774405,64.99287022780399,3
134.24894992999532,69.22006848630205,67.03871303256045,3
134.26895126341756,70.98162007581136,69.18638658192751,3
134.28895259683978,73.25168858295687,71.30989764442506,3
134.30895393026202,72.94934374046962,72.139280655817,3
134.32895526368424,74.60629749565514,73.34352481681609,3
134.34895659710648,76.96318304200172,73.79117095696216,3
134.3689579305287,76.3860266246939,73.85596419606483,3
134.38895926395094,77.3378655067049,75.0522742245541,3
134.40896059737315,78.88286633583625,76.91136867692877,3
134.4289619307954,81.50468526724569,76.00559354295237,3
134.4489632642176,80.81325832179637,75.21232719246476,3
134.46896459763983,80.214407366059,76.78521986580962,3
134.48896593106207,80.520764508687,75.89220090192062,3
134.50896726448428,81.93960464262473,76.56249100180153,3
134.52896859790653,80.43693957175836,77.4414139825553,3
134.54896993132874,79.36467741928513,74.99402989881699,3
134.56897126475099,80.33094776032664,75.3541913173064,3
134.5889725981732,80.60567679962621,74.3704281598965,3
134.60897393159544,79.67728788037647,71.38484791614408,3
134.62897526501766,78.41032670425074,72.64469643500941,3
134.6489765984399,77.9358503403284,69.50760789687168,3
134.66897793186212,75.64850224954684,68.76530354876189,3
134.68897926528436,73.75851900857049,66.44558856387212,3
134.70898059870657,74.38685202757935,67.6632584135164,3
134.72898193212882,71.73569645849916,65.26761405791834,3
134.74898326555103,69.13113303418623,63.4511386486751,3
134.76898459897325,67.2622019727826,60.77325625722222,3
134.7889859323955,66.58655304144507,58.94332212489313,3
134.8089872658177,65.13803790916171,55.70071032970708,3
134.82898859923995,62.266581050168305,55.24388561110149,3
134.84898993266216,58.86837729688058,50.4850764018917,3
134.8689912660844,57.32291544685532,49.2727833522579,3
134.88899259950662,54.870513271634806,46.727050008524934,3
134.90899393292887,52.64469595477334,44.53665075107871,3
134.92899526635108,51.420013819506764,42.741751456260424,3
134.94899659977332,48.29770894296544,39.790154290380606,3
134.96899793319554,45.90203205830725,36.899125760448385,3
134.98899926661778,42.45038784900951,34.98863377758002,3
135.00900060004,42.11120724873499,32.38828115831378,3
135.02900193346224,37.72202939573337,31.474083075381202,3
135.04900326688445,37.512582276012296,28.486381246565827,3
135.06900460030667,33.88750905740866,25.745533086719014,3
135.0890059337289,33.028432925516235,24.219572902251837,3
135.10900726715113,28.520463450886833,21.532478813982415,3
135.12900860057337,25.712109384374383,20.277227571174933,3
135.1490099339956,24.245873305342545,15.46029828901197,3
135.16901126741783,23.48737573763826,14.476307475523724,3
135.18901260084004,20.928230721631877,12.619667837812225,3
135.2090139342623,17.891810252794716,12.362447658796187,3
135.2290152676845,15.699067848790481,9.035129063444886,3
135.24901660110675,14.250560567185092,9.645628958841732,3
135.26901793452896,13.164434583403178,5.620133383456059,3
135.2890192679512,12.300212703607343,5.610454875140931,3
135.30902060137342,10.448480680625707,4.473632419153045,3
135.32902193479566,9.193235757866319,1.9703166896737598,3
135.34902326821788,7.264423975738252,0.6373689851368439,3
135.3690246016401,6.931826162923434,0.072745931540802,3
135.38902593506234,5.4809011944909845,0.7307308277882059,3
135.40902726848455,4.016982909050995,0.7238681170854211,3
135.4290286019068,3.50615452313801,-2.5971570786567817,3
135.449029935329,2.583024734942753,-0.8604891711155038,3
135.46903126875125,2.4304526443830285,-1.3385089192504773,3
135.48903260217347,3.276993211136346,-0.2204792403412088,3
135.5090339355957,4.239630606118754,-1.8337898120742182,3
135.52903526901792,3.6859116385114437,0.0597930713424798,3
135.54903660244017,3.2009439353204994,-0.27025420380752674,3
135.56903793586238,5.907382389270671,0.9031562245336267,3
135.58903926928463,4.830216151876287,2.3264425058823384,3
135.60904060270684,6.166830565371072,1.892602492493031,3
135.62904193612908,5.562646753632374,4.090997114571032,3
135.6490432695513,6.729911708412984,4.781680073975888,3
135.6690446029735,8.426041940807643,5.639681749259051,3
135.68904593639576,9.450989590885179,7.685200397412548,3
135.70904726981797,9.12521397890228,9.361288109510781,3
135.72904860324022,11.70973828590728,11.974089315613478,3
135.74904993666243,14.77260178615207,13.581177416444088,3
135.76905127008467,16.165713991780986,14.426260515048076,3
135.7890526035069,17.733476115975293,17.506492246118736,3
135.80905393692913,19.878549168366387,20.164153053211976,3
135.82905527035135,23.42457694306027,19.97896441528885,3
135.8490566037736,25.965977560091755,23.75012853650129,3
135.8690579371958,26.90278253733399,25.678881848704563,3
135.88905927061805,28.55497840241939,29.64761152022001,3
135.90906060404026,31.998455329797235,30.515310348261657,3
135.9290619374625,32.85681665174859,33.5474847673009,3
135.94906327088472,34.67750176172387,36.80318252015367,3
135.96906460430694,38.19417697121175,38.98485905116167,3
135.98906593772918,41.66531849769658,40.36739586117087,3
136.0090672711514,43.523986736501975,41.854532521419145,3
136.02906860457364,45.36158649530627,46.59814520570318,3
136.04906993799585,48.597590221974116,47.547791319827994,3
136.0690712714181,50.09486138170442,49.039037628693634,3
136.0890726048403,53.5787699383213,52.24028536829554,3
136.10907393826255,56.13372050650853,53.92043999320473,3
136.12907527168477,56.681762120840425,55.85667839415422,3
136.149076605107,59.36090236688582,60.09469657579037,3
136.16907793852923,62.87453847622265,59.80122412777188,3
136.18907927195147,63.8001562317475,62.091259919540974,3
136.20908060537369,66.00815707621169,64.56358002256496,3
136.22908193879593,67.02947168753799,65.8244652690036,3
136.24908327221814,68.9243509948952,66.56736666216416,3
136.26908460564036,72.08599014525358,67.98437942342598,3
136.2890859390626,71.68563839226519,71.67934699765816,3
136.30908727248482,73.8103778806743,72.89547030713157,3
136.32908860590706,74.63776972872955,72.54032828704769,3
136.34908993932928,77.90304470643453,75.06836896611907,3
136.36909127275152,76.78521301914382,74.05626402164803,3
136.38909260617373,79.39633734419806,76.22657612075038,3
136.40909393959598,78.60644839369482,76.91600920510382,3
136.4290952730182,80.94706434402212,76.66592476415977,3
136.44909660644043,79.97958732720026,76.80334314330021,3
136.46909793986265,81.34080370184135,76.92494398046657,3
136.4890992732849,81.39137012655894,77.31977030214567,3
136.5091006067071,82.01251473153658,76.68073870071228,3
136.52910194012935,82.31876960855877,76.41350945523534,3
136.54910327355157,80.30457208742598,76.17988281082239,3
136.56910460697378,80.01816238564643,74.82405663740302,3
136.58910594039602,77.8544402815972,75.43390692639814,3
136.60910727381824,78.65781067717508,73.21067582340768,3
136.62910860724048,78.11978425180617,71.77371906421763,3
136.6491099406627,77.202132610025,70.32873947162287,3
136.66911127408494,76.44958300059,69.32472932474448,3
136.68911260750716,74.3415084257483,67.1308958627136,3
136.7091139409294,72.6886332712971,64.75359744073609,3
136.7291152743516,71.20718538643084,63.525667249856994,3
136.74911660777386,69.05875259863657,61.92414044425351,3
136.76911794119607,68.03271539080508,59.281694526080805,3
136.78911927461832,64.89051920280848,57.756059016056255,3
136.80912060804053,65.13092702961333,56.14070177989506,3
136.82912194146277,62.059246926385995,53.45414912767323,3
136.849123274885,61.753307860124586,52.928395052727346,3
136.8691246083072,57.70239434785916,50.66531377976349,3
136.88912594172945,55.94393833233589,47.07068492968922,3
136.90912727515166,53.736376711022565,44.59915127859215,3
136.9291286085739,51.05093170962905,42.26484252442601,3
136.94912994199612,47.76599930580653,39.02214729632656,3
136.96913127541836,45.86710404981458,36.69460338738013,3
136.98913260884058,42.01675070595124,34.705184555899386,3
137.00913394226282,40.16372503361967,33.2057975487645,3
137.02913527568504,36.8097154278727,31.34110337542393,3
137.04913660910728,35.12283827671053,27.431913780623173,3
137.0691379425295,33.975903006799676,25.501473955270026,3
137.08913927595174,31.36780674060791,22.763374993686416,3
137.10914060937395,29.457634571668002,20.738697214045157,3
137.1291419427962,27.12838389173557,19.38157083469461,3
137.1491432762184,24.808259905355943,16.29182642019547,3
137.16914460964063,20.605063977839528,16.198732328825916,3
137.18914594306287,20.989919051021715,13.698161365115752,3
137.20914727648508,17.813603614667027,9.36518527920813,3
137.22914860990733,16.510178398612013,9.63318074416637,3
137.24914994332954,14.919490648484091,7.978617055068262,3
137.26915127675178,12.608111258010087,5.990734657227284,3
137.289152610174,12.634471037198072,5.2551203324191995,3
137.30915394359624,10.549229187025738,3.7569628908133708,3
137.32915527701846,8.246786461057814,1.1174073767801176,3
137.3491566104407,7.560286845281999,0.48921701874636736,3
137.36915794386292,5.915390468615596,0.9420822660131862,3
137.38915927728516,5.327724561461438,-1.3595228345993506,3
137.40916061070737,4.539004877470486,-1.2237968850349654,3
137.42916194412962,5.4861315928211845,-0.7905790392864003,3
137.44916327755183,4.2093710201025765,-1.6644539706906518,3
137.46916461097405,3.917151099225583,-2.97459962312717,3
137.4891659443963,4.315374534330489,-0.658469519785968,3
137.5091672778185,2.1300492960821638,-1.3577982148715853,3
137.52916861124075,2.9624085279694787,0.6632843680239926,3
137.54916994466296,3.105102918170187,0.6417385371663645,3
137.5691712780852,3.989090199993519,1.2221257719178693,3
137.58917261150742,5.164934751014195,0.8311393602916112,3
137.60917394492967,6.566839859667202,1.7736922547147036,3
137.62917527835188,5.4845071958162634,4.228595525353227,3
137.64917661177412,7.969488259926799,4.581785407625595,3
137.66917794519634,8.787150371716843,7.26125656004395,3
137.68917927861858,10.559176792595157,7.199941148265435,3
137.7091806120408,9.723307227556058,8.870651954161747,3
137.72918194546304,12.756546541720557,11.360905190619278,3
137.74918327888525,14.300200742341838,13.691540750507174,3
137.76918461230747,16.460126847855634,15.647862508340022,3
137.7891859457297,17.930201150530227,15.73217291635752,3
137.80918727915193,20.43047274485809,19.515896905948704,3
137.82918861257417,23.510630292633223,21.436373102797177,3
137.8491899459964,24.395316830900683,23.585710993482337,3
137.86919127941863,27.03607208590526,26.47187210409734,3
137.88919261284084,29.594393418092537,29.03942982214225,3
137.9091939462631,29.737138189404256,31.363971238191798,3
137.9291952796853,32.755990981205,32.47609180573657,3
137.94919661310755,35.456043024946986,35.60257961482498,3
137.96919794652976,37.889227883088985,38.6851909578767,3
137.989199279952,41.34488724731185,40.847910012289645,3
138.00920061337422,43.097882361326,43.232906820509974,3
138.02920194679646,46.529229938754305,46.530501866166404,3
138.04920328021868,47.59474859093228,47.677603196469846,3
138.0692046136409,50.26439031469571,50.142947944114546,3
138.08920594706314,54.518100484176514,52.66781040559209,3
138.10920728048535,55.998374261670264,55.055586637270956,3
138.1292086139076,56.04675358794102,57.02847650230648,3
138.1492099473298,59.977719468955954,60.036997903620374,3
138.16921128075205,62.24153274509116,60.37156521942099,3
138.18921261417427,64.92700662552308,61.222090297576784,3
138.2092139475965,65.46860430398259,64.87617092665424,3
138.22921528101872,68.20931239062686,64.91887725110958,3
138.24921661444097,69.21614431133943,68.46219387165903,3
138.26921794786318,71.59320868883869,68.480820938653,3
138.28921928128543,73.04773218040424,69.0980316592841,3
138.30922061470764,73.89553558474243,71.3971345492819,3
138.32922194812988,74.67376466549136,73.43377104320743,3
138.3492232815521,76.87901241893445,72.78054444082031,3
138.3692246149743,77.37855196162756,75.03463329977538,3
138.38922594839656,78.63763450322323,76.48119079487788,3
138.40922728181877,81.30042968338671,76.07139428184676,3
138.42922861524102,79.94443264442562,76.50013382576951,3
138.44922994866323,81.77352635350428,76.84423447632031,3
138.46923128208547,81.1503904218476,77.29485325925931,3
138.4892326155077,81.86460481023006,76.24580620256175,3
138.50923394892993,80.51755050002332,77.11202783373459,3
138.52923528235215,82.1183802422264,76.03103822855996,3
138.5492366157744,80.25652448822743,75.60309446112545,3
138.5692379491966,80.93432357698858,75.03450306212854,3
138.58923928261885,79.24175747613467,73.29257379907925,3
138.60924061604106,78.29410946341322,72.49848511794134,3
138.6292419494633,78.52033895284308,71.92463598164228,3
138.64924328288552,76.40059944496522,71.05442040155064,3
138.66924461630774,76.08084008199928,68.9341363789688,3
138.68924594972998,75.09579038828929,68.2303311456575,3
138.7092472831522,72.37249220260456,66.6547350879473,3
138.72924861657444,70.40195090037896,64.64072882539573,3
138.74924994999665,69.79703235356037,63.190558645362636,3
138.7692512834189,66.33400330358212,60.11690766920126,3
138.7892526168411,65.76561896841413,58.3883243053173,3
138.80925395026335,63.2632439228293,56.321140790936425,3
138.82925528368557,63.1025070767149,55.639752401114905,3
138.8492566171078,59.117783128307316,50.55376231969533,3
138.86925795053003,58.02498763846876,49.53201017481177,3
138.88925928395227,55.11429028656537,46.49063942900111,3
138.90926061737449,53.88073510868866,44.04847912382883,3
138.92926195079673,50.62961209255264,41.79782842786055,3
138.94926328421894,47.11268801213844,40.547248226011014,3
138.96926461764116,45.45203613958962,37.534375565660326,3
138.9892659510634,42.900936083586174,34.989805356448805,3
139.00926728448562,40.68609480585844,32.29896288694881,3
139.02926861790786,38.429273146893706,31.269504893061715,3
139.04926995133007,36.23244304034455,27.137405698585948,3
139.06927128475232,33.716423641021585,24.2285696300148,3
139.08927261817453,30.938510133317337,24.30635093850099,3
139.10927395159678,28.76793663490674,20.9490260899588,3
139.129275285019,26.489026337733662,19.27147395625685,3
139.14927661844123,24.49280142995877,16.12946118351195,3
139.16927795186345,21.615597890454428,14.978971159954158,3
139.1892792852857,18.902856998781616,13.45741874337207,3
139.2092806187079,17.90574762705571,11.836475662447267,3
139.22928195213015,15.511288951517319,9.948540348710928,3
139.24928328555237,15.727606002395163,7.052088005619286,3
139.26928461897458,11.450727219160349,6.473415259874926,3
139.28928595239682,11.261300983638161,4.454070314213283,3
139.30928728581904,9.817605159810222,2.2818233442795846,3
139.32928861924128,8.661160230171522,1.4684241598132828,3
139.3492899526635,6.47894648203763,1.129999506914879,3
139.36929128608574,6.4827021890323735,-0.5373299073304363,3
139.38929261950796,5.336617338260591,0.22496038901081108,3
139.4092939529302,5.144572150594304,-0.8199800074824293,3
139.4292952863524,4.75254709917553,-0.7642899783307794,3
139.44929661977466,3.1661940943411615,-1.3070572082670693,3
139.46929795319687,2.014064181190825,-1.3405318464816791,3
139.48929928661912,1.8639216510901169,-1.2186504390930146,3
139.50930062004133,2.7992422195984807,-7.082511583167417e-05,3
139.52930195346357,2.491436443626694,0.4257573935698512,3
139.5493032868858,2.492922737273986,0.08219392830627098,3
139.569304620308,4.063609460954055,-0.4122460914674535,3
139.58930595373025,5.313198503315991,2.1698061878701376,3
139.60930728715246,5.165651248821385,2.7949330622026247,3
139.6293086205747,5.734369382659121,3.939513398131892,3
139.64930995399692,7.569130980362243,4.981421819190525,3
139.66931128741916,7.175806865604882,7.867080977661341,3
139.68931262084138,8.932689288829742,7.123339425738153,3
139.70931395426362,11.537079841951611,10.356319049044869,3
139.72931528768584,11.312822959887372,11.996123572942812,3
139.74931662110808,13.805095844191072,13.511122642463713,3
139.7693179545303,15.974893690597552,13.585193384152433,3
139.78931928795254,18.33324589350975,15.233440610827449,3
139.80932062137475,18.992735871131202,19.97465923382138,3
139.829321954797,23.052737315885746,21.088096891882177,3
139.8493232882192,24.016279166448253,23.835464696567144,3
139.86932462164143,26.739279033360663,26.312032126025706,3
139.88932595506367,28.3484856485834,28.14497023026953,3
139.90932728848588,32.421925057797296,30.03574713825043,3
139.92932862190813,31.6206771429179,33.57917771348239,3
139.94932995533034,35.78783849250722,34.17638672494842,3
139.96933128875258,40.3106449718024,36.043052378579105,3
139.9893326221748,40.68538114389743,40.34083796064973,3
140.00933395559704,42.43502810290396,42.66673344557699,3
140.02933528901926,44.989567171783314,46.25393500494488,3
140.0493366224415,48.85648921970616,46.89747656098923,3
140.06933795586372,49.9666974292924,50.537882533911755,3
140.08933928928596,52.32756900681094,51.72674238915247,3
140.10934062270817,55.2541051972699,52.972008822330466,3
140.12934195613042,58.58810753599082,57.192094384960676,3
140.14934328955263,61.32460200259533,58.45623127828743,3
140.16934462297485,62.21837789727996,60.874745842910066,3
140.1893459563971,65.42647291314722,63.266947937306774,3
140.2093472898193,64.6320590443963,64.52014375753414,3
140.22934862324155,67.41437732621773,66.9078670705812,3
140.24934995666376,70.06799627525825,68.20316944566218,3
140.269351290086,70.52680377023279,69.2342380497553,3
140.28935262350822,71.78622821238703,71.65960346255528,3
140.30935395693047,75.0705758783982,72.44635541127614,3
140.32935529035268,75.5427131423344,74.64666554424582,3
140.34935662377492,75.96206177437438,75.0221888945062,3
140.36935795719714,78.64461275973825,75.70710505967573,3
140.38935929061938,77.3923222854067,74.89561158031972,3
140.4093606240416,79.47101882964117,74.87218586995596,3
140.42936195746384,81.09871658058236,76.44135813435312,3
140.44936329088605,80.8278967322418,77.37785268426589,3
140.46936462430827,80.39256606409975,77.92790258998009,3
140.4893659577305,80.75134667826899,76.22638652662422,3
140.50936729115273,80.42832898132164,76.1492457523165,3
140.52936862457497,80.48381196321019,75.0117508041657,3
140.5493699579972,80.18605216496871,75.41877919088205,3
140.56937129141943,80.13000203126002,73.96595853436565,3
140.58937262484164,79.59662917851199,73.75101754904873,3
140.6093739582639,79.89156268411797,74.41859755852508,3
140.6293752916861,78.07662651499385,70.98424927677382,3
140.64937662510835,75.96884079849701,72.04852808604998,3
140.66937795853056,74.58765143714007,70.29183259979467,3
140.6893792919528,73.23233324338395,69.10903539568383,3
140.70938062537502,72.6831706433081,65.82559308773506,3
140.72938195879726,70.4212225936974,63.93332538749777,3
140.74938329221948,70.2567837249106,62.764024781607965,3
140.7693846256417,66.81538097278587,62.72014458448059,3
140.78938595906394,65.78857018154241,59.02603240305233,3
140.80938729248615,63.76440165429946,55.32897762525599,3
140.8293886259084,61.83500742455929,54.25104483049931,3
140.8493899593306,58.70985246319155,51.579639497813304,3
140.86939129275285,57.42205086701527,48.61008306633705,3
140.88939262617507,55.90883192246794,47.660238207022914,3
140.9093939595973,54.25141257621504,44.63496313876553,3
140.92939529301952,51.53802404803527,41.98989606430475,3
140.94939662644177,47.26835102980017,41.44055357747079,3
140.96939795986398,46.0256658713934,38.3666914730053,3
140.98939929328623,43.33356295563286,34.77403853526597,3
141.00940062670844,39.92701909063552,31.638938665490407,3
141.02940196013068,38.69257084959354,31.143330979799664,3
141.0494032935529,35.920827205360226,28.088532132180696,3
141.0694046269751,33.81798381687493,27.33940315042115,3
141.08940596039736,31.514311673045977,24.03976153338672,3
141.10940729381957,27.615679083842515,21.597161378110236,3
141.12940862724182,26.74135563014022,18.99050614174758,3
141.14940996066403,25.33382069340907,16.52530678690233,3
141.16941129408627,22.73943935957659,14.80167569856346,3
141.1894126275085,19.632155714236024,12.500786127770183,3
141.20941396093073,17.76112362824202,10.909603571150292,3
141.22941529435295,16.736270347257282,8.756284782037417,3
141.2494166277752,14.902356261001678,6.191169532766976,3
141.2694179611974,12.999228812953643,5.932855524414927,3
141.28941929461965,10.513732034752351,5.281940696819154,3
141.30942062804186,9.660779837851731,3.4192755529143186,3
141.3294219614641,9.534494647982628,2.695871117280661,3
141.34942329488632,5.487037100347518,0.8025418511834135,3
141.36942462830854,7.530751286632554,1.4022722899848772,3
141.38942596173078,5.664673283357577,0.4594390865255109,3
141.409427295153,4.958778138297838,-0.8308281233929027,3
141.42942862857524,4.078006753682855,-0.5376333301777654,3
141.44942996199745,2.834311376987613,-0.31692452020947404,3
141.4694312954197,3.724113907216654,-0.07781358116887405,3
141.4894326288419,4.692388156048665,-2.487995046839215,3
141.50943396226415,2.156241178778827,-0.6565684808712612,3
141.52943529568637,3.573436243659278,-1.171876257491553,3
141.5494366291086,1.9593861365495804,1.678725839300232,3
141.56943796253083,4.499276537377854,0.36639685387617177,3
141.58943929595307,4.574920367673113,2.1752136444444985,3
141.60944062937529,4.8115166231619515,2.002320743985457,3
141.62944196279753,5.544437426295235,4.145961119149589,3
141.64944329621974,6.816548908492006,5.707854059908,3
141.66944462964196,7.764915228949729,6.806160585436832,3
141.6894459630642,8.794639546513388,7.037962776721063,3
141.70944729648642,10.710301388819202,10.800358438302755,3
141.72944862990866,12.659504453082398,10.714679989845784,3
141.74944996333087,15.100538513960103,12.426332318002485,3
141.76945129675312,17.190860955911266,13.912135476689091,3
141.78945263017533,18.9395115655875,15.983892811812108,3
141.80945396359758,20.9104936389067,18.468635054744954,3
141.8294552970198,21.510540138882792,21.131398962015506,3
141.84945663044203,22.935594406710617,23.93425317688729,3
141.86945796386425,26.641191795432253,26.326723994499407,3
141.8894592972865,27.635210355064427,28.910600060570832,3
141.9094606307087,30.85853160913637,30.09358934940425,3
141.92946196413095,32.235062312896716,32.972155415745505,3
141.94946329755317,36.35634663637822,35.47800012562872,3
141.96946463097538,37.50675197786099,37.352021368340246,3
141.98946596439762,41.30143632390616,40.085323469894284,3
142.00946729781984,42.99325911557429,41.78998857560396,3
142.02946863124208,46.49447141599278,46.49447733562458,3
142.0494699646643,49.17086081664146,47.841215598694525,3
142.06947129808654,49.50374170217966,49.75943404951621,3
142.08947263150876,53.0098943980592,52.50015469808107,3
142.109473964931,55.99459386965116,55.05663045054675,3
142.1294752983532,58.55626652117455,56.83610958109749,3
142.14947663177546,60.05128272575943,58.70408647628806,3
142.16947796519767,62.51672041505153,60.053446112346045,3
142.18947929861991,63.597587503620005,62.73776193372667,3
142.20948063204213,65.69524357766305,64.19342121272403,3
142.22948196546437,68.23144424998297,65.41864237895194,3
142.2494832988866,70.28330134311614,67.97129422482843,3
142.2694846323088,71.47849890663554,70.64560955906276,3
142.28948596573105,72.32536852618549,70.3581033646187,3
142.30948729915326,75.85537208042136,71.94826788682288,3
142.3294886325755,73.83789652265085,73.89140769814375,3
142.34948996599772,76.9493662917805,75.10681790369306,3
142.36949129941996,78.93530051575424,74.24606575350948,3
142.38949263284218,78.87548588802206,75.39264231254774,3
142.40949396626442,78.47768143645048,77.06494865988591,3
142.42949529968664,82.14022646216807,77.37647182537859,3
142.44949663310888,79.50358179066174,76.49795684561204,3
142.4694979665311,81.2714015383928,77.72915527817715,3
142.48949929995334,81.5694216534801,76.56121584246789,3
142.50950063337555,81.54343869915238,77.36304471336014,3
142.5295019667978,80.57355552438696,74.90798239551769,3
142.54950330022,79.95091559456824,74.36770524283861,3
142.56950463364223,81.36413408657646,74.73944499987434,3
142.58950596706447,79.01897557447322,74.8766158937153,3
142.60950730048668,78.11128355973555,72.8167401824093,3
142.62950863390893,77.55398598716954,71.71918849019704,3
142.64950996733114,76.68069102926947,72.22637613292112,3
142.66951130075338,75.67868864684202,69.12400499855765,3
142.6895126341756,73.29017854800396,66.85522931731452,3
142.70951396759784,73.60226664379823,66.01962167861994,3
142.72951530102006,72.0673626334945,63.67169395614335,3
142.7495166344423,69.42911817151827,60.80602339899925,3
142.76951796786452,68.89507848246096,62.583518044274456,3
142.78951930128676,65.91701686534039,58.777156084121756,3
142.80952063470897,62.92064926756457,57.394417460863146,3
142.82952196813122,61.85080547838441,54.03613691104284,3
142.84952330155343,60.793580925734396,52.35308100223052,3
142.86952463497565,58.55468617612237,48.473746215007125,3
142.8895259683979,55.89581341666098,48.25023454492588,3
142.9095273018201,54.08622485504326,44.398655642297335,3
142.92952863524235,51.60289773181016,42.059560655392126,3
142.94952996866456,48.492872564882944,40.13458670096622,3
142.9695313020868,47.1828256433134,36.77557742669845,3
142.98953263550902,43.9068332290119,33.499664009199535,3
143.00953396893127,39.88964940331989,33.644762742918715,3
143.02953530235348,38.38055617686902,29.571048011187788,3
143.04953663577572,36.2233319624108,28.336875717337698,3
143.06953796919794,32.73573693684155,25.847202895768685,3
143.08953930262018,31.78755314578708,22.954810837495177,3
143.1095406360424,28.0974635018403,20.75741240934532,3
143.12954196946464,26.235186951881275,18.003650108406582,3
143.14954330288685,24.170465216007095,16.951555106783605,3
143.16954463630907,21.90623607744698,14.806231100044654,3
143.1895459697313,20.009261016722853,11.555262233546852,3
143.20954730315353,17.098488025961455,9.463323000946433,3
143.22954863657577,16.819372589158004,10.4284356835705,3
143.249549969998,14.724177819447151,8.075417708097723,3
143.26955130342023,12.268825435441013,4.88898554670328,3
143.28955263684244,10.836814522764074,5.265755770858047,3
143.3095539702647,9.283844839776794,3.650034630816633,3
143.3295553036869,7.952762711568231,1.2720077830707535,3
143.34955663710915,7.508027242824592,1.4065585906516684,3
143.36955797053136,3.8723511067762937,0.3290609128095934,3
143.3895593039536,4.334730538728334,-1.028792267577599,3
143.40956063737582,2.9783542924926976,-0.7052076838030015,3
143.42956197079806,5.042090854318992,-2.631996039897519,3
143.44956330422028,4.792407758978271,-2.316586333681271,3
143.4695646376425,4.318551182281998,-0.23385962385684556,3
143.48956597106474,2.195776111560995,-0.19876608447632016,3
143.50956730448695,2.6215032466645165,-2.009177461141057,3
143.5295686379092,2.5026086613208105,-0.6371042961364379,3
143.5495699713314,4.464870165609543,-0.09592062166604065,3
143.56957130475365,4.19181848467457,0.5822048811092874,3
143.58957263817587,5.543422472791478,1.9430267126794,3
143.6095739715981,5.441518824217292,3.6571577401534547,3
143.62957530502032,4.8717233550364485,2.5604048337492795,3
143.64957663844257,5.947830288205513,5.030985965735868,3
143.66957797186478,7.523613561584619,7.019258832936137,3
143.68957930528703,9.312276530940709,8.881524829284741,3
143.70958063870924,11.754793526810289,9.025529642424376,3
143.72958197213148,11.623071485300496,9.733002501534829,3
143.7495833055537,15.657196978825445,12.376620508973009,3
143.7695846389759,16.66498905242921,15.348527229593026,3
143.78958597239816,15.896068972415822,15.77603715367775,3
143.80958730582037,20.3498117250233,18.60115493413997,3
143.82958863924262,22.212190824725347,22.526737792879686,3
143.84958997266483,25.148637048093093,23.109906194379757,3
143.86959130608707,26.719819822944228,26.61058142173561,3
143.8895926395093,27.32218575820498,28.004403525085678,3
143.90959397293153,31.711595953927517,31.840543929437597,3
143.92959530635375,32.94495338912675,32.852411336066034,3
143.949596639776,35.79087607080783,34.83252812027223,3
143.9695979731982,38.61241993668712,37.26093631576862,3
143.98959930662045,42.03116952024891,39.557091284622274,3
144.00960064004266,43.53231969741191,43.33972200854145,3
144.0296019734649,45.63741452417078,45.75663366156953,3
144.04960330688712,47.40410893955138,47.28224008531314,3
144.06960464030934,51.123636001837475,50.09093814781762,3
144.08960597373158,53.37643194331793,52.46822191789271,3
144.1096073071538,56.03919144438811,52.37409340926889,3
144.12960864057604,56.4501184141739,55.802847213310834,3
144.14960997399825,60.426241993265236,58.50239754444761,3
144.1696113074205,62.849484641121414,61.11497096359728,3
144.1896126408427,65.40653753558638,62.29623538453026,3
144.20961397426495,65.29640255893926,64.10196506149812,3
144.22961530768717,67.88379489414297,65.98695364022929,3
144.2496166411094,69.28320265967263,65.96528972518867,3
144.26961797453163,70.23213937125837,69.26528042295186,3
144.28961930795387,73.31725430197365,71.08544769880572,3
144.30962064137609,74.22000517006691,71.74213240354688,3
144.32962197479833,74.46012862695487,72.38686882218738,3
144.34962330822054,75.159747941975,73.08717531923189,3
144.36962464164276,78.7141381186865,75.96190666471662,3
144.389625975065,78.15194257490455,75.82981757839194,3
144.40962730848722,79.56779373694913,76.95376680755723,3
144.42962864190946,80.1642788949133,75.98666210025944,3
144.44962997533167,79.27466417011826,77.03284688291993,3
144.46963130875392,79.88383038173062,76.70367231461368,3
144.48963264217613,82.39174884514206,75.91556214809215,3
144.50963397559838,80.55543852931787,76.48971897941524,3
144.5296353090206,81.42036298752193,75.33023300601765,3
144.54963664244283,79.79939850096825,74.72472955758326,3
144.56963797586505,79.18008798633035,75.94008052993934,3
144.5896393092873,78.60224042715907,74.53376452521987,3
144.6096406427095,78.98379158203987,73.44970087219517,3
144.62964197613175,77.22832849818973,72.25608705502599,3
144.64964330955397,77.34583921140572,70.39048348877657,3
144.66964464297618,74.8003838292102,68.29365067377321,3
144.68964597639842,74.39426397280721,67.05254830854297,3
144.70964730982064,73.48894396604001,67.15975945835739,3
144.72964864324288,70.5963764272805,65.59072164464548,3
144.7496499766651,68.15764189330957,62.57161782183117,3
144.76965131008734,67.15162985764435,59.8018869998886,3
144.78965264350956,65.67522404631278,58.11648431233877,3
144.8096539769318,63.25713617315819,56.67605552961141,3
144.829655310354,63.03734380786354,54.585855483384265,3
144.84965664377626,60.18062917183112,51.72838941085288,3
144.86965797719847,58.74568948773001,50.19780915005798,3
144.88965931062071,55.7809526461048,49.12441303736529,3
144.90966064404293,54.15123780769902,45.468069829403,3
144.92966197746517,50.31963937820005,41.671234115634306,3
144.9496633108874,48.76432244642442,40.06273634018662,3
144.9696646443096,45.68350653639576,38.5224151462025,3
144.98966597773185,44.29069898811138,34.8782569571385,3
145.00966731115406,40.465939473969534,31.722343923368012,3
145.0296686445763,37.52841166105943,30.463729607546348,3
145.04966997799852,36.96801740458345,26.788301295880448,3
145.06967131142076,33.93025541567497,25.471863147421267,3
145.08967264484298,29.98837657776658,22.940201650887786,3
145.10967397826522,28.268018546017174,23.205440347448288,3
145.12967531168744,26.275836039811036,18.968142873927576,3
145.14967664510968,22.954271295260032,17.243032140938336,3
145.1696779785319,21.72435983267994,13.987940194627907,3
145.18967931195414,19.57595695991411,12.3711055056693,3
145.20968064537635,18.182006894219818,9.814067224500153,3
145.2296819787986,16.744799280819358,9.53912987803098,3
145.2496833122208,14.522040932999769,6.51380186006519,3
145.26968464564303,11.699562852239003,6.792097189079455,3
145.28968597906527,11.792609720093981,4.256482654021926,3
145.30968731248748,9.666064957649247,3.7827396603903827,3
145.32968864590973,8.753837913295452,3.2784636726896665,3
145.34968997933194,7.447134679766182,1.202049338760297,3
145.36969131275418,6.740890822196176,0.7732347400418406,3
145.3896926461764,6.7998778075580955,-0.5888241053159112,3
145.40969397959864,6.068093860952189,-0.267492880182107,3
145.42969531302086,3.3946962050443834,-0.36139652695525604,3
145.4496966464431,2.757254958081002,-1.6870509136131604,3
145.46969797986532,3.222273485660607,-2.604719476155923,3
145.48969931328756,3.6462095356594513,-1.134570245865247,3
145.50970064670977,2.3980264814668595,-1.1487023415086226,3
145.52970198013202,3.373671920222887,-0.2367789226468417,3
145.54970331355423,3.709656011163826,0.682897180547743,3
145.56970464697645,3.832052041749136,1.2104811898407177,3
145.5897059803987,3.9173908402964246,1.784644943911316,3
145.6097073138209,6.128353523737592,3.2136018788805223,3
145.62970864724315,6.866449732511409,3.1241772778404595,3
145.64970998066536,8.251066533010837,5.935355610680932,3
145.6697113140876,8.071619366709438,6.185761545286307,3
145.68971264750982,10.591593131837026,8.687084807415445,3
145.70971398093207,11.889616215958807,9.277889944959613,3
145.72971531435428,12.104462698544337,10.770523726857904,3
145.74971664777652,13.529799952369846,14.084235471931205,3
145.76971798119874,17.97993664744531,14.584390824270558,3
145.78971931462098,17.191585782866056,17.14243568355168,3
145.8097206480432,19.122516911471692,18.37528482851629,3
145.82972198146544,22.488965668837807,20.892454580854643,3
145.84972331488765,23.53999642441779,23.836446815063393,3
145.86972464830987,27.314341216860903,25.99608061496269,3
145.8897259817321,28.997516120929145,27.47501017862513,3
145.90972731515433,32.22702778794211,31.0034569491587,3
145.92972864857657,33.47729274784259,32.87544961139129,3
145.9497299819988,35.7218418982531,35.13703902863097,3
145.96973131542103,39.20846239734938,39.25212336467483,3
145.98973264884324,40.34312229405969,40.733509617263195,3
146.0097339822655,42.61639180338887,42.00257760464729,3
146.0297353156877,46.512837749244646,44.88711012834134,3
146.04973664910995,48.0242300513436,47.53254215470624,3
146.06973798253216,50.023842039274975,49.964875863948095,3
146.0897393159544,52.880952839232954,52.480941288590856,3
146.10974064937662,56.40933043419134,55.15017908148428,3
146.12974198279886,56.27499335706925,56.730528729246466,3
146.14974331622108,58.42535187712177,60.24066318930114,3
146.1697446496433,62.68795132388021,60.138106445252376,3
146.18974598306554,64.2895271254012,64.66906428240185,3
146.20974731648775,66.93059715695215,62.84189063942843,3
146.22974864991,66.46653307212537,66.68983872628323,3
146.2497499833322,69.20770350070727,67.51145340249916,3
146.26975131675445,71.32757963932123,69.58749428857094,3
146.28975265017667,72.53608010884928,72.18503369021005,3
146.3097539835989,74.02487622484789,71.00304037988664,3
146.32975531702112,75.5054764357808,73.22346821705536,3
146.34975665044337,76.18735069936893,74.01374002242878,3
146.36975798386558,77.26687791092859,76.07901717559848,3
146.38975931728783,79.77426574299767,75.36903414966228,3
146.40976065071004,79.36392841664521,76.02628105590595,3
146.42976198413228,78.56810220657982,76.73753773223756,3
146.4497633175545,80.02003153662993,77.34972497467392,3
146.4697646509767,80.35929510518761,78.74144862828156,3
146.48976598439896,82.8945795617904,76.41551226814802,3
146.50976731782117,80.06565714896948,75.98013326152224,3
146.52976865124342,80.64490621776022,75.93105314457226,3
146.54976998466563,80.94422058385989,76.46336069740717,3
146.56977131808787,80.94183647103486,75.52114114119983,3
146.5897726515101,77.9527727541666,74.36802087300899,3
146.60977398493233,78.13126615056063,73.52971641558825,3
146.62977531835455,76.21670953707589,72.92141195425177,3
146.6497766517768,77.67722465959639,69.01845224422063,3
146.669777985199,74.71447591258037,67.84089761983965,3
146.68977931862125,73.95984254184087,68.37916406867069,3
146.70978065204346,72.38846399856793,66.21346682018763,3
146.7297819854657,71.30418902977209,64.4627034513971,3
146.74978331888792,69.87886175831052,62.79745854019231,3
146.76978465231014,66.81885400412426,58.80989553107013,3
146.78978598573238,65.07031023769612,59.17663547199877,3
146.8097873191546,63.03293328313482,55.36167644664616,3
146.82978865257684,61.6802509139247,54.72690055734972,3
146.84978998599905,59.10804802710691,53.55371524760954,3
146.8697913194213,58.231244433938606,49.05755090247354,3
146.8897926528435,55.848008563717514,47.33831785121949,3
146.90979398626575,54.21677269243731,45.754836629416246,3
146.92979531968797,50.12107009229349,42.06733827752392,3
146.9497966531102,49.63405381812374,39.09295801976931,3
146.96979798653243,44.84831457423167,38.0403876735917,3
146.98979931995467,43.432385344255785,36.468157154669775,3
147.00980065337689,40.21358250683645,31.48610135282305,3
147.02980198679913,38.430957673343286,31.76594128676479,3
147.04980332022134,35.23344590166733,28.999794675011984,3
147.06980465364356,34.09480050097115,23.879353415117247,3
147.0898059870658,30.877494444095504,24.109432983759394,3
147.10980732048802,28.5239141553574,22.57400483632211,3
147.12980865391026,27.722008495375633,16.70445659742901,3
147.14980998733247,24.611749882950885,17.343993603719117,3
147.16981132075472,24.874767934534265,15.828488755394787,3
147.18981265417693,20.186006771048326,12.378301140211326,3
147.20981398759918,18.544150142606757,11.296194795835989,3
147.2298153210214,15.426614829661979,9.827389564128643,3
147.24981665444363,15.632455699250912,7.101240435397737,3
147.26981798786585,13.517566623197075,4.541265874703376,3
147.2898193212881,11.492377067714326,5.089114676126498,3
147.3098206547103,10.105521989723758,3.762497008624776,3
147.32982198813255,10.290212661932724,2.259262031249108,3
147.34982332155477,7.0687772161861195,0.6433084660031086,3
147.36982465497698,4.369853078843704,1.6217566119593414,3
147.38982598839922,6.168514285379489,-1.0914056646490047,3
147.40982732182144,4.118637779208693,-0.20657464340944592,3
147.42982865524368,4.747133205196641,-1.3682428640120035,3
147.4498299886659,2.634170535804102,-0.6955013114271831,3
147.46983132208814,2.892154924617006,-1.9491292527572182,3
147.48983265551036,2.335388141485269,-1.6342723509422616,3
147.5098339889326,3.347263126414518,-0.7486614799260907,3
147.5298353223548,4.338670116334689,-0.6429054645184065,3
147.54983665577706,4.7109285205328195,1.3321150071192747,3
147.56983798919927,4.772619487502593,1.0274513361783093,3
147.58983932262151,5.104145263938861,1.0442122817904937,3
147.60984065604373,3.8670610141988093,2.756242896533946,3
147.62984198946597,6.0944006441034,2.5455891089703497,3
147.6498433228882,7.434643459008652,4.38214041533584,3
147.6698446563104,6.70258610176098,7.04448022383583,3
147.68984598973265,10.150454955809316,8.232942540824702,3
147.70984732315486,11.19601903926281,8.520267793662873,3
147.7298486565771,12.867706218078709,12.217128001217988,3
147.74984998999932,14.927123554836285,13.92983602303486,3
147.76985132342156,15.189920366229662,14.838949346130862,3
147.78985265684378,18.69403726082857,17.03018438826855,3
147.80985399026602,19.745061755688116,19.06286378144037,3
147.82985532368824,22.14472533030838,21.53643558439075,3
147.84985665711048,24.949128448274724,22.663428495857755,3
147.8698579905327,26.905402782759662,24.453871918512906,3
147.88985932395494,29.689707636644165,29.217347583454806,3
147.90986065737715,31.021862352144566,30.369081914363218,3
147.9298619907994,35.057289718120195,34.78971085235992,3
147.9498633242216,35.8867091440524,36.07489406608662,3
147.96986465764383,37.54013340875531,38.029534867704285,3
147.98986599106607,40.585586025871976,41.04877647114652,3
148.00986732448828,41.956709249211606,41.77299474210352,3
148.02986865791053,45.7288509107861,45.17746573317972,3
148.04986999133274,47.72349806877415,47.33364276771313,3
148.06987132475498,51.41051331418052,50.09352409195458,3
148.0898726581772,53.26763811794022,53.02182857020452,3
148.10987399159944,55.9371770971013,54.35089536627818,3
148.12987532502166,57.01824510690554,55.2961208091301,3
148.1498766584439,59.01547530420988,58.715296706547456,3
148.16987799186612,62.227617639824906,62.24595709634976,3
148.18987932528836,63.268646751573954,63.84598929297475,3
148.20988065871057,66.59952102734135,65.11219762150067,3
148.22988199213282,67.14584430789385,66.02786988720943,3
148.24988332555503,68.59832169569825,68.6717669398382,3
148.26988465897725,71.44425372986998,69.46462830934739,3
148.2898859923995,73.7800224217996,69.73660133330559,3
148.3098873258217,73.28758898944496,71.79720869341821,3
148.32988865924395,75.16023422102208,74.09347636407253,3
148.34988999266616,77.54456677484949,73.95832217834747,3
148.3698913260884,78.03121640436808,74.8374369601203,3
148.38989265951062,78.85404840332848,75.19797275150316,3
148.40989399293287,78.604334274063,76.48521926297,3
148.42989532635508,79.73408118243631,75.95563955604956,3
148.44989665977732,79.91657832895793,76.36987382667951,3
148.46989799319954,81.003911650516,76.58193906050728,3
148.48989932662178,80.4385480331501,78.44060604818578,3
148.509900660044,81.6490943101737,77.16090185234034,3
148.52990199346624,81.62338306901438,76.34333034710947,3
148.54990332688845,80.36966256533735,76.50767361107913,3
148.56990466031067,79.50906362843456,74.5842328959196,3
148.5899059937329,79.64494870043225,75.62332884427548,3
148.60990732715513,79.43411283145056,73.29782237344052,3
148.62990866057737,77.9600312069539,70.58050819261602,3
148.6499099939996,75.68531693938138,71.23826745546202,3
148.66991132742183,75.77123115721315,70.01732692981504,3
148.68991266084404,73.58162701364722,68.67473695280576,3
148.7099139942663,74.42548683795413,66.07591252476533,3
148.7299153276885,71.87086770277224,63.4966294131538,3
148.74991666111075,69.72513523844056,63.47697796549828,3
148.76991799453296,69.23651217030503,59.055298766333095,3
148.7899193279552,66.31225870805552,58.02322449763811,3
148.80992066137742,63.33288778657504,55.25831054845861,3
148.82992199479966,63.3301963493649,53.9788441013385,3
148.84992332822188,58.97610932184698,53.037921621056796,3
148.8699246616441,57.27750358990338,49.19846643096447,3
148.88992599506633,55.728418117629964,48.26156236495155,3
148.90992732848855,52.646872597415886,45.411573503380176,3
148.9299286619108,50.91016030850533,42.217647718319824,3
148.949929995333,48.70909801932969,40.30113424341265,3
148.96993132875525,45.46000678016431,37.48324243993062,3
148.98993266217747,41.92927055969749,35.01871877309,3
149.0099339955997,38.905262834537204,32.6332725196428,3
149.02993532902192,36.716594489395625,29.49633458371266,3
149.04993666244417,36.1523690246234,28.022679222084104,3
149.06993799586638,33.7748960970474,25.117388438721648,3
149.08993932928863,31.700053373426357,22.618002292074397,3
149.10994066271084,28.661998544469142,20.10729615080952,3
149.12994199613308,27.853216056301626,18.29088651459254,3
149.1499433295553,23.293116579127275,18.813150196830414,3
149.1699446629775,22.54207091798756,15.426337312738895,3
149.18994599639976,20.726694234025324,13.284686641164228,3
149.20994732982197,18.679763887792785,10.391014338788464,3
149.22994866324422,15.87661600794386,9.530981860695947,3
149.24994999666643,14.65164923680393,7.941209790271505,3
149.26995133008867,13.452457773234702,5.999925665356754,3
149.2899526635109,12.741818500472618,3.756794282437676,3
149.30995399693313,9.956034651035909,3.177296329969157,3
149.32995533035535,8.29290701572948,2.3839775546493764,3
149.3499566637776,8.862778574000757,0.779290485816851,3
149.3699579971998,5.857336956017596,1.4621875728351839,3
149.38995933062205,6.729474106602289,0.8832293431272401,3
149.40996066404426,4.678155610149227,-1.5009511723102542,3
149.4299619974665,4.761745740764779,-0.9654317259182779,3
149.44996333088872,4.964637164098179,-1.3462495086044655,3
149.46996466431094,2.3343178348036546,-2.2726331781978053,3
149.48996599773318,2.6321299222056203,-0.7505180882762317,3
149.5099673311554,2.2951443654317933,-0.9870929716339555,3
149.52996866457764,3.4219383622107773,-1.1987963832953081,3
149.54996999799985,3.468753330540874,-1.535788482630505,3
149.5699713314221,4.081803644009006,0.8293919503984492,3
149.5899726648443,5.457956625914446,2.557992407892364,3
149.60997399826655,5.1916087194845115,2.594757755361429,3
149.62997533168877,6.69022010598292,3.3315135616345977,3
149.649976665111,7.507441868148114,5.788693016491885,3
149.66997799853323,7.720889950600865,5.83295147155484,3
149.68997933195547,9.61550954287133,9.269569731232977,3
149.70998066537769,10.98324756205553,9.427755238435791,3
149.72998199879993,12.116928535355182,10.925351883793281,3
149.74998333222214,13.634211094858804,12.734043345732134,3
149.76998466564436,16.39509913381137,14.55416761140646,3
149.7899859990666,19.15080407387615,15.921109909850069,3
149.80998733248882,20.352719476163706,18.616456290391554,3
149.82998866591106,22.293285334331895,21.750189444158384,3
149.84998999933327,23.32706561358583,23.929175848762213,3
149.86999133275552,25.6237767064318,25.917918056998413,3
149.88999266617773,28.752671760402738,27.78582556062198,3
149.90999399959998,30.184075729195357,29.39330734594107,3
149.9299953330222,33.11707085103733,32.4000607754264,3
149.94999666644443,36.4508218059067,34.65316693660439,3
149.96999799986665,39.12495872718038,36.8524209230238,3
149.9899993332889,40.12800067044951,41.15592680838819,3
150.0100006667111,42.7457306907356,41.51364444157996,3
150.03000200013335,43.73355347364763,45.26596156626806,3
150.05000333355557,48.964842985836874,47.72217129152437,3
150.07000466697778,50.784156102695746,48.269660564202454,3
150.09000600040002,53.19039631121873,52.247595591543906,3
150.11000733382224,55.89385710352189,54.50278951818718,3
150.13000866724448,56.63212023842932,57.79694622309293,3
150.1500100006667,59.321169276079864,58.160416912051595,3
150.17001133408894,61.608365928585926,60.7119112618339,3
150.19001266751116,62.30088907353193,62.74468488439133,3
150.2100140009334,66.0319577581964,64.82636931984379,3
150.2300153343556,67.81660981248478,66.45327901234769,3
150.25001666777786,67.60621001131672,69.10787294680317,3
150.27001800120007,70.03157367086554,69.22226501673774,3
150.29001933462231,73.61318550586518,69.92710912020705,3
150.31002066804453,74.07525870259806,71.98429458591816,3
150.33002200146677,74.85741012279671,73.74307279212334,3
150.350023334889,75.86486960024837,74.03205310739715,3
150.3700246683112,77.87513248689167,74.34282595577832,3
150.39002600173345,78.42831523507492,76.13886886583897,3
150.41002733515566,78.90546663375966,75.00217406165568,3
150.4300286685779,80.36442221556354,76.91932059217167,3
150.45003000200012,80.35553518602708,75.74896306309145,3
150.47003133542236,81.49961629290942,77.5720829511471,3
150.49003266884458,80.69866841272365,77.41451645393788,3
150.51003400226682,81.76097450323734,75.28196211297691,3
150.53003533568904,80.55345862259131,76.5803681753934,3
150.55003666911128,80.90775612104284,74.41823615972555,3
150.5700380025335,80.15903018710448,74.97509967998606,3
150.59003933595574,79.27527846280326,76.03630939166177,3
150.61004066937795,79.30441220495082,73.29305045403545,3
150.6300420028002,78.0201833175726,72.4646837909973,3
150.6500433362224,76.18083332125917,69.50083213914483,3
150.67004466964462,75.70244659298389,68.98237198530003,3
150.69004600306687,73.55740037021995,68.74039514005501,3
150.71004733648908,73.09825098658911,65.1777334568722,3
150.73004866991133,71.3665853109346,65.8689131657968,3
150.75005000333354,69.69886137619484,62.70211553797449,3
150.77005133675578,66.91309828351864,61.073330918678494,3
150.790052670178,65.749076965496,58.320320895795085,3
150.81005400360024,64.8865532849077,55.831359255136874,3
150.83005533702246,61.652566868715475,54.26618235666162,3
150.8500566704447,58.97220043570532,52.381331257847066,3
150.87005800386692,58.25714630050767,49.656054543196795,3
150.89005933728916,56.06416199938573,47.22564689689862,3
150.91006067071137,53.07554703426838,45.21166343268144,3
150.93006200413362,50.48134768250599,43.958721714484994,3
150.95006333755583,47.88339254469647,39.2644062120568,3
150.97006467097805,46.3194627648811,37.48038682000347,3
150.9900660044003,42.46267331367323,35.911910534296645,3
151.0100673378225,42.33550291522672,32.976825110209944,3
151.03006867124475,37.584282708730555,29.360797745522216,3
151.05007000466696,35.325131208456554,28.742963314156057,3
151.0700713380892,33.62186221581812,25.41827729553195,3
151.09007267151142,31.730376563329635,23.203020766102984,3
151.11007400493367,27.839142484637694,20.80829879489115,3
151.13007533835588,26.619167207785434,18.6442341631846,3
151.15007667177812,22.942225270472903,16.93062046823335,3
151.17007800520034,22.292584560391777,14.582433924052925,3
151.19007933862258,19.837650231119735,12.530423404387381,3
151.2100806720448,17.135399616059217,9.629449303792084,3
151.23008200546704,14.934922167807928,9.23587512510496,3
151.25008333888925,15.2596736902456,7.329035181545337,3
151.27008467231147,12.265184559221723,6.41050832092305,3
151.2900860057337,11.64863539843034,3.3174744891955825,3
151.31008733915593,9.355677596991415,2.402623323785127,3
151.33008867257817,8.264282191670437,0.704849877632598,3
151.35009000600039,7.342602058217336,1.172690845302264,3
151.37009133942263,6.758523385887166,1.1909475877878979,3
151.39009267284484,5.297481303048248,1.6605164395118295,3
151.4100940062671,3.8322876931842487,-2.3805438038367486,3
151.4300953396893,2.2270706213681235,-1.1987096785727747,3
151.45009667311155,3.183076191030901,-1.602637243432838,3
151.47009800653376,2.7831925936264486,-1.9079125382534694,3
151.490099339956,2.6089534369765977,-1.5803212043752801,3
151.51010067337822,2.5789248536944145,-1.2092118305205175,3
151.53010200680046,3.917105381726774,-1.238692147572396,3
151.55010334022268,3.7317542898511427,1.238461570765609,3
151.5701046736449,4.161379184317128,1.0231477730387504,3
151.59010600706713,5.857551998421211,1.169417108444267,3
151.61010734048935,5.84724229454393,4.009298165626204,3
151.6301086739116,6.274884474701806,3.9910552173332965,3
151.6501100073338,7.513987557863356,5.703593130018605,3
151.67011134075605,9.28524627033158,6.555283145559657,3
151.69011267417827,11.109695155161312,6.506384182470532,3
151.7101140076005,11.650673138282079,9.627442758146337,3
151.73011534102272,13.149603839486788,10.419826057908011,3
151.75011667444497,14.585538095663605,12.585593588630857,3
151.77011800786718,16.658245941991627,13.53192460328113,3
151.79011934128943,17.819561715012853,15.883865135675865,3
151.81012067471164,20.094123595330185,19.940647245088243,3
151.83012200813388,22.89839242548465,21.728238757556046,3
151.8501233415561,23.708702181110855,22.033120321818117,3
151.8701246749783,26.892722551956783,27.1607760424727,3
151.89012600840056,28.546943521049254,27.853786528615707,3
151.91012734182277,31.562450127396264,31.61720959742342,3
151.93012867524502,33.42610017585516,32.86604335675407,3
151.95013000866723,35.547670335072425,35.76775432342351,3
151.97013134208947,37.62075098229482,36.81453392775687,3
151.9901326755117,41.29907400101746,41.06779773037157,3
152.01013400893393,43.08397363297331,42.23764427697005,3
152.03013534235615,45.75602206342118,46.02480339424888,3
152.0501366757784,47.832437726631994,48.62418730079172,3
152.0701380092006,50.18349539362415,49.961070644238,3
152.09013934262285,54.04859913851765,51.80355123285377,3
152.11014067604506,54.99096151873511,54.707683730436045,3
152.1301420094673,57.6998188440657,55.86484015807244,3
152.15014334288952,60.38124355858502,59.78168263154196,3
152.17014467631174,61.04748679333809,61.254687169575696,3
152.19014600973398,62.5710701368116,61.34378380012716,3
152.2101473431562,65.97422112927985,63.7088314474811,3
152.23014867657844,67.61475144132237,65.19745209274012,3
152.25015001000065,69.50571146711826,68.3465435601293,3
152.2701513434229,72.31531098170538,67.29424556085996,3
152.2901526768451,74.10043658552648,71.68822870041367,3
152.31015401026735,73.76058913452344,72.43141958341798,3
152.33015534368957,75.17135921059534,74.61346072414683,3
152.3501566771118,77.14981478802817,74.31566141460668,3
152.37015801053403,77.33869558844879,75.83961712762934,3
152.39015934395627,78.22940099705747,75.16356448227152,3
152.41016067737849,78.36294179651107,76.3707635752808,3
152.43016201080073,81.79302649174409,75.99269697099803,3
152.45016334422294,79.95441167860766,75.85207703854374,3
152.47016467764516,80.64184374352016,76.55262784997265,3
152.4901660110674,80.54003238470041,77.4957118233825,3
152.51016734448962,81.48222279833975,77.16744127488917,3
152.53016867791186,79.53158728708539,76.44083030148391,3
152.55017001133407,80.62306766947081,76.37957146657374,3
152.57017134475632,80.23897915910739,74.66489498643718,3
152.59017267817853,79.88258387258814,74.82444602753719,3
152.61017401160078,79.1242002198356,72.46592382980594,3
152.630175345023,78.35012578295162,72.84958422287743,3
152.65017667844523,76.90694642859783,72.01330232771419,3
152.67017801186745,76.03835790000142,69.20274345867753,3
152.6901793452897,73.54291893861182,68.36897821545254,3
152.7101806787119,72.0283929791716,65.72326983702253,3
152.73018201213415,70.36624386587854,64.10413925867458,3
152.75018334555637,69.47236055263295,62.070117976347824,3
152.77018467897858,67.92174309216902,61.17003480626198,3
152.79018601240082,65.37884308627095,58.11846421715215,3
152.81018734582304,63.891500795285765,55.6706649107661,3
152.83018867924528,61.645205496437924,54.397330935037004,3
152.8501900126675,59.83930500787936,53.96519044676692,3
152.87019134608974,57.62253115084571,49.221127145200995,3
152.89019267951196,54.90971797514841,47.28593010224185,3
152.9101940129342,53.43516994925275,45.8075505379351,3
152.9301953463564,51.80109290936206,43.34740925870936,3
152.95019667977866,47.162715744776264,41.636867136459244,3
152.97019801320087,44.74029842044402,35.64621734728426,3
152.99019934662311,43.57854386766067,36.784919396075345,3
153.01020068004533,38.970825487972235,32.846095801451774,3
153.03020201346757,37.39386415490617,32.503142740818426,3
153.0502033468898,35.444478566151396,27.35246845040451,3
153.070204680312,32.80570465689641,26.416007797845324,3
153.09020601373425,31.537950995765755,24.16564754232692,3
153.11020734715646,28.718666653805407,22.233797326766204,3
153.1302086805787,26.142570629217172,18.466616909698374,3
153.15021001400092,25.286357964474337,17.101500702031856,3
153.17021134742316,21.696220732047674,13.633095314946534,3
153.19021268084538,20.444501335820163,12.1854565954216,3
153.21021401426762,17.924918301483658,10.460942089742943,3
153.23021534768984,15.785393090357722,9.131057747211212,3
153.25021668111208,13.203394708536731,7.919913531980325,3
153.2702180145343,12.296010042652272,4.091941665326072,3
153.29021934795654,10.405796730939528,4.508848042740837,3
153.31022068137875,10.843554840848485,4.81951340458727,3
153.330222014801,8.845464687543103,1.2494208143106822,3
153.3502233482232,6.2541449888876475,1.9837929265292054,3
153.37022468164542,6.851822729974547,1.9917047792601597,3
153.39022601506767,6.474434428515538,-0.3551897482228903,3
153.41022734848988,4.508828180471458,-0.7527530288179878,3
153.43022868191213,3.8682399455067675,-1.3692642751614006,3
153.45023001533434,2.9022033405626275,-1.754846362343725,3
153.47023134875658,3.8948869262663095,-0.31672259248298074,3
153.4902326821788,3.179189389237196,-1.0802656195077107,3
153.51023401560104,3.1337419310784647,0.32428425123920124,3
153.53023534902326,3.241507338243572,-0.1750549525371326,3
153.5502366824455,3.697439467907465,-0.22966685020825212,3
153.57023801586772,3.773941688600842,-0.3826626729884153,3
153.59023934928996,4.150201415648291,0.9744010792866802,3
153.61024068271217,4.687691276312028,1.3328895150303106,3
153.63024201613442,7.071271842165149,3.126199696620375,3
153.65024334955663,5.259436019579522,5.833783434661683,3
153.67024468297885,9.06989407257981,5.450076918713424,3
153.6902460164011,8.394846541616104,6.779294689534873,3
153.7102473498233,11.008902409552718,8.756611932878378,3
153.73024868324555,14.072933045219063,12.261834854106626,3
153.75025001666776,15.065443005667744,13.953490450081045,3
153.77025135009,18.02145813725864,14.955273798525388,3
153.79025268351222,17.01468587153404,16.90820662059862,3
153.81025401693446,21.014883592288236,17.580713028729424,3
153.83025535035668,23.428103486750427,21.13533200213163,3
153.85025668377892,24.85791791716834,23.57552749190911,3
153.87025801720114,26.864859640784402,25.278131253245622,3
153.89025935062338,28.66698187378176,28.13682345034779,3
153.9102606840456,29.099601476492218,32.35865771346632,3
153.93026201746784,32.893566947060094,33.137772396074055,3
153.95026335089005,36.61179126888401,37.29397017674345,3
153.97026468431227,39.358500017360214,38.443556054163466,3
153.9902660177345,40.53904079717768,39.56193070817251,3
154.01026735115673,41.68421254589733,43.283481764609625,3
154.03026868457897,45.74205849070597,46.535704911834685,3
154.05027001800119,49.1620004451693,48.02896122767632,3
154.07027135142343,50.87988556726096,49.688621611607,3
154.09027268484564,53.16425541570874,51.52359750631731,3
154.1102740182679,54.21309415478606,54.455356556841124,3
154.1302753516901,57.729229392841816,56.404507300324795,3
154.15027668511235,59.77336832406597,60.43156344174902,3
154.17027801853456,62.64838591747664,60.631476756559444,3
154.1902793519568,63.78093803603445,63.150762622377584,3
154.21028068537902,66.21355261393143,64.4619797663822,3
154.23028201880126,69.18878959393415,66.22709664404242,3
154.25028335222348,69.71090157818892,68.04717103817121,3
154.2702846856457,70.26660296846734,70.82882041317538,3
154.29028601906793,74.37110663802987,71.19441256936064,3
154.31028735249015,73.09207492775356,72.97999861423376,3
154.3302886859124,76.98026599006982,73.93504733689132,3
154.3502900193346,77.88070045123487,75.06437955751531,3
154.37029135275685,78.67224382057478,75.06561198113694,3
154.39029268617907,78.62468801783828,75.0356794834307,3
154.4102940196013,78.86161086119368,76.40295461998942,3
154.43029535302352,81.61003347017932,76.16401375714563,3
154.45029668644577,80.62631902048905,76.829790583791,3
154.47029801986798,80.72444681605484,76.64453235408033,3
154.49029935329023,81.87917984552355,76.27420630591247,3
154.51030068671244,81.0141884921107,77.0296764070219,3
154.53030202013468,80.66081668915326,76.22414219442093,3
154.5503033535569,80.04723909542105,75.53722911953021,3
154.5703046869791,79.7605754660428,75.09119751414438,3
154.59030602040136,79.17656687219218,74.29479551092795,3
154.61030735382357,80.52740106971734,73.30014157948214,3
154.63030868724582,76.87764603645863,71.84316795035568,3
154.65031002066803,76.48482111907869,71.18771197738386,3
154.67031135409027,76.8130030987826,67.89085247525966,3
154.6903126875125,74.43938914935806,66.98136149322966,3
154.71031402093473,72.33981460466723,66.67053074947671,3
154.73031535435695,70.58485708241616,64.94783006593794,3
154.7503166877792,70.59582563288978,63.559699302367136,3
154.7703180212014,68.1116786760539,60.73840597250916,3
154.79031935462365,65.53418211639482,59.007730673460316,3
154.81032068804586,63.99257761106613,56.916447099180104,3
154.8303220214681,62.496991462903665,53.647804870944164,3
154.85032335489032,59.90234326010803,51.87793027599644,3
154.87032468831254,57.429578063758896,49.36787659682951,3
154.89032602173478,54.27412310541596,47.22251446703185,3
154.910327355157,51.30394808055657,45.847852047029264,3
154.93032868857924,50.26152936182463,42.62465842934206,3
154.95033002200145,47.83656273250867,40.62003825073013,3
154.9703313554237,46.6647947105459,37.437415401128206,3
154.9903326888459,42.18184903516944,34.239960633386,3
155.01033402226815,40.82284730624981,31.38153636487551,3
155.03033535569037,38.434363722570936,28.96966923890212,3
155.0503366891126,37.265983289064685,27.754057087027615,3
155.07033802253483,32.30365277851321,24.157647250726146,3
155.09033935595707,31.961913876556757,22.284941119780687,3
155.11034068937929,29.0036296573313,21.502055199473368,3
155.13034202280153,25.94719668632094,18.10783602843866,3
155.15034335622374,23.665490240363376,15.03394715604421,3
155.17034468964596,22.72455129063146,15.517152125160628,3
155.1903460230682,20.091570250802256,12.286727211727369,3
155.21034735649042,18.133461363982942,9.783947673902285,3
155.23034868991266,16.92495437153421,7.971946459483282,3
155.25035002333487,14.544481094025663,6.917481580612726,3
155.27035135675712,12.168826362702474,5.678035454112345,3
155.29035269017933,10.29263680224153,4.7946504805240515,3
155.31035402360158,9.817930898133092,2.842642360442427,3
155.3303553570238,9.585708646558123,2.34813477356947,3
155.35035669044603,5.387078664117633,1.5870016790292136,3
155.37035802386825,5.613536611096672,1.1904239022316399,3
155.3903593572905,6.832740190146266,-0.41945618072502056,3
155.4103606907127,4.429341283272984,-0.5470862473826378,3
155.43036202413495,3.273135609248452,-0.9352081329881643,3
155.45036335755717,3.308239214311671,-2.623544312243772,3
155.47036469097938,4.14679476233764,-2.1223797664099315,3
155.49036602440162,3.160018696887622,-0.6905205946011266,3
155.51036735782384,4.6013932221485945,-1.1475247006932285,3
155.53036869124608,2.751742968410304,-0.9428912554861465,3
155.5503700246683,3.417033999710441,0.8042351582094418,3
155.57037135809054,4.054758711049239,0.7824469493917047,3
155.59037269151275,5.312637835862034,2.4545233454569955,3
155.610374024935,4.727073904821375,3.2269712950926133,3
155.6303753583572,7.236091718761855,3.398507370702069,3
155.65037669177946,7.133573859275906,4.980312619924899,3
155.67037802520167,8.253476958506736,6.16793015052935,3
155.69037935862391,10.368443429002316,7.786617523401406,3
155.71038069204613,11.172474170365948,9.241877035978582,3
155.73038202546837,13.461074370728168,10.300583046008486,3
155.7503833588906,13.14989218689485,13.9711785753657,3
155.7703846923128,15.408066979829092,14.721559939462848,3
155.79038602573505,18.588887887904438,16.54877124833042,3
155.81038735915726,19.79150295702442,17.932425180346367,3
155.8303886925795,21.28753064579867,21.437218233972064,3
155.85039002600172,24.45717694705034,24.95814228384592,3
155.87039135942396,27.64528179445593,26.83165276606064,3
155.89039269284618,27.92436000318625,28.737310791429397,3
155.91039402626842,31.0594932643184,32.23100813296638,3
155.93039535969064,32.491345547216795,33.370155557267154,3
155.95039669311288,36.16724623101662,36.770200070485444,3
155.9703980265351,38.93289083003946,37.53027696471084,3
155.99039935995734,40.2620759696255,39.21594350822618,3
156.01040069337955,45.12375574583058,43.77007053172988,3
156.0304020268018,46.637014842034475,44.59242289378369,3
156.050403360224,47.9104959993755,47.54682628144692,3
156.07040469364622,50.97124057438537,50.2746114625753,3
156.09040602706847,53.91062543450679,53.49141868582251,3
156.11040736049068,54.922417598451936,54.722569503334896,3
156.13040869391293,59.240143101119145,56.732853087117014,3
156.15041002733514,59.904026476559636,59.20515307490947,3
156.17041136075738,62.82044664976584,61.4606663606914,3
156.1904126941796,63.63895803879266,63.19622061961215,3
156.21041402760184,65.24396028689769,63.85773003416449,3
156.23041536102406,67.99258714180694,67.05448983057723,3
156.2504166944463,70.53691652067018,69.5402324981788,3
156.27041802786852,70.58525824137938,70.9217323900007,3
156.29041936129076,74.10826258124922,69.42925650408243,3
156.31042069471297,73.28063842290042,72.87157065288473,3
156.33042202813522,77.25684160702754,73.64114876372709,3
156.35042336155743,77.32601089836122,75.79592478163374,3
156.37042469497965,78.96064863921987,76.12164507956177,3
156.3904260284019,79.38258953290301,75.94949356923763,3
156.4104273618241,80.26936133053847,75.61099411339903,3
156.43042869524635,79.80785208582257,75.60932815903205,3
156.45043002866856,79.32314562894858,75.98517957461237,3
156.4704313620908,81.52985552863967,76.85533887244044,3
156.49043269551302,83.03211918263634,76.48422774407226,3
156.51043402893526,81.41374043263255,76.22796483657888,3
156.53043536235748,79.64340562828968,75.10907565404945,3
156.55043669577972,81.23694092860441,75.30212608199588,3
156.57043802920194,79.53161225949148,75.10862093642588,3
156.59043936262418,81.0126749725444,73.20587296590936,3
156.6104406960464,79.58255649939429,74.04468866801125,3
156.63044202946864,78.80660807138909,72.7468461626125,3
156.65044336289085,75.10357592729058,70.8554132268319,3
156.67044469631307,75.83522581682934,68.07494061267644,3
156.6904460297353,73.60813615568429,68.63031263554304,3
156.71044736315753,74.0482582542333,66.10540693693879,3
156.73044869657977,71.34261978518857,65.3454869128042,3
156.75045003000199,69.43545828553123,62.44389499300395,3
156.77045136342423,66.89758385223612,59.86816730358788,3
156.79045269684644,65.52635521444869,59.2764698661514,3
156.8104540302687,64.19609128625966,56.719786745852446,3
156.8304553636909,62.76680063047343,54.5429563353445,3
156.85045669711315,59.65399447180497,51.11936743201767,3
156.87045803053536,57.78217633087554,49.30016722298891,3
156.8904593639576,54.93285179451278,46.510341087688296,3
156.91046069737982,52.923468231964435,44.220085028390926,3
156.93046203080206,50.02267329860907,42.16258506895151,3
156.95046336422428,48.87962013038788,39.686473656170655,3
156.9704646976465,47.93443948535635,38.38636745500186,3
156.99046603106873,42.61459419132133,35.4814299066484,3
157.01046736449095,41.31957801489377,32.28431093119483,3
157.0304686979132,37.6855426142986,31.329271925079638,3
157.0504700313354,35.424886279460324,28.45484743976834,3
157.07047136475765,33.83461418729418,24.66835608640273,3
157.09047269817987,30.61369245713797,23.088044323407303,3
157.1104740316021,28.196821989610445,20.38446171466959,3
157.13047536502432,26.229538840071196,19.407435295736967,3
157.15047669844657,23.501540055809556,15.546623193009864,3
157.17047803186878,22.63534701880417,16.489832239103084,3
157.19047936529103,19.30090362501997,12.406437323037911,3
157.21048069871324,16.79345565237525,10.484243167844193,3
157.23048203213548,15.404157573776716,8.464829479600125,3
157.2504833655577,14.938507969009498,7.075974342605126,3
157.2704846989799,12.027706559976314,6.897252577513525,3
157.29048603240216,11.193388372321943,4.5932221028906985,3
157.31048736582437,10.14027316138484,4.238002206534322,3
157.33048869924662,7.256035550077921,2.4440035802241344,3
157.35049003266883,8.085021392700352,2.875467803436732,3
157.37049136609107,5.55083296460907,-0.6987897770060425,3
157.3904926995133,5.308194050463354,-0.45317836378459814,3
157.41049403293553,3.4335579333809143,-1.1460781263244346,3
157.43049536635775,3.9044356981565427,-1.1739819137448295,3
157.45049669978,3.6657975309926565,-0.6383511077426328,3
157.4704980332022,3.6746166304614976,-2.0234290170383535,3
157.49049936662445,3.1092865740609046,-1.4809788529803019,3
157.51050070004666,1.9882635400233488,-0.6448627927854669,3
157.5305020334689,3.880384137147746,-0.34478032837385214,3
157.55050336689112,3.669127735734098,-0.7456343318626001,3
157.57050470031334,4.477944114956638,2.168762119962678,3
157.59050603373558,4.927920493670517,1.0772855793090748,3
157.6105073671578,5.4337803949092685,2.9779061618896985,3
157.63050870058004,6.845560148716423,2.821423383445531,3
157.65051003400225,7.842250233395105,3.9855813800101245,3
157.6705113674245,9.942561909663063,5.918703686906961,3
157.6905127008467,9.555442556581042,7.9174789320408125,3
157.71051403426895,10.198704189728737,9.526954085685873,3
157.73051536769117,12.756873650675352,10.325135052099368,3
157.7505167011134,12.838347510161562,13.775778444163109,3
157.77051803453563,15.651203836614187,14.356170463379652,3
157.79051936795787,19.09592455990675,17.62462852013942,3
157.81052070138009,19.233487316211544,20.061179146847426,3
157.83052203480233,20.74438099064967,21.355052792404678,3
157.85052336822454,25.2864792984924,24.026792088791094,3
157.87052470164676,28.180316402362514,26.896536780872122,3
157.890526035069,29.493286225875714,28.668771068668327,3
157.91052736849122,31.956831063910343,29.744624166951915,3
157.93052870191346,33.368590399696735,33.720362392681736,3
157.95053003533567,35.96816075407756,34.97866720493958,3
157.97053136875792,39.180044280766566,38.324614744652955,3
157.99053270218013,41.93284761948636,40.8818040375833,3
158.01053403560238,43.653288828477145,43.32488441296309,3
158.0305353690246,44.389477649171624,45.21905690555916,3
158.05053670244683,47.15636305998828,47.24828229448742,3
158.07053803586905,50.77605735400966,50.35689057566661,3
158.0905393692913,52.49352072403324,51.82065714173307,3
158.1105407027135,56.34823237155638,54.426730870549704,3
158.13054203613575,57.66899805765331,56.9303395859805,3
158.15054336955797,59.24861153379754,58.54037672090144,3
158.17054470298018,61.82316714425808,60.47833880532972,3
158.19054603640242,64.24940550610958,63.527251953191154,3
158.21054736982464,65.2833611511573,64.45690653003876,3
158.23054870324688,68.94362383228622,65.09091318674606,3
158.2505500366691,69.35255070895155,68.23829597742493,3
158.27055137009134,70.8251152070574,67.95519985533062,3
158.29055270351355,74.40084074815677,70.14804556954584,3
158.3105540369358,73.57589719373628,72.17474927867337,3
158.330555370358,75.0103256419272,72.18253945773556,3
158.35055670378026,76.76977599004917,74.06586331176783,3
158.37055803720247,76.81359508457948,76.01382762583009,3
158.39055937062471,78.79608313644475,76.29519345684976,3
158.41056070404693,79.29267239765566,75.93186137094372,3
158.43056203746917,79.88419077146307,76.30617660995145,3
158.4505633708914,80.23572682798351,77.05641336928693,3
158.4705647043136,79.41146374182351,77.02758462953177,3
158.49056603773585,80.79843010973525,76.01638077714182,3
158.51056737115806,81.40791257290155,75.99732443068912,3
158.5305687045803,79.97048731204474,75.48334182831903,3
158.55057003800252,77.88701098157115,75.58304896662692,3
158.57057137142476,80.16259298637283,75.5886206162483,3
158.59057270484698,79.66754149149017,74.60389960941612,3
158.61057403826922,78.19948773089132,73.46936557970058,3
158.63057537169144,77.3680012958707,71.03096446574357,3
158.65057670511368,75.72721628474052,70.60445238525294,3
158.6705780385359,75.63164390563277,69.70875428947674,3
158.69057937195814,75.52982511096096,66.78864124567396,3
158.71058070538035,71.73096820247699,65.85007757737084,3
158.7305820388026,71.56063569267577,64.62141752057312,3
158.7505833722248,69.27097253020001,62.69308767022147,3
158.77058470564702,67.7805131950233,59.349007269121536,3
158.79058603906927,65.82846151825714,59.16397140248575,3
158.81058737249148,64.43696494702937,56.29740292717225,3
158.83058870591373,62.56026810332194,56.040191410339474,3
158.85059003933594,58.76889966032578,52.872785972951846,3
158.87059137275818,57.36849435465438,49.10386705965273,3
158.8905927061804,55.815672179641254,47.11573802397867,3
158.91059403960264,52.97903995630327,44.303334775584865,3
158.93059537302486,50.558145980648675,43.7923160642969,3
158.9505967064471,47.727563695582305,39.30939438214406,3
158.97059803986932,46.29940637610701,36.88315490968464,3
158.99059937329156,42.425940122879325,35.865492541316,3
159.01060070671377,41.01958141701218,31.494695974171787,3
159.03060204013602,37.848519986607876,29.99971613847643,3
159.05060337355823,36.315993597166965,26.27712670390643,3
159.07060470698045,34.76116793797674,26.235083100117894,3
159.0906060404027,31.48955915845974,22.24921016294867,3
159.1106073738249,28.089846948701418,20.079342517930787,3
159.13060870724715,25.87357091364196,17.967479201022915,3
159.15061004066936,24.75164545767332,16.559271687759907,3
159.1706113740916,21.009615997728282,13.977825271693323,3
159.19061270751382,18.73707909676348,12.548104901083477,3
159.21061404093606,18.60774493431001,11.643968045369675,3
159.23061537435828,15.426355381739524,8.363559402233355,3
159.25061670778052,14.438193516519467,6.470071359045785,3
159.27061804120274,13.015822901172623,5.250948444614314,3
159.29061937462498,12.710189531714098,2.9529056981558854,3
159.3106207080472,9.42569114166047,4.200956988830498,3
159.33062204146944,8.30462192103816,1.8589343626488741,3
159.35062337489165,6.599486881891836,1.7222138618070053,3
159.37062470831387,7.805877450147249,-0.13784445392583322,3
159.3906260417361,5.4203925317852395,0.7217480045377399,3
159.41062737515833,5.342501599119573,0.27338217836741263,3
159.43062870858057,4.719815353791668,-1.4619022256719427,3
159.45063004200279,4.5333090097516475,-3.581857938900004,3
159.47063137542503,2.978472885136645,-1.3068774282715154,3
159.49063270884724,1.8329691445929905,-1.9222999594002241,3
159.5106340422695,1.8935410094832696,0.6471813610068096,3
159.5306353756917,2.9094078118239155,-0.7493389665895234,3
159.55063670911395,2.913174194528759,1.0188738959902817,3
159.57063804253616,4.366580022874586,1.9645388306310603,3
159.5906393759584,5.199672906155971,1.1922782826247265,3
159.61064070938062,5.103490693170455,1.7097773124566844,3
159.63064204280286,5.515597092599568,4.548351219924063,3
159.65064337622508,7.080419722198394,4.0814514968999305,3
159.6706447096473,8.143182251938851,6.53180852973699,3
159.69064604306953,9.552957028420078,8.75077369759757,3
159.71064737649175,12.310001440492652,8.711407901087153,3
159.730648709914,11.823587598166897,11.05547658558667,3
159.7506500433362,16.283383226758247,12.540957792082697,3
159.77065137675845,16.07718709719432,14.59912559317665,3
159.79065271018067,17.85599640059278,17.74965966175534,3
159.8106540436029,19.307881509303808,19.701151935816753,3
159.83065537702512,22.473897086934564,20.919233212206695,3
159.85065671044737,24.45513964626018,23.835380014922958,3
159.87065804386958,26.546534141031607,28.29538341184347,3
159.89065937729183,27.307772078723303,28.841912700247647,3
159.91066071071404,31.38789931904216,30.82123117120954,3
159.93066204413628,34.90019442575477,32.37387282045855,3
159.9506633775585,35.664447976653584,35.489577608172475,3
159.9706647109807,37.305303572989935,39.00718164323866,3
159.99066604440296,42.20108752289077,38.95100209467929,3
160.01066737782517,43.440478833224816,44.01882235335675,3
160.03066871124742,45.77892717928574,44.984838650197965,3
160.05067004466963,46.94994036909654,48.26362094529036,3
160.07067137809187,49.99227610161888,51.07519753963171,3
160.0906727115141,52.935264201276745,52.82881734939072,3
160.11067404493633,56.121356142717666,54.66111140269595,3
160.13067537835855,56.97525729843471,55.93955128685047,3
160.1506767117808,60.52792908341334,59.75905305437885,3
160.170678045203,62.83547204943604,61.246945969974995,3
160.19067937862525,64.99410046849405,63.36266109999957,3
160.21068071204746,65.59778412077262,65.5986334162409,3
160.2306820454697,67.73318406092474,65.91520147785685,3
160.25068337889192,69.69345033190336,68.10959454347295,3
160.27068471231414,71.98699948933589,69.44516520099882,3
160.29068604573638,73.72881463633794,69.54843777809762,3
160.3106873791586,74.51398442193576,71.84857434730755,3
160.33068871258084,75.84865328580257,73.25733520577235,3
160.35069004600305,76.25650094727015,75.16569001680035,3
160.3706913794253,78.72429220661304,74.31797479764109,3
160.3906927128475,78.60161211809621,75.57696927129447,3
160.41069404626975,78.54402560625144,75.55345442007545,3
160.43069537969197,80.3422696288097,75.56069248232986,3
160.4506967131142,80.95744194412163,77.93347382769264,3
160.47069804653643,81.05567244640726,76.56950980415107,3
160.49069937995867,80.48527202401884,76.41133271894203,3
160.51070071338088,80.27128369141924,76.39335887039579,3
160.53070204680313,79.27515392810878,75.78236175161246,3
160.55070338022534,81.06970843812655,74.29498103277797,3
160.57070471364756,79.87789440026084,73.17162879774163,3
160.5907060470698,80.53987890118606,72.22389700716904,3
160.61070738049202,79.02090216738422,72.40809667700631,3
160.63070871391426,77.8145214757493,72.14949105102804,3
160.65071004733647,77.04256673703516,71.74731038547361,3
160.67071138075872,76.84110130253595,68.1524703581915,3
160.69071271418093,74.03357221968707,67.58009531152922,3
160.71071404760318,73.69645148297427,66.57263652080698,3
160.7307153810254,71.92923852132401,64.92773494546242,3
160.75071671444763,68.79838530418075,62.8174773205811,3
160.77071804786985,68.08129426034938,59.55131279763464,3
160.7907193812921,64.82223573316291,57.74860699326265,3
160.8107207147143,61.96133332508453,54.98360212413171,3
160.83072204813655,61.77850694970876,53.13159969578887,3
160.85072338155877,59.18615026877602,51.271070405370004,3
160.87072471498098,57.48952411774883,49.61269794240339,3
160.89072604840322,55.344219110984646,47.92670793507367,3
160.91072738182544,51.75464826947532,44.878163722786674,3
160.93072871524768,50.49154287034711,42.92457628322119,3
160.9507300486699,48.19629942722176,42.029391386473264,3
160.97073138209214,44.98476724003647,38.696582287923476,3
160.99073271551435,42.37787731154631,35.905728273791155,3
161.0107340489366,40.98670682321516,32.10527206614986,3
161.0307353823588,37.152247293223645,30.000983445854036,3
161.05073671578106,34.62117289280223,28.106284885016926,3
161.07073804920327,32.7684412337428,26.474147101338552,3
161.09073938262551,30.417461606945434,23.311829740923674,3
161.11074071604773,27.311402757116536,20.31104317456889,3
161.13074204946997,27.131970203395273,17.57351229762611,3
161.1507433828922,23.81461108111686,16.840589249220287,3
161.1707447163144,23.45318547042399,12.592390794822602,3
161.19074604973665,21.47568151752955,13.73543870535264,3
161.21074738315886,17.101712572314135,11.727129358459507,3
161.2307487165811,16.475556438433635,10.17075063125655,3
161.25075005000332,14.863224794597237,7.675999714044134,3
161.27075138342556,13.239188941797325,5.522095352470442,3
161.29075271684778,8.067923433852323,4.994488537675113,3
161.31075405027002,9.053443890853364,4.62505378579151,3
161.33075538369224,9.2082015536838,3.60633290554484,3
161.35075671711448,8.227381074309895,2.265925866695184,3
161.3707580505367,6.227099972588486,1.4945264178986775,3
161.39075938395894,6.741361157146585,-1.2340047993083398,3
161.41076071738115,4.689127738483107,0.2604407669053599,3
161.4307620508034,5.47132502972061,-0.6715939514032114,3
161.4507633842256,3.857183316109127,-1.8052163862547754,3
161.47076471764782,2.151825819874167,-1.665340674688811,3
161.49076605107007,3.879229620467896,-1.7413997748863017,3
161.51076738449228,4.23432809814497,-1.261798016040173,3
161.53076871791453,3.3062555301471486,-0.7912421242001665,3
161.55077005133674,3.796297203218952,-0.6825085623796316,3
161.57077138475898,4.481771106972634,1.0227711975590068,3
161.5907727181812,5.331177208700968,0.5515230717083155,3
161.61077405160344,5.461734960749498,1.6527874145624262,3
161.63077538502566,7.825310239832763,1.7422199275327257,3
161.6507767184479,6.733242853411127,5.562942266878671,3
161.67077805187012,9.280920849824293,6.112342541015944,3
161.69077938529236,10.248804401414407,7.290517821077756,3
161.71078071871457,11.494055099464,8.718025209702574,3
161.73078205213682,13.430310912116582,12.477346696663435,3
161.75078338555903,15.874517832588303,11.263320375000973,3
161.77078471898125,17.06023637714223,14.179705098509807,3
161.7907860524035,19.005953726402613,15.013968030775052,3
161.8107873858257,19.8265018549775,19.58156001049477,3
161.83078871924795,21.63133191629631,22.954019823104137,3
161.85079005267016,23.11703597536857,23.071978049974273,3
161.8707913860924,26.988232709041366,25.570044599582992,3
161.89079271951462,29.25323257363702,29.826723178406112,3
161.91079405293686,31.203365197432554,29.22684843973781,3
161.93079538635908,35.22494575914001,33.41206074321429,3
161.95079671978132,36.52607973085183,34.996344074530484,3
161.97079805320354,39.06434805849139,38.54751311459155,3
161.99079938662578,41.5277480649679,40.9288324309255,3
162.010800720048,44.50246490976276,42.69192411238597,3
162.03080205347024,46.643957436932446,43.61867852731245,3
162.05080338689245,49.36699572213369,46.61836131727995,3
162.07080472031467,49.53353839132241,50.46622780747238,3
162.0908060537369,53.30188945600962,51.9134735731418,3
162.11080738715913,55.36782303709717,55.43182049155397,3
162.13080872058137,57.10767527545202,57.661116066509415,3
162.15081005400359,60.021839739547495,60.27798433487977,3
162.17081138742583,61.733816997225574,61.05694216403532,3
162.19081272084804,62.8070276877309,63.54711520010007,3
162.2108140542703,66.12347504488014,64.5912609049188,3
162.2308153876925,67.15353816440103,66.37549485263885,3
162.25081672111475,70.72349488146864,67.70290587399136,3
162.27081805453696,71.3772882002976,69.68608485904299,3
162.2908193879592,71.3965385376106,71.97553205998422,3
162.31082072138142,75.31091536495299,71.82998121138033,3
162.33082205480366,76.53340661495271,74.6828326378426,3
162.35082338822588,76.76349374966927,75.22445413756228,3
162.3708247216481,79.27114494064789,74.07324412831548,3
162.39082605507033,78.06264933388555,74.71218670781187,3
162.41082738849255,79.04718201225785,76.2058309165646,3
162.4308287219148,80.10164548963903,78.03040623365958,3
162.450830055337,80.39836989168411,75.4800602770027,3
162.47083138875925,81.38034393304919,76.31936711326257,3
162.49083272218147,79.82768843999372,77.05755365888457,3
162.5108340556037,80.93436883253837,77.27319753852701,3
162.53083538902592,80.21602340794699,76.1953968386659,3
162.55083672244817,79.89243572827753,75.2609361742375,3
162.57083805587038,80.03306120421347,76.58129602004682,3
162.59083938929263,78.80555529496152,73.1919223105228,3
162.61084072271484,79.01349310914784,73.35945423569831,3
162.63084205613708,77.85298710516052,70.9048390235542,3
162.6508433895593,76.21798703531934,71.74022793785018,3
162.6708447229815,75.34838277296846,70.35191185833462,3
162.69084605640376,73.4807730444238,67.93044883325916,3
162.71084738982597,73.0698252479287,65.57339014972676,3
162.73084872324822,72.07151428678134,63.681313528446566,3
162.75085005667043,70.00634550578445,62.89005725505498,3
162.77085139009267,66.95768821832412,60.346948940846644,3
162.7908527235149,64.97257060701588,59.298308062755744,3
162.81085405693713,63.655804189007554,55.93831817471915,3
162.83085539035935,61.6555927891605,55.77365836678227,3
162.8508567237816,59.507123988583594,51.49401226111914,3
162.8708580572038,56.9773447146446,48.78065004388998,3
162.89085939062605,56.55397195048175,47.54331650975517,3
162.91086072404826,51.18302794069553,42.33493275611813,3
162.9308620574705,49.547146982295786,42.16362535797846,3
162.95086339089272,48.17565407684997,39.323848575973415,3
162.97086472431494,45.28599003079303,37.24722520965972,3
162.99086605773718,42.56483466498913,34.809381607388744,3
163.0108673911594,40.29772317710051,31.6842715368861,3
163.03086872458164,37.95993298956575,30.068450086046454,3
163.05087005800385,36.08519510990526,27.08454057427251,3
163.0708713914261,33.979768106961224,24.873469670151213,3
163.0908727248483,30.3128794477273,23.261507236455188,3
163.11087405827055,29.04540592501497,20.566497852930087,3
163.13087539169277,27.314760512131684,19.24639154249754,3
163.150876725115,23.932133267734788,16.36012754993671,3
163.17087805853723,21.023412196379024,15.600132230054797,3
163.19087939195947,19.128263671569304,12.942646980279122,3
163.21088072538168,17.04695761374129,11.60168589910748,3
163.23088205880393,16.59272192709046,9.823186881389427,3
163.25088339222614,14.467029435039837,8.100262749971055,3
163.27088472564836,13.558343436126375,5.612253348433545,3
163.2908860590706,10.832428027285712,5.490201808410042,3
163.31088739249282,9.352785303780918,4.508081453662412,3
163.33088872591506,8.288722759085541,0.09408638707623718,3
163.35089005933727,9.107037223849812,0.9315600172703647,3
163.37089139275952,4.479692508326065,0.13806844181068478,3
163.39089272618173,5.090283974943944,0.322191242482301,3
163.41089405960398,2.290025832018047,0.35738207957505197,3
163.4308953930262,3.2976368129118305,-1.3203208604512797,3
163.45089672644843,3.385073494452875,-1.7016666320209501,3
163.47089805987065,4.818473692722541,-2.3078349004993424,3
163.4908993932929,4.556760064334866,0.6190465627384261,3
163.5109007267151,2.311766780189735,-1.3293281088678677,3
163.53090206013735,4.008675306741681,-0.7102909168791232,3
163.55090339355957,2.2773224345943666,-1.1895861865721369,3
163.57090472698178,3.598797715272485,0.7310213350178876,3
163.59090606040402,5.353517711728965,1.7550484766185932,3
163.61090739382624,4.558092411100109,2.307054003893658,3
163.63090872724848,7.1842006574859365,4.437173368322149,3
163.6509100606707,8.063479325898394,5.562294235830963,3
163.67091139409294,7.95912376187478,7.330829688655844,3
163.69091272751515,9.33633159777682,7.847880549864668,3
163.7109140609374,11.254771329102951,10.24681675850518,3
163.7309153943596,12.378473691190242,10.856209957565046,3
163.75091672778186,14.782062235012075,12.555302131000126,3
163.77091806120407,15.614792720102638,15.128060734445077,3
163.79091939462631,18.665907169347825,16.978277261372895,3
163.81092072804853,19.43303275566516,21.21324409115565,3
163.83092206147077,22.69761142090466,20.967708070262653,3
163.850923394893,26.520309600173,24.058332110648518,3
163.8709247283152,26.75775523077792,25.80463299349138,3
163.89092606173745,28.978202019556335,29.808539538183403,3
163.91092739515966,30.16561953814461,29.98797987937915,3
163.9309287285819,34.383236411968724,33.35082115649738,3
163.95093006200412,37.08547446075221,35.57449349249662,3
163.97093139542636,37.49784451649515,38.69030831268718,3
163.99093272884858,40.59368754468204,40.89743698102177,3
164.01093406227082,43.69283619073345,41.69314026051872,3
164.03093539569304,45.78940396624248,45.65650850783033,3
164.05093672911528,47.794392703780105,47.83063703902501,3
164.0709380625375,50.443616173501155,50.919108759427225,3
164.09093939595974,53.32690718349037,51.823062309565806,3
164.11094072938195,54.854550205403235,55.06383753863392,3
164.1309420628042,57.60425889438431,57.35550095914205,3
164.1509433962264,59.77164761932638,57.92702995039626,3
164.17094472964862,61.96503346539836,60.63863312299347,3
164.19094606307087,63.452827494402015,64.1796191675441,3
164.21094739649308,66.76950393605756,64.38988459728272,3
164.23094872991533,67.11111385440472,65.4703017235841,3
164.25095006333754,69.49072017918624,69.56752700971023,3
164.27095139675978,70.93490915499113,70.5992483240948,3
164.290952730182,72.7069491452089,71.0515061684562,3
164.31095406360424,74.25139487520917,73.2555463204305,3
164.33095539702646,75.6378777096611,74.8153106233903,3
164.3509567304487,75.83241461323396,74.08117778713249,3
164.37095806387092,76.42544300961289,74.13258183453128,3
164.39095939729316,78.87621491991304,73.18526961115911,3
164.41096073071537,78.85427088479572,76.91773859059154,3
164.43096206413762,79.66885509755662,76.28972516920587,3
164.45096339755983,79.5527198392276,77.34210871811675,3
164.47096473098205,80.90538465706815,76.7923365835134,3
164.4909660644043,80.84204984306888,76.68450135951286,3
164.5109673978265,79.49430696109218,77.0452087861549,3
164.53096873124875,79.39937069805316,76.08227348670187,3
164.55097006467096,79.71611099596808,75.40204049533784,3
164.5709713980932,80.74105726796401,74.53298193153678,3
164.59097273151542,79.02829449390215,74.83547406247982,3
164.61097406493766,79.02693050640113,73.72860423570154,3
164.63097539835988,78.09346969484704,72.87824093072301,3
164.65097673178212,77.57249096586703,70.5914850892016,3
164.67097806520434,76.15235807822604,69.56294960755122,3
164.69097939862658,74.96470380675605,67.64831519462112,3
164.7109807320488,72.34721783392101,65.76573764838359,3
164.73098206547104,71.1837309272376,64.51392680433504,3
164.75098339889325,69.47261597139811,63.199406359102255,3
164.77098473231547,66.8559775908431,58.938916799018884,3
164.7909860657377,67.2561533903283,58.52913115493315,3
164.81098739915993,64.1079757739089,56.20308408864213,3
164.83098873258217,62.393392367533636,55.50200371901111,3
164.85099006600439,59.87970440882367,51.129344283965565,3
164.87099139942663,56.81556260296274,49.6444015014561,3
164.89099273284884,54.58184979997341,47.03211506250239,3
164.9109940662711,51.61288785407083,45.30157260975212,3
164.9309953996933,50.28393837013679,41.50070108658512,3
164.95099673311555,49.52478109234378,39.53814043742311,3
164.97099806653776,45.72414305584084,38.00704248665086,3
164.99099939996,42.092035676177716,35.388354492973576,3
165.01100073338222,40.31812967010967,32.94035131488368,3
165.03100206680446,37.69086600664999,30.254611056792594,3
165.05100340022668,36.17862057932918,27.530835118289716,3
165.0710047336489,33.779301838325885,24.06920015020898,3
165.09100606707113,30.022243580341645,22.51713553143924,3
165.11100740049335,29.62411568237584,19.83923498508416,3
165.1310087339156,26.033955150481486,18.5648325678291,3
165.1510100673378,24.49966498070942,15.063995922940613,3
165.17101140076005,21.499283356443453,14.121426900930675,3
165.19101273418227,20.724783812706633,13.810033864044506,3
165.2110140676045,17.286898656807246,10.675620877875708,3
165.23101540102672,16.573921342392133,8.936838552069428,3
165.25101673444897,13.451980350654319,7.491575726280419,3
165.27101806787118,12.407266876833141,6.1360456643492345,3
165.29101940129343,10.516086370975515,5.0347395440178495,3
165.31102073471564,9.635562551080765,3.7865086210471746,3
165.33102206813788,8.220529616801945,4.141596721045607,3
165.3510234015601,6.290816735406219,0.6011448074836858,3
165.3710247349823,6.139651277785265,0.9495127851150664,3
165.39102606840456,5.790081730737734,-0.45111885037532745,3
165.41102740182677,5.524231144826076,0.17372308025869276,3
165.43102873524901,4.799056699903586,-0.5350823702823142,3
165.45103006867123,3.325864691508229,-2.921890870770522,3
165.47103140209347,3.520998084855657,-2.549342899750253,3
165.4910327355157,4.226811820071233,-1.9179449534657484,3
165.51103406893793,3.611336158071804,0.39667242886122533,3
165.53103540236015,2.1074290622946483,-0.31406539813474577,3
165.5510367357824,3.765675288442941,-0.11129257646572271,3
165.5710380692046,4.1694948786909185,0.8959463973548106,3
165.59103940262685,5.054301432483159,1.0714550397628058,3
165.61104073604906,4.986998904789884,2.600854203460911,3
165.6310420694713,6.445087899638158,4.732662207633019,3
165.65104340289352,9.071080498320375,5.146691127656882,3
165.67104473631574,9.245892476003613,8.29296236592557,3
165.69104606973798,9.324033381880657,7.954659167896592,3
165.7110474031602,12.51689201378458,9.897670789398692,3
165.73104873658244,11.832627212317476,11.133832403301435,3
165.75105007000465,14.484501621597968,15.87732756507405,3
165.7710514034269,16.974603472196293,15.618088101053095,3
165.7910527368491,17.94296714275579,17.287020176560198,3
165.81105407027135,19.137058315869496,19.533585862481157,3
165.83105540369357,21.623354938079633,22.49467152699838,3
165.8510567371158,24.07525320934204,24.236996835803485,3
165.87105807053803,28.07652325873583,26.28025381348428,3
165.89105940396027,28.280298428703713,28.479292883566565,3
165.91106073738248,31.591705404049375,31.144150611512238,3
165.93106207080473,34.776069377039306,33.486245351145186,3
165.95106340422694,36.25653549379523,36.36861410598364,3
165.97106473764916,39.66395727564208,39.31557638495547,3
165.9910660710714,41.000027680414256,40.555430508822305,3
166.01106740449362,42.76548636906891,43.87649127707606,3
166.03106873791586,45.24306418172977,46.277326190228145,3
166.05107007133807,49.51505254356397,47.18974197764582,3
166.07107140476032,49.58383902452346,50.54022183761678,3
166.09107273818253,51.970653931949975,53.21691223345286,3
166.11107407160478,55.31621164450111,55.05690920563086,3
166.131075405027,56.52201797142954,56.69779571737734,3
166.15107673844923,59.20844741401646,59.47627860039072,3
166.17107807187145,62.524215950155316,60.09390903814699,3
166.1910794052937,64.46902814465504,62.64626747520547,3
166.2110807387159,66.341419070101,62.09239371498019,3
166.23108207213815,67.38745992588886,65.92052966981107,3
166.25108340556037,69.31972987151019,67.54093433641519,3
166.27108473898258,70.81383889718664,68.13281834473338,3
166.29108607240482,73.96819316708596,71.13454943120422,3
166.31108740582704,73.6236970364584,72.77543626632414,3
166.33108873924928,76.50715981582393,73.87602151850835,3
166.3510900726715,77.16748004869869,73.46392455728024,3
166.37109140609374,76.93350492554278,75.51810095470388,3
166.39109273951595,79.20066099101894,76.00866859769005,3
166.4110940729382,80.0684328217779,76.45864951703135,3
166.4310954063604,80.07234076313924,75.34693789417446,3
166.45109673978266,80.23801196738602,75.78262925078081,3
166.47109807320487,80.66259680730145,77.10302720523698,3
166.49109940662711,80.5307424534863,75.79738359192675,3
166.51110074004933,82.19981730135311,75.75938193056507,3
166.53110207347157,80.65055810285256,76.69784050430849,3
166.5511034068938,80.72499668604209,75.80094379329346,3
166.571104740316,81.10183001409793,74.40734981247857,3
166.59110607373825,80.42508250656792,73.76508054797684,3
166.61110740716046,79.36469774612877,72.77914410430502,3
166.6311087405827,79.40155077689346,71.9356604525974,3
166.65111007400492,77.42704124077741,69.57389829115228,3
166.67111140742716,76.98540222344467,69.28175394906917,3
166.69111274084938,75.94711320144033,67.63372628407268,3
166.71111407427162,74.09858864150443,66.09351365566603,3
166.73111540769384,71.11404432202282,64.2539810877704,3
166.75111674111608,69.90700717741889,61.8860519272573,3
166.7711180745383,68.06150484624969,61.203161368141835,3
166.79111940796054,66.19441766237215,59.46669207412724,3
166.81112074138275,63.76067279394291,57.57441317431334,3
166.831122074805,62.02929642075956,52.98636254393844,3
166.8511234082272,59.31598739103883,51.39478591066201,3
166.87112474164942,56.98917303400916,49.439869173956744,3
166.89112607507167,53.67659120039949,49.13514261176258,3
166.91112740849388,51.46729951189457,43.85734655919861,3
166.93112874191613,49.99290727991668,43.570183259758544,3
166.95113007533834,48.80653222760698,39.23011686389353,3
166.97113140876058,45.93822207447976,36.76097609567187,3
166.9911327421828,43.30185688685888,33.81275419535142,3
167.01113407560504,41.3943259819629,30.701969074141672,3
167.03113540902726,38.45716214397444,31.26614351081148,3
167.0511367424495,35.98450460096554,27.096827974773834,3
167.07113807587172,32.78444835693173,25.99760121465245,3
167.09113940929396,30.245025040929356,24.42938458058049,3
167.11114074271617,30.025015187479468,20.659278787394133,3
167.13114207613842,26.104228274046402,17.553007218374777,3
167.15114340956063,25.156625049900644,17.644930396869466,3
167.17114474298285,21.096524994813052,15.432040388151481,3
167.1911460764051,20.490490391650503,12.995461394359074,3
167.2111474098273,16.190713436402074,10.59796820237018,3
167.23114874324955,16.20351169261951,8.125024455836067,3
167.25115007667176,15.211422759056196,8.43860346947273,3
167.271151410094,13.242879422672214,6.1100746912703086,3
167.29115274351622,12.25007709677964,5.730382242342255,3
167.31115407693846,9.357585454134597,3.3066286950860873,3
167.33115541036068,7.4057254224841405,3.154704101914729,3
167.35115674378292,7.209584853493717,1.4643589613880128,3
167.37115807720514,5.9875523611334645,0.5699283363272728,3
167.39115941062738,5.706447720442331,-0.8329600566611034,3
167.4111607440496,5.594286255005565,-0.4136524176697488,3
167.43116207747184,4.48082379987516,-0.5684009236448391,3
167.45116341089405,2.954661813723491,-0.9497773932376302,3
167.47116474431627,3.5496363743094466,-1.6291348438534947,3
167.4911660777385,1.7350475921358013,-1.8334041687646825,3
167.51116741116073,3.0441562751451436,-0.21888753461288257,3
167.53116874458297,4.645823014438439,-1.7629907940696448,3
167.55117007800519,3.908258182982921,0.12741775725716076,3
167.57117141142743,5.880464924632481,0.3303957067357105,3
167.59117274484964,5.189586815106548,1.742579849839351,3
167.6111740782719,4.893728775639777,1.5034941198851193,3
167.6311754116941,5.847516043251917,3.911931169447268,3
167.65117674511635,6.268325764238542,5.602378935443284,3
167.67117807853856,9.577307204340633,6.272814500673457,3
167.6911794119608,9.760699077339673,8.078251973734195,3
167.71118074538302,10.323557236906135,8.356190988632383,3
167.73118207880526,14.602424240875369,9.919750682003372,3
167.75118341222748,14.375954037256596,13.628934428827147,3
167.7711847456497,15.901850304153909,14.765737280459318,3
167.79118607907193,17.468925969939548,17.688417936798587,3
167.81118741249415,20.42996802345347,18.842789562558583,3
167.8311887459164,22.80089442818595,21.06395731816411,3
167.8511900793386,25.24158415281278,23.48816546252906,3
167.87119141276085,25.65318950327149,25.963596242852272,3
167.89119274618307,28.08025658255088,28.301931809434112,3
167.9111940796053,32.173105905404405,30.367679692630517,3
167.93119541302752,33.28391180272131,32.790682151729186,3
167.95119674644977,35.40129164165792,36.03047395165345,3
167.97119807987198,39.22555901930017,38.10980482934645,3
167.99119941329423,42.01159873404795,39.575735390885995,3
168.01120074671644,43.02123560065032,42.977631180259586,3
168.03120208013868,46.30771432751189,44.60460365554572,3
168.0512034135609,49.032561860816045,47.856961030551105,3
168.0712047469831,49.12002904004958,50.346211562204836,3
168.09120608040536,51.33511166285521,52.66384435128747,3
168.11120741382757,55.456318879633706,54.419228527929114,3
168.13120874724981,57.37919377072863,57.17413320424498,3
168.15121008067203,59.86783957262592,58.51208136367494,3
168.17121141409427,61.07401831557827,60.44739327028799,3
168.1912127475165,64.31205707346173,62.02442390233977,3
168.21121408093873,64.7425721617219,65.29277633378256,3
168.23121541436095,68.19489333289646,64.60013477273942,3
168.2512167477832,68.87144647218162,69.22213892264257,3
168.2712180812054,73.01522937813809,70.81866763824642,3
168.29121941462765,73.70600202302639,69.77539019953008,3
168.31122074804986,73.34507644998003,72.1760458891018,3
168.3312220814721,75.48446127462289,73.17482092976061,3
168.35122341489432,75.86202165398352,74.20884981009834,3
168.37122474831654,79.13451826314248,75.89964316378013,3
168.39122608173878,79.84701836449871,75.23310022912624,3
168.411227415161,79.73870893807538,76.23231724991598,3
168.43122874858324,79.49220623303486,75.08568202348789,3
168.45123008200545,81.05227716657451,76.96104503358656,3
168.4712314154277,80.14900351955062,78.32059375192297,3
168.4912327488499,80.50866620382816,76.73158870899593,3
168.51123408227215,81.19035546515988,75.58186656317376,3
168.53123541569437,81.35762638451726,75.9750502223378,3
168.5512367491166,79.8451769841346,74.66551436465993,3
168.57123808253883,79.63844659497704,74.325659646695,3
168.59123941596107,80.7186456444134,72.37994831077287,3
168.61124074938328,79.69638393083656,73.07474579982957,3
168.63124208280553,77.73279167903961,71.14038166869318,3
168.65124341622774,75.54163935796318,71.5639297330892,3
168.67124474964996,75.68580238937214,69.14592402714206,3
168.6912460830722,74.34365604668827,67.43861762416499,3
168.71124741649442,71.66026276292573,66.22379281506898,3
168.73124874991666,69.70923284589355,64.51413945836435,3
168.75125008333887,71.31205204221457,62.246594186643975,3
168.77125141676112,66.90453282438479,61.31151377234606,3
168.79125275018333,65.9615117723182,57.77681042422383,3
168.81125408360558,63.89508713027693,56.110138297340896,3
168.8312554170278,62.509243009974675,54.64056934116209,3
168.85125675045003,59.97518461246837,51.800674653629734,3
168.87125808387225,56.85902278498091,49.69244965401683,3
168.8912594172945,54.33673902653881,46.3065999251749,3
168.9112607507167,51.67115906786049,43.654830817774375,3
168.93126208413895,50.77969875040077,42.177405895628695,3
168.95126341756117,48.17957333614817,39.86640622122533,3
168.97126475098338,46.31983121657007,37.50760749058512,3
168.99126608440562,44.04294554710144,34.54913637184517,3
169.01126741782784,41.37775811170551,32.29431310849613,3
169.03126875125008,36.46034232401372,30.84499381143891,3
169.0512700846723,36.10519112359657,28.71433649913528,3
169.07127141809454,33.70343181445367,26.653911307202428,3
169.09127275151675,30.67768257138264,22.47795282030552,3
169.111274084939,28.583494698395718,21.079290416717644,3
169.1312754183612,25.583174418664207,19.942037643226374,3
169.15127675178346,24.22625046219717,16.51473192795196,3
169.17127808520567,22.128248247297275,12.86156889658475,3
169.19127941862791,19.958892535836902,12.537198311186097,3
169.21128075205013,18.782133114723283,9.23024859581906,3
169.23128208547237,15.898078321555953,8.887791550185389,3
169.2512834188946,13.071983896082855,7.676684861445484,3
169.2712847523168,13.267601068029574,4.972252745396048,3
169.29128608573905,11.51583785814143,4.928414577213889,3
169.31128741916126,9.804256764668548,4.883831224522092,3
169.3312887525835,8.312868968230037,2.670581482116322,3
169.35129008600572,7.935155008231565,2.3903325595906795,3
169.37129141942796,5.705096130301755,1.0114598325717217,3
169.39129275285018,4.393235434031735,-0.17084007849532226,3
169.41129408627242,3.989016940660196,0.07526798473732388,3
169.43129541969464,4.394196423668311,0.35735182271673227,3
169.45129675311688,4.7425100320510225,-1.0255936656267108,3
169.4712980865391,2.331844207815058,-2.6229503306572903,3
169.49129941996134,2.8668433089349925,-1.5916901448771361,3
169.51130075338355,3.3263133748105953,-1.1557392140656606,3
169.5313020868058,5.221001429012995,1.115226943860289,3
169.551303420228,2.8638640249838074,0.59388697108614,3
169.57130475365022,4.067407246430308,1.4707863392113576,3
169.59130608707247,4.445374522516194,2.6136155838987714,3
169.61130742049468,5.375518912898512,2.849037971500918,3
169.63130875391693,6.3138912565915275,3.152670992579494,3
169.65131008733914,8.028689216427702,5.8000857020197065,3
169.67131142076138,7.147896302236761,6.102808596826843,3
169.6913127541836,9.930324458236004,7.857168755578885,3
169.71131408760584,11.261476382386908,9.780936490820661,3
169.73131542102806,11.661046470936688,10.093771478234025,3
169.7513167544503,15.34738246843207,12.971834521080709,3
169.77131808787252,14.974217120680335,15.294109975323373,3
169.79131942129476,18.358405873828012,17.784904448122614,3
169.81132075471697,20.182328580959748,17.870364833878867,3
169.83132208813922,21.234377390743884,19.87275253781324,3
169.85132342156143,25.208385350618634,23.143881211331983,3
169.87132475498365,26.92726711384581,26.09007358328891,3
169.8913260884059,28.481475970429944,31.039769332915643,3
169.9113274218281,31.46495704222349,31.224989169447046,3
169.93132875525035,33.12045678984105,33.7440364163093,3
169.95133008867256,36.78004005550864,36.22323314758164,3
169.9713314220948,37.7390419088736,38.56250549076175,3
169.99133275551702,40.674316944046666,42.28814775458284,3
170.01133408893926,42.87900935450422,42.75744173960587,3
170.03133542236148,46.66688855372546,46.92780119389913,3
170.05133675578372,48.603225381014916,50.21502670438982,3
170.07133808920594,51.917284824823724,50.38409549553638,3
170.09133942262818,52.32183679136005,52.54061590418935,3
170.1113407560504,54.695878831335484,56.28716634716328,3
170.13134208947264,58.35696727115661,56.39045550404968,3
170.15134342289485,59.3719659309933,59.06534211148198,3
170.17134475631707,61.84113118653014,61.343321454541716,3
170.1913460897393,63.21752180256406,62.962624068882974,3
170.21134742316153,66.43088561213219,65.63192005978013,3
170.23134875658377,67.55262461104088,66.29193036867593,3
170.25135009000599,70.60662461718024,67.58648741676625,3
170.27135142342823,71.67829315435439,67.97267746229758,3
170.29135275685044,74.11340316707471,69.80077840846238,3
170.3113540902727,75.08088254664655,71.46299547729089,3
170.3313554236949,76.03814528882474,74.16509588609217,3
170.35135675711714,77.17524274952856,73.44777436622687,3
170.37135809053936,77.52209098755137,74.7823865150279,3
170.3913594239616,78.82391670201443,74.34213993268615,3
170.41136075738382,78.91758644323743,75.0152612263536,3
170.43136209080606,78.84957558754847,76.3738639326432,3
170.45136342422828,80.37236714553045,77.36271654324646,3
170.4713647576505,81.08216080352345,75.50980801538722,3
170.49136609107273,80.27369012411948,76.58865360594739,3
170.51136742449495,80.52770232135298,76.1654881960361,3
170.5313687579172,80.59723644737737,76.36345160912076,3
170.5513700913394,80.89592907891544,77.02525706003317,3
170.57137142476165,80.3337787271414,73.92418457191677,3
170.59137275818387,79.54517092498853,73.88153841854441,3
170.6113740916061,78.06497051601323,73.76870491751802,3
170.63137542502832,78.05187454241918,72.26744008089463,3
170.65137675845057,76.5003298801251,69.64724832837167,3
170.67137809187278,75.51676014762022,70.34133413551021,3
170.69137942529503,74.19593513667871,67.41244806843642,3
170.71138075871724,72.61887896881088,65.63073633719893,3
170.73138209213948,71.69998386374914,64.6323778387854,3
170.7513834255617,68.52162159598741,61.95388496417683,3
170.7713847589839,67.21381646915734,61.96131218807437,3
170.79138609240616,65.06930597787735,59.23066927251765,3
170.81138742582837,64.0774166767866,56.232085811472665,3
170.83138875925061,62.56218407072616,52.82220370407056,3
170.85139009267283,59.79326878469396,52.36226088348021,3
170.87139142609507,58.16491139391022,49.18410893843599,3
170.8913927595173,54.775459825830985,45.39180960839208,3
170.91139409293953,51.37577783309707,45.21313281483617,3
170.93139542636175,52.00680127081405,42.39495750483197,3
170.951396759784,48.355866149854606,39.72758004429005,3
170.9713980932062,45.56801916566078,37.38932870249593,3
170.99139942662845,42.14211367128132,34.0831921689303,3
171.01140076005066,40.75334980074249,32.13730509458475,3
171.0314020934729,37.787150156989725,30.719539035866383,3
171.05140342689512,37.32915607580074,26.48597100539415,3
171.07140476031734,32.19872513300336,24.917633006969183,3
171.09140609373958,29.926958771679775,22.295035320835463,3
171.1114074271618,29.450294468178047,19.786061094835095,3
171.13140876058404,26.236171565645577,18.95446033016176,3
171.15141009400625,25.403015774765045,17.73124832489883,3
171.1714114274285,21.876697850176864,14.884826219416013,3
171.1914127608507,20.998140853202226,10.693761812708951,3
171.21141409427295,17.458320311019165,11.586882531830952,3
171.23141542769517,15.245775846615947,9.059617007690985,3
171.2514167611174,14.52733040357873,7.1971768925544195,3
171.27141809453963,11.926000910187279,5.566333796671732,3
171.29141942796187,10.525646827343527,4.283973092216869,3
171.31142076138408,9.868202838493245,3.8368195344126166,3
171.33142209480633,7.651235861845435,0.41751882504224214,3
171.35142342822854,6.581032148680146,1.6152201400075425,3
171.37142476165076,7.554293547765262,1.8194808479297397,3
171.391426095073,5.8524239852216695,0.5823940784076379,3
171.41142742849522,3.788059970046169,-1.2695277371603928,3
171.43142876191746,3.534560840835315,-0.8421982096507251,3
171.45143009533967,2.8001595533475316,-1.1422606670452264,3
171.47143142876192,2.0114267851526124,-0.02393841188403245,3
171.49143276218413,3.4474756877959667,-2.0434692077149736,3
171.51143409560638,3.450560438583212,-1.6958018969678488,3
171.5314354290286,3.5565381609083317,-2.9371072370184312,3
171.55143676245083,4.664896023109422,-0.8270133009087726,3
171.57143809587305,3.852555753818733,1.3407412092958355,3
171.5914394292953,3.6162368700760115,1.313574913094226,3
171.6114407627175,5.0614428925300015,1.9336234839594655,3
171.63144209613975,5.548370664821723,4.185662280792911,3
171.65144342956197,7.350515657578865,5.362618600899353,3
171.67144476298418,8.81158027281943,6.67411271894253,3
171.69144609640642,10.894461611939626,8.567067901904181,3
171.71144742982864,10.691490689435106,9.608700990079251,3
171.73144876325088,12.514588041100502,12.768580029555084,3
171.7514500966731,14.55339843449536,12.542723573186805,3
171.77145143009534,17.71185384337718,14.61609449989129,3
171.79145276351755,19.07629495880785,16.973064601125106,3
171.8114540969398,20.722261330509394,20.62566633521341,3
171.831455430362,23.6702580120327,22.59937253539896,3
171.85145676378426,23.906696192431255,24.142250898049525,3
171.87145809720647,28.2082988801757,25.803140802135562,3
171.89145943062871,30.376128977249117,30.175869250979133,3
171.91146076405093,31.686986481308267,30.48891097803831,3
171.93146209747317,33.3876316365187,34.389335639003235,3
171.9514634308954,35.34550627017394,37.264329863400654,3
171.9714647643176,37.7068712896799,38.37097796148197,3
171.99146609773985,39.47643714366714,41.44671153517532,3
172.01146743116206,42.11099450410778,43.76255961180856,3
172.0314687645843,44.736201874764035,45.60919263017142,3
172.05147009800652,47.331724445322436,48.10665796523963,3
172.07147143142876,51.313315342295915,49.38964225042741,3
172.09147276485098,53.73488021439486,52.20141513483169,3
172.11147409827322,56.95882643284198,55.62440595711047,3
172.13147543169543,56.51750977052722,56.779806541921566,3
172.15147676511768,59.05466422027154,58.82168781958305,3
172.1714780985399,61.60242710757929,60.75819436601522,3
172.19147943196214,64.33792710358473,63.63185577962695,3
172.21148076538435,66.18723507124027,65.9068965369119,3
172.2314820988066,67.40371664137635,66.40655292924326,3
172.2514834322288,69.53616111784935,67.92043115016111,3
172.27148476565102,70.92595462890657,70.32588599899744,3
172.29148609907327,72.94260883487544,71.3726412242585,3
172.31148743249548,74.77984606073323,72.82408242527553,3
172.33148876591773,75.93932291964528,71.6615428910265,3
172.35149009933994,75.32147299657221,74.11667573107451,3
172.37149143276218,76.63297098036158,72.25546887820529,3
172.3914927661844,80.3867114189031,74.15417081073926,3
172.41149409960664,78.66865690333687,75.30387199650853,3
172.43149543302886,81.48905608523077,76.5279976497936,3
172.4514967664511,81.5120802299607,77.53235737808666,3
172.47149809987332,81.47076053428896,76.66111571461957,3
172.49149943329556,80.86267989080788,75.15566775800335,3
172.51150076671777,81.66604892291697,77.40567057899499,3
172.53150210014002,79.93366998807466,75.89361136208676,3
172.55150343356223,81.54870806101822,76.04646019309327,3
172.57150476698445,80.0883664201304,74.7921001245726,3
172.5915061004067,81.41147851240628,75.1234628857499,3
172.6115074338289,78.3525792952925,72.75867400256207,3
172.63150876725115,77.68075921378801,73.51761503898462,3
172.65151010067336,78.16987412638852,70.77913832877096,3
172.6715114340956,74.46594348991455,69.62421346024884,3
172.69151276751782,73.59138205196422,66.73379722027026,3
172.71151410094006,72.98660005242003,66.44585490058552,3
172.73151543436228,71.51174239033229,63.17751248252209,3
172.75151676778452,68.9007402599282,63.15371786681347,3
172.77151810120674,66.40605434613366,60.03328664174678,3
172.79151943462898,64.50310085647517,59.15689376839308,3
172.8115207680512,64.3529492416436,57.848098334990055,3
172.83152210147344,59.96011777660145,53.54025859946836,3
172.85152343489565,58.76193381344086,51.61237806530954,3
172.87152476831787,57.432096424890865,47.657484962196776,3
172.8915261017401,54.157397938817994,48.00063147613825,3
172.91152743516233,52.19075155805263,44.63009506904532,3
172.93152876858457,50.550710709891526,43.18705345449336,3
172.95153010200679,48.44910718466143,39.72198253857053,3
172.97153143542903,45.91104987615208,36.92030993527135,3
172.99153276885124,43.414327351288705,35.17878851591762,3
173.0115341022735,41.71297091841792,33.42846479267275,3
173.0315354356957,38.77733349784799,30.642876828724564,3
173.05153676911794,35.25268656497038,27.959366724790733,3
173.07153810254016,33.47771577754168,25.90895665998833,3
173.0915394359624,29.959196669752703,23.209768195641054,3
173.11154076938462,28.111482620417096,22.005036272293466,3
173.13154210280686,27.496011597187426,18.098634592325087,3
173.15154343622908,25.031942987929,15.679987771270158,3
173.1715447696513,22.357348876125197,14.452822390051583,3
173.19154610307353,20.983693015903448,12.646012222929865,3
173.21154743649575,17.3791549050095,10.698347735177489,3
173.231548769918,16.0087525805442,9.369381797507993,3
173.2515501033402,13.624550572428943,7.25844681811342,3
173.27155143676245,12.793675098169514,6.284162298350689,3
173.29155277018467,10.63715705669966,4.536002083727976,3
173.3115541036069,8.388697321320436,2.8304334953619876,3
173.33155543702912,9.212255038969971,3.2154616121018704,3
173.35155677045137,6.228356967626231,0.5817144181723006,3
173.37155810387358,5.565934777303662,0.9774238592207258,3
173.39155943729583,5.985924494839939,-0.472932723082947,3
173.41156077071804,4.377680006493294,-1.1063337628248466,3
173.43156210414028,3.8607444252797913,-0.5452197579688811,3
173.4515634375625,3.764608942106023,-2.091724107527284,3
173.4715647709847,3.8640544701014483,-2.7369287247098226,3
173.49156610440696,2.880533081706751,-0.2791236948810858,3
173.51156743782917,3.1599195368416404,-0.22712983075066728,3
173.53156877125141,2.9394393913396453,-1.0115793174927328,3
173.55157010467363,5.130716603471052,0.6420591698683363,3
173.57157143809587,4.2349302257911345,0.3061262561974384,3
173.5915727715181,4.241484919104781,2.0583368137709748,3
173.61157410494033,5.370999478792589,3.007311583140445,3
173.63157543836255,8.146603212229401,4.18633667328006,3
173.6515767717848,6.698847640916632,5.8040973507446,3
173.671578105207,8.373736816910268,5.610839551222018,3
173.69157943862925,10.312394186159926,8.366752802137695,3
173.71158077205146,11.118138521771966,9.865428078746177,3
173.7315821054737,12.482060888948059,11.533093319840964,3
173.75158343889592,15.910484212475241,13.638562944784438,3
173.77158477231814,16.69918403775951,14.930538656639515,3
173.79158610574038,17.62609753206941,18.01479108607375,3
173.8115874391626,19.865889786342144,18.520030728013833,3
173.83158877258484,22.16605375139203,22.175356030545043,3
173.85159010600705,24.29311858836757,24.718574712983415,3
173.8715914394293,26.475570666402945,27.01421469498362,3
173.8915927728515,28.379539409423785,27.235018560713858,3
173.91159410627375,29.487598270176058,31.975310406664054,3
173.93159543969597,33.90286302518643,33.437971627871086,3
173.9515967731182,36.98421866426228,36.004023918255264,3
173.97159810654043,39.85449380909104,37.491863223558234,3
173.99159943996267,39.231548711909504,40.97660184615528,3
174.01160077338488,42.8398829825774,42.866072991044355,3
174.03160210680713,45.4425998598815,46.45640424287639,3
174.05160344022934,47.94559001032881,47.694602667217865,3
174.07160477365156,52.41841525218701,49.910699251377245,3
174.0916061070738,52.66044201363175,52.20203874403629,3
174.11160744049602,55.51073074381671,54.247503104145345,3
174.13160877391826,57.386839724367654,56.770727997991536,3
174.15161010734047,59.49827461222792,58.051007671434725,3
174.17161144076272,61.135240971068704,60.63461535231975,3
174.19161277418493,65.29604792425668,62.2368133907266,3
174.21161410760718,65.59530395874016,64.3989002726688,3
174.2316154410294,68.54957865941694,66.2934450505365,3
174.25161677445163,69.86691974878964,68.71186400245885,3
174.27161810787385,71.00599521841222,68.32950475504296,3
174.2916194412961,72.53459715680789,71.090813903263,3
174.3116207747183,74.93991512409474,71.13485727264799,3
174.33162210814055,75.38885496985735,73.27573915464829,3
174.35162344156277,76.7285442495143,74.41260569480063,3
174.37162477498498,77.90340390943173,75.91027864891704,3
174.39162610840722,79.38597817866534,75.27609641647994,3
174.41162744182944,78.9896827037031,75.95934719427034,3
174.43162877525168,79.65960062566691,75.81032135016729,3
174.4516301086739,79.86553231411364,76.91013475484006,3
174.47163144209614,82.81171477419383,77.13308333335168,3
174.49163277551835,79.97571848489244,75.89519113009008,3
174.5116341089406,80.90895159472134,77.1427039352777,3
174.5316354423628,78.99144255333438,74.89231652365646,3
174.55163677578506,80.6460939213751,75.95790827189686,3
174.57163810920727,78.94833618985838,75.45558104816683,3
174.5916394426295,79.14700831843264,73.42204842738825,3
174.61164077605173,79.65997930850703,71.35135869091886,3
174.63164210947397,78.18873292766976,71.68257163298114,3
174.6516434428962,77.24693332481127,69.98393337712152,3
174.6716447763184,75.1669507270932,66.8469634210449,3
174.69164610974065,75.25873951803023,68.4521794619476,3
174.71164744316286,72.34190108644428,67.84612362209548,3
174.7316487765851,70.6117705277963,64.29414899532962,3
174.75165011000732,68.7655106266505,61.549059939288114,3
174.77165144342956,67.34123461962035,61.275143649606484,3
174.79165277685178,66.62851175449761,57.724482390044805,3
174.81165411027402,64.07806439463515,55.919469085100886,3
174.83165544369623,60.33379093208728,53.23633153636404,3
174.85165677711848,58.998661080080545,51.13408343299231,3
174.8716581105407,58.175826598612176,50.44068113938115,3
174.89165944396294,55.01733273792746,46.17140257758977,3
174.91166077738515,52.428399677553884,44.45884711181733,3
174.9316621108074,51.662312221157705,41.16154336970915,3
174.9516634442296,47.21637139139709,39.93409885444896,3
174.97166477765182,45.34898626001559,37.40740731329596,3
174.99166611107407,42.04490718928458,36.15954577926315,3
175.01166744449628,41.845890372221405,32.90678863629599,3
175.03166877791853,38.45277551530157,29.71395497679645,3
175.05167011134074,36.599451328334645,28.059414618204325,3
175.07167144476298,32.9024213934698,25.057570642416792,3
175.0916727781852,29.482545587560125,24.09535835104449,3
175.11167411160744,29.416087494255486,20.520784606774953,3
175.13167544502966,26.126336699612665,20.457982294218173,3
175.1516767784519,25.312117318216508,17.019851830543526,3
175.17167811187412,21.949323411617797,15.563514985616363,3
175.19167944529636,19.946346275546986,11.862582018434109,3
175.21168077871857,18.018744241968452,10.151872389938049,3
175.23168211214082,16.676936020928355,8.887058227558343,3
175.25168344556303,14.659821447907225,7.197819709478111,3
175.27168477898525,12.883765487115614,5.1915893179691555,3
175.2916861124075,11.279498129480737,4.4324534058334875,3
175.3116874458297,9.771082848829819,3.3303165006513504,3
175.33168877925195,10.017021148285812,1.3074998004443539,3
175.35169011267416,6.64330375117942,0.8148214078365373,3
175.3716914460964,5.3473273226516005,-0.2705115767085311,3
175.39169277951862,4.365779602746097,-0.07685038334156158,3
175.41169411294086,4.012245128446577,-0.7135633187865996,3
175.43169544636308,4.262079168205589,-1.5862852185548086,3
175.45169677978532,3.2833159038103923,-1.4623316977517398,3
175.47169811320754,3.9686614158350983,-0.18509359559257543,3
175.49169944662978,2.7615184480005635,-1.763167117835243,3
175.511700780052,2.1695573669114756,-0.6129621255274206,3
175.53170211347424,2.694760710298558,-1.2757224966858347,3
175.55170344689645,3.0820034485366374,-0.5042924885985616,3
175.57170478031867,3.2643571325201632,1.0032995308893766,3
175.5917061137409,3.9810477152877732,2.200986991158968,3
175.61170744716313,4.97429929548196,1.695335160275873,3
175.63170878058537,6.003177345433209,4.088830033884261,3
175.65171011400759,8.375295889331598,5.8146179735452606,3
175.67171144742983,9.263031293138619,7.903014271617746,3
175.69171278085204,9.4828548106337,6.613079988849882,3
175.7117141142743,10.484184508583597,10.064960333211966,3
175.7317154476965,11.904777546300256,10.897667412205966,3
175.75171678111874,15.28706766901809,13.385533447358634,3
175.77171811454096,16.056317967436918,14.957184783577748,3
175.7917194479632,18.750359861274713,15.876213692864852,3
175.81172078138542,20.663688560298585,18.709707696051215,3
175.83172211480766,23.305435165405093,21.147623047346823,3
175.85172344822988,24.703153749254067,23.634180489898903,3
175.8717247816521,26.11888196587847,26.89430949099654,3
175.89172611507433,29.092254550886782,28.74136444227249,3
175.91172744849655,32.136021822219405,32.448039492717065,3
175.9317287819188,33.484064813585626,32.70124458042097,3
175.951730115341,36.084166494819506,36.824570596999706,3
175.97173144876325,38.91547082878294,37.712397614445045,3
175.99173278218547,39.17798691297242,38.918464632927765,3
176.0117341156077,43.8596464627492,42.733150937390576,3
176.03173544902992,45.5860021956491,45.24353063516997,3
176.05173678245217,47.691273991916,48.036604375575656,3
176.07173811587438,51.22078501667482,48.90337175999412,3
176.09173944929663,53.09787318071452,53.23406562588967,3
176.11174078271884,55.60823020683782,55.698665855407114,3
176.13174211614108,57.26730626324963,56.96788740960195,3
176.1517434495633,60.40158204066205,58.626304328225004,3
176.1717447829855,62.84110964705134,60.678009275470835,3
176.19174611640776,62.670289474944035,62.26151932441655,3
176.21174744982997,67.08640441357635,65.20343180484976,3
176.23174878325221,68.82608645931242,66.0836495549316,3
176.25175011667443,70.29247983198272,67.36306996795271,3
176.27175145009667,70.74046919957456,69.47381985298406,3
176.2917527835189,73.17765470752977,69.52803023720902,3
176.31175411694113,73.49836187358825,72.61597207112577,3
176.33175545036335,77.34688979228702,74.16921272019121,3
176.3517567837856,77.46447575893185,75.79099889235937,3
176.3717581172078,76.09571425432243,74.86327009399527,3
176.39175945063005,79.02333118903056,74.90086543991477,3
176.41176078405226,79.25162853834244,76.32312267441459,3
176.4317621174745,78.82600353985256,75.70730909486034,3
176.45176345089672,81.15009705386889,77.13648477833296,3
176.47176478431894,82.2228780092121,76.12333531231151,3
176.49176611774118,80.61002272054871,79.10732573763873,3
176.5117674511634,81.65094681109477,77.40196549513134,3
176.53176878458564,80.96598268592459,75.70349769013082,3
176.55177011800785,81.96029511089878,75.08211524650044,3
176.5717714514301,79.9260003614047,73.66614444131562,3
176.5917727848523,79.1687909069877,75.00758956410714,3
176.61177411827455,78.48761956724573,74.85731994803945,3
176.63177545169677,76.69495558712225,71.17921712645345,3
176.651776785119,77.04225283007406,69.49375469861332,3
176.67177811854123,74.87737898679976,69.0415123402815,3
176.69177945196347,73.15540360370112,67.2108260836208,3
176.71178078538568,72.69560068077588,65.3736064170405,3
176.73178211880793,70.63354571483643,63.47454305714932,3
176.75178345223014,69.15557878619289,62.722737994036365,3
176.77178478565236,65.98491786665505,59.98272690558511,3
176.7917861190746,65.95292200845411,58.729433629252334,3
176.81178745249682,64.40940314985264,57.79664458366245,3
176.83178878591906,61.89020017303109,53.55567830884865,3
176.85179011934127,59.9910973353418,52.52523118416027,3
176.87179145276352,57.59670563493961,49.55278483867024,3
176.89179278618573,55.67741009716358,47.536133479735746,3
176.91179411960798,53.904000128270226,43.622290085226446,3
176.9317954530302,50.49325050157651,41.683382040631045,3
176.95179678645243,47.63895007257938,40.3619193823112,3
176.97179811987465,45.63469692315612,38.09144990868671,3
176.9917994532969,42.34737828185226,34.92198438691317,3
177.0118007867191,40.005258438128216,32.18855470807015,3
177.03180212014135,38.56158069067051,29.921276139196657,3
177.05180345356356,35.35047186512189,25.7976648395352,3
177.07180478698578,32.52394191179792,25.701437545347403,3
177.09180612040802,31.34394588926304,21.307698499361006,3
177.11180745383024,29.07860135585736,19.838460197906116,3
177.13180878725248,27.226271107115547,18.414024373073307,3
177.1518101206747,24.44202845497945,18.346520120238026,3
177.17181145409694,22.275042413824135,14.538038968833478,3
177.19181278751915,18.842249067518853,12.798796904676275,3
177.2118141209414,17.87038450574683,11.156231719413574,3
177.2318154543636,14.842737755876417,7.197372377604806,3
177.25181678778586,14.229277379809249,6.963015822268655,3
177.27181812120807,12.945033016373529,6.017778971859005,3
177.2918194546303,13.052983737150843,6.091378000023309,3
177.31182078805253,9.887986471776314,3.3524205537661476,3
177.33182212147477,9.378513679075109,2.0578665141476473,3
177.351823454897,5.757225436068215,1.0651395949090046,3
177.3718247883192,5.90450813505447,0.15504494324049212,3
177.39182612174145,4.012851475337052,0.6049868183870724,3
177.41182745516366,4.291211266626066,-0.2108039308045287,3
177.4318287885859,3.8587859488674146,-2.68873875527834,3
177.45183012200812,2.7086426333820612,-0.9438892527091451,3
177.47183145543036,3.8163712163325676,-2.4538990343282534,3
177.49183278885258,3.5941666203886253,-1.6550443521294704,3
177.51183412227482,3.7923134135695453,-1.5222736397577457,3
177.53183545569703,2.150561404185333,-1.291731882894322,3
177.55183678911928,3.6825352166738012,0.9733987654963565,3
177.5718381225415,5.0701794781234995,1.3396069719002937,3
177.59183945596374,5.302031989161836,2.585627663483296,3
177.61184078938595,5.143495220489316,3.278454465943552,3
177.6318421228082,6.827953064669402,3.4113864927871216,3
177.6518434562304,7.9131345827992545,5.586844691186551,3
177.67184478965262,8.589838428587614,8.145139451530833,3
177.69184612307487,9.372737786137714,9.126691909925336,3
177.71184745649708,10.998353423052842,8.844589828920896,3
177.73184878991933,12.947413922673489,12.086716078459116,3
177.75185012334154,14.200435466360497,13.415762252687268,3
177.77185145676378,14.96314296210577,16.767622434513097,3
177.791852790186,18.804255869589625,18.326948100645005,3
177.81185412360824,19.736135388193468,19.46869609895197,3
177.83185545703046,22.473606644725553,22.345757200302195,3
177.8518567904527,24.10160419889897,24.12626897860756,3
177.87185812387492,25.829337504080783,25.281210495275054,3
177.89185945729716,28.497955323875193,27.32473139223039,3
177.91186079071937,31.572460795102828,31.059198225947345,3
177.93186212414162,34.08534545492984,32.73804718230324,3
177.95186345756383,34.928385704690655,35.16644371967625,3
177.97186479098605,37.81984481759275,38.58323755213028,3
177.9918661244083,41.844360180063596,39.8503168745836,3
178.0118674578305,43.26342430114235,42.581085538264404,3
178.03186879125275,44.96552210729611,47.043160594254225,3
178.05187012467496,49.746922444430375,46.57352037802038,3
178.0718714580972,50.60150462696443,50.87226816246956,3
178.09187279151942,53.11837994619265,52.6426356467417,3
178.11187412494166,54.95435342366047,54.81768391694556,3
178.13187545836388,58.59091131141451,56.342094720388275,3
178.15187679178612,60.373706374263676,59.42698333288071,3
178.17187812520834,62.73063724928325,61.800149560477685,3
178.19187945863058,64.36873994607414,63.2408411917752,3
178.2118807920528,66.18027940215896,64.12413525889754,3
178.23188212547504,68.47086187776621,66.75612671904497,3
178.25188345889725,70.71310903726528,66.30064448500679,3
178.27188479231947,71.54841426117993,69.52091073778247,3
178.2918861257417,72.5046232229343,70.2104822561361,3
178.31188745916393,74.00838436047438,73.94499526291963,3
178.33188879258617,76.48267759434805,73.79106387311579,3
178.35189012600839,76.08492012864905,74.18242006857291,3
178.37189145943063,78.66139010451663,73.7800312527275,3
178.39189279285284,78.90229623765813,74.26311359463422,3
178.4118941262751,79.8209402120768,74.59132840584057,3
178.4318954596973,80.9788757476607,76.75305886988406,3
178.45189679311954,80.44208003166122,76.24309411818439,3
178.47189812654176,80.22434627131402,77.53999716454722,3
178.491899459964,81.34811377607001,76.95467375161267,3
178.51190079338622,82.11999648129428,76.54101082243172,3
178.53190212680846,81.08010137049763,75.80011790078066,3
178.55190346023068,80.27193831880908,75.75919511794245,3
178.5719047936529,79.46525025497404,73.87352664828927,3
178.59190612707513,79.27972199144111,74.3518109716542,3
178.61190746049735,79.64379808179052,73.74246928488395,3
178.6319087939196,77.95858250138572,71.1476044325971,3
178.6519101273418,77.19947848774443,70.87050269806863,3
178.67191146076405,74.08015728492146,69.05961663252353,3
178.69191279418627,75.87414550900063,67.79897626475251,3
178.7119141276085,73.40278710304277,66.21319556550102,3
178.73191546103072,70.96727398620828,64.38283617841452,3
178.75191679445297,70.43260988422436,61.70363953249352,3
178.77191812787518,67.57997347030548,60.67781687808787,3
178.79191946129743,67.04099274351123,59.778878805265194,3
178.81192079471964,63.55942857844183,55.43711815307993,3
178.83192212814188,62.49457386363055,54.030300932772,3
178.8519234615641,59.44370712350517,51.395664058737204,3
178.8719247949863,57.43288441944916,47.95811625042667,3
178.89192612840856,55.09316842217289,47.376721277533626,3
178.91192746183077,52.94667724581875,44.69929970838215,3
178.93192879525301,49.97515116533386,42.672322558616735,3
178.95193012867523,48.52666478161994,38.108843463527016,3
178.97193146209747,45.83466261459367,37.356390238504424,3
178.9919327955197,42.53743756024182,35.809079218694215,3
179.01193412894193,41.14256193739348,32.154749090658605,3
179.03193546236415,37.25314691951037,30.5668928606841,3
179.0519367957864,35.47408700911902,28.06227883226128,3
179.0719381292086,33.451163696043444,22.733922387329034,3
179.09193946263085,30.990085347946426,23.07523492173304,3
179.11194079605306,28.3575509466399,20.06621253244005,3
179.1319421294753,26.24740831269961,19.867850470752042,3
179.15194346289752,24.317960902880753,15.469697002084118,3
179.17194479631974,23.242230686199793,15.778305069986947,3
179.19194612974198,20.0667491171705,12.089402012121326,3
179.2119474631642,18.416082560353516,11.742989658588998,3
179.23194879658644,14.43476196946616,9.583362642594336,3
179.25195013000865,13.318304580742533,6.438495274554788,3
179.2719514634309,12.997839819898546,5.559468592273166,3
179.2919527968531,10.613893432937298,4.437740047915754,3
179.31195413027535,10.691910405547203,5.102238519579858,3
179.33195546369757,6.256743146253822,2.1384408103885466,3
179.3519567971198,7.097276384115676,0.3284091653153607,3
179.37195813054203,6.521173127679218,0.9371116967450659,3
179.39195946396427,5.5892831896553075,1.0305434892920382,3
179.41196079738648,5.050116507778389,-0.3202427369779384,3
179.43196213080873,4.148187100128393,-1.1579832301953021,3
179.45196346423094,4.0184710336688605,-0.9523683632453233,3
179.47196479765316,3.5674283088663516,-1.5065048406518482,3
179.4919661310754,2.992815056330256,-2.6650033095657246,3
179.51196746449762,3.236753161677938,-0.7936677100549038,3
179.53196879791986,4.126920104503008,-1.3231747454470488,3
179.55197013134207,4.6164333857075555,-0.05521109494270812,3
179.57197146476432,5.042607114755701,1.4639628915552194,3
179.59197279818653,4.289132928322915,-0.007749864043956611,3
179.61197413160878,6.542616475581748,3.2159248786083943,3
179.631975465031,6.69265104153902,4.883494420752259,3
179.65197679845323,7.1811389401796175,4.851152732038832,3
179.67197813187545,8.068922284204769,6.498730799261766,3
179.6919794652977,9.530402271803041,9.122489684494774,3
179.7119807987199,11.553832731754847,8.403506763438774,3
179.73198213214215,11.540431379641644,12.671908283847381,3
179.75198346556436,16.00245360583302,13.813867726936108,3
179.77198479898658,16.473367484689277,14.394467397966855,3
179.79198613240882,18.771780303941682,17.97623290358794,3
179.81198746583104,19.538271872934093,20.65464540693855,3
179.83198879925328,22.140654602155948,21.171080362633646,3
179.8519901326755,25.486974288523168,24.88687465341037,3
179.87199146609774,27.3496674073898,24.735564865087884,3
179.89199279951995,28.337839208240197,29.64637857437562,3
179.9119941329422,32.34012678202203,30.090935252080932,3
179.9319954663644,33.464274286877775,31.80980454064647,3
179.95199679978666,35.99934254871273,33.93660557575502,3
179.97199813320887,38.203501767059194,38.437180761029325,3
179.9919994666311,39.73245370366013,40.919751429036225,3
180.01200080005333,44.04641942002102,43.902319640926144,0
180.03200213347557,45.40853675918288,45.158531352378716,0
180.0520034668978,49.096008932834984,46.76582381024048,0
180.07200480032,52.06248385255239,50.581143086782454,0
180.09200613374225,53.869898180192685,51.86913304642868,0
180.11200746716446,53.502710615716126,53.02864153107433,0
180.1320088005867,57.12330959917972,58.18767358492041,0
180.15201013400892,58.073129600878836,57.36995376603315,0
180.17201146743116,64.30726729457919,61.33580478252686,0
180.19201280085338,63.073726405509845,59.982892182707324,0
180.21201413427562,66.18536533306995,67.38834292735042,0
180.23201546769783,66.54803728966905,63.87681666800773,0
180.25201680112008,69.41764718769431,66.20374794571156,0
180.2720181345423,70.16846004298692,67.14073988363045,0
180.29201946796454,69.51695803611096,71.09569428811457,0
180.31202080138675,75.7142966216147,69.22323547845978,0
180.332022134809,73.4000746646516,68.25109891531147,0
180.3520234682312,73.1672987533157,70.87994823660901,0
180.37202480165342,73.99977629357633,72.61398146572886,0
180.39202613507567,77.27963621914708,70.98357592752146,0
180.41202746849788,76.92301231504078,71.83358540899066,0
180.43202880192013,77.07010403422517,76.18205479235124,0
180.45203013534234,75.04061996139004,74.01460559442114,0
180.47203146876458,79.30861848438536,75.266843234446,0
180.4920328021868,78.55826518442402,69.30419903715587,0
180.51203413560904,75.61067728898149,74.22581992069279,0
180.53203546903126,78.21979907922442,70.73218385270891,0
180.5520368024535,76.7565242395204,69.70978161702568,0
180.57203813587572,77.45989905047932,71.37005078772378,0
180.59203946929796,74.72365984589861,68.4345352899474,0
180.61204080272017,74.15955543856299,68.86426203927692,0
180.63204213614242,76.75028503442266,63.746636876835474,0
180.65204346956463,69.46793486280235,68.71515266344683,0
180.67204480298685,73.7828434595578,66.52108523378729,0
180.6920461364091,64.86247958734569,63.99702103934258,0
180.7120474698313,68.81386585125428,62.368936311789085,0
180.73204880325355,62.040565629609794,57.756781525414766,0
180.75205013667576,62.1399825800644,59.31592186206772,0
180.772051470098,60.18147717131952,55.15829892588602,0
180.79205280352022,56.97904890261923,55.09558195903952,0
180.81205413694246,61.31612571054822,50.21992743378891,0
180.83205547036468,54.249472945219736,47.210150848269066,0
180.85205680378692,57.12621587780726,53.55668322864493,0
180.87205813720914,54.33059132258788,44.4432737964455,0
180.89205947063138,51.62958647601769,42.995599187585256,0
180.9120608040536,51.92839235020043,41.982051733323914,0
180.93206213747584,45.75895679563868,36.996359867479946,0
180.95206347089805,47.101567654632376,35.624864821929634,0
180.97206480432027,39.1182240179266,42.32455517101372,0
180.9920661377425,44.31073078918695,40.63433751042216,0
181.01206747116473,43.15910962494323,34.52847081900315,0
181.03206880458697,34.08854078432523,31.916127082060296,0
181.05207013800919,41.17488815009934,24.632513989516838,0
181.07207147143143,33.22707077820616,27.314937257412694,0
181.09207280485364,33.40928619327306,25.159490467587162,0
181.1120741382759,33.73840299987883,29.20763248887387,0
181.1320754716981,34.98716198103217,19.46330174803862,0
181.15207680512034,29.646904587857055,21.869372694113636,0
181.17207813854256,27.59125998027339,18.1928100595359,0
181.1920794719648,29.049369377525014,15.329536232642045,0
181.21208080538702,23.79331665525197,26.526873960832653,0
181.23208213880926,26.354214704376314,19.79494412187456,0
181.25208347223148,26.87418096399919,10.463720023572545,0
181.2720848056537,11.172979963839975,10.975871805566996,0
181.29208613907593,14.392934713284273,17.542141206196035,0
181.31208747249815,23.588727112824472,13.749656297447784,0
181.3320888059204,21.065612078761962,12.821758700963358,0
181.3520901393426,14.156847207574593,10.960361120480632,0
181.37209147276485,18.942633732131025,10.197366800505783,0
181.39209280618707,20.139071758619945,14.329174747102158,0
181.4120941396093,17.508011711027088,9.754016502724612,0
181.43209547303152,11.935594828548389,8.4753455117388,0
181.45209680645377,16.71229018580526,17.967853296327625,0
181.47209813987598,16.603466174002524,6.998919082386678,0
181.49209947329823,16.225300303023115,11.448433872726595,0
181.51210080672044,17.02700719940713,14.924437750135862,0
181.53210214014268,16.82382123120226,13.475311965641119,0
181.5521034735649,12.965839764141887,17.39406590497707,0
181.5721048069871,18.64611723542328,13.38492935212961,0
181.59210614040936,18.364001883235048,20.06359732025968,0
181.61210747383157,21.10431286742935,13.174720238769035,0
181.63210880725381,24.49558819620278,8.896155118036507,0
181.65211014067603,23.843790848739975,19.233781446521846,0
181.67211147409827,30.876964448992553,11.84737394387017,0
181.6921128075205,25.105573797791344,13.892076315918374,0
181.71211414094273,25.29197040362292,18.33426910456095,0
181.73211547436495,24.355179248957455,21.574634240965032,0
181.7521168077872,23.633672391203316,16.327514311844745,0
181.7721181412094,25.97552753617524,23.282409799202803,0
181.79211947463165,30.072346272271947,23.14599107861322,0
181.81212080805386,28.44841934306046,34.551531147051996,0
181.8321221414761,17.80313705137802,22.855131840140785,0
181.85212347489832,27.489167156156764,32.606692205672445,0
181.87212480832054,40.83865946146362,39.127411931022436,0
181.89212614174278,35.8484421259876,38.04448743226764,0
181.912127475165,32.5679501591199,32.40376963224011,0
181.93212880858724,26.67091040378952,34.85528515901528,0
181.95213014200945,36.120273187308,46.84358034652206,0
181.9721314754317,41.66372115051822,38.146402951817045,0
181.9921328088539,33.34215700345469,46.15994891217949,0
182.01213414227615,45.23329256307557,41.768380536678634,0
182.03213547569837,56.38584005839355,37.89734246973855,0
182.0521368091206,47.42979132501595,46.63964405269821,0
182.07213814254283,53.84440783867514,40.0756613462428,0
182.09213947596507,52.61330316080628,40.238250645905254,0
182.11214080938728,47.80791182767924,44.39418096811772,0
182.13214214280953,51.81495537944767,58.418629426671316,0
182.15214347623174,57.34545896388872,52.015846691261935,0
182.17214480965396,61.13730693324361,53.98709552764548,0
182.1921461430762,48.73652531669683,52.200747697779235,0
182.21214747649842,53.03381568710352,65.5979069254406,0
182.23214880992066,64.56994084711506,58.59617001045757,0
182.25215014334287,58.80774275304531,46.853018349546424,0
182.27215147676512,46.7558161124192,54.49338121674514,0
182.29215281018733,54.017570322219306,54.918191743174106,0
182.31215414360958,61.24972539202918,51.092607989855935,0
182.3321554770318,48.34815157693317,61.44341455129712,0
182.35215681045403,54.83920265793643,53.129623318162515,0
182.37215814387625,61.44425346795219,62.49194270676931,0
182.3921594772985,65.77049404281286,57.08878897223251,0
182.4121608107207,60.9506412364814,62.907402069983526,0
182.43216214414295,51.501827750433556,57.279986286386126,0
182.45216347756516,67.16957748954734,52.868278167022964,0
182.47216481098738,64.6664303660759,60.54649281868093,0
182.49216614440962,60.65208041159954,65.70660724368432,0
182.51216747783184,60.08632719467066,57.428894545813264,0
182.53216881125408,64.21738695185769,63.71015836441039,0
182.5521701446763,49.588446406025376,59.73848252603125,0
182.57217147809854,64.15989573206417,43.75356895358913,0
182.59217281152075,66.48668499779718,54.83872317029848,0
182.612174144943,59.65933889425243,58.24385829963171,0
182.6321754783652,69.58971755662344,59.34484279550613,0
182.65217681178746,53.818955159045544,47.611587304142795,0
182.67217814520967,54.66829005279834,46.21838677132156,0
182.6921794786319,56.8446197262396,47.35834908510042,0
182.71218081205413,57.8701312087798,52.47569185356568,0
182.73218214547637,51.20724730404911,57.85785589150563,0
182.7521834788986,49.52017853543395,46.4767666471499,0
182.7721848123208,81.10064532167941,62.578237561642496,0
182.79218614574305,52.08901778645407,35.13299547447952,0
182.81218747916526,65.51071736241207,40.87365010134384,0
182.8321888125875,41.04952787777265,39.22130810582766,0
182.85219014600972,47.00266400243163,41.93917465198651,0
182.87219147943196,58.40454138962339,38.843995466032574,0
182.89219281285418,43.261894484366536,42.36572470330149,0
182.91219414627642,48.708264954381065,37.72542767416396,0
182.93219547969863,47.59038214496148,44.18723021975701,0
182.95219681312088,48.42837978174124,37.385066920479424,0
182.9721981465431,53.176778065818695,39.96414972568499,0
182.99219947996534,33.65304990476341,46.48055910994139,0
183.01220081338755,51.42839605864337,37.12919558484197,0
183.0322021468098,38.41963203366594,31.54708855841849,0
183.052203480232,42.54488967385914,31.152894281849736,0
183.07220481365422,40.95958245411883,28.43467873194092,0
183.09220614707647,42.9972852743557,33.56141944721377,0
183.11220748049868,34.90213645560944,27.564528870158185,0
183.13220881392093,50.10622313990689,35.13360869060006,0
183.15221014734314,34.567651831945646,24.24325697691296,0
183.17221148076538,36.13990180480286,33.46624835737208,0
183.1922128141876,44.65654897726653,33.432598065621065,0
183.21221414760984,25.13334125069077,21.68352607067537,0
183.23221548103206,19.939389706746212,35.44474581672242,0
183.2522168144543,38.875283078711966,38.789968197294634,0
183.27221814787652,19.21603684219355,26.388512752459082,0
183.29221948129876,33.361424850582246,29.953307414208258,0
183.31222081472097,34.17009178517818,26.942419594365127,0
183.33222214814322,11.651279369550256,13.232246836192449,0
183.35222348156543,20.864300183130638,33.35260757322249,0
183.37222481498765,18.55955273770485,38.3950806833957,0
183.3922261484099,30.483837244658964,19.899489908764743,0
183.4122274818321,22.497814032337565,13.761118832919712,0
183.43222881525435,26.75587426563541,31.88158653978946,0
183.45223014867656,20.651588375444394,29.643220974757167,0
183.4722314820988,21.972302952638003,25.06402931064408,0
183.49223281552102,29.063777195207557,15.32089899533737,0
183.51223414894326,15.847927850454722,22.587902391086445,0
183.53223548236548,25.494589772244105,11.506444628473083,0
183.55223681578772,19.016398530786333,24.087401899856484,0
183.57223814920994,29.283013148081263,21.668514178174618,0
183.59223948263218,18.342793678830667,18.92254150500535,0
183.6122408160544,23.56799069156197,31.402341750328414,0
183.63224214947664,41.31129619737035,14.794330045400942,0
183.65224348289885,37.1192238790082,36.98487611397255,0
183.67224481632107,5.744567632041431,30.338766796651807,0
183.6922461497433,37.529398100834435,25.089371654929213,0
183.71224748316553,36.13177484765585,21.754584513101662,0
183.73224881658777,30.54404755568401,24.834007580326173,0
183.75225015000998,36.08993087500722,40.251233169306595,0
183.77225148343223,30.327252773808556,22.456856369701924,0
183.79225281685444,35.20437318196459,23.020299275183106,0
183.8122541502767,31.710958297311322,34.98566082291068,0
183.8322554836989,33.17748253703353,26.760643705723,0
183.85225681712114,28.61318472015918,37.59576991071677,0
183.87225815054336,38.30388999060556,31.795741613955613,0
183.8922594839656,45.97978293535658,52.2003756287762,0
183.91226081738782,39.08943803393489,52.538893216403736,0
183.93226215081006,39.52909203987318,37.82872759285768,0
183.95226348423228,43.084183277454656,39.4237103808804,0
183.9722648176545,43.397590659160784,34.861415530968934,0
183.99226615107673,39.229502929179326,35.611331187668846,0
184.01226748449895,32.480750940079986,36.83285237724742,0
184.0322688179212,50.526411633263926,41.04806034090234,0
184.0522701513434,47.285544897455175,30.79672572161079,0
184.07227148476565,32.40373299108592,45.457578605562674,0
184.09227281818787,48.802891738162536,41.13840212301586,0
184.1122741516101,44.70793540618873,34.64994008037364,0
184.13227548503232,46.23727237650154,41.25554454035704,0
184.15227681845457,49.3123352147807,44.61587849289821,0
184.17227815187678,52.350350222802476,38.34605044660359,0
184.19227948529903,47.41482799204904,59.710680460710606,0
184.21228081872124,39.43004708535621,43.39356673630027,0
184.23228215214348,51.351298270890176,47.90767832995899,0
184.2522834855657,60.68527774198621,49.97363667804612,0
184.2722848189879,49.12100616980013,51.105600130370384,0
184.29228615241016,62.66934332204636,54.88666132919555,0
184.31228748583237,62.64378824130848,47.31106411804947,0
184.33228881925461,63.020390311126455,58.8175871480098,0
184.35229015267683,37.52162381840159,69.19093076252187,0
184.37229148609907,43.54608127645723,44.78458447162337,0
184.3922928195213,46.91786760787723,75.46011992870018,0
184.41229415294353,51.14916052837735,39.48095402966153,0
184.43229548636575,54.54341625594899,43.289046328987716,0
184.452296819788,49.99154776990472,61.70724771632792,0
184.4722981532102,42.87927922130305,49.2366000239974,0
184.49229948663245,52.93068875753403,52.96559865096709,0
184.51230082005466,54.87167342306895,64.49157319183853,0
184.5323021534769,64.14036351243269,57.19225263560168,0
184.55230348689912,51.138146270259135,40.837155098897156,0
184.57230482032134,62.64927070183264,37.50419459669503,0
184.59230615374358,55.060929782818626,47.49656753621682,0
184.6123074871658,51.360470824021334,54.556664362978076,0
184.63230882058804,55.238704765052546,59.92456751668424,0
184.65231015401025,49.722159169727576,38.63062158083811,0
184.6723114874325,48.76762617774189,38.15933702691609,0
184.6923128208547,41.10840827510376,46.73462517413576,0
184.71231415427695,50.739632814492495,52.47200832634979,0
184.73231548769917,53.5289680839629,61.01376314297008,0
184.7523168211214,55.01358056518813,52.25448431700623,0
184.77231815454363,46.03376106191249,40.01374115371175,0
184.79231948796587,47.569862653172684,43.44651603818903,0
184.81232082138808,57.86846470265506,33.660154029361365,0
184.83232215481033,46.739147408148774,48.40348965061664,0
184.85232348823254,46.29547155366801,47.781864302535496,0
184.87232482165476,33.728652204558415,52.2445481261421,0
184.892326155077,53.5276487097522,33.98239988369397,0
184.91232748849922,47.47334722715464,52.588708679385626,0
184.93232882192146,45.77134920672255,33.883489478387645,0
184.95233015534367,45.470455654282645,35.57106011934199,0
184.97233148876592,38.49613572092134,34.61413640370239,0
184.99233282218813,50.7793071743973,29.24295373275018,0
185.01233415561038,49.79525297676569,35.60723933464701,0
185.0323354890326,40.0947747127441,44.31359223270785,0
185.05233682245483,44.87126383571902,29.86157084850104,0
185.07233815587705,24.169304357758584,31.68334279048393,0
185.0923394892993,42.804078717709984,35.14824008024459,0
185.1123408227215,24.429846314879953,36.643167293749656,0
185.13234215614375,46.925294141285626,25.394078693606964,0
185.15234348956596,24.714339878919844,33.81288902395771,0
185.17234482298818,26.790257735603376,14.739534847851617,0
185.19234615641042,34.837872116661735,29.571387691291957,0
185.21234748983264,45.19043279075316,27.33678925165376,0
185.23234882325488,26.54970163738247,32.319252928251416,0
185.2523501566771,25.032942584388024,36.53644822144385,0
185.27235149009934,35.705048159882914,32.37674753854024,0
185.29235282352155,34.32398590732836,34.76971099152522,0
185.3123541569438,60.40736557315901,32.513150088956436,0
185.332355490366,32.405474258245526,10.724439992191607,0
185.35235682378826,30.183813864211736,12.76280853830293,0
185.37235815721047,30.17126570420344,19.080600420399882,0
185.3923594906327,28.83939400321047,9.70544372796939,0
185.41236082405493,8.848536834007604,25.81667699212696,0
185.43236215747717,26.92775121275199,30.193575294622846,0
185.4523634908994,58.60709062056456,28.093867284283263,0
185.4723648243216,21.73109194035778,22.73257508736099,0
185.49236615774385,30.09204075619176,25.464735704211993,0
185.51236749116606,31.59493959074549,17.617387156313452,0
185.5323688245883,37.10924618595381,31.72893555315641,0
185.55237015801052,25.09053052650794,33.88874571619632,0
185.57237149143276,27.470496902763383,28.971463666653506,0
185.59237282485498,38.08212731127523,19.619163903159496,0
185.61237415827722,27.34126383799734,19.30067364982478,0
185.63237549169943,29.83746472779896,22.2733074103999,0
185.65237682512168,26.784056186795578,26.6802925314075,0
185.6723781585439,31.52914870438274,19.232724740559405,0
185.69237949196614,24.97740255612765,35.36786779622969,0
185.71238082538835,28.202790133346085,29.014931327723247,0
185.7323821588106,29.82558139296786,20.289881141804777,0
185.7523834922328,43.939403835567504,33.009422700339485,0
185.77238482565502,33.19664753382154,30.949868473037448,0
185.79238615907727,33.574945442193496,20.510187517253982,0
185.81238749249948,48.96746537625441,36.11578299234431,0
185.83238882592173,36.736652459381524,40.49945846453717,0
185.85239015934394,32.760155320224065,25.944023298087846,0
185.87239149276618,30.285461806496944,30.63202386817818,0
185.8923928261884,52.08325040780823,27.728148414206938,0
185.91239415961064,42.586684338231876,41.703992441274266,0
185.93239549303286,27.8393060940046,27.69380745738418,0
185.9523968264551,46.806257267765474,50.05447592874858,0
185.97239815987732,40.09472457392354,35.774567623976836,0
185.99239949329956,43.83769134387645,32.773450434233524,0
186.01240082672177,74.36990394676573,31.10177034082283,0
186.03240216014402,75.24697692847565,45.02131998048319,0
186.05240349356623,50.196776530269595,39.680216323168096,0
186.07240482698845,38.72339176635253,44.10182223780756,0
186.0924061604107,38.631953943907796,36.43340376902557,0
186.1124074938329,42.200532750359585,42.59577232984368,0
186.13240882725515,79.21125877104122,41.87703945116926,0
186.15241016067736,55.486660275016405,39.26480910576527,0
186.1724114940996,44.61031338258053,42.438783204648225,0
186.19241282752182,40.13784187461415,43.100731016224564,0
186.21241416094406,55.20359014110844,47.04683313595101,0
186.23241549436628,45.7176008272062,52.62085318923527,0
186.25241682778852,59.70370765645355,47.326850554894456,0
186.27241816121074,53.50021160193135,66.80166822659763,0
186.29241949463298,43.23562475294981,39.16996635496834,0
186.3124208280552,69.50058569671154,48.13149951528034,0
186.33242216147744,55.65289542270805,60.806584054545574,0
186.35242349489965,48.94627324662075,52.955685688038535,0
186.37242482832187,59.32877027294895,49.984015850467834,0
186.3924261617441,52.13064460588736,55.28246546945276,0
186.41242749516633,104.03200459762402,39.04608998531474,0
186.43242882858857,59.23356186561697,57.64149925029058,0
186.45243016201078,64.20871738747277,58.263622946398,0
186.47243149543303,51.642328513019265,60.14251852280158,0
186.49243282885524,59.49628534552143,51.05059652922282,0
186.5124341622775,64.40324620768169,63.40283730465405,0
186.5324354956997,45.81562970945774,60.80675676113916,0
186.55243682912194,110.3060213050797,54.39450213056977,0
186.57243816254416,80.74874605406394,46.62934502743457,0
186.5924394959664,79.42266261913426,55.95220214830987,0
186.61244082938862,58.742496661160715,60.322214133515274,0
186.63244216281086,53.525852882738704,51.9875870484382,0
186.65244349623308,59.61813185976639,42.888927041382296,0
186.6724448296553,57.56868573018059,52.083833920553225,0
186.69244616307753,62.18767629538575,42.59002358031445,0
186.71244749649975,61.81143782281576,49.40378688435321,0
186.732448829922,80.60372754806974,48.92708293703033,0
186.7524501633442,41.655766738444164,50.57253685485561,0
186.77245149676645,38.548687702700974,39.27733446460793,0
186.79245283018867,61.731552962479526,47.97645624427276,0
186.8124541636109,47.98480618470775,35.40460298543306,0
186.83245549703312,56.41173680153659,47.67170316695921,0
186.85245683045537,39.72599443028503,45.97822083208397,0
186.87245816387758,33.72013242470868,33.8773804514961,0
186.89245949729982,53.645752638196505,54.070614616296275,0
186.91246083072204,56.3820623540777,44.57959378656406,0
186.93246216414428,35.8068737648214,47.197565374662425,0
186.9524634975665,33.05193711210979,51.073925387135105,0
186.9724648309887,50.65608606398711,42.51989432666494,0
186.99246616441096,57.49320249264116,44.908600028576295,0
187.01246749783317,40.81478459790581,29.006913975427697,0
187.03246883125541,25.76492942751431,47.76251697301459,0
187.05247016467763,29.061851761770818,39.390241036314244,0
187.07247149809987,35.426541524681724,26.444357343327674,0
187.0924728315221,62.62723049639078,46.099805383453926,0
187.11247416494433,35.07116975390273,26.863463712014827,0
187.13247549836655,28.185789009469364,44.35881904983996,0
187.1524768317888,43.865561006103285,37.41667977190282,0
187.172478165211,38.901706985351694,29.631818027321003,0
187.19247949863325,37.28042694371067,13.155882294863401,0
187.21248083205546,34.41607808227583,4.802938772100081,0
187.2324821654777,23.183431532529656,36.93392280832447,0
187.25248349889992,24.74056927305439,27.246311918847695,0
187.27248483232214,18.37119162677603,23.907406737634545,0
187.29248616574438,86.88402158113347,27.52424405512574,0
187.3124874991666,20.36812590487272,28.520852792841268,0
187.33248883258884,29.820926047247553,22.356910341303585,0
187.35249016601105,42.08293806199551,11.515022479862857,0
187.3724914994333,25.68328925380299,16.373931840132265,0
187.3924928328555,33.31646321819617,25.828431083662686,0
187.41249416627775,34.025935407075934,26.471312313081864,0
187.43249549969997,44.857176449607564,17.055123693478443,0
187.4524968331222,31.73567951007287,16.908159117637556,0
187.47249816654443,32.5762528204503,32.092190794450964,0
187.49249949996667,32.11430366702045,11.916247643440608,0
187.51250083338888,24.826184149359516,18.140604794924805,0
187.53250216681113,39.14560100214266,44.39380134286269,0
187.55250350023334,24.36957094158201,35.620932616967416,0
187.57250483365556,26.79265364454202,13.850714937645705,0
187.5925061670778,16.986695719945146,22.91342560877684,0
187.61250750050002,20.248428725652758,13.21308485565839,0
187.63250883392226,32.2005123497903,23.106485806158684,0
187.65251016734447,35.60992436967397,48.135062234164124,0
187.67251150076672,26.88073026792376,21.275246403305893,0
187.69251283418893,18.018897837576425,34.60767316333937,0
187.71251416761118,19.43077351456887,29.229442443475644,0
187.7325155010334,35.150799198273305,33.72045249046036,0
187.75251683445563,39.0694642624366,30.66288751097255,0
187.77251816787785,26.2591788194753,24.322709669131143,0
187.7925195013001,25.837827681234725,30.293896551924295,0
187.8125208347223,37.02979431197383,28.9211025780707,0
187.83252216814455,16.927112673672827,23.46920928503458,0
187.85252350156676,50.24552067593712,28.740974885782208,0
187.87252483498898,39.9375826083151,40.72914651334204,0
187.89252616841122,37.55036317785765,46.328807663774256,0
187.91252750183344,33.60043545655195,45.90645291549795,0
187.93252883525568,29.484768634592967,48.71878069614702,0
187.9525301686779,39.298163942582036,36.690672415053854,0
187.97253150210014,38.466099027863045,44.31468461731909,0
187.99253283552235,46.747913119108674,42.834660524554046,0
188.0125341689446,50.174823407595355,48.00326751844157,0
188.0325355023668,46.65603926017428,48.73654440095318,0
188.05253683578906,38.10516377824342,45.41712217037817,0
188.07253816921127,43.96480678394497,41.56721003561314,0
188.0925395026335,38.48699872356881,43.48863275832939,0
188.11254083605573,95.08617282448239,61.10640513480811,0
188.13254216947797,43.57949589729733,50.08142186745924,0
188.1525435029002,44.561743286071106,53.87787137446285,0
188.1725448363224,49.3930057467466,50.94794201433537,0
188.19254616974465,57.547190670320596,47.5728945983738,0
188.21254750316686,50.26676951334787,49.67257523095851,0
188.2325488365891,45.297601650568474,45.22422585352738,0
188.25255017001132,54.48147089144694,53.48400895480926,0
188.27255150343356,58.21708653134434,41.77681717798261,0
188.29255283685578,52.90196690808301,49.438557063200086,0
188.31255417027802,52.77620018320754,52.90275036979578,0
188.33255550370023,51.88008621832666,43.05240643699554,0
188.35255683712248,45.829398510317226,44.15268764024044,0
188.3725581705447,45.383652880551615,39.66091179501084,0
188.39255950396694,48.19009384664003,46.09411329512479,0
188.41256083738915,63.224910805288296,50.659318449790725,0
188.4325621708114,40.02113036510131,45.668469910242884,0
188.4525635042336,46.18946816532869,57.93269917106043,0
188.47256483765582,43.96516537462859,46.67870121973506,0
188.49256617107807,51.43264209911178,50.58143723213668,0
188.51256750450028,60.170829379091565,75.04665592514743,0
188.53256883792253,66.86420237892973,52.3941991154086,0
188.55257017134474,90.30866308481207,42.87452884192096,0
188.57257150476698,50.82925009848571,56.28401578642921,0
188.5925728381892,67.7731737210125,56.236906705312784,0
188.61257417161144,54.71514719133087,42.24881347876045,0
188.63257550503366,56.68165489041154,49.61443687493839,0
188.6525768384559,51.60620078008519,58.82221124240478,0
188.67257817187811,48.363124787456286,46.44244351069959,0
188.69257950530036,63.68987333511571,60.69629590027964,0
188.71258083872257,49.815377009463006,45.00400474974395,0
188.73258217214482,88.70019151926108,45.397378337937305,0
188.75258350556703,50.739304928161616,48.54421190195075,0
188.77258483898925,46.704291483231366,23.52711531690282,0
188.7925861724115,80.96468775171144,41.01322989775833,0
188.8125875058337,36.53993113984233,43.17583463115246,0
188.83258883925595,42.35726815895302,55.70561580533527,0
188.85259017267816,96.95592697724749,61.067656219147366,0
188.8725915061004,36.00026028515586,34.73352145078975,0
188.89259283952262,35.55885502304777,42.02800279687158,0
188.91259417294486,42.464633968187044,39.76314121352611,0
188.93259550636708,35.44019291238849,33.64565723601445,0
188.95259683978932,61.083761179398735,32.66734804367431,0
188.97259817321154,52.252572712304996,33.876343115770766,0
188.99259950663378,31.46277364303873,40.634657972766,0
189.012600840056,35.64484292500835,28.546980480115813,0
189.03260217347824,40.00513505152663,39.85887135680632,0
189.05260350690045,34.4367303914412,35.80345914727097,0
189.07260484032267,36.496037269169676,30.742068808885072,0
189.0926061737449,39.904505002266966,32.86997746753047,0
189.11260750716713,46.17728653448168,14.611245272624934,0
189.13260884058937,23.35226136640228,29.603215929129718,0
189.15261017401158,28.419841710933564,17.14238115939351,0
189.17261150743383,32.899022747137515,25.159170936465856,0
189.19261284085604,42.82368375215313,17.30704269220322,0
189.2126141742783,31.208461511474848,28.831156732102958,0
189.2326155077005,21.556148744718453,8.76166862034848,0
189.25261684112274,24.715560405410525,29.051771104411362,0
189.27261817454496,23.600662780873144,9.07935139858354,0
189.2926195079672,49.55494869595445,37.40396517728724,0
189.31262084138942,37.07904115086466,21.19580824423948,0
189.33262217481166,40.28894822884694,13.176468654249792,0
189.35262350823388,22.012484941362224,33.474812219302144,0
189.3726248416561,23.898398683637613,28.09726357025755,0
189.39262617507833,38.28206936019026,23.51642493902561,0
189.41262750850055,41.81801220723912,26.627900273238467,0
189.4326288419228,32.08146423356938,16.62308555736642,0
189.452630175345,26.315090146880717,5.263229948930782,0
189.47263150876725,31.869144145090146,9.761002604275747,0
189.49263284218947,47.967871803310565,14.450578170988875,0
189.5126341756117,30.97291750605001,15.672245377577603,0
189.53263550903392,40.23350321027893,25.49413077613478,0
189.55263684245617,39.04825684288782,6.81920926273807,0
189.57263817587838,5.555486230168416,24.802450425217213,0
189.59263950930062,26.99546298838383,16.989827872823188,0
189.61264084272284,39.90882312641289,24.803853117528973,0
189.63264217614508,29.17753428186826,33.4473704319105,0
189.6526435095673,39.18839464463141,24.872688460995267,0
189.6726448429895,30.96094502881529,16.4723309393605,0
189.69264617641176,39.83777743144878,28.37084221028301,0
189.71264750983397,64.88662898946916,16.617368520112418,0
189.73264884325621,32.07466994208596,30.063597258591514,0
189.75265017667843,27.965234697555537,25.29450362194715,0
189.77265151010067,37.387859446350234,49.09865803129246,0
189.7926528435229,30.498556080815867,39.576594101993976,0
189.81265417694513,45.39020825483043,29.977437829738022,0
189.83265551036735,44.74365873494497,26.071588323985214,0
189.8526568437896,23.22762050535019,30.101347388367337,0
189.8726581772118,36.19647966887641,19.957053602581517,0
189.89265951063405,34.35236831084526,39.77579732144336,0
189.91266084405626,44.62325106344158,34.5842719002635,0
189.9326621774785,38.583136259117715,36.737330037525396,0
189.95266351090072,31.039809169033344,35.31030589748203,0
189.97266484432294,34.608857097719515,43.69479241194015,0
189.99266617774518,45.41830893402816,23.54170061134433,0
190.0126675111674,34.12010233068348,41.31278536024715,0
190.03266884458964,61.6182301207857,40.41532782509561,0
190.05267017801185,41.044078824986514,44.53016077137106,0
190.0726715114341,42.88268147042968,41.48886768781744,0
190.0926728448563,45.441035958028436,39.936818294594865,0
190.11267417827855,41.38959560147577,32.35529078225589,0
190.13267551170077,56.44340732363296,52.67811838790522,0
190.152676845123,52.41786370663416,55.90278196892067,0
190.17267817854523,62.17652419681213,51.28541462308742,0
190.19267951196747,43.694085187825316,60.72928745206987,0
190.21268084538968,36.767723576384256,38.86603488871736,0
190.23268217881193,53.65763277014611,51.10661564893101,0
190.25268351223414,83.08149447342396,52.294483801190914,0
190.27268484565636,58.22126211085545,54.98162168517608,0
190.2926861790786,56.78784286382154,56.81516916166842,0
190.31268751250082,61.00431845803483,62.662449309715846,0
190.33268884592306,63.96836522247613,50.44737986979185,0
190.35269017934527,57.40121241062331,38.79240213189813,0
190.37269151276752,62.81321091250187,62.28087333709102,0
190.39269284618973,68.11529490314553,46.71271615660456,0
190.41269417961198,58.350355378207844,49.45392947764423,0
190.4326955130342,49.52718841665947,49.119889280479455,0
190.45269684645643,48.61008905613456,52.68208228477427,0
190.47269817987865,55.16598233677437,55.2750789753785,0
190.4926995133009,54.1333119613988,41.96990708431735,0
190.5127008467231,53.18645120675581,46.04876982346639,0
190.53270218014535,49.44236545278793,50.77187753097154,0
190.55270351356756,49.053526634513055,55.76189010418498,0
190.57270484698978,41.40074706332041,38.741096763190576,0
190.59270618041202,53.74196907692349,48.38504229499607,0
190.61270751383424,66.20636543532271,55.755601365325276,0
190.63270884725648,48.37223610791815,41.98459398907139,0
190.6527101806787,63.892056593900485,46.80468058567547,0
190.67271151410094,66.1895643860828,58.44857140457332,0
190.69271284752315,57.80198420765095,51.644646272276226,0
190.7127141809454,60.998813335716235,35.38315376635718,0
190.7327155143676,52.586462580379866,33.65185263157249,0
190.75271684778986,54.94736673190312,44.76804133894359,0
190.77271818121207,52.25851589976456,45.00377868774398,0
190.7927195146343,49.7987648031997,34.09703826422304,0
190.81272084805653,39.7355019476114,42.29982453490885,0
190.83272218147877,39.44448824062689,47.31754660520624,0
190.852723514901,51.443759869643415,68.90718117878764,0
190.8727248483232,57.55117234640353,36.678562435371234,0
190.89272618174545,33.052713369982726,41.933217783995055,0
190.91272751516766,42.743375643854435,44.60927589957324,0
190.9327288485899,48.7138755993742,33.04576946531314,0
190.95273018201212,45.86827058970643,24.9187991318502,0
190.97273151543436,83.68325777460436,35.33297806398046,0
190.99273284885658,44.768578943811725,35.52857983120005,0
191.01273418227882,36.382600311733256,30.684651214849332,0
191.03273551570103,26.95014233902081,41.46191786837019,0
191.05273684912328,42.83712604189975,14.72507278464603,0
191.0727381825455,28.55486311960285,25.08767629082409,0
191.09273951596774,32.69463135647189,40.04325233066775,0
191.11274084938995,50.98569451301394,27.099989302120484,0
191.1327421828122,31.13637464059933,38.301147946114156,0
191.1527435162344,66.64087554880392,26.575716174686445,0
191.17274484965662,28.60980106743258,7.097896149532069,0
191.19274618307887,20.7628300524459,22.232241677009167,0
191.21274751650108,27.74283563318687,24.800108236496747,0
191.23274884992333,43.852415429443184,28.092989025211118,0
191.25275018334554,27.341084220185547,22.835361832786344,0
191.27275151676778,25.33661226830871,31.34051670964749,0
191.29275285019,27.21766298996279,20.72549537794175,0
191.31275418361224,76.5353365368168,34.99714623995901,0
191.33275551703446,30.701443549124633,7.253628830802679,0
191.3527568504567,34.43687854764667,17.79385540307525,0
191.37275818387891,35.68368799414067,13.611648185448473,0
191.39275951730116,18.633960700855006,4.195767797225667,0
191.41276085072337,27.30399660165614,15.351804492719886,0
191.43276218414562,32.55082439690882,15.961539383368116,0
191.45276351756783,24.257967774432743,28.847842304304354,0
191.47276485099005,24.08631894018968,22.02333215492051,0
191.4927661844123,21.060758633865955,25.420355037449237,0
191.5127675178345,35.058293848500114,6.916116022117347,0
191.53276885125675,27.051635206496318,22.002915417985317,0
191.55277018467896,31.981817062226646,21.408237012188383,0
191.5727715181012,17.85253009499833,17.608096131242167,0
191.59277285152342,21.882137925992865,18.10658432677822,0
191.61277418494566,28.73526583428161,26.587821436966703,0
191.63277551836788,30.596354558877216,35.891163782593665,0
191.65277685179012,38.51202021315122,17.127700620546545,0
191.67277818521234,24.652113216140318,15.911397680059599,0
191.69277951863458,43.54639231504275,26.15161127863394,0
191.7127808520568,28.597391319583913,24.77456747003544,0
191.73278218547904,17.951623260859463,17.662153361275248,0
191.75278351890125,34.56823740076897,29.562981066137414,0
191.77278485232347,43.092614065022005,37.141588289841465,0
191.7927861857457,32.08795451020279,17.173135677452564,0
191.81278751916793,31.68972437541663,34.86446416251406,0
191.83278885259017,51.3741555598541,34.65457530562703,0
191.85279018601238,44.68547417627348,45.93570592570839,0
191.87279151943463,48.95818655189994,41.5313056168492,0
191.89279285285684,42.646449656461485,34.384465113879926,0
191.9127941862791,41.083639227978814,34.11427966096531,0
191.9327955197013,80.82763683678053,27.045340554985096,0
191.95279685312354,43.103617084393335,28.80529530082599,0
191.97279818654576,30.318481927971966,41.50745850670807,0
191.992799519968,35.21455971790794,31.798939656176167,0
192.01280085339022,48.91706353884238,48.74348714107734,0
192.03280218681246,33.93774107172531,28.336313511572975,0
192.05280352023468,57.874488961425904,48.75997284260406,0
192.0728048536569,41.015854477413924,40.61811774756774,0
192.09280618707913,54.697826012036494,54.7958154674957,0
192.11280752050135,51.77222391283888,42.63012418769724,0
192.1328088539236,55.60590775087126,31.756168578046406,0
192.1528101873458,64.51571342954313,28.594108246959816,0
192.17281152076805,44.873338502205726,55.412586328267444,0
192.19281285419027,58.21691502443966,45.15436230441335,0
192.2128141876125,50.028488486704575,28.233789552443746,0
192.23281552103472,42.66023649729808,41.49845356663287,0
192.25281685445697,71.17649588399811,49.69588655437565,0
192.27281818787918,60.27125211659835,52.78006357159977,0
192.29281952130142,70.06259899898158,46.43758691854025,0
192.31282085472364,61.67858918415478,48.04866266821982,0
192.33282218814588,57.86974242151909,49.28207170965183,0
192.3528235215681,56.56644091973513,47.12232391548564,0
192.3728248549903,54.50639923078017,54.90021512737603,0
192.39282618841256,51.73016094336469,50.75225381611812,0
192.41282752183477,48.679674703302766,65.83123586321884,0
192.43282885525701,58.63197334257336,51.31823927384214,0
192.45283018867923,46.67646482531606,70.6737863450048,0
192.47283152210147,45.5693490305034,48.955207673891216,0
192.4928328555237,51.90805402904992,55.49103673978793,0
192.51283418894593,63.563284094497625,50.47350617573477,0
192.53283552236815,67.85839974380943,49.13982329529877,0
192.5528368557904,102.35622455077555,60.528739025348756,0
192.5728381892126,50.91223276487763,51.913553374416985,0
192.59283952263485,53.068002826119425,38.80907024233803,0
192.61284085605706,56.21268204220568,43.67637673190062,0
192.6328421894793,37.59439106356022,54.33660351132906,0
192.65284352290152,53.74293807322497,59.68061778982561,0
192.67284485632374,62.12196846136687,49.66926436086108,0
192.69284618974598,55.12302310701896,35.48313889009543,0
192.7128475231682,59.771984582375005,58.47283554570636,0
192.73284885659044,53.999800079781835,54.94920649126597,0
192.75285019001265,52.78046966102301,37.09483819479174,0
192.7728515234349,53.214865363218706,58.75959190104311,0
192.7928528568571,49.57152801360582,39.50110166380982,0
192.81285419027935,53.98006704839393,31.726963563795444,0
192.83285552370157,49.83311778011885,26.941746325162097,0
192.8528568571238,36.519428371126345,65.36043189180765,0
192.87285819054603,57.327503039131955,38.759983425347706,0
192.89285952396827,45.01128642006977,33.43773052525547,0
192.91286085739048,51.62378462983732,46.55780452701306,0
192.93286219081273,33.70053470377974,25.018927513802574,0
192.95286352423494,30.6293098506722,50.32710280490759,0
192.97286485765716,43.74779569549534,41.95223937604065,0
192.9928661910794,40.003925929594,37.73112456767724,0
193.01286752450162,38.36348536695234,38.48087260794847,0
193.03286885792386,30.9357221330324,24.878947593863494,0
193.05287019134607,43.23697380025496,39.41080143088996,0
193.07287152476832,36.39924580644511,30.09568376259275,0
193.09287285819053,50.04939251897784,27.174226334827928,0
193.11287419161278,33.85283754911619,31.479729953702183,0
193.132875525035,30.24980502833976,30.261721258418284,0
193.15287685845723,38.06949354849733,38.28737682124039,0
193.17287819187945,34.56662329387345,49.48633665406436,0
193.1928795253017,44.27624124507563,15.961767780306404,0
193.2128808587239,61.562995024019216,51.10570134952391,0
193.23288219214615,46.51508987417609,23.51938160134336,0
193.25288352556836,37.87103612445298,32.47039949515003,0
193.27288485899058,36.91248951960142,19.95760479970222,0
193.29288619241282,40.05955318420637,36.53758536265664,0
193.31288752583504,19.246379051781098,18.75404823055864,0
193.33288885925728,22.88282372306778,22.519639866079107,0
193.3528901926795,49.23708977680974,22.965889221735083,0
193.37289152610174,26.508207186425263,35.82131822473873,0
193.39289285952395,27.015168501786437,18.028209310543325,0
193.4128941929462,35.154860850143216,11.5029518718663,0
193.4328955263684,26.686311798078542,11.687579946637468,0
193.45289685979066,19.9642235200932,18.694702367933388,0
193.47289819321287,34.6506261890398,22.981461269568044,0
193.4928995266351,35.51179050953245,19.189869372676966,0
193.51290086005733,28.608840111153082,15.489698332229667,0
193.53290219347957,34.0922280273315,29.162460001295166,0
193.5529035269018,27.657143631546163,15.82957700187114,0
193.572904860324,14.679340497503253,21.160682003985865,0
193.59290619374624,35.39160983082536,26.928041386163923,0
193.61290752716846,11.46883056371405,23.349405601225815,0
193.6329088605907,30.568176662508137,21.56609063980528,0
193.65291019401292,25.9212643159215,15.870731002389443,0
193.67291152743516,32.442159014404375,29.88946198869713,0
193.69291286085738,27.060227350310342,25.76650435792755,0
193.71291419427962,60.41206748611492,19.905053757020113,0
193.73291552770183,34.86068659020113,18.80560085896817,0
193.75291686112408,28.22084068157755,42.826760667487335,0
193.7729181945463,19.75640067555047,28.927931281364344,0
193.79291952796854,51.35074030405073,22.972697045348372,0
193.81292086139075,42.27621975836974,27.4518900423449,0
193.832922194813,38.31926066917094,34.774825894786595,0
193.8529235282352,38.23545885272016,18.115222482261693,0
193.87292486165742,38.51254618481713,38.3152863028146,0
193.89292619507967,37.30500547320223,37.14357772565701,0
193.91292752850188,39.61422130356551,36.00340616170964,0
193.93292886192413,53.40444315634963,33.370636668741206,0
193.95293019534634,40.83382031929533,35.590043998317626,0
193.97293152876858,47.877793539900566,35.51696339385753,0
193.9929328621908,36.31813050688669,31.107513414552493,0
194.01293419561304,38.77326931862688,40.28490718928873,0
194.03293552903526,46.47843891009049,45.57031930550299,0
194.0529368624575,82.30697478061,49.96809170545249,0
194.07293819587971,44.94436698771186,50.59495139573841,0
194.09293952930196,57.61957399376882,36.801223689179515,0
194.11294086272417,46.84204381229524,52.11044476936137,0
194.13294219614642,47.44221705028628,32.630807207652296,0
194.15294352956863,48.03926294438441,44.57486300865634,0
194.17294486299085,44.848428260293396,47.53723973186808,0
194.1929461964131,45.18847200006642,43.31102450233654,0
194.2129475298353,68.54197767041039,45.21439747974361,0
194.23294886325755,57.21236379360499,58.923258552760956,0
194.25295019667976,54.30588752232952,53.56589586503427,0
194.272951530102,86.58886553849518,51.91159142394374,0
194.29295286352422,59.77928675168166,50.047685621880284,0
194.31295419694646,61.70500440137025,51.9481699606248,0
194.33295553036868,48.05920462392736,53.85124139321259,0
194.35295686379092,56.101348878406036,51.69159466658956,0
194.37295819721314,62.945039475729345,36.092248945626395,0
194.39295953063538,62.19967741332704,46.57436217172744,0
194.4129608640576,50.73541301961311,50.6324069122716,0
194.43296219747984,77.62949423249552,64.54244373585487,0
194.45296353090205,53.436793370939995,45.95929350526144,0
194.47296486432427,60.80677300455879,30.407514739430223,0
194.4929661977465,55.23451902830669,46.89649461906536,0
194.51296753116873,61.59776167988252,52.088063492567464,0
194.53296886459097,64.32471571150158,61.32944635087148,0
194.55297019801318,62.596767150682474,58.4235990133209,0
194.57297153143543,60.52007847217783,64.8765452827363,0
194.59297286485764,91.61274063539672,54.374228279148426,0
194.6129741982799,56.512322292568754,50.794226533370235,0
194.6329755317021,62.94343175218473,49.76299767458711,0
194.65297686512434,74.85111968793943,57.481272435786956,0
194.67297819854656,55.49186353117511,42.866232025050294,0
194.6929795319688,46.385575946330604,65.93584157527309,0
194.71298086539102,66.46880510095588,49.18202489126754,0
194.73298219881326,54.711158139776664,47.58852132476394,0
194.75298353223548,55.56673453933202,43.13474253645916,0
194.7729848656577,39.73634575723631,60.37556629998732,0
194.79298619907993,50.913737791572494,42.82392529311516,0
194.81298753250215,52.6190511806282,42.47888450727656,0
194.8329888659244,37.352929352476465,42.40160422335109,0
194.8529901993466,45.10801088644533,45.21486186938818,0
194.87299153276885,40.26208165166441,22.812699914264087,0
194.89299286619107,41.764440705678325,46.05478352043749,0
194.9129941996133,42.89857758024376,38.30238049748913,0
194.93299553303552,57.21141223710913,43.55330623931335,0
194.95299686645777,33.24336544425234,49.63065441688329,0
194.97299819987998,46.59771212681924,19.915224035653324,0
194.99299953330222,49.682990813405695,39.667332963512486,0
195.01300086672444,40.617831135738875,24.495249255932208,0
195.03300220014668,47.55694422758851,33.0326793061509,0
195.0530035335689,32.89686498599303,42.048781025150646,0
195.0730048669911,55.11940362866916,33.817770504322304,0
195.09300620041336,36.68624250584841,38.82477510186084,0
195.11300753383557,28.571519440022406,27.715884958364338,0
195.13300886725781,28.809195908781543,35.34886277292342,0
195.15301020068003,40.788447178433444,29.73933354022644,0
195.17301153410227,28.831965532727036,32.27212415839805,0
195.1930128675245,26.87405496585125,22.432234260005533,0
195.21301420094673,25.07101544574788,25.32993372009325,0
195.23301553436895,34.484091717138334,48.945180848418296,0
195.2530168677912,22.046812549671387,31.396547048313515,0
195.2730182012134,40.34018180778487,13.262600352763327,0
195.29301953463565,35.282065704596874,19.312755856068883,0
195.31302086805786,30.220751081641822,22.12776241141993,0
195.3330222014801,20.67939648292498,26.488619145447853,0
195.35302353490232,28.24268072381617,26.410389640736543,0
195.37302486832453,32.76868899897571,25.672763154940203,0
195.39302620174678,23.033906309991426,20.608018685567522,0
195.413027535169,14.649686415059502,18.1038039736791,0
195.43302886859124,23.59947904812516,11.547067585293314,0
195.45303020201345,39.38809271729628,28.147095730164434,0
195.4730315354357,31.48501140430458,16.046000900806085,0
195.4930328688579,39.28477956355474,18.35712027005067,0
195.51303420228015,11.487268891339909,17.19983893197084,0
195.53303553570237,13.57252613541313,21.58759020649761,0
195.5530368691246,36.955666707202965,26.355220105325927,0
195.57303820254683,26.35864185616867,31.748019786397798,0
195.59303953596907,26.407990982628085,43.01470121402506,0
195.61304086939128,37.6765707912667,26.790533432682736,0
195.63304220281353,30.410220923706298,28.83318881453186,0
195.65304353623574,35.86052104689108,13.733079919844604,0
195.67304486965796,36.41581595597177,32.73219054189471,0
195.6930462030802,46.45479784609633,35.19619027076054,0
195.71304753650242,24.918958003130875,23.34408610191381,0
195.73304886992466,9.855576761700195,39.80614754695575,0
195.75305020334687,29.853992108441144,31.83340359939478,0
195.77305153676912,27.233316513079874,23.625591453909333,0
195.79305287019133,39.07846973371792,14.767211015482046,0
195.81305420361358,36.40310043213032,23.008230395687416,0
195.8330555370358,43.48675877690839,23.132897161691567,0
195.85305687045803,30.27571138574318,37.49715190841377,0
195.87305820388025,38.38556670040967,34.58679645000261,0
195.8930595373025,39.54985450629923,34.51427919128826,0
195.9130608707247,72.85978432323436,34.93004712239231,0
195.93306220414695,46.11482469331618,39.04192767979572,0
195.95306353756916,27.693312754314647,43.498391910788925,0
195.97306487099138,46.203365626765454,35.80954953320375,0
195.99306620441362,47.454679858997096,41.08226266528444,0
196.01306753783584,52.621415634298216,45.43662873942092,0
196.03306887125808,50.62968415509092,35.923316686172036,0
196.0530702046803,45.17693802585592,42.914299661191045,0
196.07307153810254,60.618063929561146,52.52661793947665,0
196.09307287152475,41.979577924628956,34.60467564815029,0
196.113074204947,43.14565191057841,38.69685299403554,0
196.1330755383692,34.84275775921663,34.44384728646912,0
196.15307687179146,63.04437320450937,29.184537733071828,0
196.17307820521367,69.21142709198445,50.31919788338905,0
196.1930795386359,28.93652776208918,33.155011312314016,0
196.21308087205813,57.54920293263559,46.02732720837444,0
196.23308220548037,52.97344246599144,41.15651649892284,0
196.2530835389026,57.000611167688284,51.53379408361436,0
196.2730848723248,65.43740662678704,51.53242037828046,0
196.29308620574704,44.753794157362066,54.78787123386929,0
196.31308753916926,59.69674119828959,59.66079660081847,0
196.3330888725915,68.11162215815568,52.872492438077394,0
196.35309020601372,51.27362071679645,68.15918872486613,0
196.37309153943596,63.71669678652277,50.026645003634414,0
196.39309287285818,43.29203667141383,50.35050774822918,0
196.41309420628042,61.82289141214261,59.95308798017375,0
196.43309553970263,50.18451455602811,50.37997791391894,0
196.45309687312488,70.86284988137318,55.40240816687766,0
196.4730982065471,56.30497640357549,64.59963083381976,0
196.49309953996934,61.786921172953214,54.43675428995809,0
196.51310087339155,64.1954858034328,55.4594092003905,0
196.5331022068138,54.65719460060067,54.94529015931847,0
196.553103540236,98.43225588048082,40.30422158987422,0
196.57310487365822,49.38586285465283,52.5274676147219,0
196.59310620708047,47.5576851389428,39.16465930053272,0
196.61310754050268,50.003395018507405,45.78310703846931,0
196.63310887392493,43.03090772114007,35.347607440142966,0
196.65311020734714,55.869545033944355,64.21107885340206,0
196.67311154076938,50.918891441538946,61.133256051182926,0
196.6931128741916,53.41252737600355,44.833958678127914,0
196.71311420761384,68.84216104050091,33.93248581186613,0
196.73311554103606,51.43490603252075,51.0493169074881,0
196.7531168744583,52.02098078249344,46.6917249528727,0
196.77311820788051,68.83167050197864,50.354159558595065,0
196.79311954130276,55.91393739892532,36.602642089530406,0
196.81312087472497,49.13598917432235,41.14002782890959,0
196.83312220814722,41.535397119335734,34.36843296336221,0
196.85312354156943,46.38653424265307,55.643184259617534,0
196.87312487499165,53.41200185402745,45.92633704243016,0
196.8931262084139,50.65282231439844,39.80143320440729,0
196.9131275418361,75.29644070462241,43.334230499473655,0
196.93312887525835,67.59671196051414,45.04009970752324,0
196.95313020868056,43.1326210354005,45.318653390449114,0
196.9731315421028,31.046668964476517,46.84878250340895,0
196.99313287552502,64.6130260708798,40.25611895771118,0
197.01313420894726,33.88472854363383,37.42030520755523,0
197.03313554236948,32.0219116354344,34.38472836475006,0
197.05313687579172,21.47389645754748,32.79692621028527,0
197.07313820921394,40.394648268221154,16.452574909151572,0
197.09313954263618,35.75815122256054,41.188985668874466,0
197.1131408760584,73.41897397489322,38.92826682140163,0
197.13314220948064,35.77485116744375,16.12979978608542,0
197.15314354290285,47.28341315832628,37.744104818897334,0
197.17314487632507,37.28398776032678,34.11488740725049,0
197.1931462097473,41.15712434216201,16.467126305309414,0
197.21314754316953,39.235476140921776,24.969757073284867,0
197.23314887659177,34.94324032890913,36.035132872697304,0
197.25315021001398,36.233634574477804,26.430182700423536,0
197.27315154343623,38.42547406706204,20.277024851445887,0
197.29315287685844,8.142895656261668,20.128095470010386,0
197.3131542102807,44.03564892306143,18.562399715986935,0
197.3331555437029,32.8419223470126,23.363786280350364,0
197.35315687712514,34.32001972400513,18.96994015754683,0
197.37315821054736,22.416399124577644,12.152610332064226,0
197.3931595439696,27.589499816599233,8.525964999822731,0
197.41316087739182,33.61764949071945,28.739523336347105,0
197.43316221081406,20.20965212335464,27.532079735360533,0
197.45316354423628,25.300318462291298,18.00937259565119,0
197.4731648776585,35.224120106518,27.233839913213828,0
197.49316621108073,22.504485701356785,33.6835495907353,0
197.51316754450295,20.32700569422459,36.628010375162,0
197.5331688779252,29.21545727011623,25.014608416813076,0
197.5531702113474,25.291090680414484,24.399551417596218,0
197.57317154476965,25.33004948044827,22.62276330671096,0
197.59317287819187,33.54645496533254,22.34785377933925,0
197.6131742116141,20.62912222440166,19.674437481774074,0
197.63317554503632,20.1972342135542,30.537482621787365,0
197.65317687845857,34.424459415956726,27.740165004154456,0
197.67317821188078,37.41518880209294,37.201050749180396,0
197.69317954530302,16.358820558013495,36.36285828079285,0
197.71318087872524,14.461348887986802,6.99307634872639,0
197.73318221214748,15.764393121592693,38.310235627540315,0
197.7531835455697,17.38287316647935,30.570006489531508,0
197.7731848789919,30.002209622209065,36.93457774351288,0
197.79318621241416,35.32678544720183,28.49623496926641,0
197.81318754583637,34.07284518817958,25.832002089576864,0
197.8331888792586,31.784276288502312,27.683704420127782,0
197.85319021268083,16.594265488395585,34.64128688661922,0
197.87319154610307,40.94067976581261,32.09835443421562,0
197.8931928795253,39.69861566816307,38.31106106785066,0
197.91319421294753,40.36683629747799,44.159833611105896,0
197.93319554636975,42.812241712350016,52.5404773559346,0
197.953196879792,50.424994613764945,42.616716538948495,0
197.9731982132142,34.29797475515114,26.678031955191347,0
197.99319954663645,39.49097659175079,15.789950868125981,0
198.01320088005866,43.33363203570165,27.09210836805119,0
198.0332022134809,30.23287942412817,43.04503514248969,0
198.05320354690312,54.78429192983597,51.04556172856162,0
198.07320488032533,65.4209233692053,56.92385847954063,0
198.09320621374758,56.456632553355824,48.83300648407723,0
198.1132075471698,39.61807705397799,53.94981522127416,0
198.13320888059204,58.46877914387206,45.0042799340862,0
198.15321021401425,52.19029561302119,38.09530724444584,0
198.1732115474365,36.42112822639985,34.722233218403495,0
198.1932128808587,48.81815072316546,37.45248609156937,0
198.21321421428095,58.76946593082605,34.93323614564896,0
198.23321554770317,43.75645066083327,64.8690940127608,0
198.2532168811254,56.987382348129316,54.3004008503457,0
198.27321821454763,48.43151999607128,55.168484070961526,0
198.29321954796987,60.67296092326082,54.63899288403842,0
198.31322088139208,57.18592754321525,51.11994340296542,0
198.33322221481433,47.73389402919831,41.11022731443087,0
198.35322354823654,92.27210506046009,36.242370317870744,0
198.37322488165876,59.92090512212896,48.58914834074797,0
198.393226215081,62.98015866223607,56.39758388835098,0
198.41322754850322,57.75277265574574,71.40533355216236,0
198.43322888192546,49.46471120897671,55.310171504179664,0
198.45323021534767,65.8806570709781,60.84512093481346,0
198.47323154876992,54.08848933358782,36.51402884450866,0
198.49323288219213,48.320971692842974,41.91673992822767,0
198.51323421561437,67.21580020453376,54.56904772589527,0
198.5332355490366,56.192352737860226,47.94493342702721,0
198.55323688245883,61.76154740278688,57.198701564413746,0
198.57323821588105,63.96691612331252,36.39908946326241,0
198.5932395493033,51.87437826590896,58.710257218563946,0
198.6132408827255,42.53250557886027,41.43661762732524,0
198.63324221614775,55.45195136717165,61.97250315790059,0
198.65324354956996,68.57885661005255,54.371361757287175,0
198.67324488299218,60.26514321211313,52.015647712285045,0
198.69324621641442,101.86021379629258,58.09029187378212,0
198.71324754983664,71.5225726199681,40.93551982548432,0
198.73324888325888,37.20359539019892,59.75172806306679,0
198.7532502166811,48.41140691892829,46.47521298843005,0
198.77325155010334,59.83195670562989,45.522985709652495,0
198.79325288352555,36.39061129953353,38.32952502356165,0
198.8132542169478,55.00705604866146,41.732606209154014,0
198.83325555037,47.432402696801056,26.487706681122376,0
198.85325688379226,50.75814597822579,35.97510823781623,0
198.87325821721447,48.64909930315193,54.78844720682471,0
198.8932595506367,42.8582949535999,39.60829893418837,0
198.91326088405893,38.74050629685451,44.33449630949617,0
198.93326221748117,47.95132837244563,37.64382888382084,0
198.9532635509034,32.8495057872166,44.054920232800825,0
198.9732648843256,39.02091497065925,33.11821152870731,0
198.99326621774784,39.33154908396344,25.241355987629106,0
199.01326755117006,89.3651169235035,49.08377534364682,0
199.0332688845923,38.407973330466575,32.58766641615781,0
199.05327021801452,52.473751531678765,24.26046582878059,0
199.07327155143676,41.317940472796906,40.42007964766812,0
199.09327288485898,33.8006603999776,33.36961008311254,0
199.11327421828122,32.04245064755951,29.430556602316248,0
199.13327555170343,65.68061304139145,47.509693324614915,0
199.15327688512568,41.76940326914833,28.835966341261315,0
199.1732782185479,40.329872630226916,25.016357669490066,0
199.19327955197014,26.05515939260341,43.566039037919055,0
199.21328088539235,37.973490753992905,22.442799046272988,0
199.2332822188146,77.48154353763556,34.34939108819908,0
199.2532835522368,22.703804183078596,29.32114646850946,0
199.27328488565902,31.010979486377668,20.53031732164165,0
199.29328621908127,20.20463727563041,16.030763677676255,0
199.31328755250348,63.062974887748155,20.8621321461352,0
199.33328888592573,26.152336411954114,31.22346796664738,0
199.35329021934794,26.224086142372492,16.271139197699597,0
199.37329155277018,23.429931563788646,25.540623808565755,0
199.3932928861924,32.279076909128065,19.92330809040376,0
199.41329421961464,20.04640443411673,19.15184390367653,0
199.43329555303686,17.304043835760105,27.12503828989054,0
199.4532968864591,34.73318843680621,24.52929668344029,0
199.47329821988131,33.7806910338847,33.21276149302187,0
199.49329955330356,26.74173438756064,24.702559150166405,0
199.51330088672577,49.4539791370329,25.61988173215821,0
199.53330222014802,29.240247307322072,18.435841692128022,0
199.55330355357023,32.16664872368703,34.52815634801392,0
199.57330488699245,25.417601759237495,24.29324186335134,0
199.5933062204147,25.998591533035196,33.245817291058586,0
199.6133075538369,29.09464747150929,41.28565094845921,0
199.63330888725915,34.82148002455544,25.50193241924593,0
199.65331022068136,13.112047300065681,17.656894182761203,0
199.6733115541036,22.851355374059477,21.32707842659,0
199.69331288752582,20.289420160164525,45.2720964591322,0
199.71331422094806,45.2706813439012,21.80555651212846,0
199.73331555437028,27.263663671564192,34.397436676222924,0
199.75331688779252,36.56873538301029,41.19991350006,0
199.77331822121474,31.044899020442585,17.587310799151652,0
199.79331955463698,37.64400506877362,32.1283593051766,0
199.8133208880592,33.41687711863441,22.276028161256843,0
199.83332222148144,24.96913301336832,21.612520351461857,0
199.85332355490365,37.26530989205813,26.801083526970665,0
199.87332488832587,36.357147306976984,29.204246808189076,0
199.8933262217481,41.671983850993904,44.80596229901218,0
199.91332755517033,40.79240072616408,12.084129946975288,0
199.93332888859257,79.17158016306644,36.680103755735,0
199.95333022201478,31.74139202275809,32.98696483565415,0
199.97333155543703,30.113463381350897,41.466011255254415,0
199.99333288885924,39.82889893241664,37.86965329231932,0
200.0133342222815,48.07355099640429,33.65166064531623,0
200.0333355557037,53.59471095963211,38.765879063481655,0
200.05333688912594,40.32408200503745,34.425424956576045,0
200.07333822254816,57.65656975125911,47.25558988487662,0
200.0933395559704,35.60713863113174,33.75828806991209,0
200.11334088939262,44.55271220595137,46.49522013921605,0
200.13334222281486,48.89329552249331,53.54285799088103,0
200.15334355623708,49.38773756756956,44.931017949916544,0
200.1733448896593,54.3537836584789,54.42498159207239,0
200.19334622308153,46.009995610547215,58.98166739725463,0
200.21334755650375,41.96853699990327,50.88699949099163,0
200.233348889926,43.2315361252891,59.9999841589349,0
200.2533502233482,55.159725941780856,52.18457955539408,0
200.27335155677045,38.303210652710206,37.7164019516561,0
200.29335289019266,46.91233967394335,55.66542622044183,0
200.3133542236149,48.34649632952876,48.3860847474389,0
200.33335555703712,61.010156613541255,43.546116504757016,0
200.35335689045937,55.14527031993796,63.14592397799592,0
200.37335822388158,38.55245359344882,42.903719965194824,0
200.39335955730382,53.45875202505547,50.36446558829838,0
200.41336089072604,49.286252474068576,58.507725211979356,0
200.43336222414828,69.08346880604816,51.2906610289989,0
200.4533635575705,34.049959771564446,60.250151900815034,0
200.4733648909927,61.59696998020393,63.98352868903978,0
200.49336622441496,67.39282115104893,50.85493268284933,0
200.51336755783717,43.50169118301803,50.86556777294846,0
200.5333688912594,49.079261707308305,59.05449370310591,0
200.55337022468163,57.198401767732236,48.49574779779908,0
200.57337155810387,52.00529171198946,65.72392645714048,0
200.5933728915261,55.718421329911784,47.17617487370299,0
200.61337422494833,60.55293016459441,54.20070064050843,0
200.63337555837055,68.12747569596606,53.20273083582585,0
200.6533768917928,51.594199823570264,62.653378044615906,0
200.673378225215,53.16434039943261,43.66353116365126,0
200.69337955863725,75.87118961448091,67.37565609204711,0
200.71338089205946,53.33976543939947,54.033879938606866,0
200.7333822254817,55.80072678341713,50.58274884770031,0
200.75338355890392,45.28947182315412,46.170609891483466,0
200.77338489232613,63.312756868898006,42.79597437613347,0
200.79338622574838,49.398943969803426,45.321362423708884,0
200.8133875591706,48.74618698247738,37.755321153820375,0
200.83338889259284,49.75462005783704,66.1698608726845,0
200.85339022601505,63.58836961108639,43.38977676650351,0
200.8733915594373,50.236562308101284,41.74475688844456,0
200.8933928928595,57.02221642154748,57.628231184179555,0
200.91339422628175,63.34876387805714,41.783686672659954,0
200.93339555970397,35.177425022803135,41.28201057614284,0
200.9533968931262,35.8121355899524,48.62925574604651,0
200.97339822654843,44.21524353241424,44.17650335258632,0
200.99339955997067,47.11705952720149,31.83682238079301,0
201.01340089339288,39.408877329806124,26.186933038100356,0
201.03340222681513,35.174312454288454,49.432166502879795,0
201.05340356023734,37.46219683048303,33.14134715678429,0
201.07340489365956,39.44583169337637,35.48905396174711,0
201.0934062270818,74.44297322578933,37.73144108608251,0
201.11340756050402,40.77985927856454,37.89660346205699,0
201.13340889392626,38.9653001773204,29.218176502516695,0
201.15341022734847,38.32298333668777,33.93931027296927,0
201.17341156077072,29.477825015884363,20.68665043158524,0
201.19341289419293,35.54435500642955,25.15540311435908,0
201.21341422761517,18.173062407594326,41.170907858950756,0
201.2334155610374,22.13841865481146,10.969086009401348,0
201.25341689445963,30.60177405461482,8.9171096922124,0
201.27341822788185,29.345628207104525,12.015815686366608,0
201.2934195613041,19.4044318447543,24.946111688335023,0
201.3134208947263,33.90637474055457,21.435583369459877,0
201.33342222814855,54.880438352893336,32.02212839644504,0
201.35342356157076,50.90927534331593,17.02949734052572,0
201.37342489499298,32.06875475386605,27.77939157708164,0
201.39342622841522,58.74272835672767,17.860993098281025,0
201.41342756183744,34.70284069006176,31.603596190659328,0
201.43342889525968,22.94717953137865,32.150658644437016,0
201.4534302286819,23.82489876408123,28.853976217884057,0
201.47343156210414,29.99990149419333,15.683801379532458,0
201.49343289552635,28.64938084121429,13.073192397991338,0
201.5134342289486,10.988536940391317,15.658262537634416,0
201.5334355623708,19.273927362808653,17.101412134237634,0
201.55343689579306,35.03445017359427,23.575465981761706,0
201.57343822921527,18.306922484562037,27.36501424311432,0
201.5934395626375,47.26638542153012,31.675216478381692,0
201.61344089605973,12.097454814077302,31.494260756222623,0
201.63344222948197,18.774808111911497,25.325400044412994,0
201.6534435629042,31.551288292751423,29.51597904163482,0
201.6734448963264,20.710821975397284,35.28504920476757,0
201.69344622974864,33.68616871672876,37.554243831072,0
201.71344756317086,52.96194277840103,31.819774573109218,0
201.7334488965931,59.52128185604256,49.89639617689919,0
201.75345023001532,41.28531980399253,18.135584615557562,0
201.77345156343756,31.166529904093036,23.235750482595094,0
201.79345289685978,44.45305242905991,36.70797980944614,0
201.81345423028202,22.792533134382946,48.73961767327687,0
201.83345556370423,77.96302443665749,26.965184750954517,0
201.85345689712648,43.73025767055695,20.556480660545787,0
201.8734582305487,26.169396715170418,30.251638393520043,0
201.89345956397094,30.04082642075731,30.758815557216398,0
201.91346089739315,32.84425329898887,31.767293939490923,0
201.9334622308154,72.7814548005248,38.26947543241253,0
201.9534635642376,49.872648452439684,23.012810582102645,0
201.97346489765982,43.81630006978741,41.42908611115535,0
201.99346623108207,42.790641540516305,38.52334643276418,0
202.01346756450428,38.97428511917338,35.731904003855924,0
202.03346889792653,53.95446377877255,43.54856236723759,0
202.05347023134874,52.13643364287892,48.28391759313665,0
202.07347156477098,41.17926947147943,45.18428145586472,0
202.0934728981932,48.1497605817828,57.63996870320045,0
202.11347423161544,40.735400551818735,49.32111840252434,0
202.13347556503766,55.841710282458195,37.788550216922374,0
202.1534768984599,58.17598344211872,58.24274969444831,0
202.17347823188211,41.86275031339656,54.49508863043861,0
202.19347956530436,52.58273971594174,47.75490481405544,0
202.21348089872657,53.29407185020074,48.4757558652979,0
202.23348223214882,48.47361069428827,54.32914117793695,0
202.25348356557103,46.6367834864039,52.12195324139298,0
202.27348489899325,71.1411348900767,57.676259472564624,0
202.2934862324155,60.62808926554135,56.36947885066714,0
202.3134875658377,58.78075586645535,65.2821821747549,0
202.33348889925995,86.18920312294952,44.78770697031191,0
202.35349023268216,66.89778881137671,57.65237743100152,0
202.3734915661044,66.99566356002578,49.87877657265595,0
202.39349289952662,62.34267214451296,61.687340231405784,0
202.41349423294886,60.67923097434392,45.87558393081101,0
202.43349556637108,64.79059007738918,53.0490047862203,0
202.45349689979332,58.236077182749575,51.24628639304223,0
202.47349823321554,70.53349840127495,48.40423414478171,0
202.49349956663778,54.893941986047516,49.66104880933791,0
202.51350090006,57.62013657937664,47.654569072209796,0
202.53350223348224,60.746535223228385,53.9300019400675,0
202.55350356690445,55.12241478579157,52.68224007371455,0
202.57350490032667,75.03911218128499,51.39856223406046,0
202.5935062337489,50.73158041811807,64.29065558967571,0
202.61350756717113,64.41450886213177,48.91032829606538,0
202.63350890059337,45.6251042126014,59.8868135428024,0
202.65351023401558,58.940235097216174,36.21698196908525,0
202.67351156743783,54.92588039585816,54.08747803290923,0
202.69351290086004,98.25996301311534,54.24111278296172,0
202.7135142342823,54.707877354055114,42.09613271632067,0
202.7335155677045,49.72944834889843,47.580913858256324,0
202.75351690112674,57.27107951270496,51.2875052927845,0
202.77351823454896,62.128296819069845,42.70385031445903,0
202.7935195679712,45.351107662194174,48.43490647295705,0
202.81352090139342,49.89817011771481,41.60699957697374,0
202.83352223481566,68.02753813531098,40.67856458842671,0
202.85352356823788,58.55705867237529,40.074376688654446,0
202.8735249016601,35.880694410971955,40.60285975366126,0
202.89352623508233,34.85613660873824,50.31775128059538,0
202.91352756850455,85.55137531635877,36.15132760033343,0
202.9335289019268,45.213177244209994,40.71189540218293,0
202.953530235349,47.43228381039256,47.647023809212655,0
202.97353156877125,85.95553799897122,47.99834276531362,0
202.99353290219346,34.436130008141845,35.48948111020527,0
203.0135342356157,33.20450935161834,18.72077879866798,0
203.03353556903792,30.681177553076253,16.762746173316643,0
203.05353690246017,31.232088610044773,32.35246471432574,0
203.07353823588238,60.56921845599709,37.785502361671064,0
203.09353956930462,35.95789119103583,10.031950540942105,0
203.11354090272684,36.630474541241,31.03436391303077,0
203.13354223614908,56.37823302474014,27.713027920723608,0
203.1535435695713,32.20026815808852,27.46060113583112,0
203.1735449029935,43.828739244314846,30.595478328156382,0
203.19354623641576,25.122785287645222,29.593737211795894,0
203.21354756983797,45.61715414210445,18.013975715363124,0
203.2335489032602,33.033851701496864,21.218766500002552,0
203.25355023668243,35.723978678641785,21.710191590587453,0
203.27355157010467,25.159806869865612,20.13027125995875,0
203.2935529035269,27.083842564349087,19.90336048328163,0
203.31355423694913,19.32234749490044,19.584362056904574,0
203.33355557037135,36.66841329127615,32.78921014806398,0
203.3535569037936,22.88097327018769,31.2863547014333,0
203.3735582372158,23.025873285599086,24.590883845902443,0
203.39355957063805,28.627553860089996,31.41526117096301,0
203.41356090406026,26.66068348917161,11.127747516958918,0
203.4335622374825,32.40162013666314,17.729699476295266,0
203.45356357090472,23.79950330549496,22.496154057500696,0
203.47356490432693,13.012481343308881,31.035163096903347,0
203.49356623774918,32.8340070128974,15.49125867123863,0
203.5135675711714,30.21456959303006,19.43659626020665,0
203.53356890459364,9.810128179902943,20.764661665896135,0
203.55357023801585,24.463572787502187,18.67269685681086,0
203.5735715714381,32.29805859474248,29.04584641319895,0
203.5935729048603,31.668650759622444,26.73406317662111,0
203.61357423828255,26.317696699989796,24.965493301320123,0
203.63357557170477,20.190864530095368,26.29870275631479,0
203.653576905127,20.3836108024651,17.08187120754662,0
203.67357823854923,29.50749960963295,29.677558764716938,0
203.69357957197147,40.020497419526095,24.582579808511678,0
203.71358090539368,27.06530403179584,30.301393134131388,0
203.73358223881593,30.713196346404768,21.476801607686145,0
203.75358357223814,28.235253664148782,37.88998604401055,0
203.77358490566036,23.23174801125039,23.848619242978693,0
203.7935862390826,20.996856137082894,34.4323841666535,0
203.81358757250482,35.39864135900146,26.835056543693174,0
203.83358890592706,34.864094317484,21.162121155641444,0
203.85359023934927,84.35459071517276,26.006107132841805,0
203.87359157277152,31.50537442887821,26.11026360161354,0
203.89359290619373,29.86917704920458,24.20642712067637,0
203.91359423961597,42.83916041946448,41.51686818358749,0
203.9335955730382,41.81368712312367,34.54794897632003,0
203.95359690646043,36.50563375909872,27.791410711104135,0
203.97359823988265,41.23912765299864,22.57994239895872,0
203.9935995733049,56.47291043408543,31.35231927853401,0
204.0136009067271,48.71437481990625,41.761350069802944,0
204.03360224014935,42.93923013155503,29.58741368984588,0
204.05360357357156,53.89866229504058,37.15507180642326,0
204.07360490699378,39.466035354332554,55.10455064344956,0
204.09360624041602,40.54933599319763,36.19067977101217,0
204.11360757383824,94.79541872501326,59.478515631199905,0
204.13360890726048,56.9075397284859,47.62423565568857,0
204.1536102406827,52.571374628701214,38.95478620781562,0
204.17361157410494,52.35968103160319,47.08894100203338,0
204.19361290752715,55.1377437751249,45.62538800817843,0
204.2136142409494,58.273837865051185,41.485248755259555,0
204.2336155743716,44.75990400671688,53.02007231084306,0
204.25361690779386,42.48226354356797,50.19226888026179,0
204.27361824121607,48.7015975246021,60.461986692666535,0
204.2936195746383,50.147895044067944,54.372521326978806,0
204.31362090806053,66.4020013754019,39.972083253561344,0
204.33362224148277,59.90043921601278,65.47528868038758,0
204.353623574905,48.189738334889825,63.137834373824305,0
204.3736249083272,46.519939995619225,63.32719880629361,0
204.39362624174944,53.960638366943094,40.67204504189147,0
204.41362757517166,67.90045000309723,52.30086252542548,0
204.4336289085939,48.71947180750296,60.10465099766451,0
204.45363024201612,47.50428860558931,45.03965114203599,0
204.47363157543836,58.858243174401196,47.5931775739333,0
204.49363290886058,63.44600276562942,45.695867378397416,0
204.51363424228282,52.54965568723696,52.220608665079304,0
204.53363557570503,45.940692860418174,49.64926717750616,0
204.55363690912728,78.6689554730898,54.66235936989422,0
204.5736382425495,65.87142237952482,50.753741559982195,0
204.59363957597174,45.800700804764645,59.5234827994624,0
204.61364090939395,59.511776649678296,40.081763042842596,0
204.6336422428162,63.089402070769836,41.36999865845535,0
204.6536435762384,60.12666964675233,52.50025426135087,0
204.67364490966062,57.9343165836944,36.767534610188136,0
204.69364624308287,49.616611901251716,51.81841764573817,0
204.71364757650508,42.30460001491564,47.829957255103736,0
204.73364890992733,50.509674463771915,60.80667130434418,0
204.75365024334954,53.87417511824612,51.887136399442554,0
204.77365157677178,48.74700252667265,60.619008470683184,0
204.793652910194,49.80804055228578,31.077013412626137,0
204.81365424361624,78.00608528037948,50.04085347977148,0
204.83365557703846,64.5711116297292,39.32902524854989,0
204.8536569104607,35.62179629257463,46.40519131200964,0
204.87365824388291,49.939829885653054,35.13241311065422,0
204.89365957730516,55.88073048436674,37.10467131206735,0
204.91366091072737,46.736404250519804,40.1041772073307,0
204.93366224414962,35.099218721625434,40.29481582002638,0
204.95366357757183,32.48794783642457,41.18406269011624,0
204.97366491099405,52.76574071241583,33.49639855786927,0
204.9936662444163,45.67334160811211,38.86662081403663,0
205.0136675778385,40.84840997514468,47.260471929576894,0
205.03366891126075,42.58873519392193,36.06682467890275,0
205.05367024468296,44.89338164160782,47.28314840954234,0
205.0736715781052,47.33541420651231,38.83128863855802,0
205.09367291152742,33.4382215255871,28.040706721883264,0
205.11367424494966,42.33376738325659,21.934268275294116,0
205.13367557837188,37.03980984545981,32.723726518687386,0
205.15367691179412,30.577777431778223,29.836479154863447,0
205.17367824521634,36.40194979645286,45.4000607992293,0
205.19367957863858,30.905562627882823,34.238312005050936,0
205.2136809120608,32.086995361861874,12.93152328791301,0
205.23368224548304,27.927534625137362,32.001794615377605,0
205.25368357890525,44.75270095972556,22.75512423255977,0
205.27368491232747,20.00697073670836,29.33767738170236,0
205.2936862457497,33.25926609686213,21.290062809898647,0
205.31368757917193,36.976786273056476,31.80003723871217,0
205.33368891259417,35.986452033277345,25.45362075703094,0
205.35369024601638,35.684529696213836,37.08259295688965,0
205.37369157943863,19.89170949424745,24.800378207125267,0
205.39369291286084,17.064998942714666,10.668820490903018,0
205.4136942462831,31.318088393885343,27.893019912400263,0
205.4336955797053,29.71619507532169,17.68776044065791,0
205.45369691312754,19.906310196344844,32.85712140841739,0
205.47369824654976,23.15676961777808,25.81096196213938,0
205.493699579972,23.853893885946636,12.714868527969738,0
205.51370091339422,17.155337969204826,32.3383234945537,0
205.53370224681646,22.898311304436824,35.48094748942127,0
205.55370358023868,37.20496859234025,9.899821638654396,0
205.5737049136609,25.359429191497526,22.312689730671945,0
205.59370624708313,10.390552206741624,16.99487963513511,0
205.61370758050535,31.384012965124086,36.455015268652346,0
205.6337089139276,32.16517522926127,24.111070828393906,0
205.6537102473498,27.443122744538346,9.44634941727644,0
205.67371158077205,17.53774167970669,23.49980924826551,0
205.69371291419426,22.44463751027678,24.955379136211643,0
205.7137142476165,19.524468746907964,27.896480848454786,0
205.73371558103872,50.18449217736706,22.67026153287743,0
205.75371691446097,31.98787525884889,37.19917559115452,0
205.77371824788318,28.72129507580122,38.00876274966778,0
205.79371958130542,41.62732878597597,27.89612344150197,0
205.81372091472764,33.58885221229279,27.032504354909282,0
205.83372224814988,46.739988690977995,38.158673820552906,0
205.8537235815721,34.36897599171001,24.91822339188935,0
205.8737249149943,43.99111533976579,17.25614143022247,0
205.89372624841656,46.3765132472934,47.06547647073005,0
205.91372758183877,46.0575645280172,39.373150573473744,0
205.933728915261,42.2618332593504,27.443320435049976,0
205.95373024868323,37.9304497634749,39.439183904484864,0
205.97373158210547,34.70530031578027,38.76848077233209,0
205.9937329155277,41.29123559263587,46.498358947661686,0
206.01373424894993,55.79773797459045,39.84575661621716,0
206.03373558237215,34.27184830353669,33.840516861279404,0
206.0537369157944,32.36338312391197,43.266974127609764,0
206.0737382492166,44.311744188844614,38.23939929155694,0
206.09373958263885,44.97359619640903,33.81419089980112,0
206.11374091606106,37.088054660902685,59.44507227956479,0
206.1337422494833,45.97890993235453,61.73042074729594,0
206.15374358290552,55.29291005373345,41.16283771309942,0
206.17374491632773,59.01942101832825,39.403810272636115,0
206.19374624974998,47.338734217123616,37.32522883288445,0
206.2137475831722,61.63989091437165,45.064547862167785,0
206.23374891659444,67.13388445777748,50.032805787973906,0
206.25375025001665,63.80806347538049,47.892750406604996,0
206.2737515834389,64.14352243996457,46.93343712103121,0
206.2937529168611,59.21239816555952,57.25310608161003,0
206.31375425028335,65.47428387036817,51.461342637839614,0
206.33375558370557,51.067181951368006,58.220098239088884,0
206.3537569171278,64.15610443758443,51.59987921011042,0
206.37375825055003,58.26294701073578,44.29460722553843,0
206.39375958397227,53.96311731116259,55.72028268627237,0
206.41376091739448,52.5871616902803,63.10677167567663,0
206.43376225081673,56.86428596084839,57.081232567567376,0
206.45376358423894,53.420390847452296,52.81836395665005,0
206.47376491766116,48.41885316066156,67.10473776387192,0
206.4937662510834,66.87738922281565,53.33076838343362,0
206.51376758450562,58.40594237402339,45.77619879278538,0
206.53376891792786,54.94651577211424,51.496163324502845,0
206.55377025135007,43.39744879430437,70.01697237573492,0
206.57377158477232,59.27301189908998,52.90208126581708,0
206.59377291819453,46.76482980466915,51.016874247459235,0
206.61377425161677,53.02341026564418,52.47061879792151,0
206.633775585039,54.10850582323701,52.22931249588883,0
206.65377691846123,49.79503495288027,50.284475961993,0
206.67377825188345,52.54596455759539,51.958877631233385,0
206.6937795853057,69.51647892114198,50.694294132750585,0
206.7137809187279,44.875667045320405,38.91172704162128,0
206.73378225215015,58.05633081986818,57.53071566483793,0
206.75378358557236,52.85650311507556,50.27400121071167,0
206.77378491899458,49.03830512581383,50.51622204378115,0
206.79378625241682,50.19661552328077,41.06330840185865,0
206.81378758583904,58.771041962555444,43.77297613342619,0
206.83378891926128,48.17827193232383,29.577291285510466,0
206.8537902526835,42.002358799156085,49.138754508273344,0
206.87379158610574,48.852340007407626,41.50534328681399,0
206.89379291952795,48.87544728889325,39.18586082527671,0
206.9137942529502,55.952345523408674,45.75678545534506,0
206.9337955863724,48.260693657735985,41.55510576032889,0
206.95379691979466,50.240434863750735,38.359208155111666,0
206.97379825321687,37.18201306690773,34.0900664076383,0
206.9937995866391,53.953990580773905,37.758419091239986,0
207.01380092006133,39.078248777610426,45.839680891953826,0
207.03380225348357,57.65430136892748,30.796905724411396,0
207.0538035869058,38.112207332764925,24.416310735393104,0
207.073804920328,54.75764651572716,30.296492034266052,0
207.09380625375024,39.765987254362045,19.820487075171307,0
207.11380758717246,26.88813784439769,35.566241844652154,0
207.1338089205947,26.098948503178626,33.69997920771353,0
207.15381025401692,33.383657960402914,26.917929173017015,0
207.17381158743916,38.54931427940352,37.75282952424922,0
207.19381292086138,34.811569548816934,29.33244470795853,0
207.21381425428362,41.244602196283296,29.347501244132406,0
207.23381558770583,33.406497832709896,34.02194327195098,0
207.25381692112808,34.144590740756385,33.07322252750128,0
207.2738182545503,39.035443970546524,27.623247286183894,0
207.29381958797254,31.682525412077414,23.227512026472944,0
207.31382092139475,32.18467051202741,14.247152492055365,0
207.333822254817,22.9666188857501,18.053170666507658,0
207.3538235882392,23.9526371459408,31.235929797464017,0
207.37382492166142,37.29902248182634,30.534253330202418,0
207.39382625508367,26.50775046933786,22.57668482937539,0
207.41382758850588,35.538440765243145,45.29423692213809,0
207.43382892192813,27.09522478150664,18.64260569147119,0
207.45383025535034,23.50899794627244,14.361382541340564,0
207.47383158877258,12.05014293649989,37.561299808695,0
207.4938329221948,30.003564596925177,14.179631481057609,0
207.51383425561704,39.1188292479994,30.942939155763664,0
207.53383558903926,28.769831126255518,19.965953456922605,0
207.5538369224615,31.61039375761085,31.76304371722187,0
207.57383825588371,38.46280657456805,35.68658317523925,0
207.59383958930596,30.203801124576785,13.727466356347588,0
207.61384092272817,26.41077801002998,34.565641998954355,0
207.63384225615042,25.675930332737558,25.7637263825633,0
207.65384358957263,41.66350131481461,27.234240225458908,0
207.67384492299485,22.741822571870035,19.991639865867846,0
207.6938462564171,26.660583254095055,46.21265542001517,0
207.7138475898393,15.205703420855247,30.324342575175606,0
207.73384892326155,44.81751308361798,19.737400225012,0
207.75385025668376,32.20103536540649,36.20675323499338,0
207.773851590106,29.558223396387408,46.047754740021205,0
207.79385292352822,18.566581571790636,19.159594461175573,0
207.81385425695046,37.322338451244086,34.58838735387903,0
207.83385559037268,39.804298614496304,26.705819333023978,0
207.85385692379492,42.33651575547354,35.501136210193145,0
207.87385825721714,29.579416568750563,34.79665507287592,0
207.89385959063938,42.84310228030669,43.580943171327874,0
207.9138609240616,39.542922994531004,23.463078019427712,0
207.93386225748384,35.91208146784913,18.353457376531455,0
207.95386359090605,47.95919663076699,32.24534691372321,0
207.97386492432827,42.30915595706041,40.61344184633583,0
207.9938662577505,35.27428131107728,29.483226803455636,0
208.01386759117273,30.386282971354362,49.53502935562425,0
208.03386892459497,46.92890264219541,45.19402459252287,0
208.05387025801718,49.11199981283245,51.200397132116706,0
208.07387159143943,46.11321695584212,39.8353688025779,0
208.09387292486164,58.74687611251181,46.036792748989136,0
208.1138742582839,50.389355529528984,17.0266515952152,0
208.1338755917061,44.02740356566001,59.54090787828939,0
208.15387692512834,44.51078705162115,39.719522730707844,0
208.17387825855056,26.4498769237917,54.72364492268674,0
208.1938795919728,54.146265581663954,50.1505856759247,0
208.21388092539502,50.292337460996414,59.2442092485468,0
208.23388225881726,55.76072680122342,47.46963953891299,0
208.25388359223948,62.25552058293891,39.73076772162379,0
208.2738849256617,56.257658557437665,52.317599373672586,0
208.29388625908393,46.83464367107999,48.72840297357907,0
208.31388759250615,60.30341119834111,58.69962385689253,0
208.3338889259284,56.14858765031269,35.30789925300884,0
208.3538902593506,68.56604995181519,37.41184407059973,0
208.37389159277285,49.34448434019408,48.46860182340718,0
208.39389292619506,53.67026510264777,48.22550614830575,0
208.4138942596173,54.90406116177873,59.686961454487836,0
208.43389559303952,50.84195072921756,56.25816977800372,0
208.45389692646177,54.91017282654887,65.18466184789264,0
208.47389825988398,68.65935120898502,59.16173378165665,0
208.49389959330622,48.90886802459631,67.63326073124453,0
208.51390092672844,57.7785386482085,46.61658563147612,0
208.53390226015068,52.78343934175691,60.54200265993111,0
208.5539035935729,51.52432449427516,71.41576261200748,0
208.5739049269951,59.80905255984251,55.08977567134177,0
208.59390626041736,60.64966899102414,48.92183148599997,0
208.61390759383957,50.956781267301736,51.696705688120204,0
208.6339089272618,64.86075491931102,49.47400658072354,0
208.65391026068403,45.360398054377754,41.96526858174895,0
208.67391159410627,60.50187288784054,41.52666235404767,0
208.6939129275285,64.22988583927989,51.77982466968224,0
208.71391426095073,62.64513856678805,56.954686971874,0
208.73391559437295,64.51653393429648,54.3482283754214,0
208.7539169277952,59.39661936177138,29.540526097058706,0
208.7739182612174,46.660158041521534,52.06945140876306,0
208.79391959463965,57.60326040170105,50.64796070470882,0
208.81392092806186,49.17747328499692,46.991773302991625,0
208.8339222614841,40.61871026454159,57.26263040865243,0
208.85392359490632,58.74155755248206,19.43747187433549,0
208.87392492832853,45.1099182141051,41.2487203782924,0
208.89392626175078,56.21985550170655,35.08713234095604,0
208.913927595173,36.242735725199836,30.719163035504643,0
208.93392892859524,37.43732962695933,46.13565458985069,0
208.95393026201745,63.55290573951115,43.026311407068576,0
208.9739315954397,40.26725409197661,27.660413303516684,0
208.9939329288619,53.115702740727315,33.88419637439906,0
209.01393426228415,29.733858908663937,35.29147574462449,0
209.03393559570637,52.48184811300138,37.91284035916316,0
209.0539369291286,34.098329385979085,41.420503473012545,0
209.07393826255083,34.29099538517776,27.28358482790935,0
209.09393959597307,35.438808982589585,36.057556979400175,0
209.11394092939528,48.67142123487267,43.19249358723748,0
209.13394226281753,29.243323086982883,28.943018509449615,0
209.15394359623974,45.05871774400665,37.80741735003258,0
209.17394492966196,32.53058878738773,31.21306644879271,0
209.1939462630842,46.986665174020644,26.538433708782193,0
209.21394759650642,35.72431576756108,5.108709578537596,0
209.23394892992866,27.372643891024094,33.62518848756349,0
209.25395026335087,23.10972193693679,25.462414581851736,0
209.27395159677312,31.729781520315804,20.221291230499304,0
209.29395293019533,14.37131197134721,23.346552861261063,0
209.31395426361757,22.471984588467777,21.728254422565133,0
209.3339555970398,18.806786727985855,23.9810943002621,0
209.35395693046203,37.9273834096123,6.517623067185717,0
209.37395826388425,33.83987052129229,29.298515438908726,0
209.3939595973065,19.29255309494955,26.085548914253728,0
209.4139609307287,29.5601438454071,38.45574905523895,0
209.43396226415095,26.49742147092734,47.93349895404371,0
209.45396359757316,31.58208717504138,17.33175096239909,0
209.47396493099538,30.669536364242493,33.27353170469608,0
209.49396626441762,38.668264150687065,27.18042679555095,0
209.51396759783984,32.54495215096086,21.2166983340229,0
209.53396893126208,17.092248004692287,34.20822617992664,0
209.5539702646843,43.73922269508378,28.396160428392154,0
209.57397159810654,18.293223074168104,14.14493467881905,0
209.59397293152875,25.289259760263196,13.322953264928149,0
209.613974264951,53.47356098071667,38.159881931498774,0
209.6339755983732,34.52204077729191,38.650707176376486,0
209.65397693179546,43.253688692454375,12.041576277031753,0
209.67397826521767,22.837497836666408,16.248297372794646,0
209.6939795986399,30.031735383764943,17.06278883227825,0
209.71398093206213,28.265039793407045,39.258361329528114,0
209.73398226548437,14.367105159128819,22.285028200159964,0
209.7539835989066,7.0918089031264735,28.627997259725213,0
209.7739849323288,27.975343486560288,37.01403203630625,0
209.79398626575104,30.556187050764755,20.910931192650278,0
209.81398759917326,36.55160858099175,28.177016188992265,0
209.8339889325955,43.12471475348917,24.527783697091014,0
209.85399026601772,43.683465326204605,35.64619774731553,0
209.87399159943996,37.582214112170185,36.29254536801528,0
209.89399293286218,28.144589921731267,33.46095782702093,0
209.91399426628442,36.911666763068084,56.93705639096876,0
209.93399559970663,36.485917443510054,39.693008234995624,0
209.95399693312888,33.21739816975976,31.578545207485433,0
209.9739982665511,35.30206153725198,33.45390932023261,0
209.99399959997334,35.44919238061014,45.6889790589414,0
210.01400093339555,59.57452914221935,35.860849129602826,2
210.0340022668178,34.47269137611754,27.380045323666963,2
210.05400360024,52.46577561142373,45.42512823862079,2
210.07400493366222,56.602959521768625,52.664098729493425,2
210.09400626708447,43.49410018138131,39.497694707254325,2
210.11400760050668,47.593264501603635,49.1096383054234,2
210.13400893392892,38.618852584223326,41.91080787733658,2
210.15401026735114,58.53589918828845,60.986128173012645,2
210.17401160077338,40.780180806032384,44.27826078836862,2
210.1940129341956,52.842785522333386,54.64218767206287,2
210.21401426761784,47.80994494891057,44.07086101825761,2
210.23401560104006,57.116787057301785,52.04379796028402,2
210.2540169344623,58.420384520576185,42.14865726303029,2
210.27401826788451,49.075131041623905,45.48031458474592,2
210.29401960130676,46.484780839462644,51.664706052831214,2
210.31402093472897,57.88043768699139,62.15952658862536,2
210.33402226815122,48.47683138711971,48.38568308897414,2
210.35402360157343,49.932122480809774,50.88688574348635,2
210.37402493499565,50.09745855502152,51.34568666703714,2
210.3940262684179,48.51564223097131,49.599157499037254,2
210.4140276018401,59.416549751029876,50.54983005816224,2
210.43402893526235,62.38488438578615,48.726095839722454,2
210.45403026868456,61.57385913776331,53.25707162890634,2
210.4740316021068,63.322873773999646,53.763928319145194,2
210.49403293552902,66.80254862548632,54.324332029512476,2
210.51403426895126,52.63047229086859,48.32273469785053,2
210.53403560237348,63.20317827323995,51.46183173722965,2
210.55403693579572,57.282001350684325,63.73079555656908,2
210.57403826921794,64.09420048661244,45.971285002645004,2
210.59403960264018,59.095801157014485,56.72329073976535,2
210.6140409360624,66.08196674874925,45.024235769327454,2
210.63404226948464,65.09644203900055,48.454421313352675,2
210.65404360290685,57.651981206470744,46.43346793400529,2
210.67404493632907,63.039752995279095,64.50935580425813,2
210.6940462697513,54.69849836185932,57.459610825466086,2
210.71404760317353,54.074967713725044,54.73641973125878,2
210.73404893659577,56.605950906851376,49.19307751568252,2
210.75405027001798,52.01102496292691,48.079967546482045,2
210.77405160344023,54.28131800902161,37.985720425560494,2
210.79405293686244,55.80903413235053,53.06934075093494,2
210.8140542702847,48.708932930771184,47.00132440778395,2
210.8340556037069,46.663056006501435,45.93779024726595,2
210.85405693712914,60.039894745478065,61.76480167916765,2
210.87405827055136,60.976532778671725,49.00151992313725,2
210.8940596039736,46.428491010964116,37.20254281445881,2
210.91406093739582,46.21130836351196,37.466936237903695,2
210.93406227081806,39.67622589212339,41.349366592125016,2
210.95406360424028,43.89839484100378,54.534065404337426,2
210.9740649376625,51.66035198045245,32.564789127857026,2
210.99406627108473,54.91647056307619,32.34714656731702,2
211.01406760450695,35.10433721286688,48.09095262746967,2
211.0340689379292,42.19610593749862,30.400702519338676,2
211.0540702713514,42.9042576272519,35.78246734309938,2
211.07407160477365,45.40655347706222,30.3464779386028,2
211.09407293819586,37.12452666776221,24.842991944803806,2
211.1140742716181,33.71946744751866,29.17617804694785,2
211.13407560504032,36.93478823456736,28.734753812535022,2
211.15407693846257,23.280606623774787,32.663706226691936,2
211.17407827188478,36.65669629837909,19.997656407948647,2
211.19407960530702,23.47278885947911,18.065384720597173,2
211.21408093872924,26.345370289411587,29.272351571841952,2
211.23408227215148,19.470454496834673,16.78544128920662,2
211.2540836055737,23.13253768461977,18.147452003576205,2
211.2740849389959,25.638846293417295,14.878429700229084,2
211.29408627241816,24.78711927175652,13.450680315589794,2
211.31408760584037,21.735631268052114,15.806640798682091,2
211.3340889392626,24.488025814279922,16.319981329162804,2
211.35409027268483,30.942807338930088,13.204932264435406,2
211.37409160610707,21.467660700189487,19.61231958369732,2
211.3940929395293,29.800041053246645,16.40906486271279,2
211.41409427295153,15.86653747023379,7.772249874281348,2
211.43409560637375,18.290327497061856,18.463273444453666,2
211.454096939796,15.110505469644629,14.728465581224992,2
211.4740982732182,18.591659832402346,9.074396789568116,2
211.49409960664045,17.577815787436272,13.095988550137005,2
211.51410094006266,23.03474421068216,15.847143152631906,2
211.5341022734849,20.114156950500682,11.003054365089323,2
211.55410360690712,26.046800085958115,19.09089027238788,2
211.57410494032933,18.07096350305064,14.410321216261215,2
211.59410627375158,16.910180607059484,20.90259602184663,2
211.6141076071738,11.890033953922844,18.081694964873794,2
211.63410894059604,20.796244747137532,16.99903194415455,2
211.65411027401825,10.78029215528784,18.321648141314338,2
211.6741116074405,16.164106461469615,23.41547193471819,2
211.6941129408627,19.31244398928244,24.237888024304763,2
211.71411427428495,20.23984016511002,17.090721359898588,2
211.73411560770717,23.47224358278928,31.604962801703998,2
211.7541169411294,31.874013754522032,28.25901354182796,2
211.77411827455163,31.126041104218675,21.396757494977408,2
211.79411960797387,30.492184154676988,23.26280875777173,2
211.81412094139608,31.05256293123065,27.14795261368411,2
211.83412227481833,29.960714898916006,26.579313655084245,2
211.85412360824054,35.826987477953935,38.76295613096119,2
211.87412494166276,32.80747294924319,28.524800203363817,2
211.894126275085,36.496509564580194,41.5433209323807,2
211.91412760850721,33.199938888588925,34.299891568081264,2
211.93412894192946,36.34046422167456,33.30433479710818,2
211.95413027535167,31.721453286863692,41.75867385009793,2
211.97413160877392,43.45552864747057,30.354604365922157,2
211.99413294219613,48.19872700305951,37.91819986250748,2
212.01413427561837,46.039617956661125,32.52653024861866,2
212.0341356090406,51.340780728831646,43.28525431585673,2
212.05413694246283,53.29836636461853,42.1219768124297,2
212.07413827588505,55.08877092324279,46.11786668007613,2
212.0941396093073,46.09800912657627,47.83687738449469,2
212.1141409427295,48.60935292230994,51.44980725355041,2
212.13414227615175,52.33682045564031,43.85928660056955,2
212.15414360957396,59.60322082269023,54.329145864402456,2
212.17414494299618,56.13715833338949,64.82699438391856,2
212.19414627641842,58.45883668815062,51.442686541232604,2
212.21414760984064,57.49719405870264,53.7585106995161,2
212.23414894326288,58.57281821616524,56.524519390952435,2
212.2541502766851,59.33852038735793,68.95991919806622,2
212.27415161010734,62.69678745211712,62.93977713650101,2
212.29415294352955,66.5123815212525,59.458808735020476,2
212.3141542769518,60.64777274696431,60.83418327587631,2
212.334155610374,72.8003211919515,63.02714805703399,2
212.35415694379626,62.95953526679228,65.7957369249697,2
212.37415827721847,69.26185272628521,71.52738635736256,2
212.3941596106407,70.97158431137653,60.88869223672299,2
212.41416094406293,76.8939690129742,60.55005119513577,2
212.43416227748517,71.89166697189165,63.64953982371185,2
212.4541636109074,68.49233060696882,66.08965861526471,2
212.4741649443296,69.35909568730052,62.78500160389176,2
212.49416627775184,65.1322319193879,71.2008150029544,2
212.51416761117406,74.75885579134479,64.83185167916642,2
212.5341689445963,68.98254648364681,63.231820517271736,2
212.55417027801852,69.52209371192417,65.68703868431287,2
212.57417161144076,74.78641185741031,64.18936188210067,2
212.59417294486298,63.05849004242189,62.90102448989592,2
212.61417427828522,70.0202397365379,61.07188936400798,2
212.63417561170743,67.31184051274295,62.61379628535587,2
212.65417694512968,70.26705916329698,59.45148182337981,2
212.6741782785519,68.04366832436088,60.77238705563146,2
212.69417961197414,68.94232856577288,58.48748621105678,2
212.71418094539635,63.18275214203955,57.937583398617456,2
212.7341822788186,68.94727405900969,55.00488626073997,2
212.7541836122408,62.64569052519325,54.494170558248754,2
212.77418494566302,62.855747006527466,53.33083540333777,2
212.79418627908527,58.050129752573895,52.34801716815549,2
212.81418761250748,57.457656757808266,54.664197953310776,2
212.83418894592972,57.68268617774496,52.511091056093235,2
212.85419027935194,50.72767407805826,45.50941917317518,2
212.87419161277418,59.792014704243044,45.84723893347894,2
212.8941929461964,46.77473911420423,47.06756596099791,2
212.91419427961864,51.84580454210861,39.61229844454918,2
212.93419561304086,46.16242261359766,40.4092163095541,2
212.9541969464631,46.017456445257125,37.742895644975086,2
212.97419827988531,40.07124690858104,32.83321240187205,2
212.99419961330756,42.63686550875805,36.721216180251716,2
213.01420094672977,40.439961443559575,30.64471574602324,2
213.03420228015202,37.70085459152175,31.36223652334201,2
213.05420361357423,37.18110303083641,27.459727995109713,2
213.07420494699645,34.565829436654745,28.96265930915905,2
213.0942062804187,29.714088049141296,23.972299439618883,2
213.1142076138409,29.252413191384967,27.001376195693357,2
213.13420894726315,31.35520694272735,24.280955707258315,2
213.15421028068536,25.069480929147364,21.392074857024756,2
213.1742116141076,27.585214032395974,18.427785335647588,2
213.19421294752982,24.158338091174425,20.690139455737434,2
213.21421428095206,19.99823948845605,17.60277562902634,2
213.23421561437428,18.598271878141936,13.33925723861114,2
213.25421694779652,19.07772499866101,14.062741031789404,2
213.27421828121874,18.029750346377806,10.60628616424284,2
213.29421961464098,14.333943493809535,8.24224296166885,2
213.3142209480632,16.989467525313344,12.487306062716675,2
213.33422228148544,16.532287961472708,11.37184053147708,2
213.35422361490765,15.995996407693346,7.25940057831722,2
213.37422494832987,15.402533525443966,9.163908973557776,2
213.3942262817521,13.923430813608018,4.497451213671409,2
213.41422761517433,13.127622205331571,6.256102648592956,2
213.43422894859657,11.0248238751931,6.2608260516872605,2
213.45423028201878,10.793206045136658,9.896821151691992,2
213.47423161544103,7.116120784210098,4.554196797861509,2
213.49423294886324,5.71863420050746,7.1365079476437945,2
213.51423428228549,13.575273486225424,9.662686499422106,2
213.5342356157077,10.348480615883465,6.039542922318955,2
213.55423694912994,10.65217939365044,8.903552489498276,2
213.57423828255216,11.520424740841909,4.287288153696335,2
213.5942396159744,10.508565710380534,8.841748992801584,2
213.61424094939662,15.51797794414488,9.40233043069172,2
213.63424228281886,12.093840879763691,11.147070334756986,2
213.65424361624108,14.115313306474107,15.692796993768255,2
213.6742449496633,12.908724923495056,13.093732698990388,2
213.69424628308553,14.767882641006324,13.951477920207973,2
213.71424761650775,18.152525530898156,14.07022377620825,2
213.73424894993,21.682462377834995,18.56726610263412,2
213.7542502833522,20.56128441341194,20.175012992157985,2
213.77425161677445,23.3199285992703,20.94150829498617,2
213.79425295019666,23.343578657232765,22.61151301214534,2
213.8142542836189,27.979195787233888,25.836066465930823,2
213.83425561704112,25.774705484326855,26.865873668683797,2
213.85425695046337,27.272687514659268,24.778507154401197,2
213.87425828388558,30.552587792409835,28.074976112703975,2
213.89425961730782,28.847830936797884,27.269105895294924,2
213.91426095073004,33.85461779563494,35.13975046580283,2
213.93426228415228,36.542863673000085,33.931431310460255,2
213.9542636175745,37.564974614370264,38.70629829477308,2
213.9742649509967,40.509343232883296,35.49634727563666,2
213.99426628441896,37.48577458725905,40.9137852020436,2
214.01426761784117,43.19363379911751,41.63747111853753,2
214.0342689512634,46.54688212713515,42.74521523092424,2
214.05427028468563,47.61882971745881,45.81389587630535,2
214.07427161810787,48.80006616542789,49.59615600738522,2
214.0942729515301,50.36960337636705,48.19143860504683,2
214.11427428495233,54.858008474815314,50.74428636786981,2
214.13427561837455,55.3064518511897,52.71008699315256,2
214.1542769517968,57.094801667902864,53.1458361064489,2
214.174278285219,58.28777982148952,61.045592667296425,2
214.19427961864125,56.47373042141039,55.770812173750336,2
214.21428095206346,64.07407499623184,59.9836694661912,2
214.2342822854857,59.55229917137369,61.9143153791158,2
214.25428361890792,64.85355866553208,61.16499904775609,2
214.27428495233013,64.20008954574502,63.74221900712205,2
214.29428628575238,68.6267586293843,63.71550594049108,2
214.3142876191746,73.27466361127229,64.78572068805695,2
214.33428895259684,68.56458047244487,64.7988763781654,2
214.35429028601905,69.78162050177583,65.02581787766462,2
214.3742916194413,71.809507010174,67.60947435581319,2
214.3942929528635,69.44843072630226,69.04619277806886,2
214.41429428628575,72.9276819051824,67.42728316179975,2
214.43429561970797,74.26915199773309,68.25280545307969,2
214.4542969531302,76.08854609021603,67.06588497278074,2
214.47429828655243,74.3843287332724,69.90263297284885,2
214.49429961997467,70.23468639515578,68.44283451944094,2
214.51430095339688,71.83010579624907,68.9612705686823,2
214.53430228681913,71.58368070526727,67.99851288429727,2
214.55430362024134,72.54623214237124,66.8216635795867,2
214.57430495366356,73.99190069589994,68.32807721488444,2
214.5943062870858,72.12276873153387,67.979925114302,2
214.61430762050801,71.39427516272937,65.37172071686571,2
214.63430895393026,69.79937812787357,66.78021358538828,2
214.65431028735247,69.7536889921896,58.05213510654002,2
214.67431162077472,69.12038328690937,63.178265239801156,2
214.69431295419693,67.09907640957634,60.09944260216645,2
214.71431428761917,67.16956024991966,61.48912143060971,2
214.7343156210414,63.19977862996866,60.50476820538185,2
214.75431695446363,59.67526101317142,58.711285993939484,2
214.77431828788585,63.6776494337744,57.00428875149202,2
214.7943196213081,56.37813519098213,56.16070774348434,2
214.8143209547303,59.31960927157488,53.02404286713532,2
214.83432228815255,55.95769708745125,48.54970775323799,2
214.85432362157476,59.91978921475684,44.84703337816213,2
214.87432495499698,54.13746355177689,47.07032232303212,2
214.89432628841922,53.836765172532566,42.560026185405476,2
214.91432762184144,51.486606013827796,41.898376987166515,2
214.93432895526368,51.628897590685916,42.606246450603784,2
214.9543302886859,47.31404239525085,38.61047250628724,2
214.97433162210814,42.74077907171068,38.53380750392142,2
214.99433295553035,42.02314529526697,36.89961131416015,2
215.0143342889526,40.01603353897496,35.93893000954218,2
215.0343356223748,37.56066249370675,31.142186375274743,2
215.05433695579705,34.69639615648891,28.682458802747473,2
215.07433828921927,37.401892320921256,25.208111208504263,2
215.0943396226415,33.89765429599464,24.963526655784094,2
215.11434095606373,30.118947345826808,22.915083349743163,2
215.13434228948597,35.02537882935926,20.09625263343206,2
215.1543436229082,28.980188429038016,20.820053484254498,2
215.1743449563304,26.48269027017881,19.751166357623283,2
215.19434628975264,23.86855590236516,16.895580482499838,2
215.21434762317486,23.893975735342444,13.422625189298902,2
215.2343489565971,20.002895766935687,14.453783535033251,2
215.25435029001932,15.952486159425465,13.676347393913504,2
215.27435162344156,16.193568437572058,11.706161172414015,2
215.29435295686378,14.627468855972314,8.98354944279293,2
215.31435429028602,17.256064908883896,10.274427087335107,2
215.33435562370823,12.914903092688043,6.488244121542973,2
215.35435695713048,13.561068163294102,8.120932589094235,2
215.3743582905527,16.529985731552195,7.253681410610751,2
215.39435962397494,12.627898811668384,9.468648271189728,2
215.41436095739715,9.712276513992151,6.10678207444327,2
215.4343622908194,12.72790171498417,6.317265892376765,2
215.4543636242416,10.977849536012167,4.374220770899712,2
215.47436495766382,13.105845251794221,6.383155233016408,2
215.49436629108607,10.11048232259212,9.685580109378323,2
215.51436762450828,15.045666761487071,5.518110376364129,2
215.53436895793052,9.091290889227219,7.8132773159869195,2
215.55437029135274,8.543888388089634,10.526311554399308,2
215.57437162477498,8.8540996178355,10.98898519679225,2
215.5943729581972,10.628731729709042,10.67372330810091,2
215.61437429161944,10.21300871131793,8.012912419000294,2
215.63437562504166,16.418046028564035,9.879254056059153,2
215.6543769584639,13.62723955448235,13.353818018032364,2
215.67437829188611,15.417830909203479,10.073567440241783,2
215.69437962530836,15.484402072752331,16.573391310454546,2
215.71438095873057,16.22936273353381,16.15030509388569,2
215.73438229215282,15.480145423600137,17.146006033657354,2
215.75438362557503,19.330515114045973,18.44737218753064,2
215.77438495899725,21.814527726843156,19.824276114372786,2
215.7943862924195,23.204727228574466,23.659729627982617,2
215.8143876258417,26.473257930978907,21.199359149827554,2
215.83438895926395,24.11829948574154,23.671934293807546,2
215.85439029268616,26.486444587251142,29.368876538559313,2
215.8743916261084,28.99128179921247,29.838656730003756,2
215.89439295953062,29.749823996544826,29.63449893439223,2
215.91439429295286,33.08764572744335,30.971828001821812,2
215.93439562637508,34.485587020137245,38.06819885387172,2
215.95439695979732,36.298263451796615,38.0709154387986,2
215.97439829321954,42.893720146944354,36.42502081468325,2
215.99439962664178,40.56355405050664,40.10918336564414,2
216.014400960064,39.31518818122631,41.87584253811782,2
216.03440229348624,47.80206234793434,46.94067230770048,2
216.05440362690845,49.65039939947015,44.54923790945784,2
216.07440496033067,48.921977552144064,47.018500339345294,2
216.0944062937529,49.914127731276444,51.39614414090621,2
216.11440762717513,50.24557411616351,52.659016336724335,2
216.13440896059737,57.799522368464395,52.38322815830903,2
216.15441029401958,55.81892409253314,56.38718448174101,2
216.17441162744183,57.78478353689724,58.636733407987315,2
216.19441296086404,57.899405038098806,59.4126472593284,2
216.21441429428629,58.9626919427027,56.6675219544642,2
216.2344156277085,62.82621947742984,60.870018997760646,2
216.25441696113074,62.991651824960975,61.51181463054365,2
216.27441829455296,68.50012158198786,65.24169063523378,2
216.2944196279752,70.06764459844112,65.80547617318338,2
216.31442096139742,67.24562071679402,62.383560489047746,2
216.33442229481966,67.86713506228554,66.52053408335904,2
216.35442362824188,69.47089268419063,65.6782134494654,2
216.3744249616641,68.22726205541021,65.90611869140193,2
216.39442629508633,71.00159742418265,66.39375549316513,2
216.41442762850855,73.28679914885015,66.73107002377985,2
216.4344289619308,74.35916136674675,66.3154592617066,2
216.454430295353,72.116681823958,69.45600368246815,2
216.47443162877525,67.47992429177596,69.47957057117495,2
216.49443296219746,68.94113875542457,71.18461202980222,2
216.5144342956197,71.31168537602053,69.16358950481649,2
216.53443562904192,71.48603530977351,65.52360325183328,2
216.55443696246417,77.13966772500406,67.35252799240055,2
216.57443829588638,74.29267388202217,66.9410870062323,2
216.59443962930862,71.09329367314409,63.92696030563585,2
216.61444096273084,69.60092961910611,65.9354238054371,2
216.63444229615308,67.66352920590629,64.32249102622278,2
216.6544436295753,68.54226787807853,64.48575507682281,2
216.6744449629975,67.83989794885873,63.73654189074146,2
216.69444629641976,68.1366385833281,58.71569381818459,2
216.71444762984197,64.29396909574788,59.18682284059321,2
216.7344489632642,64.11452271759853,58.701987455752466,2
216.75445029668643,64.91254265665336,55.08667696802399,2
216.77445163010867,61.50977751622657,59.79978358313563,2
216.7944529635309,62.01331697935846,53.732527600003074,2
216.81445429695313,56.8428102554809,51.66072465446765,2
216.83445563037534,53.979038747378326,48.54453546940464,2
216.8544569637976,55.75085880473016,49.539894079176996,2
216.8744582972198,53.92813098886409,48.819306604764805,2
216.89445963064205,52.35590075669898,47.37300165370424,2
216.91446096406426,53.09465981226457,43.7939185596997,2
216.9344622974865,47.073462500773914,38.68711198489847,2
216.95446363090872,46.72469805770372,40.82576138683319,2
216.97446496433093,47.60934876071172,37.49846702061032,2
216.99446629775318,39.69250803367495,33.561974395796426,2
217.0144676311754,38.501378981813275,32.52763138501965,2
217.03446896459764,33.72648037146689,33.7987862205784,2
217.05447029801985,38.718372996570075,28.700933377182846,2
217.0744716314421,34.20929103339325,29.196359042436338,2
217.0944729648643,31.843443626454405,23.059675149966075,2
217.11447429828655,32.00033837842543,23.352876818360357,2
217.13447563170877,29.491501928219304,21.14814404136649,2
217.154476965131,28.846507998596504,22.43338364269998,2
217.17447829855323,24.506043063795502,20.41393290460186,2
217.19447963197547,25.029134064021715,18.553060820903248,2
217.21448096539768,21.497217680936814,18.4242825267591,2
217.23448229881993,22.555527979530495,16.853874348338763,2
217.25448363224214,19.686728408951247,14.3429504005215,2
217.27448496566436,16.68178449888468,11.385940207038393,2
217.2944862990866,16.070000341265526,9.0890219609375,2
217.31448763250881,15.743668774427325,9.420347372370458,2
217.33448896593106,14.329352186256877,7.679092989333784,2
217.35449029935327,12.059054991156932,8.750577034588144,2
217.37449163277552,12.156609238353523,8.416961218278551,2
217.39449296619773,13.669271171520947,11.416269222129259,2
217.41449429961997,13.592476759606836,9.874502235561732,2
217.4344956330422,13.033451621800964,7.390339971847875,2
217.45449696646443,11.654315805608032,9.706324045555329,2
217.47449829988665,12.691632731719125,9.571932982184377,2
217.4944996333089,12.288522091173027,7.23092812406703,2
217.5145009667311,13.526378203018073,8.25655548093799,2
217.53450230015335,12.188487836048264,6.517047668419433,2
217.55450363357556,11.444594154685014,8.112106009808164,2
217.57450496699778,11.92884860093212,8.382684352139979,2
217.59450630042002,14.263067970786532,6.597983595326104,2
217.61450763384224,11.39544133540035,6.999075542043483,2
217.63450896726448,14.5054836597305,10.970556790385272,2
217.6545103006867,14.211255409658264,11.86890954678096,2
217.67451163410894,16.869311095279865,17.471270119431455,2
217.69451296753115,13.195866152635492,14.15950545375321,2
217.7145143009534,19.669135271966304,14.306571228595333,2
217.7345156343756,17.11538699476086,16.64086094214325,2
217.75451696779785,22.300502334767955,17.530825766551146,2
217.77451830122007,22.820566929443768,21.34759207807501,2
217.7945196346423,25.42061465463692,21.21900949654269,2
217.81452096806453,27.52116011911037,23.669462666152423,2
217.83452230148677,28.222937045732245,26.223159657895483,2
217.854523634909,28.833419408015974,25.609252983873642,2
217.8745249683312,30.15134075261894,25.006221308211504,2
217.89452630175344,33.57342554676407,33.84392846000486,2
217.91452763517566,30.77529594935245,29.66045015701851,2
217.9345289685979,36.623182022264565,35.96261409511816,2
217.95453030202012,38.84216496865459,38.12422131099291,2
217.97453163544236,40.21113937516333,37.560295940153765,2
217.99453296886458,42.42549772144982,41.4632160450201,2
218.01453430228682,44.026616100346544,41.69129626732306,2
218.03453563570903,47.104101149798986,46.72480474232262,2
218.05453696913128,46.85752865649857,46.58339808178022,2
218.0745383025535,48.23234088407574,45.85421790553369,2
218.09453963597574,47.13401755263083,53.684380169705484,2
218.11454096939795,52.339383093170895,51.15673850131203,2
218.1345423028202,53.685313861407806,52.41833718886955,2
218.1545436362424,59.946852174464894,56.89166072208339,2
218.17454496966462,59.33890206632503,55.92544147032221,2
218.19454630308687,61.309813504214,58.63668843322942,2
218.21454763650908,64.94044693773446,61.31872644287651,2
218.23454896993132,62.641581086151646,61.37625815913092,2
218.25455030335354,63.573293613151336,62.58788727732124,2
218.27455163677578,64.08726335113286,61.58615819116872,2
218.294552970198,66.05821948242139,67.98381890160478,2
218.31455430362024,66.57527940473193,64.21398331334053,2
218.33455563704246,71.42140255734792,68.13712368556295,2
218.3545569704647,67.78272728893734,69.7286238385804,2
218.37455830388691,71.10253411525396,68.89829664478391,2
218.39455963730916,69.0843336327479,66.74484639909348,2
218.41456097073137,73.68171347585674,70.68726013767248,2
218.43456230415362,69.31310875323935,70.85186141902598,2
218.45456363757583,71.42116817666314,65.80166893518175,2
218.47456497099805,75.00697445722349,67.97268132323752,2
218.4945663044203,70.61295993624782,69.23640589239214,2
218.5145676378425,70.62412392718262,70.59887535064937,2
218.53456897126475,72.78522120815025,67.76677866202434,2
218.55457030468696,71.69317910255411,67.86522290247441,2
218.5745716381092,70.11970892565978,66.01183449268059,2
218.59457297153142,75.32682441513356,64.47833593479159,2
218.61457430495366,72.36112095796518,64.35416824092525,2
218.63457563837588,67.66454597421529,66.31666102528162,2
218.65457697179812,68.78324572413435,65.81826416352501,2
218.67457830522034,70.09074781951192,60.239738955026816,2
218.69457963864258,68.59210093812298,61.19664080151668,2
218.7145809720648,67.85515951604044,62.30018853042158,2
218.73458230548704,62.41405619525969,62.44705324622931,2
218.75458363890925,64.78160379702385,54.648221691823366,2
218.77458497233147,61.22337866567739,54.49967948311735,2
218.7945863057537,58.406924026113984,54.5556440838329,2
218.81458763917593,63.95539835139228,48.286931194027645,2
218.83458897259817,59.890484465991065,47.924868839220004,2
218.85459030602038,59.625156429051174,51.166797458061005,2
218.87459163944263,54.17738783666504,45.28933113883493,2
218.89459297286484,49.728595998661525,47.801969972814696,2
218.91459430628709,49.57169177921678,45.08401792996525,2
218.9345956397093,50.276542723729335,41.90962475869182,2
218.95459697313154,49.452027102361384,38.86041525436671,2
218.97459830655376,46.07832933293778,38.75622721718237,2
218.994599639976,44.25065133512625,36.03948749964363,2
219.01460097339822,41.72461489534226,32.20396330412449,2
219.03460230682046,39.316662092394346,30.653118895057187,2
219.05460364024268,39.778536047060975,30.392418238941005,2
219.0746049736649,34.79189490363476,27.259528514562152,2
219.09460630708713,30.189411761875007,25.908177823367385,2
219.11460764050935,28.50146225211831,21.95454644423297,2
219.1346089739316,31.026723195007314,21.40145814114593,2
219.1546103073538,24.329057176594333,21.109846521169572,2
219.17461164077605,25.339540070304068,20.01228013431656,2
219.19461297419826,26.522953324554205,19.928910294873862,2
219.2146143076205,26.179809776709106,17.623352293573273,2
219.23461564104272,25.440980175258524,12.481375855405496,2
219.25461697446497,22.068126111432022,12.640146616757665,2
219.27461830788718,18.779304404739165,12.28460582494004,2
219.29461964130942,16.63061924589835,12.154944703388212,2
219.31462097473164,16.176250978216583,11.56066599068969,2
219.33462230815388,14.57169035317179,11.292657433807694,2
219.3546236415761,13.37677525421546,6.989588402726871,2
219.3746249749983,11.491672996974188,7.080867447295149,2
219.39462630842056,12.014648802669388,5.168347241494071,2
219.41462764184277,12.196203165762746,6.563135110415457,2
219.434628975265,9.705655761599488,11.1514099660196,2
219.45463030868723,10.725601382906222,4.82816401574163,2
219.47463164210947,12.671676307339395,8.014986718144755,2
219.4946329755317,12.82580382223147,3.4393421271519617,2
219.51463430895393,15.231924723000425,7.861988516040348,2
219.53463564237614,12.22467394430326,6.245835599996807,2
219.5546369757984,8.798482959774075,9.294343804391984,2
219.5746383092206,11.063721317118798,8.32060373107219,2
219.59463964264285,14.309237354748426,10.984793908327548,2
219.61464097606506,12.298683471631865,8.819995805444176,2
219.6346423094873,12.53879325807732,11.787816110353557,2
219.65464364290952,14.870211009570124,13.922829528200733,2
219.67464497633173,17.986446112654022,13.64724298999041,2
219.69464630975398,15.522037238339651,14.89593447385428,2
219.7146476431762,15.024778136589369,12.319255276611429,2
219.73464897659844,19.00627637633208,20.124724088980404,2
219.75465031002065,23.70738716692587,18.472541208456544,2
219.7746516434429,24.826322107075143,19.06454208758673,2
219.7946529768651,25.326904695409542,21.547726536031746,2
219.81465431028735,23.78722623896887,23.24215343283165,2
219.83465564370957,23.31383069950553,28.43750509958847,2
219.8546569771318,29.07961420582467,29.44168163556965,2
219.87465831055403,27.228661580185822,28.844186264298326,2
219.89465964397627,31.519961176222644,29.11998403241289,2
219.91466097739848,34.01014251682271,32.80407094816774,2
219.93466231082073,32.23824257985836,33.50934815871469,2
219.95466364424294,34.35163204801758,37.408489394807724,2
219.97466497766516,38.12783515166595,37.54143731232208,2
219.9946663110874,41.88423480737213,39.649494188885754,2
220.01466764450961,41.519193437965306,43.85197503980086,2
220.03466897793186,43.94026246275451,43.552046323611016,2
220.05467031135407,50.036222937373196,47.40360534077865,2
220.07467164477632,48.212724770064476,49.26989624109815,2
220.09467297819853,50.891618092416984,49.909851509045446,2
220.11467431162077,51.319190852422906,54.91044354571811,2
220.134675645043,53.60384051193045,53.709864827228095,2
220.15467697846523,53.817179675833806,53.87492221029022,2
220.17467831188745,56.52466385395857,56.5253483949713,2
220.1946796453097,56.09619493315931,60.782467548564455,2
220.2146809787319,58.802159457497666,54.88282186923925,2
220.23468231215415,67.51170029199882,63.27355065940891,2
220.25468364557636,65.65316843515254,63.264518465523345,2
220.27468497899858,66.94493413406633,63.694998969415714,2
220.29468631242082,67.70949732485509,65.95311950343034,2
220.31468764584304,70.02551578038933,65.51451751549055,2
220.33468897926528,67.27188180087072,69.14565608361947,2
220.3546903126875,68.73155159185663,67.93377717706714,2
220.37469164610974,73.5740717104915,65.4834711064187,2
220.39469297953195,69.00216439422937,67.5476427762324,2
220.4146943129542,66.76620829315213,70.36874607781117,2
220.4346956463764,73.46385464448078,72.9613824335754,2
220.45469697979865,74.01874157889033,67.12416590222784,2
220.47469831322087,75.57076709423326,67.66177972845593,2
220.4946996466431,71.9840839383383,73.34867100469398,2
220.51470098006533,70.75382999917446,66.23156082270589,2
220.53470231348757,72.76308829891741,67.44066280846059,2
220.5547036469098,71.08206632280238,68.31669943080327,2
220.574704980332,72.74632570412948,67.48342380048251,2
220.59470631375424,77.09744421433903,63.598513539227376,2
220.61470764717646,71.50318207366071,68.8570506924583,2
220.6347089805987,71.56041009047148,64.36436654734007,2
220.65471031402092,70.37097206620444,63.195817204389286,2
220.67471164744316,69.53963182343976,61.1551997280802,2
220.69471298086538,67.58288536479708,62.21871314956506,2
220.71471431428762,68.50937714257225,57.22540018827344,2
220.73471564770983,63.73038072669854,57.89492624800229,2
220.75471698113208,61.36001016890229,58.304966144180014,2
220.7747183145543,60.79024081600236,55.80899415126382,2
220.79471964797654,57.72989869809551,56.2046668751966,2
220.81472098139875,58.76405727231794,51.32449435393543,2
220.834722314821,60.44438697353338,49.18813301527373,2
220.8547236482432,55.605232004090574,48.29571629788166,2
220.87472498166542,52.441448224248816,46.473299609890034,2
220.89472631508767,52.011576161034576,45.85720842631369,2
220.91472764850988,48.13237886518087,41.38881897467703,2
220.93472898193212,48.05338998870327,41.817166645364026,2
220.95473031535434,45.49142213166443,41.64842584818056,2
220.97473164877658,44.54150865098578,40.89597157595902,2
220.9947329821988,41.528478314445145,35.353492157912854,2
221.01473431562104,39.37521095378121,31.044344191101796,2
221.03473564904326,38.774580127929745,31.09170330523332,2
221.0547369824655,34.377963125938514,30.247393610112738,2
221.0747383158877,37.99293866372561,26.78040309270297,2
221.09473964930996,32.943929313607924,29.14015838231355,2
221.11474098273217,29.68967716780529,24.354329435473456,2
221.13474231615442,31.275911904122466,20.34459380460725,2
221.15474364957663,30.883851536473692,22.606137216523415,2
221.17474498299885,25.32345192761544,19.709528552211374,2
221.1947463164211,21.53365443353073,18.42705755490677,2
221.2147476498433,23.33978784917515,20.220020372347307,2
221.23474898326555,20.716024327244106,16.45941894640428,2
221.25475031668776,20.73073904778639,13.6559842812043,2
221.27475165011,20.523466270025114,12.185122497209681,2
221.29475298353222,17.769912252219235,10.475485832210223,2
221.31475431695446,14.389662893363877,9.431702304957474,2
221.33475565037668,15.871036182291013,10.61799769277832,2
221.35475698379892,18.18113770090627,5.721523915803299,2
221.37475831722114,13.41288301139748,9.2140780184577,2
221.39475965064338,14.769136093119712,6.739945563421862,2
221.4147609840656,14.656149738364874,7.868438400157817,2
221.43476231748784,11.216528878461023,7.443980660415182,2
221.45476365091005,10.227555811391166,7.821634269639145,2
221.47476498433227,13.71199998156745,4.929286015880638,2
221.4947663177545,12.037514838205063,9.063511523876652,2
221.51476765117673,10.80116187251035,9.569892660345998,2
221.53476898459897,12.681654364840083,8.261591842158893,2
221.55477031802118,11.89932742367471,7.0028336384841685,2
221.57477165144343,12.37415662402469,9.051216266217633,2
221.59477298486564,12.239994354331579,12.300456744986334,2
221.61477431828789,12.750522821330964,9.958216969463736,2
221.6347756517101,10.48669044904476,9.55490996080964,2
221.65477698513234,13.830473260222508,10.346591218621226,2
221.67477831855456,15.461841478106331,12.285768801321414,2
221.6947796519768,15.587018699099744,15.740569844386739,2
221.71478098539902,15.050050711577683,17.679281808901923,2
221.73478231882126,21.379826194890487,19.10883226053462,2
221.75478365224347,19.458539897216983,18.82836118750409,2
221.7747849856657,22.862453610606888,15.713796540443793,2
221.79478631908793,20.281897996697232,22.096113596989554,2
221.81478765251015,23.132567021293816,19.60423643647699,2
221.8347889859324,26.618281479576787,29.573328073106445,2
221.8547903193546,28.469721989754326,26.48377048918797,2
221.87479165277685,31.20665223106804,28.76885621361216,2
221.89479298619906,32.26286207357709,29.289003114981313,2
221.9147943196213,31.67254948476889,31.62016150242823,2
221.93479565304352,39.09884826084925,35.02836301049193,2
221.95479698646577,34.934773986732154,37.5972561594532,2
221.97479831988798,38.64292889380047,37.043931242516415,2
221.99479965331022,42.483057927522395,45.65288354899585,2
222.01480098673244,42.80589315662942,41.95454205336172,2
222.03480232015468,44.6977735775388,46.258517915439505,2
222.0548036535769,49.89879551383925,44.11374858983919,2
222.0748049869991,48.22079918078144,48.28842511327154,2
222.09480632042136,50.81232054031638,49.774950713968536,2
222.11480765384357,53.72976400628173,51.30080067304267,2
222.1348089872658,55.30047212114472,53.569222369139254,2
222.15481032068803,57.639603801146556,57.733276799574526,2
222.17481165411027,57.57894801914831,59.819219098322556,2
222.1948129875325,60.2417855084334,56.39493440822777,2
222.21481432095473,65.1573431602917,59.722980778563134,2
222.23481565437694,61.095439447030486,57.62948086933505,2
222.2548169877992,64.32147073877942,63.402683699333764,2
222.2748183212214,66.67754687455746,62.20033989307201,2
222.29481965464365,68.62613084011055,63.80227038270623,2
222.31482098806586,66.83327162917739,64.85360102395137,2
222.3348223214881,72.29836137923218,66.40168356690845,2
222.35482365491032,70.41689111090248,68.91553051923296,2
222.37482498833253,72.15380609735327,68.3725784683274,2
222.39482632175478,69.51938737297961,69.38858639213154,2
222.414827655177,70.22342469313293,65.3478168438689,2
222.43482898859924,75.59893695995795,71.86594451128536,2
222.45483032202145,69.39245706271187,63.88838255081504,2
222.4748316554437,72.57162395897143,72.04057969925032,2
222.4948329888659,73.1309987694026,67.18268533376185,2
222.51483432228815,72.99299807712566,66.1747151412939,2
222.53483565571037,74.17732549585583,69.02571881155684,2
222.5548369891326,72.42456029131115,67.84691804867812,2
222.57483832255483,71.9321623407751,66.92599628481541,2
222.59483965597707,72.41159575236868,65.29801042536546,2
222.61484098939928,67.04772479813207,65.02542148829438,2
222.63484232282153,67.66594618900209,61.369818351162294,2
222.65484365624374,69.50758713449915,60.947231959861185,2
222.67484498966596,62.36022809069141,63.085139203110536,2
222.6948463230882,67.27083064721103,62.75531463505929,2
222.71484765651041,66.40993138625446,62.0511284477913,2
222.73484898993266,65.93148895504898,61.139511105928364,2
222.75485032335487,63.18439769035643,54.635803679623315,2
222.77485165677712,63.741908403670394,57.88410250392791,2
222.79485299019933,61.97712411788827,53.20285470440089,2
222.81485432362157,56.55726620613119,52.673361132298666,2
222.8348556570438,55.00539926245776,47.261945276117714,2
222.85485699046603,55.64818154755717,45.90482880336593,2
222.87485832388825,54.57769281225639,51.56280503843779,2
222.8948596573105,53.21260508161591,43.95555901400455,2
222.9148609907327,48.076507168635075,42.70601632230861,2
222.93486232415495,49.91595768456122,38.104988622700866,2
222.95486365757716,42.73067648043703,39.712187088386415,2
222.97486499099938,45.329854279200525,30.743376997050316,2
222.99486632442162,39.89357894674665,33.12723663154515,2
223.01486765784384,39.10426153403989,36.22145874031189,2
223.03486899126608,36.73888742317438,30.98234711902024,2
223.0548703246883,37.11794495170748,28.228346749463228,2
223.07487165811054,30.924301480807266,31.056202577632046,2
223.09487299153275,31.395715338494607,24.62823694101696,2
223.114874324955,31.785955119251003,27.613405538705955,2
223.1348756583772,28.93874803137482,23.634573649041624,2
223.15487699179945,25.990278421828002,18.626576335850427,2
223.17487832522167,25.796046627561264,18.385485492300962,2
223.1948796586439,22.58210107666607,18.84207253831577,2
223.21488099206613,25.219159460231907,13.932852954938355,2
223.23488232548837,20.602146116836128,14.660517458033562,2
223.2548836589106,16.752383917410167,13.578192096418789,2
223.2748849923328,18.028295877115127,15.367594065115933,2
223.29488632575504,15.782440862712708,12.373746781965057,2
223.31488765917726,12.051029592843538,7.245777252269129,2
223.3348889925995,17.175101299614575,11.477808427544272,2
223.35489032602172,8.04165463648024,3.983794895675657,2
223.37489165944396,13.125482148956985,8.34294767750333,2
223.39489299286618,13.587563048986253,8.518495792737552,2
223.41489432628842,12.618344839639867,6.209223285173431,2
223.43489565971063,10.255585870170357,3.2409382816321037,2
223.45489699313288,14.778122277883142,8.757980112429442,2
223.4748983265551,13.427754755422267,5.9536529696250735,2
223.49489965997734,8.994043528832618,10.132389341030567,2
223.51490099339955,11.873654900529493,8.989785511771352,2
223.5349023268218,11.724705415266317,8.295030555147736,2
223.554903660244,9.88738729002657,11.218890514542771,2
223.57490499366622,12.086036146430947,12.455865963243347,2
223.59490632708847,12.827311048777064,9.16925746554147,2
223.61490766051068,15.653073038698661,5.202594202687818,2
223.63490899393292,15.99876155086687,13.636915148505809,2
223.65491032735514,11.488671000978904,14.840445265281447,2
223.67491166077738,15.580368205182111,8.879080273462542,2
223.6949129941996,17.305987913250018,12.895948511624752,2
223.71491432762184,20.377294525943174,18.213560444208568,2
223.73491566104406,18.90204547620007,19.526396071917574,2
223.7549169944663,17.164270165259726,18.74922015849907,2
223.7749183278885,20.421690580876277,20.78790757159229,2
223.79491966131076,24.00395914633039,22.15686470353282,2
223.81492099473297,23.54179338110009,25.693926458476387,2
223.83492232815522,30.173799278380816,28.601975789641685,2
223.85492366157743,29.756723681060983,25.81764793156383,2
223.87492499499965,34.323967454312154,27.193054189931292,2
223.8949263284219,32.986324451860014,27.3566003268269,2
223.9149276618441,35.63540534056059,32.6593161557097,2
223.93492899526635,34.78103246550289,34.33156331891441,2
223.95493032868856,35.39600897871374,34.3537046090811,2
223.9749316621108,41.34421506192519,36.87299532621562,2
223.99493299553302,40.327399208504005,38.117387770861676,2
224.01493432895526,39.370619341024046,39.21692470057625,2
224.03493566237748,47.99816173266149,42.84177507664955,2
224.05493699579972,45.364795397605334,43.06801179799223,2
224.07493832922194,47.28868080680864,49.273366291997796,2
224.09493966264418,53.80319928181726,50.73970404065116,2
224.1149409960664,52.30919718822228,51.40217721488456,2
224.13494232948864,55.5647178484577,55.09850084052398,2
224.15494366291085,59.53021913095703,50.96725694039318,2
224.17494499633307,56.292907691695,54.54655260068082,2
224.1949463297553,60.41567624284073,57.44623839480317,2
224.21494766317753,62.735482763712945,55.94333247956076,2
224.23494899659977,58.69810014308284,59.675387893897344,2
224.25495033002198,60.98053165523449,61.95827644695899,2
224.27495166344423,62.835199656936936,64.24983496602087,2
224.29495299686644,70.88324890174324,62.65657652228881,2
224.31495433028869,69.70438215695313,68.96373630181267,2
224.3349556637109,69.0212833130597,65.3772925336067,2
224.35495699713314,71.11497338402604,68.52920046696244,2
224.37495833055536,69.88746343677478,70.89480518444272,2
224.3949596639776,69.5933562169951,68.22026172799077,2
224.41496099739982,72.14206217272032,65.83563517611525,2
224.43496233082206,70.93295499887456,69.19759866589985,2
224.45496366424427,69.66429273608713,70.48983065406965,2
224.4749649976665,73.51754925962861,69.18562005948883,2
224.49496633108873,71.16840883824992,68.96737105832287,2
224.51496766451095,71.81422127973653,69.33424108677686,2
224.5349689979332,75.59608604660156,63.27122464050329,2
224.5549703313554,74.33614381239354,66.14471258140979,2
224.57497166477765,70.49368153811437,67.96622371534295,2
224.59497299819986,72.59193798213244,66.50855894345054,2
224.6149743316221,71.55176303782137,63.292165408036645,2
224.63497566504432,72.31120128830338,63.010257802634285,2
224.65497699846657,69.39964841969932,65.50314938966936,2
224.67497833188878,68.51792640534617,63.02132149813136,2
224.69497966531102,68.67272863222,62.603087282833755,2
224.71498099873324,64.80214640304335,61.8045600012002,2
224.73498233215548,65.82335563755274,62.424320872020054,2
224.7549836655777,65.9892296450583,58.16256022190211,2
224.7749849989999,61.34677402195346,54.38405124502465,2
224.79498633242216,60.461263936341304,53.7657409147492,2
224.81498766584437,56.66966219196604,50.79009587604964,2
224.8349889992666,57.66206589063497,54.772562208964146,2
224.85499033268883,54.751507412644635,44.84365625355445,2
224.87499166611107,50.142225666175264,41.7539621338863,2
224.8949929995333,47.82893225736062,46.031557684616054,2
224.91499433295553,48.13256865813839,43.02024423894515,2
224.93499566637774,49.85893181839389,40.22290892510302,2
224.9549969998,50.49943737317638,41.546888911597364,2
224.9749983332222,46.6905324001937,36.953862174600225,2
224.99499966664445,41.040930906125524,36.266625021276425,2
225.01500100006666,38.54161872115793,35.80427686907743,2
225.0350023334889,39.63371917295385,30.907061916683297,2
225.05500366691112,38.585451568362366,32.24777127364299,2
225.07500500033333,36.798552375732285,27.717646308617663,2
225.09500633375558,35.0244871856808,29.473648268131623,2
225.1150076671778,32.52432372110496,23.46201331781092,2
225.13500900060004,32.05725226909567,22.30790229207211,2
225.15501033402225,30.85797320102065,22.139724308293967,2
225.1750116674445,26.1307017044059,17.02327979928921,2
225.1950130008667,22.213238200323232,16.29901758007939,2
225.21501433428895,25.869761449389937,17.812516241792256,2
225.23501566771117,20.84481141741761,13.794774712075771,2
225.2550170011334,20.310300737439754,11.842692377670206,2
225.27501833455563,18.974958145250547,11.675001625024105,2
225.29501966797787,16.898542035100768,14.970448572268339,2
225.31502100140008,16.520528974189126,11.260618448434911,2
225.33502233482233,15.091001488809216,10.037916214066682,2
225.35502366824454,19.814249463045115,11.869593248468835,2
225.37502500166676,11.33404458479827,10.581773680994054,2
225.395026335089,11.324463001113353,10.8809085775385,2
225.41502766851121,12.684641875667701,4.926277105840011,2
225.43502900193346,13.63605718818151,7.036794462818366,2
225.45503033535567,13.932503510697748,6.883795712224199,2
225.47503166877792,10.229336905011936,3.216131184824605,2
225.49503300220013,7.582439294310889,6.466152769411579,2
225.51503433562237,8.757332817178112,6.550703871090875,2
225.5350356690446,13.866322472031756,6.62338422164691,2
225.55503700246683,9.7766390260487,9.674480410744367,2
225.57503833588905,11.735948198325515,10.026100584362112,2
225.5950396693113,12.831552278790053,11.607526323278263,2
225.6150410027335,11.304317938554915,9.280920742035446,2
225.63504233615575,16.391561269327592,9.069822288122815,2
225.65504366957796,15.40735741798672,12.584018579487223,2
225.67504500300018,10.999629036145251,14.893074099950162,2
225.69504633642242,17.90342680650961,14.033964024871878,2
225.71504766984464,16.491962346659463,16.494831266486333,2
225.73504900326688,19.855055772016435,18.105430545222198,2
225.7550503366891,17.7149691163925,21.341796179526817,2
225.77505167011134,21.794484474113265,18.842850538934417,2
225.79505300353355,26.062037803141436,23.740076823984484,2
225.8150543369558,27.05821393827823,24.12358013139206,2
225.835055670378,31.34073007411542,27.778462919476723,2
225.85505700380025,26.454709939173195,27.826705523154306,2
225.87505833722247,33.454334507190104,29.121797284221795,2
225.8950596706447,29.47764508405918,28.122924856094347,2
225.91506100406693,32.059720558618466,30.46357956243937,2
225.93506233748917,33.92595405416194,34.743625769308956,2
225.9550636709114,34.647516491542305,38.48373785897282,2
225.9750650043336,38.27902163755024,39.425229845706774,2
225.99506633775584,41.907950791292436,38.922561291868966,2
226.01506767117806,43.17909439882258,42.62044103032609,2
226.0350690046003,43.38143533534442,44.820352301475296,2
226.05507033802252,48.97265750939395,47.324283435719224,2
226.07507167144476,50.235892767042095,47.831159778765304,2
226.09507300486698,51.29651973389517,52.119062695410655,2
226.11507433828922,50.419675045590765,50.83832159358004,2
226.13507567171143,51.27337084660125,52.81735896250917,2
226.15507700513368,58.82055266081153,55.83819471502202,2
226.1750783385559,59.69076087034254,54.83893611296811,2
226.19507967197814,59.82927368731868,56.3267871781122,2
226.21508100540035,64.32258993372095,60.4160573261881,2
226.2350823388226,61.31194587037215,62.024269540424676,2
226.2550836722448,63.4554855299825,59.129807363511375,2
226.27508500566702,65.97251654385501,61.54113115719562,2
226.29508633908927,64.70068562895091,65.4874112611169,2
226.31508767251148,68.64196594744236,64.26534900925286,2
226.33508900593372,66.72713895380575,65.76283987737008,2
226.35509033935594,68.77559428895735,71.23997799758156,2
226.37509167277818,69.81024160237483,70.03759807816374,2
226.3950930062004,77.39835171606003,65.07652139418919,2
226.41509433962264,72.59023800142312,67.46038712659683,2
226.43509567304486,77.5190012766386,69.63128648921777,2
226.4550970064671,72.94624263666105,64.01732033001713,2
226.4750983398893,74.58794218901596,70.29423123145712,2
226.49509967331156,73.89086645166722,69.17621414085446,2
226.51510100673377,70.34416826714995,69.3112205243538,2
226.53510234015602,75.38190655984874,64.76904033538152,2
226.55510367357823,77.31752916088811,70.1068916693849,2
226.57510500700045,75.3808977702693,68.75717464070198,2
226.5951063404227,73.52684837764761,64.46593466947283,2
226.6151076738449,72.10396750203027,64.65578632323069,2
226.63510900726715,69.41676536444626,63.005214441170274,2
226.65511034068936,67.716183484221,65.34146068035895,2
226.6751116741116,71.20278648678898,63.071055841205485,2
226.69511300753382,69.29054359737049,61.33803315517597,2
226.71511434095606,68.16783964128336,55.941108657891405,2
226.73511567437828,65.51995810667134,60.021541887533985,2
226.75511700780052,62.67728319383384,56.30853498833426,2
226.77511834122274,64.57892112837236,54.90946936590815,2
226.79511967464498,58.07151570457044,53.76840228469764,2
226.8151210080672,58.376359109733656,52.62888025166777,2
226.83512234148944,58.69977346213224,53.72910810414071,2
226.85512367491165,55.86401472306697,50.789372282533044,2
226.87512500833387,53.89133405151575,49.71159104694601,2
226.8951263417561,52.261107677969235,44.84008306873769,2
226.91512767517833,47.93216430239861,44.38796802189612,2
226.93512900860057,49.61840630825037,42.26062963305026,2
226.95513034202278,48.408625032560266,36.35537479338752,2
226.97513167544503,44.069713119652285,38.49610827850709,2
226.99513300886724,44.74918990260002,34.92474572377398,2
227.01513434228949,38.64157103507121,29.05888850069269,2
227.0351356757117,38.377177607122825,31.559672778010448,2
227.05513700913394,36.84858137684942,30.134194185252785,2
227.07513834255616,36.50227777384168,30.3683788849304,2
227.0951396759784,30.914774960241395,27.62637628755071,2
227.11514100940062,34.266206674570896,24.182574007071903,2
227.13514234282286,25.785126646923274,24.29900606375717,2
227.15514367624507,28.090659005702335,20.716668955083357,2
227.1751450096673,24.583882669724918,18.2273469962493,2
227.19514634308953,23.114381214063613,18.631743543549554,2
227.21514767651175,25.613249451539147,15.502999449010256,2
227.235149009934,22.390674238177418,13.944046111316725,2
227.2551503433562,17.425726682552106,9.465939691721108,2
227.27515167677845,20.13765023573387,9.850575269327974,2
227.29515301020066,18.890286764123175,12.236994930024526,2
227.3151543436229,15.278239383536269,10.108285175316224,2
227.33515567704512,16.11908026442725,4.818189572510363,2
227.35515701046737,11.898917443926809,10.019440138391762,2
227.37515834388958,15.091428409549618,8.911977168842203,2
227.39515967731182,13.795102179929335,2.3887123013761764,2
227.41516101073404,9.109593862898699,8.225705706209151,2
227.43516234415628,11.513949483651391,8.658910774398551,2
227.4551636775785,9.630178778448254,8.968699683269648,2
227.4751650110007,9.234423126382202,8.538933686762972,2
227.49516634442296,11.220204391691441,9.27017171697743,2
227.51516767784517,13.252249125928723,8.448552124064767,2
227.5351690112674,13.89078526875064,9.764515727717855,2
227.55517034468963,11.955487901386864,9.054531581500958,2
227.57517167811187,11.531276495737064,10.075591757708544,2
227.5951730115341,11.531032484001582,10.056177150104956,2
227.61517434495633,11.076129722176884,9.159382420265297,2
227.63517567837854,14.962891750448089,9.662319781645186,2
227.6551770118008,12.90221884667453,11.711857702592777,2
227.675178345223,18.334593232331574,13.316230734417838,2
227.69517967864525,14.854798903898613,16.18911183681744,2
227.71518101206746,17.93584818744646,14.49449068913707,2
227.7351823454897,19.68493960839428,17.46429757813442,2
227.75518367891192,21.38985887145009,18.35592339002533,2
227.77518501233413,20.64010538215212,21.271902564936614,2
227.79518634575638,22.684742066554946,23.00292003196957,2
227.8151876791786,26.80746341831227,22.88261284254463,2
227.83518901260084,29.54882843210964,23.436999256041762,2
227.85519034602305,27.922291577068226,28.435603508265096,2
227.8751916794453,27.61931286663448,30.747629485429176,2
227.8951930128675,28.843274993524098,33.42860719966484,2
227.91519434628975,31.79251890057088,30.757343391837484,2
227.93519567971197,31.478472203591927,38.33342383149165,2
227.9551970131342,39.322942990569125,37.64388905586425,2
227.97519834655643,39.9604228826178,37.341784965605115,2
227.99519967997867,42.122282953543866,41.026999811235164,2
228.01520101340088,42.34058632302039,44.125438608406796,2
228.03520234682313,42.304684690530785,43.96391903030519,2
228.05520368024534,48.539613150009934,45.30022843486216,2
228.07520501366756,46.08895169632866,51.40148960618987,2
228.0952063470898,54.56373270472529,51.65651887991047,2
228.11520768051201,48.59049047159117,53.197544850699316,2
228.13520901393426,54.78490252239255,53.07109205778215,2
228.15521034735647,56.44278879327571,54.567148209805346,2
228.17521168077872,56.22204330340578,54.08171994138446,2
228.19521301420093,59.48554368492131,59.19072729573577,2
228.21521434762317,58.82279122319754,58.94566849955999,2
228.2352156810454,59.1422941576495,63.52976531915528,2
228.25521701446763,62.9671333513771,64.75134766079064,2
228.27521834788985,63.0221571061922,65.50099019709766,2
228.2952196813121,66.63928811110424,63.858136069048626,2
228.3152210147343,66.0470651058074,65.11197252067637,2
228.33522234815655,70.21357626211164,62.10267109207287,2
228.35522368157876,70.24955188951063,65.102884102792,2
228.37522501500098,71.94103757269681,67.47447947187204,2
228.39522634842322,72.841197846325,69.76262942573736,2
228.41522768184544,72.63225487366816,71.18380086639095,2
228.43522901526768,69.66048200582546,68.34967757649973,2
228.4552303486899,72.25336953976003,69.475968231728,2
228.47523168211214,67.88896749636935,68.07701923815982,2
228.49523301553435,71.8735564727958,66.7461752611979,2
228.5152343489566,72.99508865539838,70.87066224335021,2
228.5352356823788,73.63060680162997,69.2049305594838,2
228.55523701580105,74.89074151035213,69.1034159235709,2
228.57523834922327,77.79028482767198,66.25847887471458,2
228.5952396826455,69.07975916865357,68.02867187594661,2
228.61524101606773,71.35273168962335,64.01674952349806,2
228.63524234948997,70.22841662999282,64.33363660033869,2
228.6552436829122,69.70418446423457,67.31012803259593,2
228.6752450163344,74.08964996993397,66.23699911912186,2
228.69524634975664,65.4954040982917,61.957042168861236,2
228.71524768317886,65.81895220520227,62.96488213136588,2
228.7352490166011,64.82441398870645,59.23632516828546,2
228.75525035002332,60.712934710681346,59.568653791460505,2
228.77525168344556,62.30285519763656,53.062548598997786,2
228.79525301686778,61.34727358529744,55.30040429173694,2
228.81525435029002,56.287276889236395,52.39087705844925,2
228.83525568371223,59.37481104627275,50.51125202054656,2
228.85525701713448,52.68492997205563,49.82531938204678,2
228.8752583505567,55.90793154910709,44.92733200456825,2
228.89525968397894,49.95037701697752,40.57481864701258,2
228.91526101740115,48.72101740317802,41.384069001373284,2
228.9352623508234,49.167420035856374,38.00847712488808,2
228.9552636842456,46.20374221382342,41.86995573283016,2
228.97526501766782,44.350167678336035,35.79404301537604,2
228.99526635109007,45.34221023025443,35.38797761871693,2
229.01526768451228,35.51374707738599,34.78416453237385,2
229.03526901793452,36.6271626640871,33.85223209937304,2
229.05527035135674,39.66129371670529,26.03815650040279,2
229.07527168477898,32.81832715681504,27.783159329321844,2
229.0952730182012,31.304438965231217,26.780109570418475,2
229.11527435162344,30.21653502716585,28.531780435025496,2
229.13527568504566,29.986247001180683,25.06315096068416,2
229.1552770184679,24.861509982761337,16.92915903483695,2
229.1752783518901,27.05550079724791,17.180981323593475,2
229.19527968531236,23.413391119177078,17.024762456519273,2
229.21528101873457,24.485955418919108,15.856622806817763,2
229.23528235215682,21.87907948249672,14.5820821866516,2
229.25528368557903,21.205821979217596,13.772976788910583,2
229.27528501900125,18.222899492573994,11.888893582398001,2
229.2952863524235,16.935304086918265,10.75312379717226,2
229.3152876858457,16.578975686361414,12.153293787190124,2
229.33528901926795,13.724440469185769,12.479713092943708,2
229.35529035269016,13.095817231438291,9.441327759116524,2
229.3752916861124,15.415640781643582,11.048597588650022,2
229.39529301953462,17.463034591380346,6.752066242520771,2
229.41529435295686,12.861026151782038,8.438354421395873,2
229.43529568637908,11.84371767679804,7.9350900319198185,2
229.45529701980132,9.98493944326163,7.638120873640304,2
229.47529835322354,10.980457495551166,5.856016554693122,2
229.49529968664578,12.687525579476846,8.143635782514579,2
229.515301020068,10.966748671723002,4.809956172614534,2
229.53530235349024,8.480956233234576,7.534408454724311,2
229.55530368691245,9.328685073517292,5.992728559536147,2
229.57530502033467,10.17661634280017,7.613843531845072,2
229.5953063537569,11.077323475811838,6.274422238017115,2
229.61530768717913,11.883012998065713,7.437945121605759,2
229.63530902060137,13.683210643131597,14.596128293152919,2
229.65531035402358,16.417868977303684,11.992330331234925,2
229.67531168744583,12.376021551190963,12.156026979275651,2
229.69531302086804,15.967266344480429,17.099202640245235,2
229.71531435429029,15.939002258432005,14.009177036706747,2
229.7353156877125,19.352427019290708,14.344522312188085,2
229.75531702113474,22.50331080118895,21.216463149371346,2
229.77531835455696,22.092384693053845,18.881008677519226,2
229.7953196879792,22.77441389883387,20.435727776314284,2
229.81532102140142,21.346471805928076,25.259359576268064,2
229.83532235482366,30.534962708352978,28.13733637552752,2
229.85532368824587,29.6086076436082,28.101462101534366,2
229.8753250216681,30.54811280325401,27.74592529683633,2
229.89532635509033,31.089522279064568,29.444624123338542,2
229.91532768851255,31.48789153391719,35.66770504606096,2
229.9353290219348,37.89582808062949,35.7340467510218,2
229.955330355357,38.474494407285405,38.04037819635524,2
229.97533168877925,40.014057977928566,37.81346570025279,2
229.99533302220146,38.69058325674685,40.733982490170646,2
230.0153343556237,43.032842277667925,40.9867197638859,2
230.03533568904592,44.68614435702431,46.04968354954144,2
230.05533702246817,46.60531220065602,43.63291183658505,2
230.07533835589038,47.921076327962936,48.17778331251008,2
230.09533968931262,50.714258131070395,47.5492955206355,2
230.11534102273484,51.97746924507948,50.247207297752816,2
230.13534235615708,58.812635322626846,53.19877268683874,2
230.1553436895793,56.490585843577946,54.432953275568785,2
230.1753450230015,55.97057327411374,56.42678275529283,2
230.19534635642376,59.50998689657189,56.83569004394619,2
230.21534768984597,65.47009332247418,56.5685188454238,2
230.2353490232682,60.24384638240391,59.829827331563784,2
230.25535035669043,62.6691201798684,63.564442629372124,2
230.27535169011267,67.98027123112928,66.08929477915503,2
230.2953530235349,66.82858713253273,66.94748731701031,2
230.31535435695713,65.91788556573799,63.547699157625026,2
230.33535569037934,71.44018059298114,68.31635637768912,2
230.3553570238016,70.30059936951214,67.40189860698325,2
230.3753583572238,72.40175447526421,69.48103907439113,2
230.39535969064605,71.88130983900541,70.91846920499479,2
230.41536102406826,74.4639476136237,68.22832964423326,2
230.4353623574905,72.43157421734361,67.85032887108463,2
230.45536369091272,71.31157893584066,68.8465536557847,2
230.47536502433493,71.52421774290727,69.52095028243608,2
230.49536635775718,73.57636605921543,68.38850090331646,2
230.5153676911794,74.11549221480348,67.09437488185257,2
230.53536902460164,72.53349306410396,70.68443539994237,2
230.55537035802385,75.72643156362092,67.33249580192671,2
230.5753716914461,71.55684949541872,64.50541330512078,2
230.5953730248683,76.85233890290563,66.54442508329313,2
230.61537435829055,70.75089956746687,66.2473018231784,2
230.63537569171277,73.3471412204635,65.79734331824996,2
230.655377025135,67.1955702830191,66.35164669200898,2
230.67537835855723,67.80840355460464,62.57121255792324,2
230.69537969197947,70.54535178613904,60.6070575154987,2
230.71538102540168,65.78129750653532,59.29931637027559,2
230.73538235882393,64.36492907918634,59.33681628513772,2
230.75538369224614,64.17028670066762,54.252208081433665,2
230.77538502566836,59.12247919386266,59.506064782806504,2
230.7953863590906,59.17820890309022,53.16962336865887,2
230.81538769251281,57.98519641119881,52.12981157158059,2
230.83538902593506,55.04600039385961,49.86815069958069,2
230.85539035935727,55.525828173420585,49.94392822905037,2
230.87539169277952,54.95123555953263,44.282603050120585,2
230.89539302620173,46.6309814155806,45.341858117773135,2
230.91539435962397,51.374543245462256,41.17950682880167,2
230.9353956930462,48.03376916197123,38.462117410362104,2
230.95539702646843,45.012720540603894,39.07858908108169,2
230.97539835989065,41.305876927282995,39.41724129786246,2
230.9953996933129,39.401504253691535,36.244003445972005,2
231.0154010267351,40.208805742607574,35.87901265577618,2
231.03540236015735,38.515800961390745,32.88046020291612,2
231.05540369357956,36.283261372861624,34.96795307987942,2
231.07540502700178,35.0967407336862,23.646760102807647,2
231.09540636042402,37.049253433730044,25.496985731097826,2
231.11540769384624,32.87454646753399,20.524290953448254,2
231.13540902726848,30.61159451821187,18.448949291781986,2
231.1554103606907,27.604316564415903,17.377692997380276,2
231.17541169411294,23.75358277664894,15.467506492788077,2
231.19541302753515,20.649391189547448,17.659019193311835,2
231.2154143609574,23.393710000582175,14.364611235761721,2
231.2354156943796,20.17966776206997,13.01590799808498,2
231.25541702780185,17.508370487317297,12.05918585487373,2
231.27541836122407,20.417140268527177,12.188880037419223,2
231.2954196946463,16.73750855916402,10.480949656789583,2
231.31542102806853,18.71586196063539,10.708348586658564,2
231.33542236149077,14.19179524767831,9.858967915293888,2
231.355423694913,16.34868649184282,11.385234720966194,2
231.3754250283352,12.10685814552162,7.4041365308356415,2
231.39542636175744,11.827799267898294,9.162365935248111,2
231.41542769517966,13.008140322347444,5.765882329288355,2
231.4354290286019,16.975822699005626,9.804934098552748,2
231.45543036202412,10.69346112987779,5.130275713863217,2
231.47543169544636,10.615916679121082,6.078159829235861,2
231.49543302886858,10.036511433379093,7.3973060305426435,2
231.51543436229082,11.759829951336851,6.1778928621641365,2
231.53543569571303,13.127022153242311,9.026859450991525,2
231.55543702913528,10.964785211572242,6.855326816119875,2
231.5754383625575,11.157157758471183,10.225724278565567,2
231.59543969597974,12.115950983242016,10.517608966155437,2
231.61544102940195,14.630160418979377,9.437778231263122,2
231.6354423628242,11.802616169482933,10.514569969336252,2
231.6554436962464,17.335425546647762,10.348140736259941,2
231.67544502966862,13.328417976720644,11.207471099022982,2
231.69544636309087,19.15805688580464,14.139278146578883,2
231.71544769651308,16.74495317119623,15.24965263245689,2
231.73544902993532,19.03817209373557,13.938648134284866,2
231.75545036335754,16.977923094542398,18.025963908692148,2
231.77545169677978,24.61499939095999,15.940817665260687,2
231.795453030202,25.463811150734784,22.39443682155435,2
231.81545436362424,26.383760802445806,22.453086127770863,2
231.83545569704646,28.112094929837102,22.408789475848856,2
231.8554570304687,26.887595964766415,26.972796050918912,2
231.8754583638909,29.735020172203523,29.023313410412705,2
231.89545969731316,32.523821599083504,33.32711856527039,2
231.91546103073537,34.30227705156601,32.457301047922414,2
231.93546236415762,37.29978378516159,36.15023360053564,2
231.95546369757983,38.79426125970857,37.08042265244395,2
231.97546503100205,40.524384346764954,39.8015812484804,2
231.9954663644243,41.032633703077586,41.25520366020505,2
232.0154676978465,42.80346336161425,41.75246579340972,2
232.03546903126875,43.57848288524745,44.248871021959644,2
232.05547036469096,47.509042037284246,47.68159452949889,2
232.0754716981132,48.35418259007421,46.9707950506434,2
232.09547303153542,47.30918044456798,51.95361909178876,2
232.11547436495766,51.95019858874787,51.55566719857149,2
232.13547569837988,52.84462365839928,50.0496068007098,2
232.15547703180212,58.410485021175035,53.21334204314566,2
232.17547836522434,55.26064376118255,56.4673364039394,2
232.19547969864658,57.9328829184599,56.70593727002713,2
232.2154810320688,62.247907021780335,57.55591243047356,2
232.23548236549104,59.480124292771464,61.3158366240678,2
232.25548369891325,64.72395822405163,62.29067940806577,2
232.27548503233547,64.69465911213402,61.351165944038065,2
232.2954863657577,66.48135455702281,64.04591041525393,2
232.31548769917993,67.01044956257576,63.63709455872495,2
232.33548903260217,68.4570415436605,67.35473369278756,2
232.35549036602438,70.03220923513601,65.70820799891798,2
232.37549169944663,71.44483116903457,66.71941062242337,2
232.39549303286884,67.92283562916423,64.663956740066,2
232.41549436629109,69.14614986684727,68.25314262736408,2
232.4354956997133,73.20744221983283,71.41436880897062,2
232.45549703313554,71.69137373638144,68.01191982753679,2
232.47549836655776,73.25859662950604,71.61988077288889,2
232.49549969998,68.31252986302883,70.09311699530565,2
232.51550103340222,71.7586861483884,67.97633426283866,2
232.53550236682446,74.97564405918966,69.59712600007337,2
232.55550370024667,72.88906225054292,67.9652585178392,2
232.5755050336689,71.64186684549841,65.56942413173071,2
232.59550636709113,72.34149620740298,64.88574411861032,2
232.61550770051335,72.74095013376777,67.19653360356604,2
232.6355090339356,68.92661968525583,63.55277873014864,2
232.6555103673578,69.49941228379633,65.5958461415626,2
232.67551170078005,69.18951374315708,63.163973450428216,2
232.69551303420226,68.14512873896847,65.90932059460663,2
232.7155143676245,65.37870566786896,59.1552295148357,2
232.73551570104672,60.412416326957704,59.38572568984352,2
232.75551703446897,63.66676301897755,56.23718322346938,2
232.77551836789118,62.99814672770807,52.78636025799877,2
232.79551970131342,63.751397970416605,57.17864589320899,2
232.81552103473564,57.11544738620468,54.11250908188183,2
232.83552236815788,57.40876269504924,50.86752596907645,2
232.8555237015801,53.46726320136129,47.04771262074784,2
232.8755250350023,53.096367795059344,46.29572222598723,2
232.89552636842456,53.99930385477978,39.0722137195157,2
232.91552770184677,50.86370853847796,40.56374275777471,2
232.935529035269,48.7933528336134,39.65585632835517,2
232.95553036869123,48.800607159506484,36.701745355501146,2
232.97553170211347,44.73862884461205,36.69911352386093,2
232.9955330355357,44.57463559424196,35.08146143026887,2
233.01553436895793,38.1377571877073,35.69262863174738,2
233.03553570238014,38.16372591752193,31.190089614462753,2
233.0555370358024,37.025440991383945,25.90427336666671,2
233.0755383692246,33.94749273083527,26.65679641752409,2
233.09553970264685,31.493444063823,27.344838984907422,2
233.11554103606906,33.809850796027234,21.28086067685855,2
233.1355423694913,25.57638743807523,24.59981693627022,2
233.15554370291352,28.522580144669003,17.445885611384114,2
233.17554503633573,25.50440722854908,20.094668279071307,2
233.19554636975798,27.15520514476105,18.58368468125539,2
233.2155477031802,24.01363298508543,14.014573153880207,2
233.23554903660244,21.394988543204445,14.762908329445425,2
233.25555037002465,17.856999375304774,16.73086332869574,2
233.2755517034469,15.268422414004045,8.882033808473047,2
233.2955530368691,15.95323959889445,16.46242320929302,2
233.31555437029135,18.82278007038878,9.496070210185923,2
233.33555570371357,10.252727457194652,7.509838973453704,2
233.3555570371358,15.690507894295946,8.016808928932448,2
233.37555837055802,11.765095938732445,9.570183626411442,2
233.39555970398027,13.995561420104101,3.40438545401157,2
233.41556103740248,11.035382821385769,5.647817618060877,2
233.43556237082473,12.154938452917229,6.802908630692868,2
233.45556370424694,9.751985261509557,5.028897133362241,2
233.47556503766916,9.369307245084828,5.813377828856357,2
233.4955663710914,11.569462049816178,8.661517828076308,2
233.51556770451361,8.790281951029517,4.522309754394312,2
233.53556903793586,10.69241278842921,9.042052169217841,2
233.55557037135807,11.264309113385456,7.261212883728523,2
233.57557170478032,7.6116054449023,11.10806621660453,2
233.59557303820253,10.29830503302113,6.8272971016697035,2
233.61557437162477,12.39981206080999,8.465612063676502,2
233.635575705047,12.791016467217272,11.040269426292225,2
233.65557703846923,12.031162574656054,10.144756641246188,2
233.67557837189145,18.468097845625607,8.763778108857586,2
233.6955797053137,17.049528749128523,14.270808937922357,2
233.7155810387359,16.508013385162602,17.120943712787323,2
233.73558237215815,20.605739017077543,15.953840916638637,2
233.75558370558036,20.008515851181887,20.273494051397535,2
233.77558503900258,17.445742427253105,22.41812137539226,2
233.79558637242482,20.82637297681876,21.77167757979931,2
233.81558770584704,23.180811874038604,23.822113614070684,2
233.83558903926928,25.107386082333623,26.836594328314465,2
233.8555903726915,25.935774957501053,24.145705026070296,2
233.87559170611374,31.872091338457565,32.01679553887703,2
233.89559303953595,30.695796930044644,32.49204818541992,2
233.9155943729582,30.85184048995597,32.330321603074644,2
233.9355957063804,33.174299615533016,36.61433871813486,2
233.95559703980265,39.367136554905066,35.31762033392281,2
233.97559837322487,40.270172157529565,41.78538855311054,2
233.9955997066471,45.006412541073644,40.08055587863862,2
234.01560104006933,46.43573779073417,40.98967034971404,2
234.03560237349157,42.34797737743312,45.194830265381086,2
234.0556037069138,46.706352750516544,48.67250592199264,2
234.075605040336,46.804025271244264,45.84578805729388,2
234.09560637375824,50.76076331382378,50.6457146064152,2
234.11560770718046,52.46967004680102,55.0130342759707,2
234.1356090406027,57.621100560964706,52.60375223283072,2
234.15561037402492,57.39907230030071,55.90726582320222,2
234.17561170744716,56.604930102824184,57.53251532428814,2
234.19561304086938,59.43848498879747,61.75771906459393,2
234.21561437429162,61.21422004359015,58.36707259096801,2
234.23561570771383,63.95898195441766,60.57146760620702,2
234.25561704113608,65.57198677412437,58.51671026520017,2
234.2756183745583,65.87397778867957,66.03636593357139,2
234.29561970798053,65.98748047888574,61.159744133857274,2
234.31562104140275,64.40414917036618,62.21335985306204,2
234.335622374825,72.20965835279148,66.90346000589851,2
234.3556237082472,73.2070916904415,67.92336580410712,2
234.37562504166942,69.10203568678043,67.19106890467698,2
234.39562637509167,75.024486581917,67.13944208130378,2
234.41562770851388,68.88397036399603,65.00098074143453,2
234.43562904193612,71.6634524541358,68.81518400839144,2
234.45563037535834,71.90346042391165,68.50204764664944,2
234.47563170878058,72.21299880943666,69.02792286606018,2
234.4956330422028,73.75197731503688,67.70322080714547,2
234.51563437562504,75.34698257109754,67.61290816731423,2
234.53563570904726,72.21363845284233,67.00096605257441,2
234.5556370424695,72.20255974933976,69.39476783480222,2
234.5756383758917,74.3501059147495,65.60900509641057,2
234.59563970931396,74.90994431800624,66.8683574859583,2
234.61564104273617,75.54444487105235,65.22700856815712,2
234.63564237615842,71.96510142601842,62.982589270175694,2
234.65564370958063,67.74432419165942,65.19017301810993,2
234.67564504300285,70.3234221661854,62.364318599881614,2
234.6956463764251,66.0020587532913,59.4694432431522,2
234.7156477098473,64.24169429053116,58.57484638469676,2
234.73564904326955,64.3768959451464,59.597939054366584,2
234.75565037669176,61.97230376980614,60.100487999764916,2
234.775651710114,61.2060891591315,54.85970176437104,2
234.79565304353622,59.47407007527185,52.10251266249181,2
234.81565437695846,58.21258804617384,51.09580652853083,2
234.83565571038068,57.51643798315621,50.13996373978128,2
234.85565704380292,53.867595346243114,49.12353980130324,2
234.87565837722514,52.61096121393303,47.76893947217208,2
234.89565971064738,50.76221263115116,44.87410522908002,2
234.9156610440696,48.36512871943088,40.84909384997449,2
234.93566237749184,50.248749792286326,40.99307733817476,2
234.95566371091405,45.235215193597575,36.341179995253945,2
234.97566504433627,43.263818489242865,36.881765793126235,2
234.9956663777585,44.1658928982333,33.389005445320386,2
235.01566771118073,39.763653595901935,35.413271690016856,2
235.03566904460297,38.049120924423974,29.634038355525615,2
235.05567037802518,34.97469314471748,29.253133740696633,2
235.07567171144743,34.585755805955586,28.49070520728561,2
235.09567304486964,33.90083313090137,27.762383516196227,2
235.11567437829189,32.22084250706511,27.821911278401124,2
235.1356757117141,26.016760855602822,20.37457601914157,2
235.15567704513634,27.253954391484772,21.324361192359362,2
235.17567837855856,24.057143573885956,19.334643638251748,2
235.1956797119808,30.736405895629204,16.479667512624665,2
235.21568104540302,23.321470387632786,17.11903042855745,2
235.23568237882526,23.991128084052903,12.37473441987911,2
235.25568371224747,19.632389569339946,10.708649026899286,2
235.2756850456697,15.72455362554436,12.190990626321277,2
235.29568637909193,16.00926558557159,11.513235102054919,2
235.31568771251415,15.015325478163572,7.971371423873391,2
235.3356890459364,15.821080196305635,3.874253897235519,2
235.3556903793586,16.568978953975687,9.025441710438484,2
235.37569171278085,10.27910892352784,9.041791643833168,2
235.39569304620306,14.99167429587255,6.553575633745223,2
235.4156943796253,10.38776234842328,6.109727321979757,2
235.43569571304752,14.632041120664367,8.307072118951705,2
235.45569704646977,13.292733510640755,7.129033846715182,2
235.47569837989198,12.225267364791286,7.670307742834974,2
235.49569971331422,11.785591647237966,8.205617901181197,2
235.51570104673644,13.161817184095238,5.056889581029278,2
235.53570238015868,9.13461282486182,8.970568075888789,2
235.5557037135809,9.691011500970223,7.122116295906116,2
235.5757050470031,15.06046027618427,5.310201436013945,2
235.59570638042536,12.363482305713708,8.95378492615132,2
235.61570771384757,11.338865525403762,6.4794754066627895,2
235.6357090472698,16.738233927786254,9.099453372081156,2
235.65571038069203,14.576207869573674,11.86421140256925,2
235.67571171411427,16.788313929127597,16.877764965515496,2
235.6957130475365,14.878696870382207,15.74300776065382,2
235.71571438095873,16.59667138655924,13.370468129986586,2
235.73571571438094,18.65877203625142,16.868456779063504,2
235.7557170478032,18.97968240697933,19.232097650390585,2
235.7757183812254,21.391250900724852,20.627946623760806,2
235.79571971464765,23.81286755136712,23.95058352018811,2
235.81572104806986,24.482056252373635,24.47364836511757,2
235.8357223814921,25.604790584479776,24.251809805881436,2
235.85572371491432,26.88698104884876,25.676799641026065,2
235.87572504833653,31.38062600600963,27.49198489060512,2
235.89572638175878,29.43857107028071,29.490532799165923,2
235.915727715181,34.025318468410106,34.868365668255024,2
235.93572904860324,36.084509052124915,34.68316849077613,2
235.95573038202545,37.514688191321234,36.284940231550415,2
235.9757317154477,38.236835036552016,35.761824367890156,2
235.9957330488699,40.44013725344016,41.40217551404504,2
236.01573438229215,42.59751487126764,43.25889437633602,2
236.03573571571437,42.236119083230626,43.04187747306241,2
236.0557370491366,46.46612064208343,48.11228372044815,2
236.07573838255882,50.51793815954625,46.93287917370678,2
236.09573971598107,53.68991050683033,48.3447447792612,2
236.11574104940328,52.49513429729986,51.44389255651981,2
236.13574238282553,56.172922124831544,54.81534595755767,2
236.15574371624774,55.707350578057806,53.23116683300872,2
236.17574504966996,59.26643436127067,56.911975323901,2
236.1957463830922,59.00917285855484,61.36440389106689,2
236.21574771651441,59.61656138368685,61.0194990678082,2
236.23574904993666,63.27813092132425,63.34580621555596,2
236.25575038335887,63.64972063513752,62.97155585277636,2
236.27575171678112,62.4276165892395,62.955299977960514,2
236.29575305020333,67.75675032205592,66.85863862269285,2
236.31575438362557,64.6335328953542,66.1249109238458,2
236.3357557170478,68.36585152022991,66.09940910067144,2
236.35575705047003,71.69549269516097,65.53165447248217,2
236.37575838389225,71.33961946987324,66.49604124909585,2
236.3957597173145,76.60122107228459,65.24742619066016,2
236.4157610507367,71.51129802382583,72.31127775167536,2
236.43576238415895,68.77212676077845,67.35787127373254,2
236.45576371758116,71.02762318799532,69.03824523066551,2
236.47576505100338,76.53224066696605,68.58705581087767,2
236.49576638442562,71.46492830689557,67.49190074646236,2
236.51576771784784,70.5302327763722,67.19662122708719,2
236.53576905127008,71.15537962282355,70.00153957673547,2
236.5557703846923,74.34717852489088,66.17081659166809,2
236.57577171811454,76.87441283402418,66.67609547277725,2
236.59577305153675,73.64403862436009,66.60933218715824,2
236.615774384959,73.6252468378022,63.28000031592433,2
236.6357757183812,71.39006314719136,65.26428084180844,2
236.65577705180345,68.79822660288234,65.01769498080722,2
236.67577838522567,72.79492563879572,63.2977652576104,2
236.6957797186479,65.91256193065706,60.34742297813018,2
236.71578105207013,66.31647405175265,60.463706639685604,2
236.73578238549237,71.16545915620154,59.953012811588316,2
236.75578371891459,64.35635384082589,59.425202505869805,2
236.7757850523368,61.8201398221802,58.039767202457355,2
236.79578638575904,60.12029613744097,52.83036029513036,2
236.81578771918126,55.307431522727384,53.19031357151446,2
236.8357890526035,58.26422002055652,52.93577966036481,2
236.85579038602572,57.33492042693049,49.835389208791305,2
236.87579171944796,55.37362951777314,45.35926320041569,2
236.89579305287018,50.83078165878694,43.73874417727031,2
236.91579438629242,49.40344211963435,43.97683681024934,2
236.93579571971463,48.669332163384766,40.89090690385974,2
236.95579705313688,48.043064510915784,36.3217920349465,2
236.9757983865591,43.91324946066616,37.56155931641036,2
236.99579971998133,43.11648126938263,31.966015098772058,2
237.01580105340355,42.330653820685875,34.16673973629724,2
237.0358023868258,35.198706505770865,31.122086466375976,2
237.055803720248,37.2823889126699,31.681687282260977,2
237.07580505367022,36.38095784581381,29.65935685798467,2
237.09580638709247,32.61188610850208,27.5498899708058,2
237.11580772051468,31.56240473360242,23.431798599497245,2
237.13580905393692,31.238737066949884,21.421510200402317,2
237.15581038735914,30.728976188242168,20.86091837562163,2
237.17581172078138,27.622783693299883,25.198821921599468,2
237.1958130542036,28.50878666391711,17.522025083255237,2
237.21581438762584,26.402315802297828,17.683482813205945,2
237.23581572104806,21.140245311079212,16.99743130763895,2
237.2558170544703,22.04152802864221,14.19202183133005,2
237.2758183878925,18.807278632819802,11.34250376557602,2
237.29581972131476,15.147360519386979,9.520998247649018,2
237.31582105473697,17.764569361470965,12.7382855794045,2
237.33582238815922,14.702084058823921,12.968546769393377,2
237.35582372158143,14.617880832489428,6.284616982161678,2
237.37582505500365,15.613286450687077,8.860455350740132,2
237.3958263884259,14.889399416105881,7.426994458364291,2
237.4158277218481,11.122798056485834,5.532171391542942,2
237.43582905527035,12.968107675116833,4.357189483144447,2
237.45583038869256,11.649850740750999,9.305319805135703,2
237.4758317221148,12.011209506530385,6.3468568641570915,2
237.49583305553702,13.214175502178701,6.643656904772777,2
237.51583438895926,13.63461063584694,6.522385079115678,2
237.53583572238148,8.22517355495646,9.26307991818874,2
237.55583705580372,10.894639459096144,7.331179836902413,2
237.57583838922594,14.154023135586725,6.312999686699872,2
237.59583972264818,11.897538001140004,14.988177200523563,2
237.6158410560704,11.000168880605894,12.054523248903395,2
237.63584238949264,12.58894429966346,9.352944486041649,2
237.65584372291485,13.510085135401935,15.328713265962712,2
237.67584505633707,16.608620586443326,14.769257140341873,2
237.6958463897593,19.825223397603743,13.19134222758266,2
237.71584772318153,17.329974887182008,17.5359710266925,2
237.73584905660377,21.23273980033806,16.33403514058417,2
237.75585039002598,23.800168366534823,20.543335346440497,2
237.77585172344823,21.428688240355665,16.685401443872294,2
237.79585305687044,26.128261737247268,18.37502568090663,2
237.81585439029269,26.070532243215325,26.525417801767496,2
237.8358557237149,27.351740793317607,24.9248011641883,2
237.85585705713714,25.924655307589834,30.014194192897136,2
237.87585839055936,28.452793117156972,30.591668240258723,2
237.8958597239816,33.91097773989697,29.135899824204753,2
237.91586105740382,33.18031966367488,31.394179953614387,2
237.93586239082606,35.28250490268017,37.508060852457014,2
237.95586372424827,36.90892055637268,35.987151025537045,2
237.9758650576705,41.60079546826809,41.729420488770394,2
237.99586639109273,38.798721742165306,39.61932531973595,2
238.01586772451495,38.74476629316322,42.84314577199833,2
238.0358690579372,44.06589728401296,44.4102841125407,2
238.0558703913594,48.2588174916979,45.21575281623959,2
238.07587172478165,49.25526212071248,49.16748372257298,2
238.09587305820386,54.229579509636416,48.04285436762332,2
238.1158743916261,54.0285725370669,52.24552327596022,2
238.13587572504832,53.49762090041094,54.3242483425833,2
238.15587705847057,56.17335367203552,57.26869901427814,2
238.17587839189278,56.53955375716097,58.62997205302371,2
238.19587972531502,57.95733541961105,59.96967694762987,2
238.21588105873724,63.17037853130873,61.2316405890928,2
238.23588239215948,64.86768600403155,62.98485453456826,2
238.2558837255817,66.56270722254543,62.88256944543726,2
238.2758850590039,65.11669569505428,58.38624632430735,2
238.29588639242615,66.11535711941991,66.40789610500332,2
238.31588772584837,68.34136377707362,64.71017175169086,2
238.3358890592706,68.27977175456245,66.3449737834279,2
238.35589039269283,67.88344964589301,67.1994421655095,2
238.37589172611507,71.67642651972932,68.39378273248347,2
238.3958930595373,72.00156597078103,69.15284241835488,2
238.41589439295953,66.65741199481946,67.75509199303166,2
238.43589572638174,75.14987038730483,68.9058924107403,2
238.455897059804,71.77319695002163,68.83145203861493,2
238.4758983932262,73.53247134538144,66.27666060138436,2
238.49589972664845,71.99477605678065,69.72934886477127,2
238.51590106007066,69.56366318915143,67.33929484411743,2
238.5359023934929,71.56929922746012,66.53773811239189,2
238.55590372691512,72.6108196991934,69.08728494898384,2
238.57590506033733,72.34741487997421,68.05584793297852,2
238.59590639375958,73.29035881939579,67.19651171300842,2
238.6159077271818,71.93178480156524,61.88727557182778,2
238.63590906060404,70.63228106062961,64.57036805975434,2
238.65591039402625,69.90523503535186,67.3660645606651,2
238.6759117274485,68.71792555457257,63.25186424636222,2
238.6959130608707,72.24369534731517,60.96022570698475,2
238.71591439429295,64.0942826758625,62.03669400597163,2
238.73591572771517,64.60647943016879,60.1483062018664,2
238.7559170611374,64.46617692557699,56.961279897720274,2
238.77591839455962,61.68707625163868,54.47611737299669,2
238.79591972798187,65.35649069437862,51.169744156557755,2
238.81592106140408,59.03622028789438,53.285002267909746,2
238.83592239482633,56.49435892056925,50.00051306218872,2
238.85592372824854,58.23682031976618,47.730342069125584,2
238.87592506167076,55.49644181127715,48.64953024691423,2
238.895926395093,49.47875987563033,45.479780986163,2
238.91592772851521,49.35487896312023,42.91473540288089,2
238.93592906193746,47.91930552747462,42.2386906102698,2
238.95593039535967,43.17484053164128,38.7995554123097,2
238.97593172878192,39.61697797443473,35.242752068197774,2
238.99593306220413,43.857692390032774,31.792022237473557,2
239.01593439562637,40.56155866263928,36.442115722914565,2
239.0359357290486,35.518956098039176,30.96937316095294,2
239.05593706247083,32.23653279541898,31.93561005567611,2
239.07593839589305,37.132627408661996,31.194081879148666,2
239.0959397293153,34.00406038543789,23.866211804467312,2
239.1159410627375,30.679930701300048,24.180189722090315,2
239.13594239615975,31.842549681522748,18.924622088915203,2
239.15594372958196,26.33332503933486,22.926143045583625,2
239.17594506300418,29.743330731295885,21.912637514559584,2
239.19594639642642,23.978591086524595,18.118843380305254,2
239.21594772984864,21.24655971036227,18.050578807967526,2
239.23594906327088,19.890410641149707,13.795935574449807,2
239.2559503966931,21.75631575315466,15.333280372315476,2
239.27595173011534,18.50627542500533,13.721095790155381,2
239.29595306353755,16.761490929580802,11.588116345001398,2
239.3159543969598,13.302136246107679,13.206872187868571,2
239.335955730382,14.155152177010352,14.343852194613106,2
239.35595706380425,14.31676484167045,14.161828484696514,2
239.37595839722647,9.350639340647252,6.6734013231694504,2
239.3959597306487,10.93655014717565,3.366289223098227,2
239.41596106407093,11.35542477815253,14.37489383485795,2
239.43596239749317,9.31428367276207,8.340873570707158,2
239.45596373091539,9.235765116854639,9.144959688532175,2
239.4759650643376,12.427110748261248,5.247303721301529,2
239.49596639775984,9.475945689077328,8.02553586543967,2
239.51596773118206,14.19663743981484,7.394271816189778,2
239.5359690646043,13.722214867252399,6.530988161412651,2
239.55597039802652,13.539341279786436,12.956239421002202,2
239.57597173144876,11.493599262160114,6.186891025818258,2
239.59597306487098,11.594883098483422,5.334600961174324,2
239.61597439829322,14.531955554307283,9.128229180980089,2
239.63597573171543,12.015387921921198,9.890176876093713,2
239.65597706513768,14.346790331373898,12.666616181649726,2
239.6759783985599,17.79743336778624,12.557515300831103,2
239.69597973198213,18.267570399258283,13.94329333111239,2
239.71598106540435,20.17365212719749,17.42426016550032,2
239.7359823988266,18.09210621151557,17.132004336765768,2
239.7559837322488,16.991259151047895,18.049053575286795,2
239.77598506567102,21.806416684406482,22.062125758557805,2
239.79598639909327,20.74937570896011,23.545991264816802,2
239.81598773251548,24.643256227276147,23.572286026306603,2
239.83598906593772,30.672346990890805,26.238617422896134,2
239.85599039935994,28.081107842583677,24.44986769906485,2
239.87599173278218,26.881179934407584,27.73779700987129,2
239.8959930662044,32.39686810074468,34.48051063251063,2
239.91599439962664,33.183775164685905,32.46156740008713,2
239.93599573304886,33.10055539784284,36.30455394568148,2
239.9559970664711,34.702632020112866,36.34184568350732,2
239.9759983998933,39.01109302111106,36.818433014083205,2
239.99599973331556,38.4853170742304,41.00598598734889,2
240.01600106673777,42.08257352824192,42.79141216968707,2
240.03600240016002,47.02031400388287,45.26013008878947,2
240.05600373358223,49.22534818566765,47.651763912487176,2
240.07600506700444,50.73058220106621,44.39102268728454,2
240.0960064004267,51.83190265906296,49.42092600416327,2
240.1160077338489,52.06816284321192,53.23323662467812,2
240.13600906727115,55.998811621209185,56.32128866651048,2
240.15601040069336,51.76827267875818,55.61149537838455,2
240.1760117341156,54.63337701441741,59.56718242180098,2
240.19601306753782,64.12265295336404,58.1076846234502,2
240.21601440096006,63.63017630421194,61.212103039459976,2
240.23601573438228,64.49245305065725,60.96038147506959,2
240.25601706780452,67.20035336808294,60.171586450190986,2
240.27601840122674,61.33715844707936,63.63825999104847,2
240.29601973464898,68.63869414222916,65.21059857863764,2
240.3160210680712,67.01547658468468,65.56145502050786,2
240.33602240149344,70.54214953084525,67.03972011221752,2
240.35602373491565,67.93509816208477,68.87896199470936,2
240.37602506833787,69.73430673563709,64.10430474252391,2
240.3960264017601,70.79130727589313,68.5581712141411,2
240.41602773518233,70.83085492293137,64.7422747370975,2
240.43602906860457,72.43097307174484,72.65730129709915,2
240.45603040202678,71.99955262065048,66.30406777896586,2
240.47603173544903,72.96704600872788,67.32534118482597,2
240.49603306887124,71.44040043004095,67.6525559691938,2
240.51603440229349,67.73191263356958,67.04329144492898,2
240.5360357357157,68.87842365917102,69.03836018743108,2
240.55603706913794,74.01615511354184,70.73490262948278,2
240.57603840256016,74.71070780061856,67.76445838873038,2
240.5960397359824,71.54985819753685,64.49035291715623,2
240.61604106940462,70.73373000159617,67.30087743263171,2
240.63604240282686,70.69737691758047,64.37116886951736,2
240.65604373624907,70.37616246609605,64.16555409385957,2
240.6760450696713,67.301202984332,63.415285027956195,2
240.69604640309353,67.02432444716244,62.684776274203784,2
240.71604773651575,68.54013680429455,62.00693395268806,2
240.736049069938,64.37587068168824,59.865703535696184,2
240.7560504033602,64.07045055518424,59.82110275551761,2
240.77605173678245,61.55552597322696,56.09674379124994,2
240.79605307020466,60.430787866976125,53.21767925249341,2
240.8160544036269,58.606622853256894,53.642149646765354,2
240.83605573704912,58.26427455077553,51.19730080329253,2
240.85605707047137,59.722374574670944,48.48718210280078,2
240.87605840389358,52.060387917687926,49.00152673230535,2
240.89605973731582,50.766505809672616,42.491057668980496,2
240.91606107073804,47.657257889074515,40.39575294461229,2
240.93606240416028,47.14612095234707,40.52621567575061,2
240.9560637375825,44.78025238457431,39.14069306138171,2
240.9760650710047,46.378998143863676,36.8762192245988,2
240.99606640442695,42.39328623855309,38.62695312001465,2
241.01606773784917,40.126295498000374,35.01540160282657,2
241.0360690712714,37.04328914894556,29.087323033926346,2
241.05607040469363,35.435826903602546,28.489545604066944,2
241.07607173811587,33.74916409266971,26.71403729981464,2
241.0960730715381,32.39299865696457,27.60337699102278,2
241.11607440496033,30.873052741640798,28.84608882582684,2
241.13607573838254,26.345358333329457,23.226490605073792,2
241.1560770718048,28.478956900834284,21.05645716513395,2
241.176078405227,25.219653360483886,15.959232440579314,2
241.19607973864925,28.00083102650118,16.430132011079053,2
241.21608107207146,23.077079897937047,20.99633724281062,2
241.2360824054937,19.016060055958697,15.174374125307452,2
241.25608373891592,20.95151845766748,10.0044249683652,2
241.27608507233813,22.014315183116558,11.220237840105877,2
241.29608640576038,16.31068946677749,9.238643333889472,2
241.3160877391826,11.780202213840017,12.041411279781345,2
241.33608907260484,15.560664802231688,10.04986032346025,2
241.35609040602705,11.025171858034035,7.623541113533264,2
241.3760917394493,12.356664918507786,6.254093260910057,2
241.3960930728715,11.87924649162598,7.08710717988134,2
241.41609440629375,13.116501138897931,6.401958411036377,2
241.43609573971597,13.383614608439657,3.543586104146413,2
241.4560970731382,14.925053769702535,8.034729948521827,2
241.47609840656042,9.859831395260112,2.4330364380034277,2
241.49609973998267,12.139583623610442,12.527041716802934,2
241.51610107340488,11.350079677825542,6.538108803312493,2
241.53610240682713,13.666659940844845,8.26083502774953,2
241.55610374024934,13.295445879428861,6.647046431263001,2
241.57610507367156,11.069856656573847,12.49814111110522,2
241.5961064070938,11.881203625983261,12.925026216297367,2
241.61610774051601,9.171120588834723,12.957758823830337,2
241.63610907393826,14.532959496313092,12.481941025414756,2
241.65611040736047,12.688014177293486,11.736547204763403,2
241.67611174078272,13.644489142427357,14.713616326551096,2
241.69611307420493,17.685957395940513,16.11822764475851,2
241.71611440762717,17.757114279695532,16.271106145730176,2
241.7361157410494,19.163666346097422,16.314172116913667,2
241.75611707447163,21.67576271994457,20.668732928624607,2
241.77611840789385,20.245689683701585,17.57190934639273,2
241.7961197413161,22.658128284937018,21.908117976915793,2
241.8161210747383,23.919493231911126,23.353084474101962,2
241.83612240816055,30.065811380533617,27.578996690546532,2
241.85612374158276,27.207513925076007,27.12529596979004,2
241.87612507500498,30.75436324561945,28.693165329497525,2
241.89612640842722,31.420033845323374,31.405887911157677,2
241.91612774184944,32.37140446105087,31.400894781793784,2
241.93612907527168,34.81530395519954,36.642818883969746,2
241.9561304086939,39.23463213412245,34.82215218859435,2
241.97613174211614,35.71007365253531,38.86354191640983,2
241.99613307553835,41.60332181989607,43.55675868853845,2
242.0161344089606,48.590621000008845,43.17839383723903,2
242.0361357423828,46.76075653784393,41.75485955024372,2
242.05613707580505,50.774655287807775,47.12675319601207,2
242.07613840922727,50.148799308432324,48.44665239314623,2
242.0961397426495,49.424485541829554,50.49020964042071,2
242.11614107607173,52.049620405158144,51.859758477913026,2
242.13614240949397,57.47289781365106,56.56458191812099,2
242.15614374291619,55.23608183949172,51.920276157253305,2
242.1761450763384,58.31590312371019,59.52985664139832,2
242.19614640976064,58.75352854777678,57.311160690070295,2
242.21614774318286,64.51723508501765,58.1397102592142,2
242.2361490766051,63.07910348332891,60.76015341942063,2
242.25615041002732,59.94734315720977,62.7950909964207,2
242.27615174344956,64.61513113670816,63.205595503290304,2
242.29615307687178,64.25184107926708,62.94094006579997,2
242.31615441029402,67.03631069097925,65.10206840689038,2
242.33615574371623,66.44312849016806,67.44053261353295,2
242.35615707713848,72.62503386849379,65.78360862315586,2
242.3761584105607,66.63994089785562,65.56529453368147,2
242.39615974398293,74.70426789716011,68.73143019975187,2
242.41616107740515,72.4388307322688,66.85068005471163,2
242.4361624108274,74.18797159556001,66.22398161034978,2
242.4561637442496,70.18358434799417,66.85726637058036,2
242.47616507767182,69.41940673773058,66.89933322965975,2
242.49616641109407,72.41620804149979,69.75652505966131,2
242.51616774451628,72.88701430296413,69.61084568152754,2
242.53616907793852,70.0188689203807,68.94768712998744,2
242.55617041136074,72.07314364393785,68.92240578479971,2
242.57617174478298,74.68888521288973,67.61940025903981,2
242.5961730782052,73.98495307493268,65.54806272600237,2
242.61617441162744,73.12219201351411,63.686826571334564,2
242.63617574504966,67.95147736985864,65.55176571238533,2
242.6561770784719,66.64350300153922,62.789929895598206,2
242.6761784118941,69.46121851668445,64.95703247750403,2
242.69617974531636,68.59265483225083,59.89122467291486,2
242.71618107873857,63.63611735271776,57.47343537998437,2
242.73618241216082,67.47488760982783,55.939145658604765,2
242.75618374558303,61.413171739111654,57.68955167637285,2
242.77618507900524,65.25782817236419,56.976474561616065,2
242.7961864124275,58.117542697748505,55.833266826670595,2
242.8161877458497,60.39104841783982,50.37940443344691,2
242.83618907927195,57.416765935618415,48.51573693178788,2
242.85619041269416,53.43819341724568,47.22269043019004,2
242.8761917461164,55.771643235716915,45.80548245146664,2
242.89619307953862,47.55923017197265,45.185279014947895,2
242.91619441296086,47.745648268168864,44.031638674852424,2
242.93619574638308,49.968453366916016,44.9235231667769,2
242.95619707980532,46.372005582408335,39.675462644661415,2
242.97619841322754,46.32842252473894,35.331652862169186,2
242.99619974664978,40.78471840514379,34.90796529959963,2
243.016201080072,40.93377516008411,34.34949649506574,2
243.03620241349424,37.553205467251885,30.70521577400279,2
243.05620374691645,36.540876687590476,30.856823459212233,2
243.07620508033867,36.40504886381375,27.10162821244731,2
243.0962064137609,32.72799126939188,25.491458903180593,2
243.11620774718313,30.586210080295892,22.438214515313867,2
243.13620908060537,30.534990319746694,17.735945982942464,2
243.15621041402758,26.27674297138477,19.35944218223964,2
243.17621174744983,24.040199179771445,19.540679024044096,2
243.19621308087204,27.48050521830456,20.70092066280091,2
243.21621441429429,20.87825720510467,16.99578191815199,2
243.2362157477165,20.400210072377796,13.215657343728859,2
243.25621708113874,19.89829272405762,14.8360523802347,2
243.27621841456096,20.10431150463454,10.625604255721756,2
243.2962197479832,14.818311068129848,10.991521126787294,2
243.31622108140542,15.144094750751982,8.702336181432727,2
243.33622241482766,15.89811554085503,8.388578333361522,2
243.35622374824987,13.864219354155141,6.793832550456669,2
243.3762250816721,17.10693476348466,10.399363808114021,2
243.39622641509433,14.759351036107542,9.723642405031102,2
243.41622774851655,9.35928430908368,7.170287524062983,2
243.4362290819388,11.6218827609937,8.327864180653439,2
243.456230415361,15.235032569653033,11.90090447381873,2
243.47623174878325,8.957673465554816,7.0437462258628605,2
243.49623308220546,11.059914955935833,8.930619824015475,2
243.5162344156277,6.4967510352133715,6.746366216760777,2
243.53623574904992,9.576445537959586,7.98111313077387,2
243.55623708247217,8.060917230573414,9.041983610410387,2
243.57623841589438,9.36704833289857,9.903919188325126,2
243.59623974931662,12.281813352628475,9.377157352927819,2
243.61624108273884,12.661516596919585,9.596236959840969,2
243.63624241616108,11.813778058419205,8.564986973089937,2
243.6562437495833,16.33063853253582,14.235520730878335,2
243.6762450830055,18.66061408320415,10.8782680738992,2
243.69624641642775,14.410616318116551,14.21217444728929,2
243.71624774984997,14.973335761758646,14.696926286795268,2
243.7362490832722,17.544733664367268,18.862012709581208,2
243.75625041669443,21.74540337277939,18.15860453853557,2
243.77625175011667,22.154857641118642,20.187779715846474,2
243.7962530835389,20.850416573848566,24.135983198308278,2
243.81625441696113,27.177214436071086,23.491210102741842,2
243.83625575038334,25.30668764049179,29.283562822640395,2
243.8562570838056,26.573886682757443,27.680669557881817,2
243.8762584172278,31.60162530259488,29.719655569024535,2
243.89625975065005,31.34474352557397,31.847096209232497,2
243.91626108407226,33.65623722964122,33.186003310653625,2
243.9362624174945,33.39928790743402,35.28459993886636,2
243.95626375091672,37.08602527229238,36.7321467203959,2
243.97626508433893,40.648893303130585,35.28572190398138,2
243.99626641776118,40.42682527868901,41.49396323204874,2
244.0162677511834,44.70938270705165,43.06835482899387,2
244.03626908460564,43.69156818980947,43.420789581268295,2
244.05627041802785,48.77956306679707,43.769480744886756,2
244.0762717514501,50.08032953475344,44.951268356386876,2
244.0962730848723,50.93865553014107,50.05112347985311,2
244.11627441829455,53.006554917111806,50.8936019926478,2
244.13627575171677,55.72400470760002,53.66076522788642,2
244.156277085139,57.526109425564684,58.085850922847094,2
244.17627841856122,57.07724924962514,56.506376677056835,2
244.19627975198347,60.25302530210003,57.114576201832655,2
244.21628108540568,61.346695068780285,58.270675650952654,2
244.23628241882793,60.25061370635243,56.80217491983641,2
244.25628375225014,63.661388883703516,62.180981345918525,2
244.27628508567236,65.13307343397224,63.76265871952586,2
244.2962864190946,63.17014525839479,63.959809406742,2
244.3162877525168,68.7070949755784,66.86268480750684,2
244.33628908593906,67.64447518723831,65.49675142801543,2
244.35629041936127,71.71379522164862,65.87030412715806,2
244.37629175278352,72.84548454917508,62.99945253032682,2
244.39629308620573,71.63817579368195,70.48907176869616,2
244.41629441962797,68.40687710158123,69.181483370472,2
244.4362957530502,74.6767719096504,67.13443414707821,2
244.45629708647243,75.17875193993885,65.04150329482349,2
244.47629841989465,72.87393677618569,68.45234389217104,2
244.4962997533169,72.54465868113735,70.64617973648564,2
244.5163010867391,71.59683798057668,69.54996512886696,2
244.53630242016135,72.29543076360903,68.1605577728379,2
244.55630375358356,75.12986314466626,67.03074999219301,2
244.57630508700578,70.46695613630132,64.81645892686505,2
244.59630642042802,66.62180692427343,68.50620263374503,2
244.61630775385024,66.99106240951411,65.6346799037048,2
244.63630908727248,67.50001821139708,66.66767771906082,2
244.6563104206947,72.46366536258537,66.07906135983218,2
244.67631175411694,64.60277429524606,58.39633192562785,2
244.69631308753915,69.22475023012426,61.36518331191989,2
244.7163144209614,66.16981848673723,58.05225844227526,2
244.7363157543836,65.47792474095253,55.77447887089079,2
244.75631708780585,62.18405908316958,56.01522133689763,2
244.77631842122807,61.04785516982959,54.61644347364931,2
244.7963197546503,60.31628910091063,53.678269501148726,2
244.81632108807253,60.186141788137476,52.21572481701758,2
244.83632242149477,56.61691260972262,46.69795917930412,2
244.85632375491699,57.30064138409727,48.21652652794956,2
244.8763250883392,54.68641334151144,42.634160178699716,2
244.89632642176144,50.917576601745864,46.94714010595832,2
244.91632775518366,49.57424267743252,40.164833647034904,2
244.9363290886059,45.249653333712466,38.99570180548295,2
244.95633042202812,45.744697613957776,38.798596747486286,2
244.97633175545036,40.69123413362012,36.59308870086292,2
244.99633308887257,43.13108524545411,32.56834795921509,2
245.01633442229482,41.139254456617905,33.068163525804835,2
245.03633575571703,37.64140032271881,31.790358673083055,2
245.05633708913928,38.618012232505855,26.757501305019634,2
245.0763384225615,35.28739839650949,24.457952106387307,2
245.09633975598373,33.67113932513258,26.340684457181638,2
245.11634108940595,30.57203264433539,20.772527096907872,2
245.1363424228282,31.936823186815637,25.701687732789733,2
245.1563437562504,24.411587005272445,22.66598038697632,2
245.17634508967262,24.95843254399258,18.377036346951602,2
245.19634642309487,24.774702402116116,18.58488273827588,2
245.21634775651708,21.97844794925063,17.003319705343078,2
245.23634908993932,19.747340935482548,15.53315497082034,2
245.25635042336154,18.473856335465108,14.157474847564547,2
245.27635175678378,17.84968872331389,10.583137132280996,2
245.296353090206,15.992749760492593,7.157853099836852,2
245.31635442362824,13.130418944159759,7.242797325629569,2
245.33635575705046,14.94449430453287,9.826674879418041,2
245.3563570904727,13.903161945639248,8.070829353945802,2
245.3763584238949,14.811229378906564,8.91477321759497,2
245.39635975731716,12.336300491479841,6.301954106040731,2
245.41636109073937,11.372593050615711,7.2116924653215655,2
245.43636242416162,8.700564808361557,1.1922367147511057,2
245.45636375758383,13.232341633232938,6.13850356006688,2
245.47636509100604,10.377202728325367,6.110330031542835,2
245.4963664244283,10.771635239673769,10.897833769086915,2
245.5163677578505,11.32647188272348,5.605624757473855,2
245.53636909127275,12.395925059876072,7.198826332452975,2
245.55637042469496,11.152126113321163,7.947158428272644,2
245.5763717581172,11.003941882880902,9.720175249528577,2
245.59637309153942,15.061045841950582,11.560844872638121,2
245.61637442496166,9.777455355629485,9.841783461238595,2
245.63637575838388,12.482425773059045,9.290582670372931,2
245.65637709180612,17.74671846825966,13.160350504218847,2
245.67637842522834,12.56804213688164,15.61685376805761,2
245.69637975865058,19.34061844835107,15.467982852256085,2
245.7163810920728,16.263903035393277,16.646247203334127,2
245.73638242549504,16.64252093473111,15.907163784093147,2
245.75638375891725,23.316975734756472,17.946970844987607,2
245.77638509233947,23.28955918379761,22.014642565265365,2
245.7963864257617,23.615342070882896,22.130365871825703,2
245.81638775918393,24.72571181462259,27.110115152668058,2
245.83638909260617,24.56420953295412,24.522860207123934,2
245.85639042602838,28.112234318876588,28.102430977873023,2
245.87639175945063,31.353831959168602,22.311537113276316,2
245.89639309287284,30.37771753300827,34.0758385551816,2
245.91639442629508,36.32741672472568,32.20694024302455,2
245.9363957597173,34.42489954718117,39.42456051584647,2
245.95639709313954,38.46604340876571,34.96871983780486,2
245.97639842656176,38.28588276310371,37.40599045545881,2
245.996399759984,40.519620338987046,38.962871325722425,2
246.01640109340622,42.96237472617951,43.53525452780546,2
246.03640242682846,47.6575774463964,49.091026706538585,2
246.05640376025067,48.50554149990001,45.84465532975278,2
246.07640509367292,52.42008586679506,46.802979841800536,2
246.09640642709513,52.39608508748371,46.441593895264035,2
246.11640776051735,58.05706839549258,53.75430286443836,2
246.1364090939396,54.75452831609193,53.957987212119555,2
246.1564104273618,48.969327869983225,56.20269536159353,2
246.17641176078405,56.4448245082713,54.717629371289156,2
246.19641309420626,62.61349487813292,60.44504134191391,2
246.2164144276285,63.41820041448003,59.884347301051065,2
246.23641576105072,63.353100162713694,61.634872807694975,2
246.25641709447297,67.66375846326343,62.21242796159346,2
246.27641842789518,67.19937582685152,63.23247180708658,2
246.29641976131742,64.45783617237969,64.49773446357943,2
246.31642109473964,66.72653214567309,65.26046761614543,2
246.33642242816188,68.36704738113573,65.61183671517041,2
246.3564237615841,70.48351360105754,69.16925432500342,2
246.37642509500634,70.95473103674416,65.99593306949828,2
246.39642642842855,68.83316387690367,68.78639227353602,2
246.41642776185077,73.77129470334796,69.41719614609613,2
246.436429095273,72.61773903350658,66.81397096264408,2
246.45643042869523,68.83232579705893,67.97345712398341,2
246.47643176211747,70.03095510937025,72.1191328534689,2
246.4964330955397,75.70930174249929,66.22368417417323,2
246.51643442896193,71.2238559804709,66.76703627867539,2
246.53643576238414,68.92457147716674,71.95399904157172,2
246.5564370958064,74.61312253392644,64.60714578935429,2
246.5764384292286,70.02093561704595,67.79506614799905,2
246.59643976265085,75.58833119801557,65.7862728536547,2
246.61644109607306,70.92534223474043,62.51608126191218,2
246.6364424294953,74.64185260845528,68.31673199056344,2
246.65644376291752,68.48920229811233,64.6331433343399,2
246.67644509633976,67.05615495765049,59.84685343061272,2
246.69644642976198,64.85870890984738,61.76627645538575,2
246.7164477631842,63.294213179495834,57.57852380989323,2
246.73644909660644,66.64357329858073,59.344683602278174,2
246.75645043002865,64.49111236574808,55.77297920256138,2
246.7764517634509,64.6209624867779,53.65643527945818,2
246.7964530968731,60.155150779132825,56.77313752669386,2
246.81645443029535,57.98059022282034,53.26699714733444,2
246.83645576371757,56.187057933019744,47.1818573466544,2
246.8564570971398,57.351731284409986,45.912727834945066,2
246.87645843056202,54.91073617144966,44.68913974851699,2
246.89645976398427,50.70222314051833,45.48225444765801,2
246.91646109740648,53.40092203045687,42.67443381788185,2
246.93646243082873,47.908715222148004,44.15812162210261,2
246.95646376425094,50.72080382492269,39.43721607613718,2
246.97646509767318,44.23450125896686,33.993128051800234,2
246.9964664310954,42.895110124046404,33.47651897141659,2
247.0164677645176,38.318082175366555,31.90929312356092,2
247.03646909793986,38.43717234155329,31.389012264835625,2
247.05647043136207,33.48690611523426,27.603508382236765,2
247.07647176478432,32.53040572305639,30.49060437529152,2
247.09647309820653,30.910463613583172,28.543687662298524,2
247.11647443162877,33.54505548608738,24.153373216309337,2
247.136475765051,28.858058241039988,20.434599436517242,2
247.15647709847323,27.511401662686854,17.055243824674218,2
247.17647843189545,28.117748955621614,14.459342997187075,2
247.1964797653177,19.114775928564544,18.388324508363254,2
247.2164810987399,21.76040420647027,14.503677239882855,2
247.23648243216215,21.635277724026412,17.485897265172003,2
247.25648376558436,19.53324159615359,12.254182064025947,2
247.2764850990066,15.532653044029239,12.15083412659991,2
247.29648643242882,13.016769232192573,8.552750841686223,2
247.31648776585104,16.425551446235385,11.243624283528835,2
247.33648909927328,13.731439957114029,9.994725349803929,2
247.3564904326955,13.52319013340512,8.90277192923464,2
247.37649176611774,15.727254523810746,6.4995080058112205,2
247.39649309953995,11.99637522051515,5.878557290897871,2
247.4164944329622,13.18270754783505,6.009605398633136,2
247.4364957663844,11.734795016210319,7.504388860458409,2
247.45649709980665,10.807848288171863,6.892367066410284,2
247.47649843322887,9.483065466842998,12.384735938467315,2
247.4964997666511,13.246484477604282,10.613729160228907,2
247.51650110007333,10.001966270357663,5.791125538896074,2
247.53650243349557,10.371514014006966,9.822698584859706,2
247.55650376691779,13.316351015687708,7.462591901558432,2
247.57650510034003,11.95101630383407,6.133002475890089,2
247.59650643376224,14.33135355173835,9.856796541085815,2
247.61650776718446,15.33490157839115,6.443894703821876,2
247.6365091006067,12.221998623356795,9.934667838048874,2
247.65651043402892,9.494523174733565,15.763956551148416,2
247.67651176745116,17.864115047728095,16.88124930072653,2
247.69651310087337,15.445127034814004,12.876582347653311,2
247.71651443429562,20.390130052354962,20.696239748825647,2
247.73651576771783,20.588273730717336,18.293076827359567,2
247.75651710114008,20.48611909408779,18.094498817419947,2
247.7765184345623,23.886340528305965,21.078561600432167,2
247.79651976798453,25.365082161427896,20.53397928244437,2
247.81652110140675,26.091416078839412,21.93648376533546,2
247.836522434829,27.653170945574537,27.66439971591556,2
247.8565237682512,27.1693869698879,27.95058190038734,2
247.87652510167345,30.994553028126905,30.479718321619547,2
247.89652643509567,31.787159071109045,31.296858136794736,2
247.91652776851788,29.540633376269643,31.66704829731003,2
247.93652910194012,36.84464139805605,35.26880179908882,2
247.95653043536234,34.69714203479087,35.36524504497199,2
247.97653176878458,38.6460312434893,38.59872118294314,2
247.9965331022068,41.405916711232926,44.02712585497485,2
248.01653443562904,45.89456791711074,41.23390544514241,2
248.03653576905126,46.44302882087496,46.318467461911084,2
248.0565371024735,49.717672456192,46.891075465885244,2
248.0765384358957,51.409213441581805,48.68271084474613,2
248.09653976931796,50.31225685270412,48.03417072738182,2
248.11654110274017,54.67447843660106,50.06659395067118,2
248.13654243616242,55.65133317118217,53.51819088274311,2
248.15654376958463,53.88880135166721,53.292964484628136,2
248.17654510300687,60.15401059253848,54.88197199134732,2
248.1965464364291,55.62055044900785,58.828007324920506,2
248.2165477698513,60.750305374026155,58.00969417588414,2
248.23654910327355,64.89775974810536,59.13467401106594,2
248.25655043669576,64.32121892956698,59.79356751980635,2
248.276551770118,65.45843461550555,62.40566060994458,2
248.29655310354022,68.28047198588254,65.34413723749269,2
248.31655443696246,65.47990541541276,64.133641295045,2
248.33655577038468,69.61942074002967,65.82042503814094,2
248.35655710380692,68.59990011622547,69.29554898954612,2
248.37655843722914,70.09973805149478,69.26431022291325,2
248.39655977065138,67.57725138832215,66.65254594767413,2
248.4165611040736,72.9084278921398,68.87046017458475,2
248.43656243749584,71.30760425670276,69.52083702892708,2
248.45656377091805,72.33980544189329,66.2874437251274,2
248.4765651043403,72.44813808872372,66.85455259108025,2
248.4965664377625,70.08342045069597,68.70642729571193,2
248.51656777118473,74.57899924123653,66.88485880401348,2
248.53656910460697,73.28888783972276,67.40236020039065,2
248.55657043802918,72.11762597325941,67.39405050591171,2
248.57657177145143,76.01487048954371,70.16216109795914,2
248.59657310487364,68.85921808478503,67.60354081365344,2
248.61657443829588,70.45840979937908,64.71147904716112,2
248.6365757717181,67.97512209366488,63.01111665539617,2
248.65657710514034,68.72183036904613,64.68867811109904,2
248.67657843856256,68.99702509032078,61.557217339396395,2
248.6965797719848,65.53308665923737,59.2342157069264,2
248.71658110540702,66.13495648506442,62.58651763201777,2
248.73658243882926,66.34855677682182,57.76292590119208,2
248.75658377225147,62.295976185582596,61.11582592455683,2
248.77658510567372,61.55251161290281,53.01061807525903,2
248.79658643909593,60.82135693599605,51.64953393545789,2
248.81658777251815,57.06829784407138,50.412606773929866,2
248.8365891059404,57.38809730923364,49.059922123119726,2
248.8565904393626,56.89680804560585,49.10586289974207,2
248.87659177278485,53.98322068371679,48.8381827346008,2
248.89659310620706,53.614135306387034,47.1269277489959,2
248.9165944396293,50.644755860394554,42.57670679853565,2
248.93659577305152,50.14855189533288,40.165464971948694,2
248.95659710647377,49.596081422155834,42.47784336473299,2
248.97659843989598,45.930578718423405,39.697743315929536,2
248.99659977331822,44.37967824682837,34.724398979382556,2
249.01660110674044,40.77221088772069,30.12897599563589,2
249.03660244016268,36.97152517117357,28.567797445419913,2
249.0566037735849,36.54233512283805,28.679111057480302,2
249.07660510700714,33.61675297958982,27.61318711754323,2
249.09660644042935,33.229835672845034,23.424409172617366,2
249.11660777385157,32.40238803603676,24.455400625968274,2
249.1366091072738,28.04317011697589,22.61973707918955,2
249.15661044069603,29.00977494149025,17.996440327157586,2
249.17661177411827,27.03424926085782,17.16914731311921,2
249.1966131075405,23.639299223101155,14.972003497351972,2
249.21661444096273,21.928328782959063,15.999338144036262,2
249.23661577438494,20.642622396800114,12.024348570097406,2
249.2566171078072,16.3652360704792,13.38007049644331,2
249.2766184412294,22.16992943607298,12.923945077911142,2
249.29661977465165,17.74430817101282,11.46552675299522,2
249.31662110807386,16.617473011728542,8.722679815826158,2
249.3366224414961,16.84430839664032,8.045866098000793,2
249.35662377491832,12.293583906637936,11.165034737603584,2
249.37662510834056,14.140663597416756,6.893533823856349,2
249.39662644176278,11.003311665004507,4.468519208790019,2
249.416627775185,13.858379781848962,8.383656581735531,2
249.43662910860724,9.61400859867578,8.88792648577562,2
249.45663044202945,13.486382776842344,8.785507577265692,2
249.4766317754517,11.98239417648527,7.353904358731637,2
249.4966331088739,7.371673196295591,8.347269879983,2
249.51663444229615,11.469426409459166,10.075351575730132,2
249.53663577571837,11.220506066130715,4.269370596938564,2
249.5566371091406,8.97468416886181,7.522102969641574,2
249.57663844256282,13.210022402610026,12.128332174512728,2
249.59663977598507,13.673396477144498,8.697313526576995,2
249.61664110940728,13.73163441723342,12.517669186294622,2
249.63664244282953,13.171228664027844,8.208249805836118,2
249.65664377625174,12.897200497919052,11.896574436309209,2
249.67664510967398,14.979672779921318,17.614796419429688,2
249.6966464430962,18.918402219175974,14.780155499312976,2
249.7166477765184,19.387263223052862,18.073597915441276,2
249.73664910994066,19.81434263635784,16.43375353631329,2
249.75665044336287,18.681578316456577,21.659926376067006,2
249.77665177678512,22.2964015360187,20.259676782614743,2
249.79665311020733,23.231511983778777,20.351398414513593,2
249.81665444362957,28.32938554460389,20.36725938936939,2
249.8366557770518,28.142742545856564,27.854286833801062,2
249.85665711047403,25.027704677628726,25.143057362750984,2
249.87665844389625,30.24168162358204,28.570270224366993,2
249.8966597773185,31.360112768287024,30.579276189647345,2
249.9166611107407,37.10648501187301,35.688098857377256,2
249.93666244416295,36.76603077146044,34.1806103161201,2
249.95666377758516,37.097193956955806,37.03003289963305,2
249.9766651110074,42.49188161296414,36.17526778275751,2
249.99666644442962,38.66435587927534,39.187915694862525,2
250.01666777785184,43.287787633500194,40.86073829406629,2
250.03666911127408,47.55734547606148,43.09532573385998,2
250.0566704446963,48.669437934476775,47.9454550733153,2
250.07667177811854,50.467719189821196,53.02249932243407,2
250.09667311154075,54.631581740644954,52.03627069346571,2
250.116674444963,52.11748204304133,52.02468565622387,2
250.1366757783852,55.27462030229161,53.297556515515424,2
250.15667711180745,56.95420120756734,56.87149545712473,2
250.17667844522967,55.8480950579949,58.2420984353943,2
250.1966797786519,58.41345601994676,57.19326683822578,2
250.21668111207413,64.82133171136334,58.90766765542682,2
250.23668244549637,60.449859411472,61.970640474479595,2
250.25668377891859,65.48750290288905,62.791560002214915,2
250.27668511234083,64.55576634867255,65.76361889944717,2
250.29668644576304,66.16685621554122,66.01809584930949,2
250.31668777918526,66.36727388692198,64.51832180212607,2
250.3366891126075,74.51179568637026,65.61238445489525,2
250.35669044602972,69.56370949518069,67.3181979174967,2
250.37669177945196,74.43568164475376,68.68820478634241,2
250.39669311287417,69.94795646113322,67.08597218355924,2
250.41669444629642,71.35137977047002,67.07166712088839,2
250.43669577971863,69.87446165919413,68.18876287418792,2
250.45669711314088,71.02487831351301,66.8878404300969,2
250.4766984465631,72.83850749797111,66.9260571178211,2
250.49669977998533,74.8474644564442,69.91477986751262,2
250.51670111340755,72.96000607680652,71.1926131793981,2
250.5367024468298,73.302292255495,65.97769862494556,2
250.556703780252,73.82292425882133,66.67328653787764,2
250.57670511367425,74.17216902797416,64.72282466470068,2
250.59670644709647,73.85850878692015,64.59115778672205,2
250.61670778051868,72.43230671496292,68.15734246430253,2
250.63670911394092,70.54397596875826,67.00612794360363,2
250.65671044736314,67.04941601185372,64.12450586246857,2
250.67671178078538,67.15472843446672,64.17481053062883,2
250.6967131142076,67.99817209509726,66.4621669364461,2
250.71671444762984,66.49077191597293,60.63756879077269,2
250.73671578105206,63.90945185919316,59.69916051022012,2
250.7567171144743,66.6486510723393,55.930913303480565,2
250.7767184478965,61.62053872743241,51.708603669580036,2
250.79671978131876,61.446208394594635,54.582689017530704,2
250.81672111474097,60.09466297900076,52.16971883548358,2
250.83672244816321,56.76491146277068,50.62793308115199,2
250.85672378158543,53.067396547300625,51.814673351484444,2
250.87672511500767,55.83346537981518,48.796194637412036,2
250.8967264484299,49.174883684482545,47.55141441014654,2
250.9167277818521,47.38199922738988,42.63952187337141,2
250.93672911527435,48.699173311892025,43.23197123902683,2
250.95673044869656,46.168763169369164,37.09216623986276,2
250.9767317821188,45.63125586237344,39.30801136690631,2
250.99673311554102,43.37656695257932,35.8153749726562,2
251.01673444896326,44.1417639147854,33.381618457567555,2
251.03673578238548,41.13727728641157,28.414870290656967,2
251.05673711580772,35.65156136124446,27.91392424724103,2
251.07673844922994,36.59876691136211,25.52203097361045,2
251.09673978265218,28.87770420333695,28.283190216949713,2
251.1167411160744,30.639054321735046,24.627140255993496,2
251.13674244949664,32.66399671612552,21.570783331495317,2
251.15674378291885,29.01793203698018,17.19845112735343,2
251.1767451163411,26.039884220544565,18.998158433654623,2
251.1967464497633,25.373718806687705,17.766502677523185,2
251.21674778318553,24.61670400947105,15.958879808383728,2
251.23674911660777,21.061410408061263,16.296868601899153,2
251.25675045002998,17.6177749530685,15.160873568861168,2
251.27675178345223,19.848842674008505,12.82547626958977,2
251.29675311687444,16.22374496410654,9.628252392104207,2
251.31675445029668,14.29871460081912,4.950211354783501,2
251.3367557837189,15.323209300557956,7.698146718341399,2
251.35675711714114,14.97913931076105,6.783866077721642,2
251.37675845056336,12.863037754739175,5.48017449771546,2
251.3967597839856,11.856241528175602,7.513607490646305,2
251.41676111740782,10.776997965910988,5.84998520624438,2
251.43676245083006,10.542080504878731,6.111697662144875,2
251.45676378425227,10.38535513033615,3.278267910998598,2
251.47676511767452,9.435181758576302,6.457662862530959,2
251.49676645109673,14.716454028198816,9.50752487503701,2
251.51676778451895,12.39722243938694,6.239506904340344,2
251.5367691179412,9.943138806829635,7.0776087843331394,2
251.5567704513634,12.53391677432479,8.792006932258994,2
251.57677178478565,11.081303259078979,6.435204807680817,2
251.59677311820786,11.930567438232188,12.210264463127173,2
251.6167744516301,10.358131680758117,10.51621819378608,2
251.63677578505232,16.578460211392667,10.329340409123645,2
251.65677711847457,15.166960712158549,10.670331476090457,2
251.67677845189678,13.670535414929478,13.54906245991331,2
251.69677978531902,17.681172718542246,17.435253111360034,2
251.71678111874124,17.15127172312344,14.440618415445394,2
251.73678245216348,20.138256174277398,15.706492853623251,2
251.7567837855857,22.593835116152963,21.422658519837082,2
251.77678511900794,19.562486835644656,18.81611481122738,2
251.79678645243015,21.952478801483817,22.548430762251797,2
251.81678778585237,27.285635397698506,23.436145846009556,2
251.8367891192746,25.204515325947785,25.943111646500213,2
251.85679045269683,27.58933341631963,27.259465782987213,2
251.87679178611907,28.837080913557877,29.72445079121358,2
251.8967931195413,32.982444367572185,27.525694234618236,2
251.91679445296353,33.964685725556784,32.8472265198668,2
251.93679578638574,39.2265724697692,30.936408336734594,2
251.956797119808,35.02232965403662,37.926480685034605,2
251.9767984532302,42.25397193736112,45.491962777725035,2
251.99679978665245,41.42025905416753,42.63687634649432,2
252.01680112007466,41.06641707429543,41.56835787522945,2
252.0368024534969,43.3493023733631,44.88801564150533,2
252.05680378691912,50.12344411304786,43.692293634580764,2
252.07680512034136,45.80832030521662,45.08352169015048,2
252.09680645376358,52.03597206567319,49.872303976468984,2
252.1168077871858,50.98220274368408,54.52781996541323,2
252.13680912060804,55.40419417465562,52.15724789196789,2
252.15681045403025,57.50335648442981,57.83106870420392,2
252.1768117874525,59.716669329833955,54.094893467215755,2
252.1968131208747,62.22152180740103,54.69624710597958,2
252.21681445429695,64.24576268595345,59.60655288611125,2
252.23681578771917,63.23248864888164,60.629887207448455,2
252.2568171211414,61.85050572428674,62.25598720556227,2
252.27681845456362,62.83522904284315,63.47043308843785,2
252.29681978798587,66.51877614748527,63.70666703687547,2
252.31682112140808,71.09656930908491,64.43184926994148,2
252.33682245483033,71.07569286851736,63.98985381952307,2
252.35682378825254,73.14376340110655,67.19361926603203,2
252.37682512167478,69.56666137855012,66.83788873296713,2
252.396826455097,68.37080054427632,67.8616373129522,2
252.4168277885192,68.82271197697173,67.61791626297016,2
252.43682912194146,75.44875801953327,67.85033326660673,2
252.45683045536367,73.71617495279429,69.44234079075238,2
252.47683178878592,71.80094296295286,71.31482910289687,2
252.49683312220813,74.58932852583735,70.38129144557709,2
252.51683445563037,70.42893992986812,69.73636548930034,2
252.5368357890526,71.7378990502964,68.08878485477958,2
252.55683712247483,72.7366415237641,66.45476924311355,2
252.57683845589705,70.25805751820268,67.30923632088584,2
252.5968397893193,71.7753204532444,66.42385153406062,2
252.6168411227415,67.46731696551865,63.46648231771557,2
252.63684245616375,70.00913192035382,66.17931738645547,2
252.65684378958596,65.88118258499155,62.3618073155822,2
252.6768451230082,66.56090428958944,65.9221192391593,2
252.69684645643042,69.13650110443184,58.93984383950284,2
252.71684778985264,66.68462024752345,56.82571164507528,2
252.73684912327488,66.56681696094716,59.13802685983768,2
252.7568504566971,62.85619417914679,59.06907597847431,2
252.77685179011934,62.31939402516976,54.427859592125046,2
252.79685312354155,58.35758388818372,53.879608013245274,2
252.8168544569638,55.82413736000694,52.571784066104286,2
252.836855790386,54.80885954445724,49.00686348579746,2
252.85685712380825,56.05010544675613,46.93633080961362,2
252.87685845723047,55.095485908566275,46.01135640885318,2
252.8968597906527,52.9681886169693,46.112325867885396,2
252.91686112407493,49.17676822100286,44.356046207243985,2
252.93686245749717,47.18635937682023,44.767064801708024,2
252.95686379091939,45.991127368327064,40.3070051543767,2
252.97686512434163,40.079153116526264,37.85704943313321,2
252.99686645776384,41.69768564288022,34.56260527832408,2
253.01686779118606,41.29773088759313,30.974257359960156,2
253.0368691246083,36.05863672651272,29.255982340559104,2
253.05687045803052,38.903918052609306,33.45870682752126,2
253.07687179145276,34.05506446377153,28.356827142173824,2
253.09687312487497,33.24918692506964,26.655375590221638,2
253.11687445829722,32.805685010085526,22.997522325169154,2
253.13687579171943,30.31211630144925,20.281249306749697,2
253.15687712514168,29.06668465374015,23.91212615877993,2
253.1768784585639,26.526835128310257,17.664977954130144,2
253.19687979198613,22.977598865313492,16.76010644773385,2
253.21688112540835,22.411911106009214,15.632785242264873,2
253.2368824588306,18.12112750691525,15.906804318615137,2
253.2568837922528,19.13291465700083,12.745697088089786,2
253.27688512567505,17.918756472655023,14.173474494804324,2
253.29688645909727,16.45350008837647,10.968910178446379,2
253.31688779251948,18.498733253471016,11.0946069894843,2
253.33688912594172,14.602901000831073,8.512300942345682,2
253.35689045936394,11.83357120673765,6.385179105326732,2
253.37689179278618,14.208301860780278,9.393982507609415,2
253.3968931262084,10.0182558330153,9.112841351762603,2
253.41689445963064,12.24241496726961,8.943297277042412,2
253.43689579305286,12.451915149374667,5.16792704352805,2
253.4568971264751,4.508338098309321,4.741729501780213,2
253.4768984598973,8.262074313255441,4.3154520494996875,2
253.49689979331956,11.097190394614874,10.294910263202041,2
253.51690112674177,13.220359630000393,6.714103415882506,2
253.53690246016401,10.699449791948467,6.33995015940235,2
253.55690379358623,13.004096521325739,6.7084348710198025,2
253.57690512700847,8.35679940695547,5.616376671042928,2
253.5969064604307,10.486201630843311,6.999125785216764,2
253.6169077938529,16.166196402682292,11.969775585165603,2
253.63690912727515,12.689126820710547,11.58629866927513,2
253.65691046069736,14.95167177162843,10.730167939377678,2
253.6769117941196,17.551744572554597,11.979827704251434,2
253.69691312754182,18.099292793525972,10.84527559023797,2
253.71691446096406,19.00694787929885,14.684695855263648,2
253.73691579438628,18.09868326628333,16.575047222942597,2
253.75691712780852,21.9985524601228,20.042893351987733,2
253.77691846123074,23.60344420133474,21.379301085370255,2
253.79691979465298,23.431802934714856,18.191560249029315,2
253.8169211280752,26.573850611509695,24.150138163705943,2
253.83692246149744,21.76414591917459,26.680678278065432,2
253.85692379491965,29.77955385465567,29.127827624144718,2
253.8769251283419,29.230882498333333,29.2041887697918,2
253.8969264617641,30.99647142927796,31.913265388195896,2
253.91692779518633,35.217401173188364,34.461165786304065,2
253.93692912860857,36.44943446336844,33.88672436673687,2
253.95693046203078,41.53272451192053,39.6187524143783,2
253.97693179545303,42.86202785302713,38.03212474994699,2
253.99693312887524,44.14584259318205,40.86335320127155,2
254.01693446229748,43.40048157384947,37.715617159474064,2
254.0369357957197,46.711024048913,46.27618407621126,2
254.05693712914194,51.15840636524163,42.34696256757883,2
254.07693846256416,51.33559318523953,50.627392746759206,2
254.0969397959864,52.891860463486374,50.060771361824244,2
254.11694112940862,56.50147310849176,51.752609961778234,2
254.13694246283086,53.23840605395854,54.21007501538453,2
254.15694379625307,59.78305059432872,56.30930577115074,2
254.17694512967532,57.684256135429735,56.98729029997146,2
254.19694646309753,61.015950759630186,61.059093628815006,2
254.21694779651975,61.731787750713806,57.57659333518962,2
254.236949129942,60.24137707718625,61.948931057361236,2
254.2569504633642,68.54974073055453,58.75052591495887,2
254.27695179678645,62.79161436071714,64.76611178784484,2
254.29695313020866,68.7222778270628,64.92988630846762,2
254.3169544636309,69.6130088130498,64.28089755975735,2
254.33695579705312,69.75899930165131,67.36141134650514,2
254.35695713047537,70.67169061953159,64.15301257725646,2
254.37695846389758,70.71917975738798,70.62820333133298,2
254.39695979731982,69.63506667160743,69.2610814903808,2
254.41696113074204,72.20128943075598,72.30917485489614,2
254.43696246416428,72.14615777084151,73.20042966322119,2
254.4569637975865,73.19269179463588,68.0798556784828,2
254.47696513100874,73.30020391191512,66.81607325691996,2
254.49696646443095,70.3222598567867,70.5028249150628,2
254.51696779785317,74.51294344345537,69.75142908810204,2
254.5369691312754,75.10827794685935,67.3915663879095,2
254.55697046469763,74.89240440589174,66.4238865638786,2
254.57697179811987,72.19011314081311,65.98492715989724,2
254.5969731315421,71.62164232781126,66.77488737470695,2
254.61697446496433,73.1488084449226,62.721391234874766,2
254.63697579838654,70.50712559503951,62.791892454163836,2
254.6569771318088,73.94643294495792,61.58647781777346,2
254.676978465231,69.04807769830865,65.01056891551848,2
254.69697979865325,68.53680936038471,59.287656805460394,2
254.71698113207546,65.23381819429194,58.72762235692561,2
254.7369824654977,62.76332858685517,60.37383055996453,2
254.75698379891992,63.243463641953355,53.461221090658185,2
254.77698513234216,62.7154587008937,55.967798789075594,2
254.79698646576438,63.96219823112991,55.88365026016659,2
254.8169877991866,58.12387393451524,52.98242889965122,2
254.83698913260884,59.076036169844194,48.926448039640576,2
254.85699046603105,57.9438207603689,48.7085013466992,2
254.8769917994533,54.046380163585,45.84500493823125,2
254.8969931328755,52.3250889079978,40.8656597405745,2
254.91699446629775,49.590585336979856,40.862255848794405,2
254.93699579971997,51.2191476155671,41.117179406139996,2
254.9569971331422,44.09332238967388,36.69011423517207,2
254.97699846656442,45.3199842126706,36.0595762150173,2
254.99699979998667,42.48341398416856,35.04948361116995,2
255.01700113340888,40.62059977502592,35.91929539703842,2
255.03700246683113,40.150086709125176,28.1803410361844,2
255.05700380025334,38.69861757721063,29.642111770095976,2
255.07700513367558,35.97552494361917,26.755305684229796,2
255.0970064670978,31.114598890504322,25.034476870169595,2
255.11700780052,29.26742123713403,21.351796919294067,2
255.13700913394226,30.68179521108872,23.392751781248318,2
255.15701046736447,29.816842526819947,16.920624379525858,2
255.17701180078672,28.750512980311168,17.846460449340267,2
255.19701313420893,25.82802083870801,15.203909635061116,2
255.21701446763117,22.65409630991308,14.700839969356398,2
255.2370158010534,23.502488665158516,15.338819709607412,2
255.25701713447563,19.264999839250002,14.684797281933612,2
255.27701846789785,18.688935455187607,16.2021809339571,2
255.2970198013201,17.07190069289026,13.252103623274564,2
255.3170211347423,17.480814181302303,8.09591668092771,2
255.33702246816455,14.839472736363051,9.898286328151523,2
255.35702380158676,11.783159432202462,5.14669140878838,2
255.377025135009,10.94096640740646,8.108784542883544,2
255.39702646843122,10.847099138660269,6.398663103619938,2
255.41702780185344,9.883446100598286,3.4957030380942085,2
255.43702913527568,14.136526622019504,5.273864190516575,2
255.4570304686979,7.984044317305186,7.683311641723247,2
255.47703180212014,11.411956972785196,5.942677752551852,2
255.49703313554235,9.136852747655933,1.2792191133693063,2
255.5170344689646,8.510574527659832,6.027952766017043,2
255.5370358023868,11.569337570040606,8.149269396780792,2
255.55703713580905,12.503734552003197,6.288570571791051,2
255.57703846923127,7.586694029114261,8.079012132024472,2
255.5970398026535,10.674598556748489,13.34355503033768,2
255.61704113607573,14.218906080984734,5.314504122546144,2
255.63704246949797,13.021506841897486,8.030067494362589,2
255.65704380292019,16.593813982898126,9.930384117747298,2
255.67704513634243,18.605024409730657,13.18140048252875,2
255.69704646976464,20.217822710157165,14.234834778169393,2
255.71704780318686,18.56121791541699,17.068971070377795,2
255.7370491366091,18.657314009738148,15.599093161907247,2
255.75705047003132,17.124971059655046,19.73778063627142,2
255.77705180345356,22.844757606132582,20.91586723205385,2
255.79705313687577,25.28545576871904,20.58899409606836,2
255.81705447029802,26.193201320415824,27.5796896887056,2
255.83705580372023,25.80455500636798,21.551771226999744,2
255.85705713714248,28.07197901734197,24.810034642874044,2
255.8770584705647,30.78325067480404,26.90617534484965,2
255.89705980398693,33.92591166335157,29.890323518627394,2
255.91706113740915,36.21116745134879,32.55138120927157,2
255.9370624708314,38.54493951688188,33.36138337873258,2
255.9570638042536,40.77260729326684,33.074473213620884,2
255.97706513767585,37.69190025196944,41.39729011473297,2
255.99706647109807,40.39254859981821,41.05365088860633,2
256.0170678045203,41.03894973080355,40.73644318297384,2
256.0370691379425,46.24986066518708,46.26300289630985,2
256.05707047136474,50.43257576357391,47.000298206456485,2
256.07707180478695,52.48726151397797,48.086789971671394,2
256.0970731382092,51.633772218750764,48.97519153864265,2
256.11707447163144,53.483541171972725,52.864627525612434,2
256.13707580505366,54.305196734484554,50.835944812535665,2
256.15707713847587,53.18278125916623,56.682144697504455,2
256.17707847189814,59.65776130170618,53.81441669513738,2
256.19707980532036,60.61955059672676,60.44327160060295,2
256.21708113874257,59.54342304327308,57.21801940346295,2
256.2370824721648,63.61800745075198,62.10927437150505,2
256.25708380558706,64.61328372893549,63.9011834500896,2
256.2770851390093,68.62366482547071,61.57507132408453,2
256.2970864724315,64.93493888344217,62.552031171183074,2
256.3170878058537,68.65827778660856,63.75913136952322,2
256.3370891392759,69.77781348338068,67.0641664639266,2
256.3570904726982,68.98573562601733,64.69639136228209,2
256.3770918061204,69.61662281641694,65.63937636527687,2
256.3970931395426,68.6881235142991,66.44224178147107,2
256.41709447296483,70.46871971950429,69.61427458040295,2
256.4370958063871,71.00837918156108,67.67360668125924,2
256.4570971398093,71.43706954472215,68.40466213898564,2
256.47709847323154,73.97264349728036,70.86877040762742,2
256.49709980665375,75.19603684271841,66.50936830363204,2
256.517101140076,70.99125136262425,68.25217191011856,2
256.53710247349824,72.54440100070494,71.20193622104158,2
256.55710380692045,75.03356133865329,64.59175046139086,2
256.57710514034267,72.73550605287801,66.0981327388161,2
256.5971064737649,74.41974479524046,64.82100216270516,2
256.61710780718715,70.17503857294366,63.41286576988911,2
256.63710914060937,66.59973117963318,64.77694710707371,2
256.6571104740316,70.05915615068737,58.98166419398013,2
256.6771118074538,65.59923987166236,66.11751714796661,2
256.69711314087607,67.03942824184224,61.218119920798806,2
256.7171144742983,64.35286770258939,58.528024714539185,2
256.7371158077205,64.65567881745115,61.46483853524322,2
256.7571171411427,63.95700509817,57.93260778593578,2
256.777118474565,60.63067834791807,53.72183756559981,2
256.7971198079872,59.596371584854126,57.978717546155025,2
256.8171211414094,64.83635392332592,53.448741065793726,2
256.83712247483163,53.82532056465177,51.715594588106626,2
256.8571238082539,56.561748117743754,46.79861935072428,2
256.8771251416761,51.91308475756078,45.135699105706344,2
256.89712647509833,52.30577668396385,45.15955764693859,2
256.91712780852055,48.6013913251536,44.90514011056907,2
256.93712914194276,45.96921615883403,44.91442541289711,2
256.95713047536503,47.54914344609314,41.165120642648866,2
256.97713180878725,43.007464079585986,35.654715168545955,2
256.99713314220946,44.376685201364715,35.0186879550118,2
257.0171344756317,41.06010326385242,30.440815023204273,2
257.03713580905395,40.19851442206685,29.665398702428128,2
257.05713714247617,33.97854928798071,28.04426038507273,2
257.0771384758984,32.603310263667254,27.796620143280418,2
257.0971398093206,31.19813192992751,27.298070910995325,2
257.11714114274287,28.285760677956375,26.233148826929423,2
257.1371424761651,29.26695835971475,20.951895594060396,2
257.1571438095873,27.79839111601372,22.192901862639186,2
257.1771451430095,25.499915735739343,18.719888247367944,2
257.1971464764317,23.412617501512766,18.27232363707253,2
257.217147809854,22.085277722369643,15.006819860726251,2
257.2371491432762,21.225612544791215,13.910007862840578,2
257.2571504766984,17.866013879900514,12.325758698955216,2
257.27715181012064,19.05802144762857,11.471294056560163,2
257.2971531435429,17.058125353405728,14.923108211127271,2
257.31715447696513,17.340568433153837,9.69314054264478,2
257.33715581038734,10.689059287531958,11.761659154829688,2
257.35715714380956,14.869689815012816,8.964847999882725,2
257.37715847723183,13.33711723777765,7.135483586259762,2
257.39715981065405,11.25070797155807,8.343501405641325,2
257.41716114407626,15.100458523557647,6.599362282415541,2
257.4371624774985,8.169950012933894,6.354783733432782,2
257.45716381092075,11.88149577306899,5.9905023963631,2
257.47716514434296,8.726017850999202,7.065288684324968,2
257.4971664777652,10.283896475031796,5.337131387353718,2
257.5171678111874,8.097040221974797,9.063422203686407,2
257.5371691446096,7.100279897382641,2.3409688716567727,2
257.5571704780319,9.826898930222471,6.62090260061499,2
257.5771718114541,14.23282798370919,9.410503226954773,2
257.5971731448763,12.179111234533051,12.784143276018352,2
257.6171744782985,12.666741620890413,11.122458294650077,2
257.6371758117208,13.00437342321021,12.9174892109092,2
257.657177145143,14.29765827563953,10.613454062885454,2
257.6771784785652,13.093567800248916,14.134249982273273,2
257.69717981198744,20.137149879876834,14.706373136045217,2
257.7171811454097,18.816638726569924,12.449375867427696,2
257.7371824788319,17.023702570402754,17.031926278151396,2
257.75718381225414,19.01419799800759,19.86229221095698,2
257.77718514567636,23.854227254404307,18.154552693226478,2
257.79718647909857,22.57223299208472,21.13487030705308,2
257.81718781252084,22.85058438151545,20.993861633912925,2
257.83718914594306,24.49911758661857,26.2518648381449,2
257.8571904793653,28.861104372189313,25.8179130411126,2
257.8771918127875,29.665354407579756,28.33701687079168,2
257.89719314620976,34.22680374248456,33.6112047051251,2
257.917194479632,34.00564457951487,33.35396022868411,2
257.9371958130542,33.48993828894263,32.472831637243274,2
257.9571971464764,39.07631741017155,35.379796162273045,2
257.9771984798987,41.578872925056075,36.32860185994351,2
257.9971998133209,44.61717518479563,43.25419249671477,2
258.0172011467431,44.55888679076916,44.525396226754765,2
258.0372024801653,45.135906227020065,46.37323294295433,2
258.0572038135876,46.90986780267109,46.66608861133555,2
258.0772051470098,49.85164517502726,49.48285099878639,2
258.097206480432,50.0499966517431,48.75851082509745,2
258.11720781385424,54.698865779505155,48.995421893013805,2
258.13720914727645,53.175996953635995,51.753795298786386,2
258.1572104806987,53.89648175493498,55.27990243911956,2
258.17721181412094,56.15466340501333,57.18190673077712,2
258.19721314754315,57.20566622671635,60.82113038544475,2
258.21721448096537,60.47407699785942,61.12791567250168,2
258.23721581438764,60.78637354843145,61.11914903674901,2
258.25721714780985,62.63253183224779,61.63567423426311,2
258.27721848123207,71.2732168702834,63.33806387421606,2
258.2972198146543,64.72877070949681,62.93551144624255,2
258.31722114807656,66.24605673655171,64.94254932475067,2
258.33722248149877,66.82617371761123,67.30876666503778,2
258.357223814921,70.15535695248813,69.8498033558239,2
258.3772251483432,70.38273441739501,69.27259878013405,2
258.3972264817654,73.13886741828557,67.40938183214358,2
258.4172278151877,69.25861685969802,66.89099759758831,2
258.4372291486099,75.75253031533967,66.04138152109701,2
258.4572304820321,73.10741709566524,65.36648292921049,2
258.47723181545433,73.29765997534797,65.02454937237323,2
258.4972331488766,70.54192146219856,63.89864751958507,2
258.5172344822988,76.03936694657304,69.24057563342916,2
258.53723581572103,73.06565901919319,67.8557505227357,2
258.55723714914325,74.57404373072472,65.86268981584699,2
258.5772384825655,72.39188393863353,66.42779102979732,2
258.59723981598773,70.94840709230498,65.94967504956892,2
258.61724114940995,71.03927857375179,66.96221929248946,2
258.63724248283216,72.68476562426027,65.89232346696028,2
258.65724381625444,69.79672838160498,63.29931766384957,2
258.67724514967665,66.83642598548333,62.20268120626827,2
258.69724648309887,67.66651745571562,65.9145521483222,2
258.7172478165211,66.75113812402238,59.27705876246434,2
258.7372491499433,72.462075792237,55.92464183431336,2
258.75725048336557,63.370732781983286,58.268170717566285,2
258.7772518167878,62.805284098798914,55.38995684405051,2
258.79725315021,62.65246056397416,55.17236897933951,2
258.8172544836322,63.14448019660634,52.32543626629842,2
258.8372558170545,58.12635792942059,51.53893334351962,2
258.8572571504767,57.504555588780235,48.68948662572838,2
258.8772584838989,49.57778863906802,47.73954214108689,2
258.8972598173211,50.694549428340636,43.1447461519979,2
258.9172611507434,47.2783867995664,42.62751160167281,2
258.9372624841656,49.07850044863519,39.62537975833892,2
258.95726381758783,41.33929203129369,39.37930187669824,2
258.97726515101004,45.05410681033197,34.31160178886823,2
258.99726648443226,44.778061122974634,31.761812352220502,2
259.01726781785453,42.69599958893514,29.874884828780054,2
259.03726915127675,35.28488901165464,33.03427383740134,2
259.05727048469896,42.49151190853379,29.345069363118714,2
259.0772718181212,28.92504783045111,27.33173374448448,2
259.09727315154345,31.243552296727962,27.723126672573873,2
259.11727448496566,31.917831374649566,20.266137015881448,2
259.1372758183879,26.598241651190932,23.896260498159005,2
259.1572771518101,28.150374037064555,17.051571646526835,2
259.17727848523236,20.127156234656802,19.98572270128474,2
259.1972798186546,26.102441103141256,15.049065959748818,2
259.2172811520768,19.783374351671362,15.757731520302357,2
259.237282485499,19.888167147049288,15.755633140606564,2
259.2572838189213,17.235852717267257,14.397357954241414,2
259.2772851523435,19.521854041845746,15.082216965160695,2
259.2972864857657,15.840731112124594,11.302512312852851,2
259.3172878191879,14.859658267537803,10.28827639283925,2
259.33728915261014,13.734197230365433,11.738372762844113,2
259.3572904860324,13.378597349555827,7.4184057212334125,2
259.3772918194546,19.58210717329426,8.257534332256315,2
259.39729315287684,14.923432750825473,5.801529625869003,2
259.41729448629906,10.503531079417867,5.948977735166634,2
259.4372958197213,8.151610843779805,3.1690157964046795,2
259.45729715314354,11.699697670615883,7.322377870356717,2
259.47729848656576,12.147126555469052,5.21604850853833,2
259.497299819988,12.61538334284756,6.761447537395932,2
259.51730115341024,11.731180381973449,10.702990166097175,2
259.53730248683246,12.847188324738523,5.752039172335149,2
259.5573038202547,7.233232291495405,9.692228852637939,2
259.5773051536769,12.404538729130984,8.773880841175476,2
259.5973064870991,16.327265595950074,13.233272251716423,2
259.6173078205214,11.569310506480246,9.672832434979473,2
259.6373091539436,13.239332551191046,9.546151547354032,2
259.6573104873658,11.607566310093905,12.775319224444223,2
259.677311820788,14.929088405422508,13.697599580402846,2
259.6973131542103,13.457376480697599,12.133730519265525,2
259.7173144876325,18.030515732324044,17.50120219745361,2
259.7373158210547,19.001748064380795,16.169419779324496,2
259.75731715447694,15.277218685429691,19.521011476204066,2
259.7773184878992,24.520855699953596,22.2537402868899,2
259.7973198213214,25.606196411078525,18.636675465584847,2
259.81732115474364,25.167086186860217,23.770261565157035,2
259.83732248816585,26.879933672697494,26.67763900123619,2
259.8573238215881,29.829668316170597,28.217791679592736,2
259.87732515501034,29.980365716145783,28.53537232060997,2
259.89732648843255,32.11232030352754,30.62224422126346,2
259.91732782185477,31.752708464462945,34.72677876617943,2
259.937329155277,33.29163190529242,35.82487621649598,2
259.95733048869926,41.244168322823334,37.69675280132852,2
259.97733182212147,33.34221035842176,39.064144267341774,2
259.9973331555437,39.58280653054983,41.974564268223745,2
260.0173344889659,45.09165874986554,42.47042582219338,2
260.0373358223882,40.007748261777294,45.96560496291999,2
260.0573371558104,48.33620221857702,48.24049085372321,2
260.0773384892326,48.08489095248099,49.56185958081816,2
260.0973398226548,51.90483119453431,50.902854849135,2
260.1173411560771,52.67378663183434,51.766033441615285,2
260.1373424894993,57.8044799800687,53.63626836751308,2
260.1573438229215,56.88745348717945,54.99504750790069,2
260.17734515634373,58.433399255292805,55.05882495602419,2
260.19734648976595,59.935593018899816,57.560989730459326,2
260.2173478231882,64.25503342105121,58.18837301127595,2
260.23734915661043,61.35252148806621,62.226237222283444,2
260.25735049003265,64.39767171703183,63.96440599406956,2
260.27735182345486,64.77708363595619,62.74205958131665,2
260.29735315687714,65.99458569542676,62.97885493864967,2
260.31735449029935,68.30459647214201,66.91400346575033,2
260.33735582372157,67.72423488567387,66.44377413952921,2
260.3573571571438,67.85081900483054,66.72965928753956,2
260.37735849056605,72.56540166631383,67.67056838661104,2
260.39735982398827,70.1647121681213,68.6516855619501,2
260.4173611574105,69.82827148486714,65.19705816539852,2
260.4373624908327,70.4927081973391,69.56383037155615,2
260.45736382425497,74.60491027414595,67.1037775588053,2
260.4773651576772,71.93013651157563,72.18508987572979,2
260.4973664910994,71.51991205255473,70.1195548282906,2
260.5173678245216,70.6069545442922,68.22454744638391,2
260.53736915794383,75.24448276822446,68.78965489837883,2
260.5573704913661,70.6168356301993,70.17627454385973,2
260.5773718247883,73.23778427662616,69.30643246811108,2
260.59737315821053,68.7551995132171,65.15587622243966,2
260.61737449163275,71.97723378629406,65.42705985483173,2
260.637375825055,66.82441539901302,64.8523424572432,2
260.65737715847723,68.90394514078861,63.57794813302426,2
260.67737849189945,69.81173324852232,62.203818775864974,2
260.69737982532166,66.0664210321125,60.737256378885164,2
260.71738115874393,67.97686587887061,60.89470868243476,2
260.73738249216615,69.34700600555428,60.922516187791075,2
260.75738382558836,65.32210579123232,54.1194386005537,2
260.7773851590106,59.058581899896055,55.65370646858824,2
260.7973864924328,63.15647104084243,53.879720977900924,2
260.81738782585506,60.35297463995923,53.88329499055765,2
260.8373891592773,59.16070446725719,52.95342123185099,2
260.8573904926995,52.442383748265165,51.42686744798872,2
260.8773918261217,56.36718914754042,46.172826539730956,2
260.897393159544,47.91457261545543,45.61536744566253,2
260.9173944929662,49.49235298822043,43.86768471698696,2
260.9373958263884,49.76824444797861,40.68998601736314,2
260.9573971598106,44.99526763401198,37.93984848968501,2
260.9773984932329,45.3219153515283,34.7207439802023,2
260.9973998266551,43.69966377040828,33.476108424132995,2
261.0174011600773,38.77483071312207,31.946265228173154,2
261.03740249349954,35.99119909608437,29.855633489389337,2
261.0574038269218,36.53486934935679,25.210755347576878,2
261.07740516034403,31.729033073931642,27.767035280768148,2
261.09740649376624,30.573271519579166,23.203584620945815,2
261.11740782718846,29.479778309053778,22.842134706170217,2
261.1374091606107,27.72483129919318,25.310032786177207,2
261.15741049403294,26.29260918731104,20.820820199145206,2
261.17741182745516,27.40961567043995,19.036203892372363,2
261.1974131608774,26.19272803298737,15.876322442232244,2
261.2174144942996,22.310784658714443,15.830110055741626,2
261.23741582772186,19.329514944926952,15.314742803921046,2
261.2574171611441,17.295761985200315,15.429837983287971,2
261.2774184945663,16.31409954525171,13.384615151200979,2
261.2974198279885,17.92620076376844,14.03472457878103,2
261.3174211614108,14.535017579898234,8.193892880002767,2
261.337422494833,14.37626893997369,7.909649983746727,2
261.3574238282552,12.985907004065243,3.4739512624212097,2
261.3774251616774,14.786727716776777,8.654436162387162,2
261.39742649509964,10.88504692085214,8.534786525822483,2
261.4174278285219,8.655726582894022,2.94014620861919,2
261.4374291619441,10.595543330077195,5.444264498691519,2
261.45743049536634,10.045317702942006,7.912728864368285,2
261.47743182878855,9.605653970650096,6.900739466687271,2
261.4974331622108,5.807769848006633,6.751290903399077,2
261.51743449563304,13.021569697770818,6.507815402537589,2
261.53743582905525,12.0174259441863,7.846515125777951,2
261.55743716247747,13.10977752272724,12.469062084105627,2
261.57743849589974,11.758207359533058,6.039703335548697,2
261.59743982932196,8.961727163763957,10.090760616725529,2
261.61744116274417,15.489395151389036,7.518991534927767,2
261.6374424961664,11.50952914745722,8.406119036003851,2
261.65744382958866,13.877053020595811,12.142101875900376,2
261.6774451630109,16.056380371876475,10.409861365291814,2
261.6974464964331,22.181336701571805,14.635364863612573,2
261.7174478298553,19.055899156998652,17.294525048442114,2
261.7374491632775,21.356619125782096,18.17412268773356,2
261.7574504966998,21.243945791617367,20.660261151878153,2
261.777451830122,22.55274806365575,19.04984031663713,2
261.7974531635442,25.406217401355644,25.31081466097737,2
261.81745449696643,24.03219468017608,22.72505240019285,2
261.8374558303887,27.778569807327468,23.512581657022515,2
261.8574571638109,27.082221780969522,29.84137680399528,2
261.87745849723314,32.26719221296318,28.0377068772927,2
261.89745983065535,32.28323840981603,28.84170281195078,2
261.9174611640776,33.54083165298978,31.830107131110164,2
261.93746249749984,35.2886648053618,36.665690976742425,2
261.95746383092205,37.069057460062375,34.22156125977737,2
261.97746516434427,42.873130314796086,43.86120774262091,2
261.9974664977665,40.96566994285286,44.037280861326366,2
262.01746783118875,43.82984403208988,42.555975002450786,2
262.03746916461097,42.72604087964515,49.813812947434315,2
262.0574704980332,46.89926635701551,43.59767068505041,2
262.0774718314554,45.37097672638302,49.448441806523604,2
262.09747316487767,48.89571195125352,49.67397713007776,2
262.1174744982999,52.62259061262127,53.55481739524541,2
262.1374758317221,55.607563985588385,53.52431296395384,2
262.1574771651443,56.990877125090115,56.5534236142263,2
262.1774784985666,59.27658635936968,56.65925383521001,2
262.1974798319888,64.02730796524446,55.618891951038165,2
262.217481165411,62.95945693155855,59.04053149233513,2
262.23748249883323,61.27542469984075,64.02758670709792,2
262.2574838322555,65.95088968558919,63.31189585325592,2
262.2774851656777,63.75429239443746,68.05828957985284,2
262.29748649909993,66.7949697084563,64.46269290542206,2
262.31748783252215,69.56806523270917,68.6783797527176,2
262.33748916594436,64.84526377872065,65.31058455788823,2
262.35749049936663,73.4077267491212,67.07191352622559,2
262.37749183278885,68.55185154397756,66.13265682684332,2
262.39749316621106,71.69005050515763,64.16386772450649,2
262.4174944996333,74.41664128008561,67.8885448898116,2
262.43749583305555,74.35718409579813,70.36583141117174,2
262.45749716647776,76.09504511486844,69.1868734790998,2
262.4774984999,71.8298771209346,68.06629211371954,2
262.4974998333222,72.22464897357422,67.17744563702455,2
262.51750116674447,75.412525045143,67.49038433681335,2
262.5375025001667,75.70331266862668,66.59525172607125,2
262.5575038335889,71.89353958776546,65.64683893938309,2
262.5775051670111,75.14392458967528,65.24265802162883,2
262.5975065004333,71.87437005005414,59.60251548019601,2
262.6175078338556,73.84460204417556,64.26411726365788,2
262.6375091672778,70.69688020748481,66.49338947425902,2
262.6575105007,68.50417801178708,62.15148432784827,2
262.67751183412224,67.66602933991241,64.45092122889801,2
262.6975131675445,67.22059784776356,63.118810943923286,2
262.71751450096673,66.22510409286424,58.987176069227615,2
262.73751583438894,65.97547731655959,58.56253857877608,2
262.75751716781116,64.1463707331604,57.995578999103344,2
262.77751850123343,60.52940134242224,53.127849796254,2
262.79751983465565,61.58815928671152,53.35978980310844,2
262.81752116807786,55.777104438995195,53.897195355478814,2
262.8375225015001,55.845090169934295,48.470716278575665,2
262.85752383492235,54.62032385192573,47.75329489078923,2
262.87752516834456,53.39555389703963,47.87120795110795,2
262.8975265017668,47.737448014821716,43.95757050182199,2
262.917527835189,48.72579179051794,42.89275423980027,2
262.9375291686112,46.568018108324885,39.685360795297555,2
262.9575305020335,45.885992255403636,40.4681054199182,2
262.9775318354557,45.76345080335839,38.63143725367745,2
262.9975331688779,45.10586020386039,34.73101368573911,2
263.0175345023001,39.107015000371085,32.8067535900901,2
263.0375358357224,39.20797689652128,32.076506250368936,2
263.0575371691446,36.66978610845968,31.664869772508535,2
263.0775385025668,38.445355552813,27.15935692521664,2
263.09753983598904,30.93805351817978,25.758214191364527,2
263.1175411694113,33.75472236754376,25.50242630147102,2
263.1375425028335,29.456142181001088,19.996775009804978,2
263.15754383625574,27.6381236455375,21.399474326518654,2
263.17754516967796,25.797209641363825,18.56890159905538,2
263.19754650310017,22.66216510359396,13.944727022847891,2
263.21754783652244,20.281454548409968,16.766967514075407,2
263.23754916994466,18.091760790058302,13.452458680849766,2
263.2575505033669,18.632790423903092,11.30085594118305,2
263.2775518367891,17.54109862519062,10.133534584558156,2
263.29755317021136,16.34005328650656,11.02845874048461,2
263.3175545036336,12.50956606181298,11.39464401965396,2
263.3375558370558,16.399790267085258,7.695537744646879,2
263.357557170478,11.857192877448648,4.7703058500934885,2
263.3775585039003,11.013781772034259,10.485298826556885,2
263.3975598373225,12.27180327990414,5.647229147318537,2
263.4175611707447,12.61290763846905,7.041371080119397,2
263.4375625041669,12.381897184693255,1.5988941933580776,2
263.4575638375892,11.239062965288923,8.343026622714374,2
263.4775651710114,9.434485866405902,5.814377141228253,2
263.4975665044336,12.934810867015804,4.767038725987115,2
263.51756783785584,8.457609429981854,6.421356041387385,2
263.53756917127805,8.701509788411034,6.650672006379684,2
263.5575705047003,13.666778609717227,11.69430814000589,2
263.57757183812254,12.822203736965166,5.262227955768101,2
263.59757317154475,11.29398523283742,11.021300113687227,2
263.61757450496697,14.327280467650827,9.746860559410225,2
263.63757583838924,13.143432671471926,11.372760088888853,2
263.65757717181145,16.862742986386387,13.253309384555344,2
263.67757850523367,15.793421687966525,11.947353899740513,2
263.6975798386559,16.82386828883588,13.937044949558631,2
263.71758117207816,18.21603841147945,14.32823678377111,2
263.73758250550037,19.93032902900212,17.394981393931143,2
263.7575838389226,20.7839945132798,21.660853907842096,2
263.7775851723448,22.871770468297466,20.799195588626798,2
263.797586505767,26.480961663948584,20.922661004593675,2
263.8175878391893,25.1701164652201,22.508467538236474,2
263.8375891726115,27.728311351043388,24.502965051545615,2
263.8575905060337,27.07062749843288,27.191853508000143,2
263.87759183945593,25.249984169488613,25.955138485380914,2
263.8975931728782,33.893171042863926,30.011568833243896,2
263.9175945063004,32.95802740307887,30.257885019571546,2
263.93759583972263,40.08235044712333,35.97322699051358,2
263.95759717314485,35.6386480802834,36.59599030169802,2
263.9775985065671,37.83653599357709,41.160621869563755,2
263.99759983998933,42.01890120439278,38.90588130419272,2
264.01760117341155,42.79630727971524,41.500655291159184,2
264.03760250683376,44.99770208263685,47.90055059299652,2
264.05760384025604,43.821904807998536,44.71981929768705,2
264.07760517367825,48.44440298120285,47.62412279935025,2
264.09760650710047,52.231252802087454,47.306877503926096,2
264.1176078405227,54.45679437787892,49.09832199875963,2
264.1376091739449,55.92005344828163,53.51316055680399,2
264.15761050736717,53.75966533528166,54.604118399771316,2
264.1776118407894,56.67279224931954,55.51271176970583,2
264.1976131742116,57.095160038307476,60.19224056736756,2
264.2176145076338,59.21099731671883,59.63546633915671,2
264.2376158410561,61.49981580268875,60.711526445659686,2
264.2576171744783,66.44590441069165,58.030073944464775,2
264.2776185079005,66.14504427873274,60.81101457071913,2
264.2976198413227,66.92275595932406,66.71626332581124,2
264.317621174745,69.43940247533358,66.53830401965476,2
264.3376225081672,68.56596552604393,64.00380309406205,2
264.35762384158943,67.89726721993112,65.69663192355661,2
264.37762517501164,73.4383098016189,68.7213518806562,2
264.39762650843386,73.96015546132465,66.90572575714343,2
264.41762784185613,71.15926693211028,66.51212776677777,2
264.43762917527835,70.45017206681734,67.60827362059369,2
264.45763050870056,73.72670812108943,69.12313076746395,2
264.4776318421228,72.3568558754623,72.93881087866353,2
264.49763317554505,73.11703033251068,66.63233141002823,2
264.51763450896726,72.54809521294045,66.26610245216457,2
264.5376358423895,70.83793350329701,69.2980704956894,2
264.5576371758117,75.22497880981622,68.13924521980908,2
264.57763850923396,71.81241733168262,65.13341707708102,2
264.5976398426562,70.82051426323865,64.52551683170462,2
264.6176411760784,72.93644404124177,68.310729115609,2
264.6376425095006,67.973749823511,64.85183497247928,2
264.6576438429229,68.71633718722474,63.13729755887863,2
264.6776451763451,68.15373460747415,61.52175910671621,2
264.6976465097673,68.90981181197742,57.91108249667404,2
264.7176478431895,65.70710525178357,62.158330187482285,2
264.73764917661174,60.904635658451255,62.152297116202554,2
264.757650510034,62.35812068207456,57.03375231867029,2
264.7776518434562,60.6878160038287,53.663972074611785,2
264.79765317687844,61.239678845759215,55.146151346168296,2
264.81765451030066,58.21561653704742,54.30960019770351,2
264.8376558437229,54.119195397550996,48.782056927475615,2
264.85765717714514,57.318909207978685,48.144515695621806,2
264.87765851056736,51.71776346102764,48.91033674982769,2
264.8976598439896,51.30690143480142,45.26362198039468,2
264.91766117741184,53.44293195182363,42.962251410219956,2
264.93766251083406,46.79547726711966,43.33243145315325,2
264.9576638442563,47.71080394103465,38.362114902271706,2
264.9776651776785,41.47943773183013,35.177153913467606,2
264.9976665111007,41.70911104066657,35.941922296254596,2
265.017667844523,41.80952004521025,32.018349153595715,2
265.0376691779452,38.695451912618495,30.91862750679997,2
265.0576705113674,35.36745014673006,28.77019781051373,2
265.0776718447896,32.664541972423926,27.77709728185631,2
265.0976731782119,33.08727714162832,25.887374744996585,2
265.1176745116341,28.779098185857826,23.579582562326905,2
265.1376758450563,24.568781984083405,22.228075742299072,2
265.15767717847854,25.675397010235322,20.2204628296105,2
265.1776785119008,25.27882894511347,19.825030808739776,2
265.197679845323,23.348610745032268,16.934893619736222,2
265.21768117874524,23.402865152158817,12.908806575474637,2
265.23768251216745,20.49107829936305,14.157501664942068,2
265.2576838455897,20.555457386152142,15.322055299939095,2
265.27768517901194,16.29979867862966,11.823579094624883,2
265.29768651243415,16.583485843344683,13.285509418856641,2
265.31768784585637,18.364591384544596,11.369268073619878,2
265.3376891792786,13.82748297706461,12.7804915389865,2
265.35769051270086,18.29005568959932,7.644501988727015,2
265.37769184612307,11.799979633128627,5.768333002420596,2
265.3976931795453,16.38036466900295,8.405660444432005,2
265.4176945129675,10.550553097259884,7.902435895423144,2
265.4376958463898,13.147456958769732,5.648911747802262,2
265.457697179812,14.941193150588258,4.812981172504563,2
265.4776985132342,12.376328936411932,8.467370808038448,2
265.4976998466564,12.071462427867136,5.919807032925704,2
265.5177011800787,12.245819356368104,6.846038355308044,2
265.5377025135009,11.815882197614766,9.07022476914454,2
265.5577038469231,12.83900994328711,11.748586741741338,2
265.57770518034533,8.543467953051202,8.399179662454994,2
265.59770651376755,9.720793108482429,7.227611706552471,2
265.6177078471898,11.65439412122732,9.231560470904455,2
265.63770918061203,12.583361085201727,6.560742137738607,2
265.65771051403425,12.665711301838275,12.274557545783285,2
265.67771184745646,16.67391726370747,10.634982036029854,2
265.69771318087874,17.134127423936544,15.965286803722117,2
265.71771451430095,18.82340046912553,18.858137895657862,2
265.73771584772317,17.16001506779064,19.104694864565644,2
265.7577171811454,18.70497553839529,19.747445371193738,2
265.77771851456765,21.79688934561991,22.35172530652581,2
265.79771984798987,19.527279287147206,20.7680836164271,2
265.8177211814121,23.816323102067162,24.99218616241781,2
265.8377225148343,29.243113661560795,27.565628754891808,2
265.85772384825657,32.62137116570144,26.467661988549157,2
265.8777251816788,28.76980656409871,30.38979467385291,2
265.897726515101,33.40430398611912,30.818645638555633,2
265.9177278485232,34.65027994228268,33.05416422308031,2
265.93772918194543,35.61335367215157,37.486712649324645,2
265.9577305153677,40.001511948893175,34.83725675942784,2
265.9777318487899,40.08867181059338,37.831570385680216,2
265.99773318221213,43.94525604103103,38.5184306703676,2
266.01773451563434,44.18996019922584,45.0134924797273,2
266.0377358490566,48.3699843168796,45.74821966246233,2
266.05773718247883,49.324206640776445,46.18455251280301,2
266.07773851590105,53.263405736967286,50.151228306161194,2
266.09773984932326,50.63186920580084,52.79484310858166,2
266.11774118274553,53.071130239490785,52.95850274672641,2
266.13774251616775,51.13277760284732,53.20043278811685,2
266.15774384958996,58.236689250353095,54.8782197629414,2
266.1777451830122,58.770261143995,57.346938272839076,2
266.1977465164344,59.88716501667614,58.59623963576535,2
266.21774784985666,61.62982763268767,60.771082845242105,2
266.2377491832789,65.02835929902253,65.05561173171111,2
266.2577505167011,63.42890660320727,60.43067887716657,2
266.2777518501233,70.63888012761376,66.48654549236419,2
266.2977531835456,67.63411948254452,63.67030694644012,2
266.3177545169678,68.94439995148191,66.72681511470385,2
266.33775585039,67.27079225742943,66.30730858240538,2
266.3577571838122,68.26622133912154,65.44308326546341,2
266.3777585172345,73.30095249110207,69.02652348978425,2
266.3977598506567,73.54270485705503,68.67847169834248,2
266.4177611840789,72.82586075398942,65.43983474982534,2
266.43776251750114,72.26519586694974,69.1864455280164,2
266.4577638509234,75.87087617250745,66.23270119656114,2
266.4777651843456,70.90057528035582,66.04071469577526,2
266.49776651776784,73.23714139073446,73.52768828464902,2
266.51776785119006,72.56730534629756,68.56481903122553,2
266.5377691846123,73.72626828297548,64.52190299098194,2
266.55777051803454,69.77392920263433,68.80862673128595,2
266.57777185145676,73.97562838436332,66.75226181729448,2
266.597773184879,74.02906316570909,63.32386972038884,2
266.6177745183012,69.63342944627323,66.31030910435001,2
266.63777585172346,70.83703479671858,64.25363034401443,2
266.6577771851457,69.33374875190401,64.97264055950082,2
266.6777785185679,70.28812959064226,64.86730712673247,2
266.6977798519901,71.08985117233766,61.850310034675964,2
266.7177811854124,67.16919887865247,61.93205468505418,2
266.7377825188346,60.66730438601239,60.00918355151104,2
266.7577838522568,62.31055471836263,59.075036218548895,2
266.777785185679,64.92947258822822,50.921669670302336,2
266.79778651910124,60.93285310280035,51.30259924813945,2
266.8177878525235,59.26921044539692,48.77708489058441,2
266.8377891859457,54.633827640747015,51.79750010247441,2
266.85779051936794,53.94944427390503,50.1903563422712,2
266.87779185279015,52.9040968827014,43.96852119953581,2
266.8977931862124,52.14824036185419,43.10843597003467,2
266.91779451963464,49.53987315294043,42.69389592645164,2
266.93779585305685,51.04898532834435,40.98259206284132,2
266.95779718647907,48.479405422026666,40.32527964709819,2
266.97779851990134,46.20003757392421,36.643001586343736,2
266.99779985332356,40.36983134490632,35.86592088738366,2
267.01780118674577,36.285800358940506,33.2217266744372,2
267.037802520168,35.78934704468987,32.83191179165596,2
267.05780385359026,40.67994928941446,31.462279764959217,2
267.0778051870125,35.53562740013626,30.7628693625832,2
267.0978065204347,32.02719762728238,27.468473321251402,2
267.1178078538569,30.04669473452081,24.77601028883475,2
267.1378091872791,29.743015914788902,20.15555694641054,2
267.1578105207014,27.012633611970937,21.750022581268055,2
267.1778118541236,25.552184806405045,20.531941689075893,2
267.1978131875458,21.33790375260431,18.05370179325784,2
267.21781452096803,23.47191574183733,15.933504833320168,2
267.2378158543903,18.78226576277382,15.472390009587196,2
267.2578171878125,21.637908025126304,13.958938433700544,2
267.27781852123474,20.89735478162116,11.486631428189185,2
267.29781985465695,16.7041502659274,10.638771892287258,2
267.3178211880792,16.55875506055185,11.193602596909203,2
267.33782252150144,16.88915575978682,9.381300578753818,2
267.35782385492365,16.290308128776104,6.036299211039044,2
267.37782518834587,11.072922072818216,7.764222597739534,2
267.3978265217681,12.03064248268442,7.975187936902389,2
267.41782785519035,13.110771247478464,5.8405264356659785,2
267.43782918861257,8.61205121422358,8.508623548704385,2
267.4578305220348,12.463663413544305,7.291902261293395,2
267.477831855457,13.504769653461354,5.56597901766083,2
267.49783318887927,11.0106955759867,6.917312763183167,2
267.5178345223015,8.680839849865926,11.670572652389296,2
267.5378358557237,10.259561753454557,8.943153303997944,2
267.5578371891459,13.222746749174203,8.834935762654835,2
267.5778385225682,14.451332054635992,10.089795702372712,2
267.5978398559904,12.350843889526915,8.897754805244508,2
267.6178411894126,13.782393239336239,9.383108210880536,2
267.63784252283483,14.24571298829241,14.426881328600036,2
267.6578438562571,14.568057723864962,13.371025547946449,2
267.6778451896793,20.18566475592951,12.148661172934835,2
267.69784652310153,20.20129982081947,17.645558078752735,2
267.71784785652375,13.50488145682935,11.960755341278803,2
267.73784918994596,16.45435448181481,17.83148566578203,2
267.75785052336823,21.53378923144005,20.046202429142056,2
267.77785185679045,20.82896679719022,21.355901891281636,2
267.79785319021266,24.121666148620328,23.742669626617015,2
267.8178545236349,29.266397204964132,23.838474598263723,2
267.83785585705715,31.13701605158223,26.359837876184034,2
267.85785719047936,29.031992736914933,27.01708917960707,2
267.8778585239016,32.07115642498906,30.885986086181553,2
267.8978598573238,32.40384407193949,28.764889955506195,2
267.91786119074607,32.50761035330753,32.29735573307019,2
267.9378625241683,35.570415853961926,38.1727196453171,2
267.9578638575905,36.54893010663872,36.090217082673824,2
267.9778651910127,39.31143170709641,38.54042035653421,2
267.9978665244349,43.6477619689763,37.68534973543201,2
268.0178678578572,44.549541906515586,43.56608933987045,2
268.0378691912794,45.79326430441565,42.98102470531414,2
268.0578705247016,46.28904780366018,42.634866460100106,2
268.07787185812384,48.27461296720875,47.249236327202986,2
268.0978731915461,51.213450610629444,52.4996517454985,2
268.11787452496833,55.37382143597909,48.89952133323382,2
268.13787585839054,56.64442138580452,49.57944823517814,2
268.15787719181276,54.768720762133256,54.29681495502498,2
268.17787852523503,55.956634443869206,57.12559044902593,2
268.19787985865725,63.346664359950495,58.25593288849637,2
268.21788119207946,65.6227552230027,60.11858329379777,2
268.2378825255017,63.91563054412181,60.05633643513697,2
268.25788385892395,62.140357535461234,63.675809389060916,2
268.27788519234616,61.98669521046034,66.2770126374236,2
268.2978865257684,65.4416464531688,66.1069928697085,2
268.3178878591906,68.55268993011667,64.40762976151173,2
268.3378891926128,68.16780819574687,67.2904467881731,2
268.3578905260351,67.23319476620877,64.24988079954991,2
268.3778918594573,71.0610754291826,68.17256705327489,2
268.3978931928795,68.55505678198672,66.19279297563786,2
268.4178945263017,72.83065450513138,69.81677744229516,2
268.437895859724,72.44141929718293,69.63110360306521,2
268.4578971931462,70.56007593696727,66.90206615639534,2
268.4778985265684,75.33194746850806,72.09653475008406,2
268.49789985999064,71.94258473085898,72.23349557002834,2
268.5179011934129,77.34100011281083,70.18521051012365,2
268.5379025268351,75.63177534732854,68.71901280102183,2
268.55790386025734,70.6652105518809,65.09818729075656,2
268.57790519367956,69.10974274874799,68.40991007235255,2
268.59790652710177,72.89330910531227,63.600106190453005,2
268.61790786052404,71.9194234936032,65.8081699463655,2
268.63790919394626,73.02426827046138,64.96458172353591,2
268.6579105273685,66.58959832844013,62.584990207299086,2
268.6779118607907,67.21789079987225,61.994318835372,2
268.69791319421296,70.50004873212522,59.06199430954907,2
268.7179145276352,66.6840615411494,56.48965849129839,2
268.7379158610574,62.932034656839754,57.93494358545274,2
268.7579171944796,62.113328147868906,57.18638596000819,2
268.7779185279019,59.804616306264094,55.63272714258121,2
268.7979198613241,59.74402586142848,48.63179874369017,2
268.8179211947463,60.773055581370976,51.15149288913618,2
268.8379225281685,57.692197845895826,50.21900623653472,2
268.8579238615908,55.313918785978046,47.51849193222891,2
268.877925195013,54.787786599170445,47.222301822998574,2
268.8979265284352,50.51215641751122,46.26177268805524,2
268.91792786185744,49.77075287572631,41.54753025723534,2
268.93792919527965,46.265396674553415,38.58094035134448,2
268.9579305287019,44.895085715462585,38.206605315454965,2
268.97793186212414,44.70893911370439,37.483956275900184,2
268.99793319554635,37.896852244557046,33.462240264590555,2
269.01793452896857,40.11900908660026,32.49921556357803,2
269.03793586239084,39.38330256931793,30.625811923398732,2
269.05793719581305,39.79927821007435,28.187440009297287,2
269.07793852923527,33.45259166794337,24.84150303201692,2
269.0979398626575,31.54176569358042,26.119259477801418,2
269.11794119607976,29.446408602595223,25.457277209573142,2
269.13794252950197,28.498040374524322,22.20340875389342,2
269.1579438629242,25.124487215747084,22.29668147646223,2
269.1779451963464,22.68624640426668,19.576017468579455,2
269.1979465297686,28.40217267347382,17.976733928429386,2
269.2179478631909,24.156739906096483,14.58583501357551,2
269.2379491966131,19.571772972925956,19.49370988155214,2
269.2579505300353,19.43635332228777,14.297098582197313,2
269.27795186345753,18.768826104007264,10.482079712362838,2
269.2979531968798,15.878704437455024,8.425350844146283,2
269.317954530302,13.34293597389364,10.21915608914976,2
269.33795586372423,14.321868795454002,10.778671114738698,2
269.35795719714645,14.004694693211428,7.2791015332174025,2
269.3779585305687,13.324055557653466,3.119227702899818,2
269.39795986399093,15.347917492695213,7.362003989999355,2
269.41796119741315,13.879890190161477,6.916907017318788,2
269.43796253083536,12.681692927696547,8.20090832190759,2
269.45796386425764,13.810008041855626,3.8896396825226063,2
269.47796519767985,10.879113977777765,8.651441858693039,2
269.49796653110207,10.503946413835427,4.414241677645492,2
269.5179678645243,15.351680612525492,7.109914435826325,2
269.5379691979465,9.414097281735195,8.795535163056522,2
269.55797053136877,12.52506563576031,9.974429269990406,2
269.577971864791,12.213431783935478,8.4764768764783,2
269.5979731982132,10.249782094424067,8.150743382963732,2
269.6179745316354,14.1506021230051,13.886240309556946,2
269.6379758650577,14.49725664062934,11.00858126488035,2
269.6579771984799,14.933467804608702,8.647526590147157,2
269.6779785319021,13.779536242639782,15.236179447984668,2
269.6979798653243,19.07292645200455,15.021704267666427,2
269.7179811987466,14.909706862677979,15.869813599096972,2
269.7379825321688,17.48680117899861,16.145231578609984,2
269.75798386559103,21.135322953889393,19.067164968459778,2
269.77798519901324,24.724202150885706,19.472278116501855,2
269.79798653243546,25.875101980488832,21.620372348091177,2
269.81798786585773,29.186292557128414,23.923472191337552,2
269.83798919927995,23.899095445902034,29.424080361569764,2
269.85799053270216,29.651520779052294,28.87027533691162,2
269.8779918661244,29.051064327517707,25.903650802099357,2
269.89799319954665,36.01350751403192,26.84372244586887,2
269.91799453296886,32.71485963529501,35.3398801372924,2
269.9379958663911,36.69834348675119,35.95109828767476,2
269.9579971998133,40.40821984578654,37.90669260362204,2
269.97799853323556,38.87582726333607,37.87882991899818,2
269.9979998666578,45.40408508268375,41.6530428535811,2
270.01800120008,44.98183582272282,43.39822009993315,2
270.0380025335022,45.45124492247194,44.49283993991776,2
270.0580038669245,43.0486974893352,45.458645504423565,2
270.0780052003467,51.31132057920646,48.54673751017658,2
270.0980065337689,50.075292997244524,53.22338081982659,2
270.1180078671911,53.3013440501911,50.39140124948871,2
270.13800920061334,53.5655152372133,53.396790229742,2
270.1580105340356,52.241213711088264,54.699108445373135,2
270.1780118674578,59.08272312576444,55.12411282058462,2
270.19801320088004,64.67022615414551,62.515788507736765,2
270.21801453430226,61.78687041034453,61.44731143016505,2
270.2380158677245,62.88467439592038,58.60433958133037,2
270.25801720114674,64.00365469101607,64.56284356141603,2
270.27801853456896,67.80162184186007,62.49825433110445,2
270.2980198679912,65.66965356192134,67.14397351966115,2
270.31802120141344,68.95448460637665,63.3817796462725,2
270.33802253483566,70.93355193066796,67.22927842260718,2
270.3580238682579,68.7204841033124,66.82304939173477,2
270.3780252016801,70.39286883095504,62.12611368944951,2
270.3980265351023,71.21001212463568,70.08481774447039,2
270.4180278685246,71.78435230900807,65.13064516045918,2
270.4380292019468,76.64331454024403,66.94934484555081,2
270.458030535369,72.46599787483046,67.99504628723773,2
270.4780318687912,71.88599088620427,67.4863896095109,2
270.4980332022135,73.59200065629302,68.42879418844035,2
270.5180345356357,71.87692479174041,68.93593809254313,2
270.5380358690579,69.08644417985879,66.41668779890716,2
270.55803720248014,74.06684571455119,65.79644446294297,2
270.5780385359024,72.61704282209637,66.61417203858434,2
270.5980398693246,70.06667120880628,66.78633443317331,2
270.61804120274684,69.63934875617339,64.61555902954105,2
270.63804253616905,70.83766927259738,66.40768275918462,2
270.6580438695913,69.58442804337615,65.17332302549555,2
270.67804520301354,67.43047662641344,65.81253880317821,2
270.69804653643575,64.63783147720578,60.56743865098928,2
270.71804786985797,64.71758943366052,56.374218008858584,2
270.7380492032802,63.360377765166525,57.85004686577196,2
270.75805053670246,64.40238744979995,56.63562784377297,2
270.77805187012467,61.59908213397882,55.44720025715999,2
270.7980532035469,57.931117471088236,50.76766644557482,2
270.8180545369691,61.051694378604466,51.73492427945264,2
270.8380558703914,58.034958894767854,52.48843084363928,2
270.8580572038136,57.95853162794647,47.62959183316318,2
270.8780585372358,55.102079109022135,49.109493949090954,2
270.898059870658,49.250503019767734,45.42913265307096,2
270.9180612040803,48.9510906429006,34.65059996206532,2
270.9380625375025,50.025963742335804,38.14813267311878,2
270.9580638709247,43.12025398736681,36.91791624783906,2
270.97806520434693,44.96547265133047,35.45123232976772,2
270.99806653776915,41.0568648013129,35.461830467260846,2
271.0180678711914,45.36718544386788,31.148819728730633,2
271.03806920461363,31.929078792184427,32.55077859349396,2
271.05807053803585,34.5383817126838,30.761451049767377,2
271.07807187145806,34.53612463935196,29.054933058910756,2
271.09807320488034,32.79967017496971,21.60987932775763,2
271.11807453830255,28.367355213705675,22.889895995161996,2
271.13807587172477,26.237488839618543,21.480048105394186,2
271.158077205147,24.91102163948898,21.02433658889175,2
271.17807853856925,22.800674029011006,17.743539644631404,2
271.19807987199147,21.394275642718334,16.593241477017784,2
271.2180812054137,23.84438614826926,13.524418825917286,2
271.2380825388359,23.13100122822075,14.201224985085933,2
271.25808387225817,22.8237892931766,13.898685015501655,2
271.2780852056804,16.94906430381473,14.807844769601177,2
271.2980865391026,14.343154207731988,8.896914532477428,2
271.3180878725248,16.742472526832927,10.288684945367246,2
271.338089205947,14.755536748453338,7.660425817706202,2
271.3580905393693,11.355579556913113,9.96054403480537,2
271.3780918727915,12.933225963251521,4.532332195094947,2
271.39809320621373,13.197128158695055,7.038643934869827,2
271.41809453963594,13.376273740482029,3.430356858905701,2
271.4380958730582,15.74387980728347,2.210656666916054,2
271.45809720648043,8.578798057765255,7.120058791658193,2
271.47809853990265,13.705466337467225,7.740311230479934,2
271.49809987332486,15.305025563983783,5.684714425969678,2
271.51810120674713,10.856225749344325,4.946211809941385,2
271.53810254016935,9.815575817567769,3.8569308192061116,2
271.55810387359156,9.948532564400821,8.780957213351346,2
271.5781052070138,9.88661419853051,8.986471888219064,2
271.598106540436,15.210080336684058,7.70866512557318,2
271.61810787385826,13.56837506250287,11.97081819462792,2
271.6381092072805,12.300342651620165,17.32550925271868,2
271.6581105407027,11.07000413135088,15.577703785089696,2
271.6781118741249,18.807645311428736,12.163237336835097,2
271.6981132075472,20.380678971761256,17.425450842458805,2
271.7181145409694,19.648997407632297,20.671993753626797,2
271.7381158743916,18.46418833288053,15.22010159586573,2
271.7581172078138,21.43496740796596,23.77367707928295,2
271.7781185412361,22.66533556435744,24.37443060547686,2
271.7981198746583,23.20177627185897,23.772013876246774,2
271.8181212080805,27.04275713084502,23.73462586512061,2
271.83812254150274,29.11159781849178,25.980255126551295,2
271.858123874925,29.342164952570144,28.572871231200196,2
271.8781252083472,28.977416124680204,32.138585677660245,2
271.89812654176944,32.18439275137584,29.842237919511092,2
271.91812787519166,36.65091392729572,34.12295081330759,2
271.9381292086139,36.87605163218252,33.24421393823083,2
271.95813054203614,39.47446731365594,34.87271831834497,2
271.97813187545836,41.51101791008925,41.11079537663113,2
271.9981332088806,39.082608445742906,42.27850791671601,2
272.0181345423028,43.909881552825,41.67676062740825,2
272.03813587572506,46.12222163202114,46.72967590240441,2
272.0581372091473,48.06363688073415,46.70529396975612,2
272.0781385425695,49.47424054128796,48.85440472130143,2
272.0981398759917,54.313459570491716,49.809774040023164,2
272.118141209414,52.999568036225526,50.85006184390214,2
272.1381425428362,54.866824633903875,53.56709330978476,2
272.1581438762584,59.67094586069262,53.0498303182421,2
272.1781452096806,56.22636364994324,56.63269224394039,2
272.19814654310284,57.809973956799574,54.04945292562422,2
272.2181478765251,60.594542812590014,59.303124526365245,2
272.2381492099473,65.40639216091525,58.28864660461816,2
272.25815054336954,63.790780315388034,60.468681610307456,2
272.27815187679175,67.59359135209147,60.07265951143835,2
272.298153210214,67.3342365808813,63.24911992286481,2
272.31815454363624,69.99553587954831,66.740058087052,2
272.33815587705845,66.74668023743679,64.64664975009667,2
272.35815721048067,71.23955221650905,66.97407072276138,2
272.37815854390294,68.24419929240798,67.36222013203182,2
272.39815987732516,69.66790789230993,70.74494349184602,2
272.41816121074737,74.72562249339639,70.09639143637516,2
272.4381625441696,75.73999526982495,67.54256890396039,2
272.45816387759186,77.18138874858887,71.13309947682026,2
272.4781652110141,73.04132813490423,66.4765754784186,2
272.4981665444363,74.8085803369552,69.92476106279403,2
272.5181678778585,73.32821921309632,72.10798034616859,2
272.5381692112807,73.78652864164262,69.79076189281551,2
272.558170544703,73.88551216690153,67.67155628051619,2
272.5781718781252,73.95210999307243,68.82580155384039,2
272.5981732115474,70.67570381495571,61.91618884843107,2
272.61817454496963,69.56702979235347,66.22568182543411,2
272.6381758783919,70.40250710103149,65.20705957996609,2
272.6581772118141,67.87628867823533,62.282162423930416,2
272.67817854523634,66.70484115471749,65.47706566837658,2
272.69817987865855,64.16558491864672,63.719416863938356,2
272.7181812120808,67.92671223370967,56.37177259852274,2
272.73818254550304,63.779939761642694,57.515843416216974,2
272.75818387892525,60.53405167274414,55.61215396648959,2
272.77818521234747,63.11352662525385,52.45636258850293,2
272.7981865457697,59.54259674578461,50.69271689797148,2
272.81818787919195,56.35666949576277,52.212294564840526,2
272.83818921261417,59.37333901578911,50.53582631877141,2
272.8581905460364,56.776198786829056,48.49987513192317,2
272.8781918794586,54.52249303340974,46.764051980056564,2
272.89819321288087,52.45060111240692,45.88096584353535,2
272.9181945463031,46.76910343072896,39.986227190773484,2
272.9381958797253,50.31141286366604,38.838164000313114,2
272.9581972131475,45.1460571434407,40.861475783079406,2
272.9781985465698,40.63286010644636,34.0769254989371,2
272.998199879992,43.14093872852477,35.36621422351028,2
273.0182012134142,38.19615119648866,35.57714128574739,2
273.03820254683643,36.64738567279134,35.67965255385638,2
273.0582038802587,39.865435439988204,25.677821103206043,2
273.0782052136809,38.79028601446107,24.412433744718808,2
273.09820654710313,29.921491564446647,26.486192201423837,2
273.11820788052535,31.84037933057218,29.594156719116874,2
273.13820921394756,29.56580181711613,24.364196974720087,2
273.15821054736983,26.441019057805466,18.828056515104954,2
273.17821188079205,21.290182535850274,21.900027551664394,2
273.19821321421426,24.26672840760855,11.447198946893812,2
273.2182145476365,20.52996829372814,16.18097596118447,2
273.23821588105875,21.60251045206706,13.372118443249477,2
273.25821721448096,21.11638190799467,11.339368162114926,2
273.2782185479032,12.999283044285793,11.688002606721103,2
273.2982198813254,16.418479285661743,7.397165217462942,2
273.31822121474767,15.402449425275432,7.782854187499842,2
273.3382225481699,12.814565260971964,9.552489212148824,2
273.3582238815921,12.70069677860195,8.609226093094714,2
273.3782252150143,14.399535505910935,9.670842347054304,2
273.3982265484365,10.573030419794618,4.298660827411334,2
273.4182278818588,14.37579997022908,8.49870882059049,2
273.438229215281,8.870915560929443,8.677151572621566,2
273.4582305487032,9.613963495554481,7.097287331828637,2
273.47823188212544,10.802262831067006,8.44806268247387,2
273.4982332155477,13.450926742082821,4.275199646905127,2
273.51823454896993,10.527176941588136,4.934423201888444,2
273.53823588239214,13.958519094099032,7.092704886165844,2
273.55823721581436,10.851763297245101,7.077511251907195,2
273.57823854923663,6.52848527665712,2.178565404653207,2
273.59823988265885,13.54387640210529,9.90713671467044,2
273.61824121608106,13.71846887116294,13.33832556447617,2
273.6382425495033,14.670732427645042,11.406413650727465,2
273.65824388292555,13.612749383701086,13.114027030092318,2
273.67824521634776,16.140079202209023,10.926863319976437,2
273.69824654977,19.4510318549016,14.502452475828155,2
273.7182478831922,18.16599427928238,15.973101457939052,2
273.7382492166144,22.01573375725385,16.10535539325499,2
273.7582505500367,19.36716998330389,19.26685855445757,2
273.7782518834589,22.622835499786596,23.39210945915051,2
273.7982532168811,22.745640412057643,22.90589560306256,2
273.8182545503033,22.468919021887398,22.701583382578416,2
273.8382558837256,32.26560873205708,23.06153313852407,2
273.8582572171478,28.440501956891275,25.306309887357592,2
273.87825855057,29.842393991369384,26.746946499700353,2
273.89825988399224,30.61181380508905,30.0488875015828,2
273.9182612174145,38.13340775840187,30.61900155496852,2
273.9382625508367,36.44006654264519,33.7915959647278,2
273.95826388425894,38.67534745885014,33.64145178568632,2
273.97826521768116,43.84919687788137,37.89701130985015,2
273.99826655110337,43.25132205979856,42.924257947929206,2
274.01826788452564,43.64436763746536,42.36774762427927,2
274.03826921794786,47.986583244905255,43.52082353235907,2
274.0582705513701,50.754118594865254,49.980707624385026,2
274.0782718847923,48.46697446883202,47.90667583253888,2
274.09827321821456,52.89409621536057,50.59054614004587,2
274.1182745516368,49.87611930674892,53.4893829003109,2
274.138275885059,54.237895637322296,55.18248527699787,2
274.1582772184812,58.873164217880486,52.00615727982312,2
274.1782785519035,56.19528455705406,58.98022152461179,2
274.1982798853257,59.17319720230151,54.77347397502073,2
274.2182812187479,62.56551625154494,59.22385965944468,2
274.2382825521701,61.029397557266755,59.78433736420085,2
274.2582838855924,66.65937670735983,60.16435155408769,2
274.2782852190146,65.20710549403668,64.2168706503622,2
274.2982865524368,66.01147038877691,65.42868988747512,2
274.31828788585904,69.8905912726857,65.33247712564771,2
274.33828921928125,69.83748267076,67.43833660212417,2
274.3582905527035,69.16147728411374,69.0172444091289,2
274.37829188612574,73.42025345372477,68.64771985335304,2
274.39829321954795,69.25989413410873,67.21986170221092,2
274.41829455297017,71.09379409156625,67.73038578111607,2
274.43829588639244,73.36665405757091,73.5899641930868,2
274.45829721981465,72.85058152615798,68.52470269203248,2
274.47829855323687,71.41218803616663,69.0624570473716,2
274.4982998866591,75.31242607978264,70.52471382113475,2
274.51830122008136,72.1016840887097,68.94545711194208,2
274.53830255350357,72.77366354206991,68.96294914335566,2
274.5583038869258,68.66399891901585,66.2550125534803,2
274.578305220348,77.3207633565182,66.85899484238192,2
274.5983065537702,72.40906634032369,68.45632162956872,2
274.6183078871925,70.95699722306428,62.14089943433826,2
274.6383092206147,72.00535178210035,60.75022610652934,2
274.6583105540369,67.23603235121702,63.06175045744375,2
274.67831188745913,67.94164719971313,64.88073276081707,2
274.6983132208814,67.9449158976235,61.43794265968619,2
274.7183145543036,64.42305364916353,60.76612620401829,2
274.73831588772583,64.46015002650176,57.75951519196072,2
274.75831722114805,66.7401300428689,59.515285383737414,2
274.7783185545703,63.00195073091174,58.49375202361014,2
274.79831988799253,65.37981617319649,55.605510446209394,2
274.81832122141475,58.388379879913266,52.97448465060441,2
274.83832255483696,59.81969485917343,49.71722900484789,2
274.85832388825924,58.83817205717866,49.23077554386937,2
274.87832522168145,52.510845899396344,45.670158377348685,2
274.89832655510367,48.27848629197247,43.697254429433386,2
274.9183278885259,51.353729371255426,41.4604775890282,2
274.9383292219481,50.09793293005018,37.387112507979346,2
274.95833055537037,45.4227358846368,40.456262144833424,2
274.9783318887926,40.544634324231346,38.13289584285762,2
274.9983332222148,40.7968034247083,33.41575723978867,2
275.018334555637,41.44559755606329,32.32429865097585,2
275.0383358890593,36.64632610887255,29.84901798500064,2
275.0583372224815,41.06527285442773,26.41049454051832,2
275.0783385559037,36.0294254034707,26.414311676051813,2
275.0983398893259,33.77963730311986,27.808724803401148,2
275.1183412227482,25.45698318122949,24.864569091693326,2
275.1383425561704,28.096919308440675,20.886181062378416,2
275.15834388959263,23.81550424027115,19.54427354489875,2
275.17834522301484,29.991217948583586,18.947405517059124,2
275.19834655643706,25.16959655837384,19.516097220727378,2
275.21834788985933,21.094552313952878,18.03385274480492,2
275.23834922328155,23.8810560186125,12.924702925845873,2
275.25835055670376,22.80906967332645,14.707536815764394,2
275.278351890126,17.51776702758798,15.030217571732884,2
275.29835322354825,18.041254049091314,9.186597104846312,2
275.31835455697046,16.6303810922779,11.209004729675708,2
275.3383558903927,18.80761948168786,9.797578828859134,2
275.3583572238149,15.942303553935211,6.991151749510916,2
275.37835855723716,11.61296913862127,10.073454647805173,2
275.3983598906594,15.452704402685868,6.572259193502877,2
275.4183612240816,12.95682393658784,5.703608828396697,2
275.4383625575038,10.621732580361567,4.844483306512167,2
275.4583638909261,11.747884069602984,5.66982221777319,2
275.4783652243483,13.645703939551675,5.58762642690406,2
275.4983665577705,10.284590388823865,9.032753120137645,2
275.5183678911927,11.022326347593328,9.282142046296894,2
275.53836922461494,10.939827596909943,9.271461822954617,2
275.5583705580372,14.963887303830326,6.354965348275154,2
275.5783718914594,10.767962835140887,11.722072436853932,2
275.59837322488164,16.781682863895888,4.958147115239785,2
275.61837455830386,14.406492508500682,8.839134564026443,2
275.6383758917261,11.650412505738078,13.101422715632838,2
275.65837722514834,15.225317187605118,13.010195716149518,2
275.67837855857056,16.391651551931083,15.272497403192679,2
275.6983798919928,21.720389509716185,14.386071871920143,2
275.71838122541504,18.21953079365609,14.885970233579647,2
275.73838255883726,18.859815896173714,19.096297072623102,2
275.7583838922595,20.540998649462313,14.575350765831278,2
275.7783852256817,19.768397730085848,23.87762734669011,2
275.7983865591039,23.78609084566219,21.739580260001052,2
275.8183878925262,24.952115883381072,20.425834939444314,2
275.8383892259484,28.6176116415308,24.371284361550394,2
275.8583905593706,26.67387459883324,27.335394024663568,2
275.8783918927928,27.712393468534366,27.90109669281029,2
275.8983932262151,29.87412992113911,30.29719875601049,2
275.9183945596373,33.44259059698615,30.89769885699681,2
275.9383958930595,36.66985636125649,33.884662760167274,2
275.95839722648174,34.920538737209185,34.747191540726725,2
275.978398559904,41.61864754410929,37.41323626541603,2
275.9983998933262,38.80992067637972,39.83262362970224,2
276.01840122674844,46.853037896606274,41.928946579786064,2
276.03840256017065,43.782894216189746,46.14817462562742,2
276.0584038935929,49.913153979162885,44.988073461787245,2
276.07840522701514,50.320103423970735,47.23192184956677,2
276.09840656043735,53.58439714064761,47.02813169510345,2
276.11840789385957,53.356525150541366,50.008460059859054,2
276.1384092272818,54.16274760041166,53.50527456329036,2
276.15841056070406,56.25245990633833,54.58329256173512,2
276.17841189412627,59.61950019252385,62.040955081554394,2
276.1984132275485,58.46060890268384,60.74818948870618,2
276.2184145609707,58.78008702631091,61.54626855821141,2
276.238415894393,59.679642457085535,60.639781705838885,2
276.2584172278152,63.04951353924539,61.404104277698615,2
276.2784185612374,65.43147521387772,62.62294370527569,2
276.2984198946596,64.80022693149905,62.720629911094434,2
276.3184212280819,70.60005295291619,68.36612624396346,2
276.3384225615041,67.51571061463872,66.86170107916023,2
276.3584238949263,67.46610928759318,69.37515625637691,2
276.37842522834853,70.26002380227543,70.68264366685602,2
276.39842656177075,71.37047551849233,68.06198573745611,2
276.418427895193,71.13806732832748,66.97722513131842,2
276.43842922861523,70.92826758745721,70.70557425181187,2
276.45843056203745,72.60588648237851,70.24162624857611,2
276.47843189545966,74.0183299816163,69.46705822753562,2
276.49843322888194,73.63684143178187,71.64959967976895,2
276.51843456230415,75.20514288940106,69.08761075452489,2
276.53843589572637,68.40494590803961,67.96576325925481,2
276.5584372291486,73.87751338319586,66.1099886940644,2
276.57843856257085,72.63469241517078,68.6935917286886,2
276.59843989599307,71.24224650778547,67.05973358508867,2
276.6184412294153,69.9785884712223,64.48683400301822,2
276.6384425628375,68.56750175714191,62.187923720406175,2
276.65844389625977,71.46085303502049,64.05748342030626,2
276.678445229682,68.05304354694714,60.42698887559164,2
276.6984465631042,68.6693481525161,61.16048459353362,2
276.7184478965264,63.57045585891621,60.155777344168854,2
276.7384492299486,65.46767586099477,57.41185481823528,2
276.7584505633709,64.48489495023861,56.05725752090396,2
276.7784518967931,60.83818331918256,56.05656566288166,2
276.79845323021533,63.43832358009527,52.669600083764664,2
276.81845456363754,58.553704786961475,52.927157237413624,2
276.8384558970598,56.69505239395505,51.251026978621304,2
276.85845723048203,55.180515410235046,50.9488745101297,2
276.87845856390425,50.663219644078275,46.05051444750463,2
276.89845989732646,51.78661203046272,48.762106379292874,2
276.91846123074873,48.888164972092866,40.02484357173346,2
276.93846256417095,48.474407396378844,39.482677082886575,2
276.95846389759316,46.05443467743176,43.892324107983534,2
276.9784652310154,45.56752750021072,35.37361652335895,2
276.9984665644376,42.257307144342725,34.237610777163674,2
277.01846789785986,39.7840438332207,34.55682896098424,2
277.0384692312821,37.052318522349964,29.98355435031806,2
277.0584705647043,37.75224718737209,27.150171186210343,2
277.0784718981265,32.467275334330104,32.40442081347156,2
277.0984732315488,32.99439247563233,26.9726539493495,2
277.118474564971,30.573159415283676,20.458046115460945,2
277.1384758983932,32.236955228676095,21.92072567958464,2
277.1584772318154,27.587118139590665,23.487660188187157,2
277.1784785652377,26.967868560204547,19.998964498982254,2
277.1984798986599,25.88582833411917,15.863111933487811,2
277.2184812320821,21.062084117592956,17.505955807284547,2
277.23848256550434,20.391338313263493,16.872984077520695,2
277.2584838989266,17.932763725856265,11.91940176806501,2
277.2784852323488,17.79938106311695,13.619198757444536,2
277.29848656577104,18.9906523726937,12.278649992588138,2
277.31848789919326,16.12684035344215,9.302521137492787,2
277.3384892326155,16.565177679014322,10.435221755935444,2
277.35849056603774,12.680408321225142,8.907778574520417,2
277.37849189945996,16.16770232209391,10.313655280987863,2
277.3984932328822,15.957235752970046,6.139932104744725,2
277.4184945663044,10.413357652608791,4.6271772200423005,2
277.43849589972666,10.00753386005406,7.904553942365046,2
277.4584972331489,10.683409599233418,3.5917063237409126,2
277.4784985665711,8.047848127464729,6.499444409631086,2
277.4984998999933,14.758885240391542,6.312575622332668,2
277.5185012334156,12.673468429586926,8.136578316039465,2
277.5385025668378,11.907520902293253,6.8946948399375785,2
277.55850390026,11.273481302093643,8.300413177443891,2
277.5785052336822,10.080358250774685,10.181276582468575,2
277.59850656710444,13.946603693698341,9.30336978578562,2
277.6185079005267,12.095452069343063,10.283897707499381,2
277.6385092339489,17.634433676335583,13.149993005577812,2
277.65851056737114,15.842749142385227,12.624344503920668,2
277.67851190079335,10.624577478277228,13.089220650690637,2
277.6985132342156,13.60998001591722,13.4267447790684,2
277.71851456763784,15.611550724984962,15.137959897855596,2
277.73851590106005,21.472192546550676,18.807070207991586,2
277.75851723448227,16.382792527321257,18.232974907232986,2
277.77851856790454,20.855193398843948,20.560501929555283,2
277.79851990132676,22.4638490467981,21.33803520419834,2
277.81852123474897,25.917890538579947,29.57410399024218,2
277.8385225681712,24.123567609625695,27.02983799397883,2
277.85852390159346,26.993061767006548,29.83497042549109,2
277.8785252350157,31.954310403797063,31.202656229764926,2
277.8985265684379,28.546785648527653,26.890207967780817,2
277.9185279018601,33.015743213768644,36.07682522186617,2
277.9385292352823,35.52480556091006,37.14141025735098,2
277.9585305687046,38.22649114250607,35.31484915908983,2
277.9785319021268,40.50646294196663,39.41759041653926,2
277.998533235549,43.20380190391083,40.29334454726516,2
278.01853456897123,41.908979247079415,44.22085161116635,2
278.0385359023935,47.252568171524004,46.52579750541389,2
278.0585372358157,45.90898151262752,45.834222962293936,2
278.07853856923794,50.32938904573045,47.21689615244354,2
278.09853990266015,55.594031821604176,48.59683272239091,2
278.1185412360824,53.63227306216606,53.06683533781546,2
278.13854256950464,54.4889988455249,53.40984243917304,2
278.15854390292685,60.51974436637295,52.98066101375075,2
278.17854523634907,58.39155787139825,56.398405721185966,2
278.1985465697713,61.31879578326572,59.09206327840582,2
278.21854790319355,61.98393444987591,58.34424340251109,2
278.23854923661577,63.207854560339754,64.10338450231922,2
278.258550570038,63.55426050617321,60.11145755987601,2
278.2785519034602,66.48527076795762,64.28862531582159,2
278.29855323688247,69.57618114176566,63.98774578444981,2
278.3185545703047,68.6138300514667,64.63539362292303,2
278.3385559037269,67.85616363927811,65.39184221767154,2
278.3585572371491,67.00717140133165,67.08579702049865,2
278.3785585705714,71.62786470795949,68.08124485344018,2
278.3985599039936,70.4142947888248,65.57509843746045,2
278.4185612374158,68.35668345575259,70.1092540190704,2
278.43856257083803,75.50374505364294,71.35169531796944,2
278.4585639042603,71.02276696829688,73.41662020557469,2
278.4785652376825,74.61608307271939,67.2000195892684,2
278.49856657110473,71.79498427704999,68.82576884143923,2
278.51856790452695,71.94059587745559,71.15703220585026,2
278.53856923794916,74.71216528158517,71.99151898315269,2
278.55857057137143,74.36148334533414,66.27736246328972,2
278.57857190479365,70.4798940420316,68.78340988419725,2
278.59857323821586,69.44196833283304,63.93960548880669,2
278.6185745716381,69.72348865245038,64.97253747892516,2
278.63857590506035,70.42861439913109,63.294770562416886,2
278.65857723848256,65.14386409203675,64.07666364710629,2
278.6785785719048,67.6970283852199,59.35492046934196,2
278.698579905327,66.29938427612767,60.305730797271075,2
278.71858123874927,67.78778054077861,59.210693196536376,2
278.7385825721715,66.13051581952011,58.30800412250902,2
278.7585839055937,63.86754736709839,59.850640489556824,2
278.7785852390159,62.350308551830224,56.5818217603089,2
278.7985865724381,61.93859829048491,54.7698530965229,2
278.8185879058604,57.642682038620094,49.77170633698112,2
278.8385892392826,58.09335958772264,51.10022760003849,2
278.8585905727048,54.395349724701404,48.25774234168325,2
278.87859190612704,55.03099216529902,46.87002853541904,2
278.8985932395493,50.92623559124478,46.99848637572432,2
278.91859457297153,50.798869125215205,43.68012599949221,2
278.93859590639374,48.31204605003472,36.3354805515258,2
278.95859723981596,49.075445173238705,40.05022788408103,2
278.97859857323823,43.81560133099748,38.551860613079114,2
278.99859990666044,41.48746273267048,34.90522709613214,2
279.01860124008266,42.64990317068825,32.519962776346176,2
279.0386025735049,36.465338735271125,26.083574696410118,2
279.05860390692715,35.51966457962719,30.0116651074227,2
279.07860524034936,37.655317899322114,27.52346192882525,2
279.0986065737716,32.5379661986185,23.627715409033172,2
279.1186079071938,29.428246267957896,26.02899187441799,2
279.138609240616,25.298821178377793,19.177638203118647,2
279.1586105740383,24.915253954804875,20.762050900976035,2
279.1786119074605,26.240249871322913,20.62051560023907,2
279.1986132408827,24.72147525057982,15.38050368053798,2
279.2186145743049,26.00106870316461,18.676636184037832,2
279.2386159077272,18.38869724636247,14.84066978652766,2
279.2586172411494,20.77644777502659,9.766979379572515,2
279.2786185745716,20.0182348314574,14.909562996111369,2
279.29861990799384,16.094052308925725,6.795258367787882,2
279.3186212414161,16.42570339234621,11.26419975783727,2
279.3386225748383,16.446672001091944,10.474618265352264,2
279.35862390826054,15.126169546853067,6.198756235691485,2
279.37862524168276,12.696526461107451,7.771647490788231,2
279.39862657510497,12.625286519596763,5.6681053350460395,2
279.41862790852724,15.3628397120085,10.50227373249825,2
279.43862924194946,12.70907396013924,5.273479230205505,2
279.45863057537167,14.10364423191975,6.979722667844884,2
279.4786319087939,10.151437469054281,7.32706926519667,2
279.49863324221616,10.69327784737009,11.394555550775884,2
279.5186345756384,6.414182762353267,7.7122524115935125,2
279.5386359090606,11.245555846283853,8.07958442963247,2
279.5586372424828,9.639319052806824,5.4963015556938295,2
279.5786385759051,11.618597101372389,7.575569818364578,2
279.5986399093273,10.500447965246936,9.207804188366872,2
279.6186412427495,14.038224570685195,10.145659025202415,2
279.6386425761717,13.201518540213273,11.157091231399988,2
279.658643909594,14.050485340575188,12.111898013338264,2
279.6786452430162,18.691846279443475,13.485913211927413,2
279.6986465764384,16.77247538477366,15.391695684910705,2
279.71864790986064,20.086976063236527,16.224113098426795,2
279.73864924328285,16.010592306518326,15.717719090247849,2
279.7586505767051,21.0140006339595,18.251819354528084,2
279.77865191012734,20.054059371896095,16.873306515930597,2
279.79865324354955,25.664923094358915,20.829965256832615,2
279.81865457697177,24.20065418653691,22.66787607455861,2
279.83865591039404,25.15085931106647,26.854182706949338,2
279.85865724381625,28.324705309281914,28.015804028811974,2
279.87865857723847,31.21884225840041,32.558098044129636,2
279.8986599106607,32.38139341570963,32.151010139567774,2
279.91866124408295,34.89817108563684,32.126674979202946,2
279.93866257750517,34.66964502139097,34.11740760442476,2
279.9586639109274,38.871592271717645,34.71402520002563,2
279.9786652443496,39.967862463230844,39.447114663679535,2
279.9986665777718,44.35737703650612,41.86328814543941,2
280.0186679111941,43.83724758113646,40.89269930471607,2
280.0386692446163,45.730886682880005,42.45975802681677,2
280.0586705780385,49.609221660136654,42.58403065273872,2
280.07867191146073,55.07233820011958,47.510132106269594,2
280.098673244883,52.42489582471574,51.4621663799819,2
280.1186745783052,52.71728096705957,52.81321174371142,2
280.13867591172743,57.60398869203786,57.45576602295239,2
280.15867724514965,53.42717479978493,54.52344827117345,2
280.1786785785719,59.01455019163442,59.4865416831523,2
280.19867991199413,59.23407407854355,59.703706317831504,2
280.21868124541635,62.6880662320422,60.85851349175935,2
280.23868257883856,64.23537241297483,61.55924573437076,2
280.25868391226084,64.14097908452779,63.52405613493396,2
280.27868524568305,66.24327083039647,60.87727244760418,2
280.29868657910527,65.73712649332721,65.47721351820161,2
280.3186879125275,68.43293228151299,67.71261130193515,2
280.3386892459497,66.25701830800466,65.77839449039831,2
280.35869057937197,69.55502452680386,68.57051870584753,2
280.3786919127942,70.28705075649002,65.16311299791488,2
280.3986932462164,70.31096656844478,64.88701796003167,2
280.4186945796386,71.92013686359373,67.36235854077582,2
280.4386959130609,73.11183226032064,65.3904930440335,2
280.4586972464831,71.53738547594327,67.65937632414321,2
280.4786985799053,71.29338341191905,63.98947970404012,2
280.4986999133275,73.78036814861184,67.13591146064266,2
280.5187012467498,72.46830682168009,66.3918164974793,2
280.538702580172,75.5867705942861,67.14235329354237,2
280.55870391359423,73.17350983045931,68.39209591109176,2
280.57870524701644,71.178939047349,65.14509487286668,2
280.59870658043866,70.39318474014902,65.04269492946402,2
280.61870791386093,71.99498214336096,63.95433040566477,2
280.63870924728315,73.01617914171894,62.86201352264111,2
280.65871058070536,69.00036605437899,63.700647144254376,2
280.6787119141276,69.8613258194743,60.05815864428946,2
280.69871324754985,67.82735340912436,58.184074710511005,2
280.71871458097206,70.67610136490805,58.232579081143136,2
280.7387159143943,64.88044811156605,60.31609226228207,2
280.7587172478165,64.17984256800854,58.63761624507362,2
280.77871858123876,60.54310066659442,55.17397021745311,2
280.798719914661,58.43436098559464,55.362092050880115,2
280.8187212480832,59.297758066980045,54.230652538104444,2
280.8387225815054,56.01497077385774,49.332660177471446,2
280.8587239149277,58.807158672301085,49.45390684993252,2
280.8787252483499,51.28012759360869,47.79397589860081,2
280.8987265817721,53.900247667157544,46.490398544662554,2
280.9187279151943,52.632161064126414,44.31487782390165,2
280.93872924861654,48.7000165795109,43.34888962487532,2
280.9587305820388,46.09906217768945,37.85154636419521,2
280.978731915461,43.834602518702226,36.85475734068214,2
280.99873324888324,41.65662386919546,34.31165074931694,2
281.01873458230546,39.25164418968678,30.680907141461066,2
281.0387359157277,37.54364501623786,31.917339147359282,2
281.05873724914994,34.31375286507619,29.536658583896724,2
281.07873858257216,36.13527926342995,27.190775404044714,2
281.0987399159944,31.306605473483586,29.03314604337215,2
281.11874124941664,28.8454561556711,24.91804257654774,2
281.13874258283886,26.67376767427345,23.62699683476153,2
281.1587439162611,28.17896073173099,17.931194152491113,2
281.1787452496833,24.821185905365365,18.294191799039695,2
281.1987465831055,22.898304626381414,17.238903957015854,2
281.2187479165278,24.94789359028298,12.86246967369619,2
281.23874924995,21.205763101503155,12.916037392389644,2
281.2587505833722,19.36415106606521,12.544623295653079,2
281.2787519167944,16.467395691715904,10.681055101776465,2
281.2987532502167,15.218358650897443,10.314294977614745,2
281.3187545836389,12.65043581512883,10.120708174208419,2
281.3387559170611,15.673280048689314,7.2942672356426135,2
281.35875725048334,11.245001262945852,8.687553755925727,2
281.3787585839056,11.896154690752692,5.018924974935234,2
281.3987599173278,10.567452297218408,9.260558681831437,2
281.41876125075004,13.910756069950553,6.868351559026153,2
281.43876258417225,11.43191416973333,5.003051137615111,2
281.4587639175945,10.676550546721362,9.640413127927138,2
281.47876525101674,11.3271406531363,7.779988763243098,2
281.49876658443895,16.80742053441699,6.5205756653100275,2
281.51876791786117,13.907497654300467,6.33734513247389,2
281.5387692512834,9.433415013338633,6.364206853581791,2
281.55877058470566,13.305005383948236,6.4453089806480754,2
281.57877191812787,13.872484912282383,8.082110307695107,2
281.5987732515501,11.606056021896318,10.923104291014598,2
281.6187745849723,13.107175250764197,8.807313634735143,2
281.6387759183946,13.934090885435996,12.541236756100911,2
281.6587772518168,16.739929382351686,11.357024592701151,2
281.678778585239,15.053899616144513,11.1504087497265,2
281.6987799186612,19.14872672420495,11.646227055769323,2
281.7187812520835,13.491085586072536,18.249148397204497,2
281.7387825855057,20.726409213085393,15.907159345934794,2
281.7587839189279,19.89671916720954,17.48500648391938,2
281.77878525235013,19.675595107851883,17.834201050165753,2
281.79878658577235,25.37961187148853,22.41290005465746,2
281.8187879191946,24.267318821342975,25.483895018335147,2
281.83878925261683,25.12242798503971,27.481869634178643,2
281.85879058603905,27.54332513889249,23.866763884801543,2
281.87879191946126,29.146634579921464,29.467174160845104,2
281.89879325288354,35.257961072223004,31.992508994196296,2
281.91879458630575,33.131276858697845,33.76274483579534,2
281.93879591972797,36.43114456384556,34.60519524713186,2
281.9587972531502,37.785315111285975,37.02985964512299,2
281.97879858657245,39.39114595371759,38.90727430295589,2
281.99879991999467,38.57164380057249,40.785544657924426,2
282.0188012534169,40.15698829565095,42.24182453421423,2
282.0388025868391,43.763600526528144,43.810192570033955,2
282.05880392026137,47.93110995765359,47.70963707645706,2
282.0788052536836,50.17242528400873,48.996088104887164,2
282.0988065871058,52.053845292430935,48.86793966175347,2
282.118807920528,54.735673531476436,48.63314464776623,2
282.1388092539502,58.730486340659006,54.53684764872696,2
282.1588105873725,55.71257646645007,55.406605176840856,2
282.1788119207947,58.6688428675355,56.657416586555335,2
282.19881325421693,63.05503502086204,59.5683085396062,2
282.21881458763914,62.31421722416701,59.60800035070593,2
282.2388159210614,63.18152796511887,60.10139304454464,2
282.25881725448363,63.85945992038741,60.87697535435707,2
282.27881858790585,66.26934882373689,61.873916106127545,2
282.29881992132806,66.67696349803346,63.21061244870839,2
282.31882125475033,69.31862976123108,64.21519523869755,2
282.33882258817255,68.23515611753108,63.88529253089825,2
282.35882392159476,67.59008849972925,69.87831053401646,2
282.378825255017,69.15479574420625,67.70440593966008,2
282.3988265884392,71.59435625371577,70.79928149467018,2
282.41882792186146,71.85026662044548,66.98529246270303,2
282.4388292552837,71.00224674187686,70.73416911943868,2
282.4588305887059,70.09874808173213,71.35676043448184,2
282.4788319221281,73.88009391984669,64.51046337453532,2
282.4988332555504,72.96606043938239,67.67250961991203,2
282.5188345889726,73.28493741247696,70.61655832912246,2
282.5388359223948,71.59318202149167,67.31125511265125,2
282.558837255817,70.48284018162937,67.52889450898208,2
282.5788385892393,76.17399082259648,69.00236912100839,2
282.5988399226615,71.3210362682495,67.27813770930437,2
282.6188412560837,72.59051933887561,60.48610427296999,2
282.63884258950594,71.49569235273084,63.08064893878442,2
282.6588439229282,69.51294236780227,64.981389862019,2
282.6788452563504,71.1686952070525,63.04862783538801,2
282.69884658977264,64.86963282887491,62.7688124224072,2
282.71884792319486,64.12002431618923,58.9767070865963,2
282.7388492566171,64.27002085299605,61.32823231194705,2
282.75885059003934,61.319476795188834,57.30934494607786,2
282.77885192346156,58.37172590804334,57.495970664968624,2
282.7988532568838,63.27555033885778,53.702091292966806,2
282.818854590306,57.7641363894605,48.04894255045707,2
282.83885592372826,56.612617982048974,49.83104126989466,2
282.8588572571505,55.0025943478425,45.20498533247149,2
282.8788585905727,55.966775658646675,45.63929052299251,2
282.8988599239949,48.556755890334735,45.09966936557459,2
282.9188612574172,43.103797008651604,45.246224054631035,2
282.9388625908394,49.39080431232896,39.1494626383852,2
282.9588639242616,44.59051363446132,38.457232266602965,2
282.9788652576838,45.66037320889752,33.49704598480332,2
282.99886659110604,40.054644623694855,34.821302036795394,2
283.0188679245283,41.885144537059645,32.7468444573879,2
283.0388692579505,38.957650373866024,28.96563298531207,2
283.05887059137274,38.35368135737549,25.372469571086224,2
283.07887192479495,29.50102194573938,29.36183529452977,2
283.0988732582172,32.33987495081128,25.16588387556979,2
283.11887459163944,29.308908731928078,23.329448932569136,2
283.13887592506165,26.9551228167163,21.483760095617413,2
283.15887725848387,29.858550817847203,22.704947041487337,2
283.17887859190614,24.37307027617471,17.74058059058999,2
283.19887992532836,28.899664940405383,18.611425942632547,2
283.21888125875057,22.991922925214084,15.131484733074512,2
283.2388825921728,17.78066140704797,11.797436995637776,2
283.25888392559506,18.522959827954203,14.569898280067527,2
283.2788852590173,20.375090577435525,14.905226420582604,2
283.2988865924395,17.765320752300273,11.432536272392626,2
283.3188879258617,16.49178533547809,10.782685289659327,2
283.3388892592839,19.356760540637218,5.619884358264884,2
283.3588905927062,15.121188932964545,7.554789102926496,2
283.3788919261284,9.875386018453577,1.8320622450643302,2
283.3988932595506,9.661588865964944,9.595515580046609,2
283.41889459297283,14.095344774505165,5.173372046278359,2
283.4388959263951,9.996001653303804,10.668011985852388,2
283.4588972598173,11.02503483074809,2.7912776507935906,2
283.47889859323953,14.202972136513281,6.297993353962596,2
283.49889992666175,7.974315833328235,8.728445855313453,2
283.518901260084,10.557595817544591,6.1639407544564,2
283.53890259350624,8.162111249214846,6.659901607288797,2
283.55890392692845,11.549551863283803,9.011056031797363,2
283.57890526035067,12.135431402416188,7.847369557812967,2
283.5989065937729,11.321546969457811,8.319193549652322,2
283.61890792719515,13.282099648276372,10.63252593316305,2
283.63890926061737,14.236625470988606,10.708578045334294,2
283.6589105940396,15.516719747829049,12.385229391028481,2
283.6789119274618,18.04125913502849,11.631325474937505,2
283.69891326088407,18.389450689518213,12.322970118415526,2
283.7189145943063,18.002827207661387,16.129613517269636,2
283.7389159277285,18.3685338254476,18.94207881085572,2
283.7589172611507,19.77645486213786,20.42290189406303,2
283.778918594573,24.074741556537433,20.35615785843833,2
283.7989199279952,23.819170724221372,19.56113875495912,2
283.8189212614174,23.733655159399174,22.750370821977942,2
283.83892259483963,26.563778731384296,25.14766498900264,2
283.8589239282619,28.72237436351284,30.198831062771607,2
283.8789252616841,30.04157400538931,28.997011378742506,2
283.89892659510633,31.7568103512975,31.38485481120556,2
283.91892792852855,32.19221537843605,33.522416401087156,2
283.93892926195076,39.021846584705976,33.80740781242936,2
283.95893059537303,35.79013132449423,36.44451289208555,2
283.97893192879525,41.10530037480295,35.735249077687435,2
283.99893326221746,41.385400837798855,39.379442105147476,2
284.0189345956397,44.21977712310539,44.12219673093598,2
284.03893592906195,48.7913158509075,44.685680802986965,2
284.05893726248416,46.77493175445196,45.24887531258927,2
284.0789385959064,46.770452228071,49.22463765452061,2
284.0989399293286,49.683599738962116,54.3593189057064,2
284.11894126275087,54.37305862425563,52.425340584301665,2
284.1389425961731,56.85407735880312,50.01427517021596,2
284.1589439295953,54.440691324373375,55.61178456530967,2
284.1789452630175,57.83773319268598,58.08591474975073,2
284.1989465964397,58.29341592575692,58.30857342104596,2
284.218947929862,58.052777202071056,59.09617595982773,2
284.2389492632842,67.6850286908419,61.2969521926332,2
284.2589505967064,68.20508195924218,60.87578995589375,2
284.27895193012864,67.62955480390174,64.67370681070271,2
284.2989532635509,64.13399952601905,60.23224882473569,2
284.31895459697313,70.23515463128417,64.05753409912482,2
284.33895593039534,67.80737180859225,68.22244124110871,2
284.35895726381756,68.72759369667654,68.3842647574921,2
284.37895859723983,69.3337401536405,67.69633463280807,2
284.39895993066204,71.25320728141489,68.9423815896784,2
284.41896126408426,69.45304132784612,69.75936177421669,2
284.4389625975065,72.38253137401601,65.84641262101097,2
284.45896393092875,74.1727726226104,70.00479040253047,2
284.47896526435096,71.62098599906379,69.60552924558829,2
284.4989665977732,74.78924814875995,66.65778809259807,2
284.5189679311954,73.2663380696381,68.89875736546276,2
284.5389692646176,70.11769635024031,68.87277095335551,2
284.5589705980399,71.91239960129928,65.30736165142241,2
284.5789719314621,70.9865688102404,70.06543334726688,2
284.5989732648843,76.24245550787609,66.82120976681985,2
284.6189745983065,70.4167238332484,64.2903887339781,2
284.6389759317288,70.45721760183483,64.62472640022496,2
284.658977265151,72.36560827650504,64.47101632841114,2
284.6789785985732,66.08607585197784,62.09223449256387,2
284.69897993199544,66.4360129481179,59.84560002383937,2
284.7189812654177,62.394110219020654,56.30172296249421,2
284.7389825988399,63.205727825656375,61.549007219253475,2
284.75898393226214,66.48330481600189,55.15881572152828,2
284.77898526568435,60.19075671035903,54.24441156257286,2
284.79898659910657,57.51993278068693,55.3727576340991,2
284.81898793252884,56.22270786303993,55.19656124812481,2
284.83898926595106,57.15731921518477,50.713654067312376,2
284.85899059937327,51.9011009442457,47.939721559587944,2
284.8789919327955,55.03635647368858,44.174276503158545,2
284.89899326621776,52.54164173752352,41.80059540101435,2
284.91899459964,48.95016087342135,45.19051337611754,2
284.9389959330622,48.502041950907156,39.828646279775576,2
284.9589972664844,44.56013075249917,42.3125902882879,2
284.9789985999067,46.17715266922845,40.321268426573795,2
284.9989999333289,41.97310784009581,34.92783318813027,2
285.0190012667511,36.76292054677999,35.61138077048271,2
285.0390026001733,35.48353955863174,27.57361867016875,2
285.0590039335956,36.81044864830195,30.02709810095694,2
285.0790052670178,33.642521674703836,27.36969820405705,2
285.09900660044,32.660551714818205,23.417378890345166,2
285.11900793386224,27.80088844322067,24.909176274279496,2
285.13900926728445,27.905967012192313,22.993811582347863,2
285.1590106007067,27.971801565640956,23.676285895809933,2
285.17901193412894,25.270359926919976,22.60569536754937,2
285.19901326755115,27.33418643253649,17.36714086629022,2
285.21901460097337,20.56684309848825,16.216703636355355,2
285.23901593439564,18.976844786892606,13.333561729909606,2
285.25901726781785,18.808246630774814,14.085196787230517,2
285.27901860124007,20.084514631780763,11.906410290257389,2
285.2990199346623,17.302858204076404,10.20777575959127,2
285.31902126808455,17.21855658265209,12.210764913335257,2
285.33902260150677,14.397100106876698,8.883201037966339,2
285.359023934929,12.834032223882524,6.112615573300662,2
285.3790252683512,12.062380698838886,10.305351471505169,2
285.3990266017734,7.336142037253745,7.162190755906646,2
285.4190279351957,13.723266437647363,6.397523460477993,2
285.4390292686179,10.541139468739852,9.109740005711474,2
285.4590306020401,10.226351814836395,6.435675619036347,2
285.47903193546233,8.819743010539518,8.349528046197989,2
285.4990332688846,9.36673450019756,9.049118215755778,2
285.5190346023068,10.38583287150967,9.942772090657808,2
285.53903593572903,10.522888497507415,4.889531149097872,2
285.55903726915125,12.261143063633071,4.852621721450985,2
285.5790386025735,10.425656416166149,7.88723087059503,2
285.59903993599573,12.017564733186354,9.707253021731786,2
285.61904126941795,13.687332072954426,9.373563925869426,2
285.63904260284016,12.207680318119094,13.428280181828113,2
285.65904393626244,15.318788874969034,13.143769148856062,2
285.67904526968465,15.672199985376029,11.674728051497796,2
285.69904660310686,19.163325461285012,14.165790651729772,2
285.7190479365291,16.38019836886206,17.00218822863418,2
285.7390492699513,17.019870188355785,20.001218596039507,2
285.75905060337357,21.47528243956203,20.355715485926336,2
285.7790519367958,22.990521120959496,24.27840316780709,2
285.799053270218,24.1769567324169,23.49641652767315,2
285.8190546036402,24.560566299598435,22.461993749077003,2
285.8390559370625,25.415256610767276,26.052138037409303,2
285.8590572704847,31.913526477031635,28.32337254329512,2
285.8790586039069,30.935577732183408,28.21156153161167,2
285.8990599373291,32.02655992433686,28.468263193431746,2
285.9190612707514,34.46589007058791,31.88319446136619,2
285.9390626041736,38.824814928163036,34.57697116442169,2
285.95906393759583,38.8921479980885,38.31966547981925,2
285.97906527101804,38.09901229660973,37.54093438733375,2
285.99906660444026,43.161779233966826,43.49231823489916,2
286.01906793786253,44.86163333233862,40.691392936003766,2
286.03906927128475,45.56655543152985,43.62899269745827,2
286.05907060470696,49.61274963987062,48.75907496485842,2
286.0790719381292,48.44688470976186,49.184844289639244,2
286.09907327155145,52.12180185490589,49.272060402953045,2
286.11907460497366,52.659107578726434,52.45136257853664,2
286.1390759383959,55.77150402891321,54.225254150833244,2
286.1590772718181,58.90065722170378,56.08101312159817,2
286.17907860524036,59.78772652966596,57.366414379116726,2
286.1990799386626,58.598442721997856,58.441830711808066,2
286.2190812720848,58.268490765242326,60.8148201590427,2
286.239082605507,62.18489268031228,62.38546521247605,2
286.2590839389293,63.701262601222744,66.64296927237554,2
286.2790852723515,66.48068230339175,63.24966858105946,2
286.2990866057737,70.32124341773964,67.96621405951193,2
286.3190879391959,70.50351805129765,63.51245841883147,2
286.33908927261814,68.7564841965678,68.87762988310847,2
286.3590906060404,69.19338219623528,68.20370830458181,2
286.3790919394626,70.1426704721695,68.65340882002354,2
286.39909327288484,73.62924991438729,65.82828474791197,2
286.41909460630706,69.99261028866776,66.26363468619873,2
286.4390959397293,71.01247435217975,68.21159112088866,2
286.45909727315154,74.24134005026211,68.35087503622735,2
286.47909860657376,73.41403610800658,70.22771224165515,2
286.499099939996,73.47978885881538,70.89361814129907,2
286.51910127341824,77.10444716775707,69.76981943826898,2
286.53910260684046,76.43713426834503,63.39518012021363,2
286.5591039402627,71.70611641034552,67.24134921461324,2
286.5791052736849,74.1800788901254,64.76746083521542,2
286.5991066071071,70.36005721987532,63.427551403487975,2
286.6191079405294,72.79323277918208,64.18911897832713,2
286.6391092739516,70.07728783156628,63.46018145920232,2
286.6591106073738,67.87873127683942,64.17941792125029,2
286.679111940796,69.8770802533277,61.86810271889022,2
286.6991132742183,69.00444595893727,68.93007301564259,2
286.7191146076405,64.7062197721468,59.964942980031395,2
286.7391159410627,61.57696649829253,58.479636233471766,2
286.75911727448494,65.34608163955866,57.06794859671934,2
286.7791186079072,62.4695102066075,55.606923609806685,2
286.7991199413294,58.34703761104266,50.884375204486865,2
286.81912127475164,58.91083526084779,54.929593081355804,2
286.83912260817385,56.97487692119359,52.02894015713693,2
286.8591239415961,55.32867288931351,49.960039100679786,2
286.87912527501834,56.32474604167616,47.86611888026612,2
286.89912660844055,49.43733691675463,47.448632220145925,2
286.91912794186277,44.74003607082792,40.69250223905851,2
286.939129275285,45.317504357383754,43.868864291065414,2
286.95913060870726,45.33523455408551,39.078737585659965,2
286.97913194212947,46.36673694568535,32.01754796240196,2
286.9991332755517,43.884745713241195,34.856581705257,2
287.0191346089739,40.411124197045794,30.924175086615776,2
287.0391359423962,41.656717719791644,29.237081320538966,2
287.0591372758184,33.784868820615024,27.242578147365005,2
287.0791386092406,38.1218309206844,28.65771257000424,2
287.0991399426628,31.20590722905294,22.86094652705731,2
287.1191412760851,31.078846024504962,27.53494602012043,2
287.1391426095073,27.813818513526474,22.298237997266842,2
287.1591439429295,28.90590423030214,21.565967403285082,2
287.17914527635173,24.228422983350182,20.036470717295884,2
287.19914660977395,25.06912063984167,19.097668382907212,2
287.2191479431962,22.90625718474182,17.000626912680236,2
287.23914927661843,21.11316284653882,15.257826850939383,2
287.25915061004065,21.968229584162653,13.023867626038305,2
287.27915194346286,20.217360186570577,13.457574163070628,2
287.29915327688514,15.865523997093208,8.812937538217081,2
287.31915461030735,14.012427067877388,8.691335991439958,2
287.33915594372957,15.817061379773875,7.88521841308998,2
287.3591572771518,12.783886234758063,10.62907438285366,2
287.37915861057405,11.46336544115599,6.171467532597424,2
287.39915994399627,13.38677375551131,6.093441710602133,2
287.4191612774185,12.508256479623853,4.513217568297707,2
287.4391626108407,8.829469982971286,10.069515694726727,2
287.45916394426297,8.291465619542365,6.312442162628676,2
287.4791652776852,11.745847129154212,8.820691885934886,2
287.4991666111074,13.970013461362438,9.877686786032054,2
287.5191679445296,8.901666099159184,8.046577214512135,2
287.5391692779518,10.376415108821844,6.623866806549744,2
287.5591706113741,11.084602589545723,6.695347133289474,2
287.5791719447963,11.581842787028803,9.992593485067212,2
287.59917327821853,9.355174596912478,11.029075443931477,2
287.61917461164074,12.573553848049794,9.48186312970684,2
287.639175945063,13.446638907931712,10.501609798928152,2
287.65917727848523,13.512398653740862,11.860644033924434,2
287.67917861190745,10.567610556413417,13.443623451851382,2
287.69917994532966,15.507878777870719,11.064190646162256,2
287.71918127875193,16.68063874915536,17.18022325394943,2
287.73918261217415,17.83423815286547,16.339704191613826,2
287.75918394559636,19.855713323477964,21.919068423964415,2
287.7791852790186,21.60776332875477,23.291133432493936,2
287.7991866124408,21.848805977221012,22.206274682399535,2
287.81918794586306,26.554526370304444,21.48534312123137,2
287.8391892792853,27.826889119077798,29.007864591201752,2
287.8591906127075,27.440586997187452,25.72826847504339,2
287.8791919461297,29.00711840780875,25.643708329508275,2
287.899193279552,31.0889691592417,31.477048752136252,2
287.9191946129742,33.95696900917938,35.43961397025373,2
287.9391959463964,37.58533008744669,37.43472463966071,2
287.9591972798186,36.640900334490745,37.58225301846588,2
287.9791986132409,40.159337558269186,36.86015617570445,2
287.9991999466631,43.7542569209721,42.499224332609934,2
288.0192012800853,45.43301462400316,42.122339383490136,2
288.03920261350754,46.8469300102499,43.61986436359766,2
288.0592039469298,47.767048888892525,45.51684839993019,2
288.079205280352,46.521563986187246,51.57764373140296,2
288.09920661377424,54.58423835257892,51.09010635774363,2
288.11920794719646,56.05079260127039,52.33467618903842,2
288.1392092806187,55.86781848704269,52.65740714314821,2
288.15921061404094,59.04827555990068,53.74997607649104,2
288.17921194746316,55.285412282812004,56.13132506636969,2
288.1992132808854,61.58008422417405,57.833956485784476,2
288.2192146143076,59.23051958924612,58.672278657023284,2
288.23921594772986,65.25741677296355,59.43619361064981,2
288.2592172811521,63.57867618388449,59.35937167763554,2
288.2792186145743,66.82884035990936,64.17402352640934,2
288.2992199479965,64.05000840211231,63.18373913918885,2
288.3192212814188,66.31634467169556,64.79487017993597,2
288.339222614841,70.90743487468427,66.66596003615788,2
288.3592239482632,67.66035396420358,67.51425892009945,2
288.3792252816854,69.40827319920356,66.69593363995553,2
288.39922661510764,68.96105957620748,64.86189235182003,2
288.4192279485299,70.3569868549383,68.48566739011842,2
288.4392292819521,70.86019439733352,69.78891044301427,2
288.45923061537434,75.7405395022693,66.43746640803928,2
288.47923194879655,73.66282923538782,68.93425840991301,2
288.4992332822188,72.75579762836138,73.1644396368445,2
288.51923461564104,70.35112214392194,65.53299352968673,2
288.53923594906325,71.66877627029662,67.7735200649084,2
288.55923728248547,70.2028706629697,65.91111673512876,2
288.57923861590774,70.77723210366607,62.22038688263897,2
288.59923994932996,73.77832585092031,66.34762439910726,2
288.61924128275217,71.9382271829031,64.76580687772032,2
288.6392426161744,72.15405692393138,69.02031002862638,2
288.65924394959666,69.7778461494763,65.67145622372455,2
288.6792452830189,67.4473482245843,60.075647483351304,2
288.6992466164411,65.75685878615053,58.86860616351788,2
288.7192479498633,66.29396052025201,58.69427647354262,2
288.7392492832855,63.251333888726656,55.597291877831935,2
288.7592506167078,63.272062884459444,55.74065782768803,2
288.77925195013,64.29276010142122,54.743824159944786,2
288.7992532835522,58.28012741686716,54.97529697132594,2
288.81925461697443,55.20646246335694,50.39866633871917,2
288.8392559503967,58.0084997489989,51.29470313305768,2
288.8592572838189,57.75991985801036,53.69432466592298,2
288.87925861724113,52.64989893653924,45.82627442511639,2
288.89925995066335,47.925201857885355,46.51510147042434,2
288.9192612840856,50.66023254935941,44.18718565248169,2
288.93926261750784,50.78769307652188,40.73090714078125,2
288.95926395093005,42.063119393068355,41.664349765360626,2
288.97926528435227,45.52297121357243,39.867503640420075,2
288.9992666177745,41.280246133805505,35.50448843807033,2
289.01926795119675,41.21473940504325,31.510032697881332,2
289.03926928461897,37.32172519817957,34.217484257533485,2
289.0592706180412,35.36788688780272,29.8528264526397,2
289.0792719514634,34.121777856522556,30.260551676175986,2
289.09927328488567,32.69275036387386,26.318004669078423,2
289.1192746183079,28.30485571661527,24.35084766556256,2
289.1392759517301,31.86484173825929,26.056656671572533,2
289.1592772851523,22.591798303819026,22.996656741008227,2
289.1792786185746,26.419830580880795,18.822246205556056,2
289.1992799519968,25.085828918794153,17.2126667038453,2
289.219281285419,22.26422494526986,15.126855938063992,2
289.23928261884123,20.15427636000122,14.289158932758891,2
289.2592839522635,20.4563681282542,14.747068775968492,2
289.2792852856857,21.31158037599672,14.94531294465708,2
289.29928661910793,18.287409113599296,7.275694883415353,2
289.31928795253015,17.807386804040426,10.800603705021594,2
289.33928928595236,14.471395609778883,9.75676742084776,2
289.35929061937463,14.807362803297114,9.527597668853431,2
289.37929195279685,11.555909298513066,7.390643461493872,2
289.39929328621906,15.040741192401065,8.512234549631067,2
289.4192946196413,12.414018590482563,10.05320759443396,2
289.43929595306355,11.843114186109164,5.31733076158956,2
289.45929728648576,8.073273913001483,4.457671440602091,2
289.479298619908,9.679418066372886,3.7349650648072523,2
289.4992999533302,12.484865015096444,0.0023669889713193726,2
289.51930128675247,12.005147178832702,6.897716029423242,2
289.5393026201747,8.477507226696005,7.427292776847075,2
289.5593039535969,11.464555189976151,12.264388850840716,2
289.5793052870191,12.10576182814993,8.7678777576212,2
289.5993066204413,15.381771192765235,13.751679323226147,2
289.6193079538636,12.621671949048384,11.964011464629879,2
289.6393092872858,12.212635479380687,10.351106829549195,2
289.659310620708,12.473621551226438,13.173236441808562,2
289.67931195413024,14.379285249985493,10.576105284894732,2
289.6993132875525,14.62499761434804,13.266715465886024,2
289.7193146209747,16.35013821540287,16.56238370242512,2
289.73931595439694,16.10674595046413,15.832632378027942,2
289.75931728781916,20.12390875389222,15.618986707982762,2
289.77931862124143,22.43684543508376,17.796417210618785,2
289.79931995466364,23.815972037663425,22.431656955072306,2
289.81932128808586,27.92285548508181,27.03910027936214,2
289.8393226215081,26.87619015644525,26.751095009460194,2
289.85932395493035,29.234951028978557,29.2937105399825,2
289.87932528835256,32.508112962809506,31.497790554974635,2
289.8993266217748,32.62516207745206,33.72553945415313,2
289.919327955197,37.45175494745683,32.82150285694744,2
289.9393292886192,37.827277507930674,36.02678972171625,2
289.9593306220415,36.387305743406685,34.598621323655806,2
289.9793319554637,38.52343056035206,41.13586011184382,2
289.9993332888859,44.22343820748706,41.8500964126777,2
290.0193346223081,41.878579253459485,41.93430451085947,2
290.0393359557304,46.54294956949009,46.56776255078104,2
290.0593372891526,47.68814038875389,48.3704612127506,2
290.0793386225748,50.7727133938717,46.276943213563165,2
290.09933995599704,52.97904827611833,49.086825425366214,2
290.1193412894193,52.83203092956762,52.12645274820278,2
290.1393426228415,58.87726244346753,52.86168063190685,2
290.15934395626374,58.54702047292312,56.14085782410999,2
290.17934528968595,60.26773646707475,57.01910814240407,2
290.19934662310817,57.99048737213029,58.32476345121823,2
290.21934795653044,60.35372892059764,57.98804909183031,2
290.23934928995266,63.18004677941569,63.245748280399646,2
290.25935062337487,67.5177026712828,66.17738298989234,2
290.2793519567971,65.9400174080225,63.000522600432575,2
290.29935329021936,66.3441012997244,63.58556350341069,2
290.3193546236416,65.88355558551703,68.4014420512522,2
290.3393559570638,67.63326120447178,68.96180072771509,2
290.359357290486,72.00529719923583,70.17476067078965,2
290.3793586239083,71.83761800894109,70.99956243181076,2
290.3993599573305,64.15513253422482,70.14788514812622,2
290.4193612907527,70.16293206805437,68.13038166652082,2
290.4393626241749,71.50373827082528,73.36830831008157,2
290.4593639575972,74.7364563425598,66.88952995207241,2
290.4793652910194,71.28945943197932,64.23912326603248,2
290.4993666244416,72.85111115337938,70.1981516663636,2
290.51936795786384,71.24802988026585,66.73619238895148,2
290.53936929128605,72.43675850987842,67.95718306244184,2
290.5593706247083,72.51651226462668,68.89824955042313,2
290.57937195813054,70.48651043850857,61.02959715841691,2
290.59937329155275,71.13896115287905,67.09774695589734,2
290.61937462497497,68.91980188646576,67.98756046681368,2
290.63937595839724,69.29572135808391,66.35046265224908,2
290.65937729181945,66.46857083960072,59.14357319943257,2
290.67937862524167,67.2536627849816,58.64942392213872,2
290.6993799586639,65.00446539988434,61.32144305364639,2
290.71938129208615,67.9901321498749,57.51434042579632,2
290.73938262550837,67.1381754333527,59.67492151281785,2
290.7593839589306,62.174283425114496,57.64604618051594,2
290.7793852923528,61.138786796162435,53.908527101694254,2
290.799386625775,58.194215660535626,51.78980956539793,2
290.8193879591973,58.594773038008675,49.381616285632575,2
290.8393892926195,55.3790189785258,50.31388362627312,2
290.8593906260417,53.13663054331097,47.13324288780083,2
290.87939195946393,51.8552127461534,46.96990443813118,2
290.8993932928862,54.74631863290102,46.666375930779786,2
290.9193946263084,50.94209384181843,44.485299253975555,2
290.93939595973063,45.973304585292304,40.07876720861411,2
290.95939729315285,49.083146161909795,38.846429047061946,2
290.9793986265751,38.965534862873355,36.62695906066797,2
290.99939995999733,42.338124857069516,39.909042991378314,2
291.01940129341955,39.73853535958794,30.832695230705788,2
291.03940262684176,35.63828818957822,27.59581595620506,2
291.05940396026404,34.50291121975204,24.242189207184587,2
291.07940529368625,36.10484086950827,27.80699054004063,2
291.09940662710846,39.01554560583772,25.095712725190676,2
291.1194079605307,32.09186936605437,21.51670008650852,2
291.1394092939529,31.266263336203878,22.765361173710932,2
291.15941062737517,29.927071324907935,21.790246963013008,2
291.1794119607974,27.616926329033255,13.688650197460689,2
291.1994132942196,25.794894347381575,15.826589554922837,2
291.2194146276418,21.120934684289416,18.406040527109937,2
291.2394159610641,22.606418865318254,17.474937239674194,2
291.2594172944863,21.846298963596475,15.739678922481549,2
291.2794186279085,21.405749020989504,15.44707434874381,2
291.2994199613307,18.825870281192163,11.827966067374843,2
291.319421294753,17.312858922903985,14.093572017775164,2
291.3394226281752,14.298613067629594,7.770263368559018,2
291.35942396159743,13.74878209697859,9.53900261966221,2
291.37942529501964,11.4563351492798,12.335946090407102,2
291.39942662844186,13.153728209042463,8.702052064701185,2
291.41942796186413,13.9099193329789,6.962989863010594,2
291.43942929528635,13.031968998750678,7.635380365931427,2
291.45943062870856,12.741477555397637,9.5011972266509,2
291.4794319621308,11.365132232605736,7.484199116209996,2
291.49943329555305,12.23952664012945,8.8614797538383,2
291.51943462897526,12.438853519365457,6.447511950337887,2
291.5394359623975,10.725191898790605,7.227948876119953,2
291.5594372958197,12.50609343172142,7.53354989093894,2
291.57943862924196,12.948425350427708,9.686481206474307,2
291.5994399626642,11.191005258136217,9.113029013918492,2
291.6194412960864,13.826085491122392,9.787633395710328,2
291.6394426295086,13.62002416071718,13.114791984370733,2
291.6594439629309,16.529238003115147,15.04309691661867,2
291.6794452963531,13.077622248203426,9.237268455251673,2
291.6994466297753,15.770095741065852,12.098916184093731,2
291.7194479631975,18.149713494963187,16.68465632014209,2
291.73944929661974,17.08785669092738,16.231703415168067,2
291.759450630042,17.92476028917758,18.90208286993262,2
291.7794519634642,20.483908801193806,20.865869804319583,2
291.79945329688644,21.5934263032457,25.21269301870032,2
291.81945463030866,25.857865767750834,22.131194568173363,2
291.8394559637309,31.54244471408709,24.93249213208938,2
291.85945729715314,30.175253810168133,30.712120744202664,2
291.87945863057536,27.22657816322094,27.949320904049355,2
291.8994599639976,35.19071436202783,31.85852870814493,2
291.91946129741984,35.66380973873752,32.184265265745964,2
291.93946263084206,31.988724457530978,34.08579375098449,2
291.9594639642643,39.14039917298742,41.173781756701814,2
291.9794652976865,39.96491937443201,37.63471181232199,2
291.9994666311087,42.10030726053827,43.43128395238185,2
292.019467964531,46.553536763188006,39.85195223611429,2
292.0394692979532,46.79899967816483,49.36221008801825,2
292.0594706313754,49.60127680566296,48.363370649399,2
292.0794719647976,51.475217802309665,48.806779204958296,2
292.0994732982199,51.74096621924264,46.75125282836546,2
292.1194746316421,53.65988721686137,50.35796836225847,2
292.1394759650643,52.872445290764865,52.29105461650684,2
292.15947729848654,58.17260127280095,51.3863266345143,2
292.1794786319088,62.67159765417955,55.627584297357004,2
292.199479965331,57.77070032178036,53.71895627102971,2
292.21948129875324,62.94639757586111,61.8418159398759,2
292.23948263217545,62.158573490888635,63.2224717285671,2
292.2594839655977,65.75472425178948,62.200651054411445,2
292.27948529901994,63.52287402401796,62.39350812420142,2
292.29948663244215,67.47990087786626,63.22691579752161,2
292.31948796586437,70.15665931440773,66.79831244015634,2
292.3394892992866,66.22238006023193,65.51300792361437,2
292.35949063270886,70.37137523976111,68.08937625088653,2
292.37949196613107,70.65328087550134,67.49243845395233,2
292.3994932995533,73.86059436307349,66.75088614565504,2
292.4194946329755,71.25246265321454,69.3928047279742,2
292.43949596639777,73.26276258998486,72.50203815455527,2
292.45949729982,76.97294044189721,64.4382486707491,2
292.4794986332422,73.88780244500741,68.17209482946754,2
292.4994999666644,74.71812186967479,66.02432006375979,2
292.5195013000867,75.89108220304955,66.18244988089987,2
292.5395026335089,72.26596888295117,67.71478049932469,2
292.5595039669311,70.61594225592539,68.35877953785933,2
292.57950530035333,74.26767144557692,65.89560658810348,2
292.59950663377555,68.61918812946438,64.0595445523213,2
292.6195079671978,69.61297031416167,63.99170565315396,2
292.63950930062003,68.84395588477466,65.67631985506921,2
292.65951063404225,71.8624109921401,60.828988361612616,2
292.67951196746446,67.38745389139926,61.992821959135505,2
292.69951330088674,66.88205264222667,62.08037545044299,2
292.71951463430895,61.317502711978314,63.067367870634335,2
292.73951596773117,61.69561931567401,57.667275651000296,2
292.7595173011534,62.131084262068896,58.73364454310594,2
292.77951863457565,63.3419362356399,55.32177059991194,2
292.79951996799787,63.32126372003853,51.498908844018054,2
292.8195213014201,56.29649679938307,50.77734057941156,2
292.8395226348423,55.934324935367634,54.01426819516509,2
292.85952396826457,55.57943921197623,48.46002881353894,2
292.8795253016868,55.395994023431676,46.58943687483711,2
292.899526635109,50.14248649232081,45.203928290666255,2
292.9195279685312,49.6422972198412,40.666928318568054,2
292.9395293019534,46.528161606359426,43.17176907614586,2
292.9595306353757,44.457164605659266,40.505619126065504,2
292.9795319687979,39.485092774424416,36.92477958569071,2
292.99953330222013,41.60920152117602,30.36097769725473,2
293.01953463564234,41.89411457323459,31.727308748502555,2
293.0395359690646,37.7037431155111,32.67156814585522,2
293.05953730248683,35.87893871075482,28.182217553959468,2
293.07953863590905,34.966355393434505,24.067788491209114,2
293.09953996933126,34.17334054798377,26.93515616549459,2
293.11954130275353,31.532103618453693,22.48565058144057,2
293.13954263617575,25.839853653962848,22.49649548570493,2
293.15954396959796,27.870289240220195,21.04589162892445,2
293.1795453030202,25.947189050372916,22.746128520210426,2
293.1995466364424,22.063547059624284,16.586007110281436,2
293.21954796986466,21.29747395585851,14.03086349559207,2
293.2395493032869,20.090585088478832,13.427746844334377,2
293.2595506367091,18.198858042016095,12.290570548975968,2
293.2795519701313,20.74893657323784,9.552902245744827,2
293.2995533035536,15.892141910460442,9.491275294324694,2
293.3195546369758,17.799106339286446,10.077644691634312,2
293.339555970398,16.460239077473336,8.568199950134092,2
293.3595573038202,16.37330561969457,6.568236988575128,2
293.3795586372425,13.984222009062849,8.500231170676376,2
293.3995599706647,14.198524107102928,7.195565839440061,2
293.4195613040869,12.675371015250153,9.20171180267586,2
293.43956263750914,10.352697673743101,8.577626527155152,2
293.4595639709314,9.425880316239713,9.163373272061005,2
293.4795653043536,15.769966368708921,5.516131519316334,2
293.49956663777584,11.163259483504275,5.3408528255135455,2
293.51956797119806,10.22624539678584,10.046149371040524,2
293.5395693046203,9.858014560740209,8.519235713209415,2
293.55957063804254,11.446589729448576,8.786257354612486,2
293.57957197146476,9.594569893292153,10.547126220049245,2
293.599573304887,14.451567521460564,10.361310462732192,2
293.6195746383092,10.674108760442603,9.767229355250484,2
293.63957597173146,13.81274841160278,9.060790589935454,2
293.6595773051537,15.226150944051346,14.534446315672131,2
293.6795786385759,17.220542542882402,16.19669123225908,2
293.6995799719981,14.526168632958731,16.42801908726661,2
293.7195813054204,17.472337230239,15.047651327456084,2
293.7395826388426,18.554815384115933,19.88243477201434,2
293.7595839722648,24.890794434084583,16.665808285576436,2
293.779585305687,21.13568344920172,16.785032878164717,2
293.79958663910924,25.399835481942937,23.607539834083052,2
293.8195879725315,21.99400982000831,20.321472494940444,2
293.8395893059537,27.512238779741036,21.39970697847434,2
293.85959063937594,30.838970064763537,29.846099493547168,2
293.87959197279815,30.452997894000465,27.430159396145854,2
293.8995933062204,32.13112461555226,32.369457245165314,2
293.91959463964264,36.72951788744088,32.23640494073296,2
293.93959597306485,36.971552176889524,35.9623917090419,2
293.95959730648707,37.63482669618969,33.81430413291962,2
293.97959863990934,43.3167420502869,37.87383336306769,2
293.99959997333156,42.98821945974206,38.833854893091335,2
294.01960130675377,42.431435934656974,44.16927226354775,2
294.039602640176,42.160081982580415,46.8542309079946,2
294.05960397359826,47.525271517423825,46.43299206877165,2
294.0796053070205,49.577759022497496,43.947310088052475,2
294.0996066404427,49.409915380196935,49.37999996918867,2
294.1196079738649,55.629609486457596,51.01756016863735,2
294.1396093072871,55.12965765436212,50.924258372430195,2
294.1596106407094,58.49714726096915,53.03737922397306,2
294.1796119741316,58.883903428929166,60.120886341927175,2
294.1996133075538,61.28921466601144,58.04966398392201,2
294.21961464097603,62.24606876004625,57.782543295944954,2
294.2396159743983,62.27634490917178,63.49799380501342,2
294.2596173078205,66.39084148415546,60.100024839862755,2
294.27961864124273,63.52649140446774,65.69319579675332,2
294.29961997466495,67.07343173479819,62.78826639911006,2
294.3196213080872,69.15395392212332,63.9174234393048,2
294.33962264150944,62.752124616558405,62.206688660201934,2
294.35962397493165,70.50539739786119,65.536821136057,2
294.37962530835387,72.25185824633334,69.22388944498236,2
294.3996266417761,69.14646170621504,67.1856010962068,2
294.41962797519835,71.9131756725629,68.73578827348834,2
294.43962930862057,72.49943379603083,67.71458380867895,2
294.4596306420428,72.81688839821949,71.21500119480119,2
294.479631975465,71.86813620957831,66.92460341440251,2
294.49963330888727,71.65059760436785,66.79809772669971,2
294.5196346423095,76.25045277393411,70.9030218106907,2
294.5396359757317,69.81134384085769,67.05320386947231,2
294.5596373091539,76.13843095115162,67.17726361503037,2
294.5796386425762,75.64405472282247,64.68873930956869,2
294.5996399759984,68.1943907314875,68.28839858922231,2
294.6196413094206,69.37148671536838,67.42549842535786,2
294.63964264284283,69.476041970708,66.39473185745257,2
294.6596439762651,65.47372780328064,64.96285315368712,2
294.6796453096873,67.92740976267554,61.348095459489514,2
294.69964664310953,65.36856607704836,64.14831772516149,2
294.71964797653175,69.24523481790875,60.16749366615303,2
294.73964930995396,65.60994054409879,58.29278607644,2
294.75965064337623,64.1473290561781,56.55254894801102,2
294.77965197679845,63.73982206484503,56.83795617468272,2
294.79965331022066,61.233254278387875,53.52976930316913,2
294.8196546436429,56.38304128191869,53.12405088053493,2
294.83965597706515,60.03239982460045,52.036198077953806,2
294.85965731048736,57.51901611500358,48.988946345537606,2
294.8796586439096,52.55918197451606,47.38549081798052,2
294.8996599773318,50.8259509649528,40.379221341890755,2
294.91966131075407,48.576861632060286,42.266204295531985,2
294.9396626441763,44.84554070727546,43.87904188405399,2
294.9596639775985,39.56285434482974,35.375790384542924,2
294.9796653110207,41.5742761465846,39.59567130505377,2
294.9996666444429,42.396799891700354,36.88586108172204,2
295.0196679778652,41.34019339908241,35.53679104330076,2
295.0396693112874,37.1782543277196,29.278186840769514,2
295.0596706447096,37.08794779928685,28.18556323634905,2
295.07967197813184,38.397962513743344,27.267884493614655,2
295.0996733115541,33.4402322570783,22.56395631155022,2
295.1196746449763,31.546449723472765,25.207865536630074,2
295.13967597839854,29.16047496985219,24.304844753855143,2
295.15967731182076,27.322487221821593,19.73044133709013,2
295.17967864524303,27.277408081688286,19.754934060827615,2
295.19967997866524,23.621784825468875,16.24512852627275,2
295.21968131208746,25.180971635529566,15.975833204104674,2
295.2396826455097,20.340268142788872,12.193942795515632,2
295.25968397893195,18.962669274317967,16.194536847508182,2
295.27968531235416,19.148810311939265,8.922659940301797,2
295.2996866457764,16.810162183116553,9.792416256471599,2
295.3196879791986,14.870821211990997,9.930133494072317,2
295.3396893126208,11.666988552075384,9.513192275950875,2
295.3596906460431,12.153991392763514,6.992801716401342,2
295.3796919794653,15.059712308259098,5.0394605364350324,2
295.3996933128875,13.820381956581896,9.340087286724577,2
295.4196946463097,12.825868961967112,9.847256954786147,2
295.439695979732,14.50587282898138,5.084239211257266,2
295.4596973131542,10.926557312797414,4.943614604821463,2
295.4796986465764,12.991188418231463,7.655500483716126,2
295.49969997999864,12.737174627802915,6.67181899935364,2
295.5197013134209,13.796727981382768,7.787874313430467,2
295.5397026468431,7.804617225783179,5.377492269141465,2
295.55970398026534,9.887601471628702,5.493247096397022,2
295.57970531368755,13.1998966680429,10.071283485468262,2
295.59970664710977,9.203085987845492,9.626384758070389,2
295.61970798053204,16.901846446129028,12.06278227789101,2
295.63970931395426,16.54514081085633,12.857001782660076,2
295.65971064737647,17.61393237036807,13.909190969113107,2
295.6797119807987,19.02231112071406,12.65106531422227,2
295.69971331422096,18.553650408215976,14.291932558754892,2
295.7197146476432,18.689525109369573,20.94461344775367,2
295.7397159810654,22.810553122583187,17.924846326347613,2
295.7597173144876,19.773127849309574,18.603691153347757,2
295.7797186479099,21.375742646389227,19.498844428392218,2
295.7997199813321,22.802303217231916,21.45894878464258,2
295.8197213147543,24.623165812603826,21.71278507274962,2
295.8397226481765,29.40996559461664,26.407976138635426,2
295.8597239815988,28.273691197074726,26.58633980107938,2
295.879725315021,29.415429575031517,27.02423936445328,2
295.8997266484432,29.682397713012442,32.42360748044078,2
295.91972798186544,32.50296535895906,29.122491167784037,2
295.93972931528765,36.88960544090592,34.62547101552462,2
295.9597306487099,36.646646691672736,34.83544719619328,2
295.97973198213214,40.505167578424356,41.82814560783703,2
295.99973331555435,45.767286946997714,39.342466855062504,2
296.01973464897657,45.10022020415429,40.533672830841184,2
296.03973598239884,46.73436011131199,46.08890961386887,2
296.05973731582105,48.49078171603487,44.97559901147579,2
296.07973864924327,48.238542962682985,47.791149220600445,2
296.0997399826655,52.40725325199594,49.225802701998056,2
296.11974131608775,53.32329775280509,48.69899127285336,2
296.13974264950997,53.764413916258064,56.18272993572448,2
296.1597439829322,56.119820961121725,55.81793947369272,2
296.1797453163544,56.083735373695205,55.97241848706131,2
296.1997466497766,59.657997567490824,60.618823731232816,2
296.2197479831989,60.667715648578394,57.93337007512486,2
296.2397493166211,64.47330098967325,62.75067664497817,2
296.2597506500433,64.44576961013274,65.16774111386925,2
296.27975198346553,68.58512440283661,63.33717163560793,2
296.2997533168878,69.45312393828031,65.29351084126594,2
296.31975465031,69.76442785662724,65.85059632355403,2
296.33975598373223,69.2930469931428,66.62817376802644,2
296.35975731715445,67.93466824096257,68.68390558533494,2
296.3797586505767,69.17759714265934,69.75879357804423,2
296.39975998399893,70.38196543134598,67.6003671833828,2
296.41976131742115,73.82994188576048,70.37790991785984,2
296.43976265084336,73.78342827952831,69.6882270910864,2
296.45976398426563,72.06245415686543,68.0760527483974,2
296.47976531768785,72.21102199180756,64.84002115146252,2
296.49976665111006,70.36925553524993,68.37882746111742,2
296.5197679845323,77.0359827177797,70.71926415440002,2
296.5397693179545,72.6918321009869,65.17336569610858,2
296.55977065137677,74.06789533320857,67.5768104299015,2
296.579771984799,71.55855217657478,63.81197293648888,2
296.5997733182212,73.30620227788454,62.09137256753375,2
296.6197746516434,74.06979937383015,66.64620463104595,2
296.6397759850657,69.06770437888841,65.91033492335724,2
296.6597773184879,64.59385013293462,64.25450259242761,2
296.6797786519101,69.43285167497758,60.31977392917661,2
296.6997799853323,65.87768291595947,59.178482819065046,2
296.7197813187546,65.25406018995595,62.55315644510814,2
296.7397826521768,67.3820261453457,59.741433350612056,2
296.75978398559903,62.65770195249025,54.97192139701391,2
296.77978531902124,62.06904671584642,51.752990667678525,2
296.79978665244346,60.28283450857283,52.86150718736395,2
296.81978798586573,61.42885019548348,51.05273928761803,2
296.83978931928795,58.60152453298494,50.48212028258835,2
296.85979065271016,52.82994471768777,50.1643483955856,2
296.8797919861324,52.75686576689394,47.87461320798208,2
296.89979331955465,54.961591753862585,44.56945575469748,2
296.91979465297686,49.25007090139393,43.756796647612305,2
296.9397959863991,48.239997873615174,39.45727769822653,2
296.9597973198213,44.776537819149944,36.89813724710591,2
296.97979865324356,43.75344377302461,37.40249855398244,2
296.9997999866658,46.53711062017164,36.95910336971052,2
297.019801320088,40.73119691944889,32.99620738777876,2
297.0398026535102,40.741106466300714,30.187736161727607,2
297.0598039869325,32.89896264685727,26.74167018609805,2
297.0798053203547,33.689894837369216,27.80140421040414,2
297.0998066537769,31.65872949884158,23.698745548618,2
297.1198079871991,35.514255549319195,25.93906665645523,2
297.13980932062134,28.240857608580455,22.38322522319281,2
297.1598106540436,28.51613551734509,19.702868494306244,2
297.1798119874658,22.351669049188857,18.83662394859168,2
297.19981332088804,24.99006751829344,18.68691459006587,2
297.21981465431026,23.651198556251842,14.149376449189564,2
297.2398159877325,24.819929996459358,13.408906095951295,2
297.25981732115474,19.67707929678629,14.016378887859206,2
297.27981865457696,15.479310385008155,11.953872291331166,2
297.2998199879992,13.352100649010811,10.60422162842931,2
297.31982132142144,14.27845371756736,10.083435402103696,2
297.33982265484366,17.341195522623575,7.4505155635125515,2
297.3598239882659,14.791103597272532,8.40955225979947,2
297.3798253216881,10.355538136393285,6.434102049831124,2
297.3998266551103,15.953595858925603,9.973915706264746,2
297.4198279885326,10.923249397970864,6.653204812064262,2
297.4398293219548,9.995189572877374,9.703553073367825,2
297.459830655377,6.118710311184665,8.664916646094046,2
297.4798319887992,12.534608740216273,2.004777153530976,2
297.4998333222215,9.335769882999655,7.87625989865596,2
297.5198346556437,11.198459773179355,8.022412463287946,2
297.5398359890659,11.593378438994097,7.508027169726397,2
297.55983732248814,11.893680562732154,8.734908759896154,2
297.5798386559104,12.48699222286215,11.155385086539287,2
297.5998399893326,15.362262260381014,9.554160840157376,2
297.61984132275484,14.09398752078155,14.74568715722247,2
297.63984265617705,15.141469839625628,10.730646457044248,2
297.6598439895993,12.683959326560554,14.32952820918808,2
297.67984532302154,15.229575249957303,17.14965625968026,2
297.69984665644375,14.651825626588842,14.798283393820052,2
297.71984798986597,20.287965180339,14.329846262885644,2
297.7398493232882,19.890063513148146,15.195350559518163,2
297.75985065671046,18.69189143879497,19.690301498327845,2
297.77985199013267,24.742543222231873,23.658072382273836,2
297.7998533235549,24.415501773512524,24.62307103472267,2
297.8198546569771,23.617680630683285,23.21509720693376,2
297.83985599039937,28.269531806135163,19.9944151608402,2
297.8598573238216,30.847513321587282,28.68047104947553,2
297.8798586572438,28.493675067824764,27.14934255697262,2
297.899859990666,32.78079649035233,26.502834560743207,2
297.9198613240883,31.593857784388657,33.33060409486865,2
297.9398626575105,34.527017984613245,33.754876061566414,2
297.9598639909327,37.648028375575066,38.73005798991072,2
297.97986532435493,39.53455274329822,39.53010881748283,2
297.99986665777715,40.17227908184339,40.691846589964,2
298.0198679911994,45.079119300024786,40.31502092364305,2
298.03986932462163,44.66727443471446,44.03585024756819,2
298.05987065804385,46.864691861899,49.335111270522866,2
298.07987199146606,45.60223687725717,47.53856504043917,2
298.09987332488834,53.45563325157001,52.684781689344824,2
298.11987465831055,53.62407350946453,51.017089594360996,2
298.13987599173277,52.77339288540809,53.92048126579982,2
298.159877325155,58.28775683404318,52.54627944406458,2
298.17987865857725,59.258420659934515,54.1352002477047,2
298.19987999199947,62.35996331036547,60.20245750104258,2
298.2198813254217,59.57540220682084,61.92996985760583,2
298.2398826588439,63.24672485161876,58.861887786253746,2
298.25988399226617,64.49458345646501,62.63269814918315,2
298.2798853256884,65.74149295369088,63.2453516917934,2
298.2998866591106,68.83403283257712,67.4525624565435,2
298.3198879925328,66.98330351987646,64.43371487534225,2
298.339889325955,68.75479074827898,63.93692089886793,2
298.3598906593773,67.16982701863964,68.01900786367852,2
298.3798919927995,69.52655499605142,66.87224972797227,2
298.39989332622173,71.20339143258187,68.04433451823813,2
298.41989465964394,77.78240276910539,68.8862672514363,2
298.4398959930662,70.24780263421518,71.36512610214527,2
298.45989732648843,74.5854986521444,69.94983717286163,2
298.47989865991065,73.12037439353931,68.39529645892337,2
298.49989999333286,72.51882285729495,64.76114724227523,2
298.51990132675513,72.28388837265008,69.47889277476462,2
298.53990266017735,73.33735697962138,63.36012315742929,2
298.55990399359956,69.58185328546361,67.12450837422217,2
298.5799053270218,74.61081756460747,65.50783223582383,2
298.599906660444,72.22060016158193,66.87399633683056,2
298.61990799386626,70.69230868288012,68.94917633200598,2
298.6399093272885,70.6602519587867,63.56703355327989,2
298.6599106607107,69.7131791650522,62.25926853206282,2
298.6799119941329,69.476689387482,63.40511813873867,2
298.6999133275552,66.9391649295305,62.02116124066058,2
298.7199146609774,67.78692324173285,62.11249247714439,2
298.7399159943996,67.58295624180049,60.38383526234259,2
298.7599173278218,65.17430365901505,58.62968884069374,2
298.7799186612441,65.45821427894106,55.3597333259113,2
298.7999199946663,59.411025809148136,50.19681267038653,2
298.8199213280885,59.53659531156566,51.44814800049398,2
298.83992266151074,56.517597155016354,49.734861718735125,2
298.859923994933,54.68943536517637,48.32326170266048,2
298.8799253283552,53.041418326699926,46.40487181950454,2
298.89992666177744,54.95136026337984,44.93282143189708,2
298.91992799519966,49.75120022756825,43.464513185432,2
298.9399293286219,45.09414852058848,39.85133544977975,2
298.95993066204414,45.68258249374125,38.06130181469563,2
298.97993199546636,42.4126301384273,37.558287593597846,2
298.9999333288886,41.90818047260849,37.421194081970775,2
299.0199346623108,40.070928838419896,31.205753814729604,2
299.03993599573306,41.09573474082592,25.486165291472812,2
299.0599373291553,35.532839735009354,29.83319159959338,2
299.0799386625775,32.60750578231234,26.246941933871366,2
299.0999399959997,31.004277171187937,26.680401090613046,2
299.119941329422,30.884645114502415,24.122749363541697,2
299.1399426628442,28.457537748428805,20.773498848780918,2
299.1599439962664,25.801424883661717,20.700718578896968,2
299.1799453296886,26.200507558231102,22.01724353683824,2
299.19994666311084,23.730036832073697,19.3741818025623,2
299.2199479965331,23.308379016474184,12.320232400733623,2
299.2399493299553,17.238269903942165,13.486466272846561,2
299.25995066337754,18.191161719274014,12.794914963424885,2
299.27995199679975,17.654463051739476,11.78561068154481,2
299.299953330222,18.813693891424695,10.540970444340914,2
299.31995466364424,19.04945879328973,9.630365413018426,2
299.33995599706645,16.424120648613656,9.565560184075613,2
299.35995733048867,13.393783026801513,9.067493627666343,2
299.37995866391094,18.181503724070154,7.549821493280969,2
299.39995999733316,12.91619503431356,12.401806786720245,2
299.41996133075537,12.6467272926063,9.897945612201717,2
299.4399626641776,12.221577597547151,8.974175505648772,2
299.45996399759986,9.997898671265448,5.744282498756445,2
299.4799653310221,9.23058942879253,6.678187001321877,2
299.4999666644443,9.353687732304877,8.720054937234504,2
299.5199679978665,11.287413470427285,7.326053038132738,2
299.5399693312887,11.187078626172122,7.655332319022481,2
299.559970664711,15.762501075877388,6.999548564282996,2
299.5799719981332,10.792489254610338,8.834080649250739,2
299.5999733315554,14.559283229775362,7.296808495076396,2
299.61997466497763,16.12313601904456,9.793623571050011,2
299.6399759983999,12.718363244601907,13.51076438047436,2
299.6599773318221,16.51297334203238,8.6630620150928,2
299.67997866524433,17.90748888144614,13.999686531182121,2
299.69997999866655,19.793136176508714,12.119205678973495,2
299.7199813320888,17.76195113850233,15.906613401496067,2
299.73998266551104,20.2298606929831,19.96398894478674,2
299.75998399893325,20.57641582259866,16.593956402037072,2
299.77998533235547,24.79803181300366,22.473293978442186,2
299.7999866657777,25.07564692355792,18.05910538138905,2
299.81998799919995,25.387140944067394,23.97278293960228,2
299.83998933262217,26.150397072928254,22.82134615524974,2
299.8599906660444,29.83753921892795,24.76203063414382,2
299.8799919994666,26.13579311842717,29.056054914299995,2
299.89999333288887,31.188874769040027,30.777419411613852,2
299.9199946663111,35.23275891426971,33.56418470999007,2
299.9399959997333,35.09713513941162,33.42975296933317,2
299.9599973331555,37.07050559830099,34.15036253386165,2
299.9799986665778,38.04012773854449,40.691924138915525,2
300.0,42.573005706320096,42.86074672560141,2
