时间戳,压力传感器1,压力传感器2,True_Label
0.0,54.82919458194101,55.006893600714214,3
0.020001333422228148,59.92275852682393,58.57574337499666,3
0.040002666844456296,62.53792191470156,58.466032716076555,3
0.06000400026668444,65.3123038786753,62.82400552868628,3
0.08000533368891259,68.01592646561431,64.91482452389687,3
0.10000666711114074,67.74937925751448,65.84661033813616,3
0.12000800053336888,67.03184395026355,62.525027518501375,3
0.14000933395559703,68.06506829517123,65.72226017305157,3
0.16001066737782518,72.34411065041007,70.37028148359234,3
0.18001200080005333,72.32699112696912,71.17699752673231,3
0.20001333422228149,77.74305095542967,73.74219455296223,3
0.22001466764450964,82.48117261254201,78.66664305149672,3
0.24001600106673776,87.42769609298033,82.56320234998725,3
0.2600173344889659,90.49572444203496,86.70705126658324,3
0.28001866791119406,85.46097157843437,82.07156960196332,3
0.3000200013334222,87.84461868230899,84.56841913919216,3
0.32002133475565037,83.00358688496918,81.65637376049011,3
0.3400226681778785,81.79182118531087,80.19587205207388,3
0.36002400160010667,85.27337118566555,79.73812096403823,3
0.3800253350223348,88.7996937208646,82.80373396189546,3
0.40002666844456297,94.90512346100805,88.08873724312592,3
0.4200280018667911,94.00149636745746,87.85615484790925,3
0.4400293352890193,91.126436127253,84.68449657569566,3
0.4600306687112474,95.55237957158477,90.25592230624851,3
0.4800320021334755,95.66531236638525,88.67312911514263,3
0.5000333355557037,86.41577104307687,82.68343292226544,3
0.5200346689779318,93.80621037716513,89.31639289452417,3
0.54003600240016,87.21817655887494,79.24484025118201,3
0.5600373358223881,91.66647011818864,84.45042395575055,3
0.5800386692446163,91.29137509424253,83.91514344687792,3
0.6000400026668444,92.6877124769459,84.29220979210332,3
0.6200413360890726,90.78935948871936,84.71008569356857,3
0.6400426695113007,94.93753439108816,87.01641690315867,3
0.6600440029335288,92.06997638809106,85.0011060600671,3
0.680045336355757,87.84447342808585,79.47957084095697,3
0.7000466697779851,89.13391752369209,79.83868749476,3
0.7200480032002133,84.20147208638083,75.16896420257281,3
0.7400493366224414,79.44342305044296,69.73204273280422,3
0.7600506700446696,78.10113981763939,69.25995180979463,3
0.7800520034668977,77.73720623446643,70.11220482048688,3
0.8000533368891259,77.77905982227831,67.7682043969492,3
0.820054670311354,76.00709510935071,66.11151565096104,3
0.8400560037335822,76.02374997601365,68.11068130058317,3
0.8600573371558103,77.91627371773649,67.17181161381826,3
0.8800586705780385,70.93511626953658,63.103792202629755,3
0.9000600040002666,62.93101488794053,55.746765088615625,3
0.9200613374224949,64.12895038806383,53.93190971040683,3
0.940062670844723,61.02665451452306,52.277684671967336,3
0.960064004266951,58.58734621606699,48.6452198175683,3
0.9800653376891793,55.30384605947845,47.262210887808116,3
1.0000666711114075,59.03541886532584,52.08327059017518,3
1.0200680045336354,53.698782702058246,44.28909783678877,3
1.0400693379558636,55.04840395787817,47.0600320318176,3
1.0600706713780919,56.693169271791604,47.24645594232861,3
1.08007200480032,54.10879352924941,43.15431191716488,3
1.100073338222548,46.69585211891206,35.334717680379256,3
1.1200746716447763,45.27664714081638,35.234183201068426,3
1.1400760050670045,38.05988326595147,30.10674228841227,3
1.1600773384892327,37.91411994711814,29.484495445577167,3
1.1800786719114607,37.43852622817154,28.899054874552544,3
1.2000800053336889,39.36820408258992,28.816425203781815,3
1.220081338755917,37.3787880175302,28.70925956459,3
1.2400826721781453,35.82671657797245,27.711699759365523,3
1.2600840056003733,32.30224968208844,25.34272562383276,3
1.2800853390226015,33.45353549824299,24.153581458954182,3
1.3000866724448297,26.797282333696273,18.399907316752635,3
1.3200880058670577,27.188907155844902,20.591177237912643,3
1.3400893392892859,21.88106325335911,15.606706763265446,3
1.360090672711514,19.285312840273217,12.022848531111844,3
1.3800920061337423,19.99367629128115,12.169626879512649,3
1.4000933395559703,27.1558930825718,16.425005772022555,3
1.4200946729781985,26.654458962739856,21.26646778871368,3
1.4400960064004267,24.66481479026868,16.019687556895626,3
1.4600973398226549,26.366186935868573,20.40581772406325,3
1.4800986732448829,24.367093427136343,21.398820364340008,3
1.500100006667111,21.609373237164604,17.267345220558198,3
1.5201013400893393,18.496489114516258,14.72152915182407,3
1.5401026735115675,21.799098938336233,18.135656221297367,3
1.5601040069337955,20.837272487206143,16.4136195234598,3
1.5801053403560237,22.736450405339536,19.129396825746102,3
1.6001066737782519,25.15028326860047,16.96339669674854,3
1.6201080072004799,22.760749290047208,20.953071768726062,3
1.640109340622708,27.103984175677134,23.43584695542915,3
1.6601106740449363,27.966439437804084,24.314588145598652,3
1.6801120074671645,32.867176447238826,32.2074125646962,3
1.7001133408893925,27.63635816871207,24.203010114932297,3
1.7201146743116207,27.055349736932047,22.827255217006094,3
1.740116007733849,30.192320072238317,29.179069907650288,3
1.760117341156077,28.21840313989258,27.03356754397343,3
1.780118674578305,27.34850293030219,26.566321388614746,3
1.8001200080005333,32.83870484143843,31.66101047345036,3
1.8201213414227615,37.55004438393966,35.39299193139392,3
1.8401226748449897,43.769074265351456,41.974668870839885,3
1.8601240082672177,44.615248410696935,43.690948168313696,3
1.880125341689446,44.244753329262636,41.18628380183211,3
1.900126675111674,48.7191995149566,43.806232334044395,3
1.920128008533902,47.315666732591694,45.06402053334081,3
1.9401293419561303,50.310885028570546,48.905620579371096,3
1.9601306753783585,51.28713515664562,48.271156187242084,3
1.9801320088005867,53.446342861664306,51.286762755828384,3
2.000133342222815,59.18554314992079,55.1236505969049,3
2.020134675645043,60.00340975066353,56.9725595133428,3
2.040136009067271,64.35810608433471,62.429813040301134,3
2.060137342489499,67.8383832064122,65.32945946085786,3
2.0801386759117273,64.98658949000249,62.15228105496784,3
2.1001400093339555,66.38488842112747,64.2728753714268,3
2.1201413427561837,68.14974456390698,64.42790977307573,3
2.140142676178412,68.12583390091163,65.52309128960059,3
2.16014400960064,71.93039656646624,70.2828817626051,3
2.1801453430228683,76.5288463943691,72.6801702927758,3
2.200146676445096,78.47104518504932,74.85829405475917,3
2.2201480098673243,81.04659609915527,77.5561530462629,3
2.2401493432895525,82.60377898441462,80.37939373121489,3
2.2601506767117807,86.89594099621279,83.06086063714119,3
2.280152010134009,84.9626415718481,83.30199570524509,3
2.300153343556237,83.92521864815683,80.77124101349496,3
2.3201546769784653,84.99765246638276,82.64357831923138,3
2.340156010400693,85.63942473421012,80.79268746308287,3
2.3601573438229213,82.13341664030773,78.18243097261647,3
2.3801586772451495,87.90584723995178,80.82266253162285,3
2.4001600106673777,90.08648462742619,84.25057496961205,3
2.420161344089606,96.49478352293274,92.39227115429928,3
2.440162677511834,91.86611218293253,86.90502114029539,3
2.4601640109340623,92.61901359175049,86.01712231200362,3
2.4801653443562905,91.43677964262568,87.75347624862606,3
2.5001666777785183,95.7279550240026,86.61940752508825,3
2.5201680112007465,95.19876185735806,89.41158219714298,3
2.5401693446229747,88.8017462456215,83.55036878388854,3
2.560170678045203,90.08903769986355,82.76049005194696,3
2.580172011467431,84.81767659027096,77.35006805235949,3
2.6001733448896593,86.05029678735856,81.42495900984132,3
2.6201746783118876,89.09266020098721,80.64344104115355,3
2.6401760117341153,91.18336224673305,83.93803795701443,3
2.6601773451563435,91.2288186725402,84.44812670772664,3
2.6801786785785717,89.52057669646045,83.00510351681301,3
2.7001800120008,83.40435365266936,75.9632343245469,3
2.720181345423028,84.75500814375994,75.58169795130313,3
2.7401826788452563,77.66397603146875,70.57095256538238,3
2.7601840122674846,78.35387337836494,68.66724191240105,3
2.7801853456897128,78.2001663688225,68.66099779080643,3
2.8001866791119405,81.04593590609744,75.47689025208679,3
2.8201880125341687,79.11535835846999,70.22403410975792,3
2.840189345956397,80.91675001999774,67.76473497977256,3
2.860190679378625,75.7949471110378,64.89331963970554,3
2.8801920128008534,72.68223154007362,62.42222524375424,3
2.9001933462230816,65.05368013289602,58.541173949860465,3
2.9201946796453098,66.05962672553072,58.33107551987143,3
2.9401960130675375,62.077019786154686,52.96364149545963,3
2.9601973464897657,61.29630090394132,53.11570131574279,3
2.980198679911994,61.50619365652981,52.11753957597063,3
3.000200013334222,51.79626423457703,42.48703756586558,3
3.0202013467564504,57.945706574744754,46.901910740801185,3
3.0402026801786786,56.80250133306027,49.293909415210955,3
3.0602040136009068,50.44903042968096,41.38348260268826,3
3.080205347023135,50.56488768513596,40.47290999713572,3
3.1002066804453627,47.7844660570736,37.842738252890264,3
3.120208013867591,43.251073200316235,33.788718662317834,3
3.140209347289819,38.27807524692001,31.164139943121324,3
3.1602106807120474,33.88170866520248,27.26763249772687,3
3.1802120141342756,33.006597915928516,23.365628749277672,3
3.2002133475565038,36.94275999778285,27.79782453436844,3
3.220214680978732,37.5652854419366,27.772087839444694,3
3.2402160144009597,34.996706159704814,29.6632186328847,3
3.260217347823188,31.644716008932885,23.184408170208755,3
3.280218681245416,32.896580592427355,24.708683587382207,3
3.3002200146676444,24.892965192570458,18.297861580901106,3
3.3202213480898726,28.48327482818754,21.615323629863443,3
3.3402226815121008,21.80150221616259,15.940986627592865,3
3.360224014934329,25.22674154685578,17.881728841584774,3
3.380225348356557,22.837456799269283,17.093456095028472,3
3.400226681778785,28.37340593678189,22.89507687412498,3
3.420228015201013,30.370850417661725,23.393807858596087,3
3.4402293486232414,27.73406011324671,22.090583022763493,3
3.4602306820454696,24.028495263941153,16.555818090308783,3
3.480232015467698,24.927484844836368,19.124729204104355,3
3.500233348889926,21.517477153281217,15.816897350262526,3
3.520234682312154,18.081673613035754,13.78667551416724,3
3.540236015734382,22.025671584946995,15.42378102220762,3
3.56023734915661,16.535471191270656,12.486292061734343,3
3.5802386825788384,19.590392124405057,17.82460822268713,3
3.6002400160010666,25.943947651032882,21.317951350372272,3
3.620241349423295,28.756833380374104,23.94200506189178,3
3.640242682845523,27.212372361490285,24.175005906682646,3
3.660244016267751,32.35223248989527,26.67725468603865,3
3.6802453496899794,27.205073421070967,25.470954433056015,3
3.700246683112207,28.080637580041508,26.621364117184605,3
3.7202480165344354,29.895429691026475,22.02333216213113,3
3.7402493499566636,27.925891995147193,25.635108600567232,3
3.760250683378892,34.4500474110405,29.282708768996297,3
3.78025201680112,33.65357855180034,29.9647154246979,3
3.800253350223348,33.643897858974235,30.060264997064795,3
3.8202546836455764,39.287177372060185,37.78212692631949,3
3.840256017067804,41.76104681993306,39.76858301182757,3
3.8602573504900324,41.880695927600904,42.82218592759352,3
3.8802586839122606,46.73155195045197,43.66453638033066,3
3.900260017334489,45.71478655256393,43.15267016899487,3
3.920261350756717,47.87999195715389,45.2830575006072,3
3.940262684178945,46.987751373166844,45.47241112135008,3
3.9602640176011734,46.128991700723766,45.502387131360045,3
3.9802653510234016,55.104096201299726,53.25106804306911,3
4.00026668444563,54.77465735521104,52.31856690126309,3
4.020268017867858,60.77771432589953,58.55196867294379,3
4.040269351290086,61.14199662609808,58.91596928862444,3
4.0602706847123144,62.340312003342476,60.04601369259456,3
4.080272018134542,65.33557840922803,63.746109753003594,3
4.10027335155677,67.34414792051366,63.57930208980768,3
4.120274684978998,69.74255964502481,65.9653773165195,3
4.140276018401226,69.32269168918985,68.20877388662097,3
4.160277351823455,69.29329196422289,66.93584860682813,3
4.180278685245683,76.76666134104053,73.0285115515311,3
4.200280018667911,80.85837047914616,78.91905475966027,3
4.220281352090139,83.05450422852414,79.9911871198064,3
4.240282685512367,86.27037744852757,82.31684694503274,3
4.260284018934596,84.77237295178715,83.46793010497068,3
4.280285352356824,86.6367568711033,82.14320366796096,3
4.300286685779052,83.9600929454913,80.10016762131131,3
4.32028801920128,85.02323184574097,79.37591645164329,3
4.3402893526235085,88.23580481789833,82.38629364000094,3
4.360290686045737,85.1272919487423,80.98062227576216,3
4.380292019467964,87.88454232741728,83.01236974821194,3
4.400293352890192,88.15078948827755,82.8991912378307,3
4.42029468631242,91.29290667048096,85.65799532972508,3
4.440296019734649,93.09656230981315,87.49395461736448,3
4.460297353156877,95.09332815749514,90.05108021943698,3
4.480298686579105,95.60664564731003,89.60411455807305,3
4.500300020001333,89.24154837745168,82.86671844837284,3
4.520301353423561,88.21846299900817,81.64832404291056,3
4.54030268684579,87.07918433725014,80.28551031001572,3
4.560304020268018,88.69731474564774,82.42476109248852,3
4.580305353690246,88.96237256425633,82.19440628287617,3
4.600306687112474,91.0409595634774,84.92308315517444,3
4.6203080205347025,88.85312334116617,82.08953752446874,3
4.640309353956931,88.65400374878007,81.55664916993257,3
4.660310687379159,87.252841964424,80.73917587118633,3
4.680312020801386,89.46761379590961,78.94543897743817,3
4.700313354223614,81.16398261975185,73.86158848951189,3
4.720314687645843,82.86675786838089,73.63447097897418,3
4.740316021068071,80.7065461134061,71.07348431020985,3
4.760317354490299,76.68251286739195,68.19927324491087,3
4.780318687912527,77.91632704482933,71.8050646564759,3
4.800320021334755,76.22071028069178,67.53880353648579,3
4.820321354756984,71.05235409397245,64.6614241732182,3
4.840322688179212,75.46437029812525,66.38079183600362,3
4.86032402160144,70.56017969062941,61.28098253273205,3
4.880325355023668,69.75433839606869,60.335835071528294,3
4.9003266884458965,73.33309903703416,65.80187773512408,3
4.920328021868125,67.74524650173788,59.262241827028305,3
4.940329355290353,59.43456333548232,51.24874165428561,3
4.960330688712581,60.41240481138482,49.277638071049886,3
4.980332022134808,60.24153520592536,50.824665041590784,3
5.000333355557037,54.894782502633014,47.143796801767216,3
5.020334688979265,58.55800743130599,49.61839585383608,3
5.040336022401493,59.03603438100451,48.73896181368367,3
5.060337355823721,55.49994056754281,46.64266477665096,3
5.0803386892459494,50.17419853665749,39.69632016312891,3
5.100340022668178,41.3108860046425,34.29753753563407,3
5.120341356090406,43.998367426552704,32.96087695179757,3
5.140342689512634,36.25020602094946,28.458277022756203,3
5.160344022934862,35.794221744707414,26.277424630406383,3
5.1803453563570905,33.49156403310729,26.644205831916313,3
5.200346689779319,34.66646095893549,26.32771635554719,3
5.220348023201547,39.668731369417046,30.35650975943134,3
5.240349356623775,36.56552362589292,29.157533254350323,3
5.260350690046003,35.181108793486345,30.295462683487674,3
5.280352023468231,30.033298462519607,23.305745446197438,3
5.300353356890459,29.85127556745621,21.98711756902466,3
5.320354690312687,23.431122285112792,14.347004710330559,3
5.340356023734915,22.894470349517395,17.195170207371003,3
5.3603573571571435,22.02153672236629,15.1442758343318,3
5.380358690579372,27.056294120375007,18.383711739103916,3
5.4003600240016,21.788196008534477,15.483766013052286,3
5.420361357423828,24.267539459469113,16.341114764868166,3
5.440362690846056,23.921062963431474,18.439066986264315,3
5.4603640242682845,29.09664938983657,23.969570237909185,3
5.480365357690513,26.362785315383057,18.091717860258306,3
5.500366691112741,20.68782076581695,14.706264410685586,3
5.520368024534969,23.367224768898275,16.08608479656672,3
5.540369357957197,17.693554463796865,14.11441828710664,3
5.5603706913794255,18.367075876946753,13.600582821063659,3
5.580372024801653,24.04346827429025,17.384190851159495,3
5.600373358223881,23.094011186099458,19.023412445254547,3
5.620374691646109,23.618157767811578,18.170467186355918,3
5.6403760250683375,24.353333757963767,23.277772502790032,3
5.660377358490566,28.510464575697263,22.205694894574044,3
5.680378691912794,28.077802352742296,23.39663324113552,3
5.700380025335022,28.042917317975967,21.999371032309114,3
5.72038135875725,30.462038316882854,26.066504394646017,3
5.7403826921794785,28.784021605030315,26.755689227419143,3
5.760384025601707,27.90553694871394,26.103738993342564,3
5.780385359023935,31.27045108467542,29.95378033682646,3
5.800386692446163,37.097525946821015,33.10792349656508,3
5.820388025868391,43.51951886251996,41.89236987542261,3
5.8403893592906195,43.87545510360729,40.652020888860434,3
5.860390692712848,48.270046525807714,45.97545436703883,3
5.880392026135075,42.28152872563086,40.119657700269464,3
5.900393359557303,43.88552161160951,42.8905139881676,3
5.9203946929795315,44.354779279135855,42.669879737307994,3
5.94039602640176,45.98326830225666,44.8420441094314,3
5.960397359823988,51.582956676847914,49.99561657490264,3
5.980398693246216,53.03534087381339,48.16490237269378,3
6.000400026668444,56.04366707752845,54.8911828515903,3
6.0204013600906725,56.778479025639534,55.84023063746138,3
6.040402693512901,67.13059092916149,64.73115021082015,3
6.060404026935129,67.74035122229168,66.10979512800354,3
6.080405360357357,68.6295212143767,65.56844997459233,3
6.100406693779585,69.27308752942098,64.95212864561921,3
6.1204080272018135,70.4388426245918,66.9566483220145,3
6.140409360624042,71.79798886754942,68.52317737474921,3
6.16041069404627,69.00723614939567,67.93680764957696,3
6.180412027468497,72.98087182564679,70.3238748950553,3
6.2004133608907255,78.68549854877104,78.1010271619629,3
6.220414694312954,81.41535478543165,78.64400660746396,3
6.240416027735182,85.83508579092596,81.20280709773172,3
6.26041736115741,82.81401213583361,81.84394401177127,3
6.280418694579638,87.86923304615566,84.85558413176211,3
6.3004200280018665,86.09333362985224,83.44825507382434,3
6.320421361424095,85.67158762741336,80.12401362287227,3
6.340422694846323,82.74144006755131,76.50966460058011,3
6.360424028268551,81.98665113115675,78.96585544867024,3
6.380425361690779,86.331413835409,81.86467428129623,3
6.4004266951130075,88.59726086449652,84.6131332259229,3
6.420428028535236,96.27687578569257,90.4195358091419,3
6.440429361957464,92.62104095077594,87.73354773931133,3
6.460430695379692,95.1138783265937,89.64345435733472,3
6.4804320288019195,90.18132091162975,83.96263769466817,3
6.500433362224148,90.47954412535776,85.64995737524714,3
6.520434695646376,88.68837354720178,82.8227883961735,3
6.540436029068604,90.26881762048978,85.17832590498415,3
6.560437362490832,83.18387863294106,78.53023034721026,3
6.5804386959130605,91.36297007188003,84.33637684874687,3
6.600440029335289,89.19952664512275,83.80955432765383,3
6.620441362757517,90.33444416682045,85.90517915428755,3
6.640442696179745,91.13745129915938,81.93762412808721,3
6.660444029601973,93.70576097134241,83.86398244675836,3
6.6804453630242016,92.32431062916775,83.37674908108113,3
6.70044669644643,85.9486712969587,79.30593511618834,3
6.720448029868658,84.74318426103173,77.8782862296342,3
6.740449363290886,77.09616369002202,69.49883485855784,3
6.760450696713114,83.49373259848804,71.71696172721194,3
6.780452030135342,79.41061820113849,70.90034968142773,3
6.80045336355757,79.25545473578843,67.87118709361528,3
6.820454696979798,80.35235179949107,72.91367550648012,3
6.840456030402026,72.6749550924112,63.13457773481623,3
6.8604573638242545,75.33168999168849,65.5429963840588,3
6.880458697246483,70.32855375623605,62.38179982200266,3
6.900460030668711,68.00467046819348,60.271384628275214,3
6.920461364090939,65.66429026619485,55.74654302252198,3
6.940462697513167,61.27983532696146,52.38646427538067,3
6.960464030935396,56.91259844235418,49.79830795989401,3
6.980465364357624,55.765098887545406,47.4925299262542,3
7.000466697779852,57.40775885154922,49.10109211292266,3
7.02046803120208,58.43867119655733,46.13347730944979,3
7.040469364624308,60.44112649548668,52.24115509166161,3
7.060470698046537,49.87143056093567,40.91321503314616,3
7.080472031468764,47.357673954953405,39.82922398304529,3
7.100473364890992,43.66362744562728,33.987095744691715,3
7.12047469831322,44.63936363188865,36.70117260216748,3
7.1404760317354485,38.454301754503646,28.70423067410823,3
7.160477365157677,35.55234278751415,25.59977480172872,3
7.180478698579905,37.841356471030885,31.183217707454833,3
7.200480032002133,35.14033604687491,25.084466917279308,3
7.220481365424361,35.31901572694537,27.34829367153858,3
7.24048269884659,35.02380361167308,25.505891668349932,3
7.260484032268818,34.455103727081045,25.031098599797716,3
7.280485365691046,29.98484094112702,23.63139521156611,3
7.300486699113274,30.696157638008323,21.35501992184029,3
7.320488032535502,26.810117544805216,17.75458740480699,3
7.340489365957731,24.27988337392846,19.37073971774932,3
7.360490699379959,21.259640813992974,15.831548746927696,3
7.380492032802186,24.80479924820274,18.001318376512927,3
7.400493366224414,23.090858960543923,19.36078866479594,3
7.4204946996466425,28.53981914198063,20.668973119180578,3
7.440496033068871,25.413490580589066,20.659161988714608,3
7.460497366491099,28.949410295463494,21.83059331608224,3
7.480498699913327,21.93075684708458,17.8672073156371,3
7.500500033335555,24.981511998379716,17.52595430980345,3
7.520501366757784,19.66362981004848,12.47986592708806,3
7.540502700180012,22.372094729730346,16.053322722778717,3
7.56050403360224,21.717654506537183,15.335578344902059,3
7.580505367024468,23.711933550820035,15.956547846763186,3
7.600506700446696,21.46481370411662,14.75648858575756,3
7.620508033868925,25.66289394066616,18.450193713192785,3
7.640509367291153,30.828634025970647,24.318612542282192,3
7.660510700713381,29.39710653946142,26.567516575918354,3
7.680512034135608,28.138130317348725,24.74181066351715,3
7.7005133675578366,29.400493524176067,26.121961773456224,3
7.720514700980065,27.588649358278417,22.676152194213458,3
7.740516034402293,26.75735773690912,24.724999677587064,3
7.760517367824521,31.26826384184326,29.50960554757646,3
7.780518701246749,36.8517649754995,34.865302734452605,3
7.800520034668978,35.560104468357004,32.50490821486795,3
7.820521368091206,41.79854058431818,39.16463107735878,3
7.840522701513434,44.8464212768189,40.90699721980743,3
7.860524034935662,42.68891041803727,38.16153163907038,3
7.88052536835789,46.14116883458518,44.5894828928367,3
7.900526701780119,47.739677490467045,46.36048302422913,3
7.920528035202347,45.537587588140354,41.850656931094605,3
7.940529368624575,50.18307849168659,47.09635704380032,3
7.960530702046803,51.47181035565484,48.0896169697992,3
7.9805320354690314,56.95731953741328,52.87096328852296,3
8.00053336889126,57.12321514956854,55.023050085558374,3
8.020534702313487,58.78649352194815,56.883923114352456,3
8.040536035735716,64.01565195434156,62.05122762030816,3
8.060537369157943,63.4304987809084,62.98166075909449,3
8.080538702580172,67.77478581929749,65.81853615072787,3
8.1005400360024,67.28347490568626,65.44145744147185,3
8.120541369424629,69.47140711235447,67.52223412101895,3
8.140542702846856,74.88899035001467,70.7018949482045,3
8.160544036269084,70.32677274467076,67.67808075017713,3
8.180545369691313,72.92404263317128,72.62766603656296,3
8.20054670311354,80.87144396766725,79.06288887553555,3
8.220548036535769,81.89706530689908,78.98998589548356,3
8.240549369957996,83.31685054175097,77.99906481977962,3
8.260550703380225,84.56238645960998,82.08936414509282,3
8.280552036802453,85.2591555530133,80.15383563947425,3
8.300553370224682,84.59214058338151,79.5831018356229,3
8.32055470364691,84.16659576754343,78.5358306003638,3
8.340556037069138,82.32249583162259,80.1719731747458,3
8.360557370491366,86.4998194720853,80.66336610164637,3
8.380558703913595,84.18439525070288,79.35723275925758,3
8.400560037335822,94.05483488267286,89.60802771110306,3
8.420561370758051,92.52029272096345,88.38460656833324,3
8.440562704180278,97.13022954539804,91.19507623606538,3
8.460564037602506,98.54695513043421,91.29646014344239,3
8.480565371024735,89.01290524339355,85.31910758488817,3
8.500566704446962,93.00216209459995,85.79745480059586,3
8.520568037869191,94.03269691771455,86.18050085402255,3
8.540569371291419,91.41881071524448,85.47186118606294,3
8.560570704713648,90.56730192080214,83.78404715977342,3
8.580572038135875,89.54838250035591,84.9231625679211,3
8.600573371558104,87.59040236773801,83.11416660541158,3
8.620574704980331,91.74110473045387,83.2600523252265,3
8.64057603840256,91.44911605695088,83.70107602180575,3
8.660577371824788,93.0334122887486,85.46137428416856,3
8.680578705247017,84.80187721323665,79.34081905952647,3
8.700580038669244,85.17751466569483,76.60880760660267,3
8.720581372091473,79.7487996676848,70.58586889650557,3
8.7405827055137,79.53832822371746,69.5215488223361,3
8.760584038935928,74.95555952768053,68.2120320467988,3
8.780585372358157,78.85049929590971,68.78241023044701,3
8.800586705780384,80.18681790605983,70.41415722602487,3
8.820588039202613,77.84097723645178,69.60339447189335,3
8.84058937262484,77.4141163994537,69.5327423852588,3
8.86059070604707,75.32873684016454,66.7025523555804,3
8.880592039469297,70.57666960146179,62.23534975623406,3
8.900593372891526,65.34939916110574,56.359954174492245,3
8.920594706313754,64.83521340220645,55.722260725672704,3
8.940596039735983,60.95970229270988,50.74909118542632,3
8.96059737315821,61.88852106716511,54.8314881509695,3
8.98059870658044,57.62321214616921,47.8212853318383,3
9.000600040002666,52.15937275478142,43.535669467704295,3
9.020601373424896,56.93454693958744,47.97259320025219,3
9.040602706847123,54.73570286484952,46.016635074891035,3
9.06060404026935,50.38322051878104,42.684621613508206,3
9.08060537369158,45.201497188716694,37.09778892976162,3
9.100606707113807,44.74688947863666,33.514408474556205,3
9.120608040536036,38.87299681948158,29.442431971116473,3
9.140609373958263,40.374011252493084,31.278671496625716,3
9.160610707380492,38.90694881632846,33.26294586931492,3
9.18061204080272,34.66201698720034,24.95221143349182,3
9.200613374224949,34.750384391124236,26.428788456425224,3
9.220614707647176,36.525317969187114,29.73183080937183,3
9.240616041069405,41.13836907418323,32.48515084132755,3
9.260617374491632,36.37904357225283,27.092774187501178,3
9.280618707913861,31.506863287677,25.497140936432896,3
9.300620041336089,26.613882732632792,19.222518090834342,3
9.320621374758318,27.570464505988966,17.699062654940153,3
9.340622708180545,24.727548325283625,18.498338515983967,3
9.360624041602772,22.477156637629804,17.568571432689918,3
9.380625375025001,22.25629086167591,14.63515227372639,3
9.400626708447229,23.836778866574793,17.3288612666763,3
9.420628041869458,26.415911952616963,21.428025820917302,3
9.440629375291685,28.973106376900148,20.39628016735465,3
9.460630708713914,26.00076129340627,20.928431727240465,3
9.480632042136142,20.184248803441104,16.324308493007965,3
9.50063337555837,24.16493521285584,20.32836232138261,3
9.520634708980598,21.082364364428354,16.618270737434706,3
9.540636042402827,20.777470396009406,13.987315194611334,3
9.560637375825054,22.45170149635367,17.56380180875474,3
9.580638709247284,19.24572037044973,16.516910525024045,3
9.60064004266951,26.607395666946275,21.477403230100407,3
9.62064137609174,25.84152110852526,22.270546131233534,3
9.640642709513967,29.197499109030726,24.744793668112692,3
9.660644042936195,30.043519756254415,25.98821233135214,3
9.680645376358424,29.63421287175071,26.71741232756802,3
9.700646709780651,30.683942822144783,26.076221220534897,3
9.72064804320288,25.93177695310533,23.22415287007815,3
9.740649376625107,28.83236533888781,25.80702904134839,3
9.760650710047337,26.528433705490702,25.09051692125921,3
9.780652043469564,33.22632833134949,30.3959548784469,3
9.800653376891793,39.90865984206202,35.99495471290975,3
9.82065471031402,43.67004049733031,38.70296366250269,3
9.84065604373625,42.13808411009435,38.1211142450831,3
9.860657377158477,45.53433668208366,43.54614413134836,3
9.880658710580706,42.816387464736806,41.252492203743664,3
9.900660044002933,44.581113663137565,43.50491851135028,3
9.920661377425162,45.20571297648048,43.64658574443676,3
9.94066271084739,52.28660817009864,48.34247489699615,3
9.960664044269617,53.8831762363643,52.04880361277863,3
9.980665377691846,51.157990217929935,47.54033438091256,3
10.000666711114073,60.27723116610139,58.00992131370069,3
10.020668044536302,60.64649693804088,60.09209302858147,3
10.04066937795853,66.82996863519476,61.22991136980598,3
10.060670711380759,70.49498510396907,65.44222110145307,3
10.080672044802986,65.51042983297575,61.0283494648982,3
10.100673378225215,67.5611129327683,66.95942316695385,3
10.120674711647442,70.58480145932988,68.20816071268493,3
10.140676045069672,64.9062868674744,63.58690352853479,3
10.160677378491899,69.92621935155996,68.56318853595201,3
10.180678711914128,74.60851999169216,71.5511584926729,3
10.200680045336355,75.52245058758517,70.55359847430486,3
10.220681378758584,79.50023138264956,77.90911516935806,3
10.240682712180812,82.78673745543242,80.13345211244182,3
10.260684045603039,84.16453735053254,84.29738697523244,3
10.280685379025268,91.90770118975055,84.947098675045,3
10.300686712447495,92.53126559498614,88.97669269323833,3
10.320688045869725,86.69220020421918,83.3810977407057,3
10.340689379291952,87.799384166979,83.20213279760888,3
10.360690712714181,85.4002363215553,78.416798426226,3
10.380692046136408,86.82172485434387,81.53114464596675,3
10.400693379558637,90.22242055497257,85.78980732529482,3
10.420694712980865,97.87323507163077,89.42329299372295,3
10.440696046403094,92.75454404202937,87.63351416765924,3
10.460697379825321,90.03948517686489,84.09588033837193,3
10.48069871324755,91.22728342554464,87.01234717876146,3
10.500700046669778,92.50223133416836,87.36721700117461,3
10.520701380092007,87.52286756402572,82.17941179087136,3
10.540702713514234,88.98664621082875,81.98927007944042,3
10.560704046936461,87.15937653642705,79.2429735136477,3
10.58070538035869,89.78834793902946,84.5896150433385,3
10.600706713780918,89.7638603326479,83.90394718545018,3
10.620708047203147,92.51180584183149,86.84559650626059,3
10.640709380625374,91.20969310849175,84.88155052311127,3
10.660710714047603,92.06035772682412,86.1719399716218,3
10.68071204746983,89.02347180265191,82.63435009865007,3
10.70071338089206,85.52514150158808,79.95440615222437,3
10.720714714314287,82.91781440793257,75.24809374048321,3
10.740716047736516,78.36993846276688,69.00796975068768,3
10.760717381158743,76.3281351418147,67.14189886130688,3
10.780718714580972,75.87982806309417,67.4891875589028,3
10.8007200480032,74.47414401812334,66.09673442931087,3
10.820721381425429,75.5010346266513,65.62645108537296,3
10.840722714847656,76.77459277082684,69.2139229484605,3
10.860724048269883,74.63492946774699,64.62903437544468,3
10.880725381692113,73.31608312412304,63.16452168751659,3
10.90072671511434,66.3750454628071,59.22439337792051,3
10.920728048536569,67.17005616747718,56.92155794449506,3
10.940729381958796,62.67645671094929,49.16661830355347,3
10.960730715381025,58.41291706401488,47.76157203048672,3
10.980732048803253,57.69545572590265,46.42537134035343,3
11.000733382225482,60.43727667977574,49.7653240227105,3
11.02073471564771,53.302125116876596,44.62968285736388,3
11.040736049069938,55.057597668159445,45.32232231005582,3
11.060737382492166,54.9167341919632,42.875175029445664,3
11.080738715914395,46.191843878997105,38.005774748251625,3
11.100740049336622,43.11293371317573,33.79369406840811,3
11.120741382758851,40.5257647079322,30.930325077671114,3
11.140742716181078,34.91574965478134,23.87966586438959,3
11.160744049603306,37.96321397027646,30.820161496272885,3
11.180745383025535,32.55889026937253,22.122804013410267,3
11.200746716447762,40.68344342648744,31.618856219828185,3
11.220748049869991,37.391127879504495,29.90804069330533,3
11.240749383292219,32.49522497920835,24.66997031955045,3
11.260750716714448,37.41211885156278,29.142855276659386,3
11.280752050136675,31.37843109859072,21.92031326345097,3
11.300753383558904,27.970901378528534,19.842537892079466,3
11.320754716981131,22.743066672467226,16.883119201301387,3
11.34075605040336,20.154815057723432,15.101501439489834,3
11.360757383825588,21.034968041463884,12.737365950466687,3
11.380758717247817,22.63875287486083,17.660708735357836,3
11.400760050670044,23.258574991897294,17.06382972931458,3
11.420761384092273,26.704756904767684,19.621600343770154,3
11.4407627175145,23.177715713744604,17.958707316680428,3
11.460764050936728,22.139040098629266,18.422103395370268,3
11.480765384358957,25.420666661312136,19.8731618868652,3
11.500766717781184,21.528307619095955,16.06143985991681,3
11.520768051203413,16.69750619653485,11.615498835920114,3
11.54076938462564,16.28758966078644,12.61753213968776,3
11.56077071804787,19.643614312772378,15.79134582618653,3
11.580772051470097,20.34110214989474,15.783166229545245,3
11.600773384892326,20.218326524869003,17.970780383005458,3
11.620774718314554,24.04587166873024,19.32350719509237,3
11.640776051736783,29.323178918983512,24.847749167189246,3
11.66077738515901,30.262918744721947,26.36768275122686,3
11.680778718581239,30.91631313051642,27.977769351522685,3
11.700780052003466,30.470964613840188,24.219993106295398,3
11.720781385425695,27.318279968642464,25.227619653757948,3
11.740782718847923,31.03568040442105,27.86694920198749,3
11.76078405227015,28.671325469046085,27.53341236692968,3
11.78078538569238,33.39633004567196,30.06885536008393,3
11.800786719114607,31.163808049745363,29.67283110763707,3
11.820788052536836,36.27081684546472,33.054398716561124,3
11.840789385959063,39.758264036854605,38.812479800980995,3
11.860790719381292,44.30938963665717,43.74244067266134,3
11.88079205280352,42.46573964486793,40.065716104172864,3
11.900793386225748,48.66549971710892,48.26973317702452,3
11.920794719647976,42.89729834941608,40.25441694021123,3
11.940796053070205,49.86123880220338,46.209738855298745,3
11.960797386492432,50.16639149305472,47.796307027816766,3
11.980798719914661,57.446059877828986,54.801264882515,3
12.000800053336889,55.47806698650998,55.54459330795498,3
12.020801386759118,62.31383460311441,58.893630336856965,3
12.040802720181345,62.58227338260353,60.170571385836624,3
12.060804053603572,68.33100655317138,64.743908204093,3
12.080805387025801,67.35643368248331,65.7568811975579,3
12.100806720448029,72.28688921987039,68.86172075297851,3
12.120808053870258,68.40127753508293,65.77939750093591,3
12.140809387292485,67.23077134571051,63.800639755465255,3
12.160810720714714,69.04768012285705,67.92882616563672,3
12.180812054136942,76.37989813739571,71.7749812095854,3
12.20081338755917,79.11581455652598,77.83963811650422,3
12.220814720981398,83.60843114905178,79.91723608999878,3
12.240816054403627,86.6732352932049,82.42957135523775,3
12.260817387825854,89.43610135325443,87.29785892745004,3
12.280818721248083,89.07525587495212,87.06349354750967,3
12.30082005467031,83.76512487689345,82.24915864237023,3
12.32082138809254,83.38230359919797,80.68276787725144,3
12.340822721514767,84.12593362056505,79.37508828401597,3
12.360824054936995,83.4506783688511,79.09823441615517,3
12.380825388359224,90.98957332982927,87.96701540137163,3
12.400826721781451,93.14052020114661,88.1982453537305,3
12.42082805520368,93.32568498002803,88.41287494385975,3
12.440829388625907,94.3693859551086,90.11946562498018,3
12.460830722048136,93.24450529683314,88.38958249299996,3
12.480832055470364,91.58633857274776,88.68374363244686,3
12.500833388892593,89.72994838747233,86.31164569381886,3
12.52083472231482,89.49160357562248,84.42422696620469,3
12.54083605573705,89.68172259247385,84.26058294693655,3
12.560837389159277,86.36009049277213,82.0593347902393,3
12.580838722581506,87.57727058105374,79.94669270613407,3
12.600840056003733,91.06070287890363,81.23850376550266,3
12.620841389425962,91.79047934827726,86.08495574991184,3
12.64084272284819,90.41738353171012,84.0528966831392,3
12.660844056270417,87.69424366663301,79.68444600121546,3
12.680845389692646,90.18570343457553,81.03728260768447,3
12.700846723114873,83.4144901002966,77.35849992309683,3
12.720848056537102,82.02244989087941,72.14331585999649,3
12.74084938995933,80.39402063449742,71.07067861233301,3
12.760850723381559,80.39821601512894,71.1346389319203,3
12.780852056803786,80.91994265023095,67.79401805632577,3
12.800853390226015,80.24898381950594,69.91510489118986,3
12.820854723648242,76.94124437634656,67.5507681986528,3
12.840856057070472,79.26182976658316,71.49588877935963,3
12.860857390492699,74.18134326471967,64.28776851287208,3
12.880858723914928,70.98623600165459,63.669914497366406,3
12.900860057337155,71.11760669340308,64.24609416417263,3
12.920861390759384,67.30053818412584,56.592039444725415,3
12.940862724181612,60.94811176132648,51.08893376869973,3
12.960864057603839,57.86403819587419,50.11990461376529,3
12.980865391026068,55.86532434555228,46.34561803493716,3
13.000866724448295,57.78184965504588,47.097510431693145,3
13.020868057870524,53.71296580162489,46.16962654998948,3
13.040869391292752,55.023799757354226,46.8050863216601,3
13.060870724714981,56.4768300800576,46.85518636949648,3
13.080872058137208,49.3583205680151,41.00243063423213,3
13.100873391559437,46.90750781297519,38.66036202052669,3
13.120874724981665,40.78184055333177,35.327706375668654,3
13.140876058403894,40.11497162410592,28.111445145145787,3
13.160877391826121,33.986033831750674,25.000314772109085,3
13.18087872524835,38.361417001079765,28.135927178812963,3
13.200880058670577,31.386297344835597,23.95610603614982,3
13.220881392092807,32.56004118380071,25.268158260032774,3
13.240882725515034,37.252653616762935,30.451425844449396,3
13.260884058937261,32.0165713155105,24.708327400611758,3
13.28088539235949,30.319822555571026,20.849569882492748,3
13.300886725781718,28.806235494144936,20.326110721249176,3
13.320888059203947,24.996254500889105,17.280185123111814,3
13.340889392626174,21.551851854405264,12.188847973230091,3
13.360890726048403,18.10956940671323,10.97883353539997,3
13.38089205947063,21.107084297348674,17.063548751075665,3
13.40089339289286,29.107113688124787,22.069419814003496,3
13.420894726315087,24.982975258434752,16.210143113281244,3
13.440896059737316,22.792045749427267,17.119293305188673,3
13.460897393159543,28.686373229992817,21.36651593010803,3
13.480898726581772,21.00979173069478,15.849042350015047,3
13.500900060004,22.488711273026762,17.831888097800373,3
13.520901393426229,19.03680237134621,12.531975181010068,3
13.540902726848456,17.100667254608663,13.261450290020724,3
13.560904060270683,16.665797308542203,11.496734494033396,3
13.580905393692912,19.316324691431962,15.104967863275755,3
13.60090672711514,22.267355176520024,18.74377386320441,3
13.620908060537369,26.55611902515027,20.116504449280022,3
13.640909393959596,27.162771839064202,24.806742059778895,3
13.660910727381825,32.25458211305123,28.081766949135528,3
13.680912060804053,31.61858798431248,30.08899691882015,3
13.700913394226282,29.669094827237025,25.712860915058716,3
13.720914727648509,24.734506884632456,22.016305382941,3
13.740916061070738,26.86301474326224,23.919119957369496,3
13.760917394492965,28.116367814415426,23.37291111016389,3
13.780918727915195,34.5809672516638,31.55510271525325,3
13.800920061337422,33.57172668050619,28.18634555244485,3
13.820921394759651,45.62870709505741,42.09926835410341,3
13.840922728181878,38.41832394433495,37.85862725492962,3
13.860924061604106,47.982365941966144,44.01052394020371,3
13.880925395026335,44.25807616843695,41.63725388486432,3
13.900926728448562,47.09139705348487,42.93697879831762,3
13.920928061870791,45.256649067802165,42.25164743190571,3
13.940929395293018,47.19385065117517,45.284653280681006,3
13.960930728715248,52.08799480593404,50.57742452583922,3
13.980932062137475,52.63515185013702,51.22031592514829,3
14.000933395559704,56.48529808618458,55.00068909612554,3
14.020934728981931,58.563040750371954,57.22398538528037,3
14.04093606240416,65.64949844469699,64.30618222392906,3
14.060937395826388,68.75557344796097,66.67276984626288,3
14.080938729248617,67.85782294162236,64.4839786204395,3
14.100940062670844,65.49082028658157,62.8841391581052,3
14.120941396093073,69.56059915652568,67.35388196527205,3
14.1409427295153,69.34195164811969,68.09172116907546,3
14.160944062937528,68.93257911881733,67.56767890964525,3
14.180945396359757,73.46095563847427,70.50148268221172,3
14.200946729781984,80.4037093324644,75.0967052323404,3
14.220948063204213,78.59068115592073,78.78634051305775,3
14.24094939662644,79.66192791142396,75.96605111171759,3
14.26095073004867,81.94746670764141,80.45426728770278,3
14.280952063470897,81.83068153425789,78.20051555093805,3
14.300953396893126,85.37096484856532,83.51180435089307,3
14.320954730315353,82.25462542004502,78.90214529489715,3
14.340956063737583,87.31818871825428,80.00476138832767,3
14.36095739715981,84.34363251213342,79.93437883360087,3
14.380958730582039,91.95189040002097,87.93048413591495,3
14.400960064004266,88.34506288395562,81.02663472407126,3
14.420961397426495,89.45540275915813,85.5503080709939,3
14.440962730848723,95.26221245380545,89.98175835305472,3
14.46096406427095,95.11115716585677,90.86348623492836,3
14.48096539769318,93.1829755428726,88.73235874198551,3
14.500966731115406,89.96658723850305,83.52094072629161,3
14.520968064537636,88.1566573109752,81.8259285933105,3
14.540969397959863,89.63239058583942,83.25146596641574,3
14.560970731382092,88.33403762824493,83.6904217215081,3
14.58097206480432,91.68937361307023,84.3172715849471,3
14.600973398226548,95.51367567132719,89.32476281218548,3
14.620974731648776,89.69372159623833,84.05281152128619,3
14.640976065071005,90.03061459983199,82.43006882249868,3
14.660977398493232,89.7030259851023,82.3802019117506,3
14.680978731915461,92.86179364954987,83.16324358622362,3
14.700980065337689,81.98063507354962,73.106641968823,3
14.720981398759918,83.64649166777443,75.41791855438645,3
14.740982732182145,81.67865345880065,73.2771422358034,3
14.760984065604372,76.73252922487815,70.10295746619795,3
14.780985399026601,79.30676159376274,71.28749411480635,3
14.800986732448829,76.25679704636397,67.59664938779615,3
14.820988065871058,80.44386690884743,69.77225464566548,3
14.840989399293285,76.78174706720817,66.33702648581809,3
14.860990732715514,71.34509339577897,61.256988982945494,3
14.880992066137742,71.16883670600279,62.33308290088276,3
14.90099339955997,68.42082439703353,56.57052822217206,3
14.920994732982198,63.11484589819766,56.13640436015358,3
14.940996066404427,54.08024204266427,46.20458815713581,3
14.960997399826654,57.12131151387787,48.07876477176874,3
14.980998733248883,57.884919374362475,47.33079239223804,3
15.00100006667111,55.66512984868038,47.243135123246084,3
15.02100140009334,56.19124763498457,47.068652558275375,3
15.041002733515567,58.334253589635765,47.14243193488026,3
15.061004066937794,49.821261579234395,40.90588479185361,3
15.081005400360024,49.202970159026364,40.23214255658602,3
15.101006733782251,47.77407927255045,37.040324357304,3
15.12100806720448,45.67440155572147,37.8831601277175,3
15.141009400626707,35.09033741982975,24.81416799001298,3
15.161010734048936,39.08215677583765,31.89932371447196,3
15.181012067471164,35.91686183131473,27.549435555120954,3
15.201013400893393,38.46815234951449,29.55947520206663,3
15.22101473431562,35.19579181878065,26.231414180978597,3
15.24101606773785,32.753457059030964,28.448705517242495,3
15.261017401160077,37.24542650063868,26.20900512023766,3
15.281018734582306,29.995191529797516,23.905993237757766,3
15.301020068004533,25.80267853380843,17.291451017240345,3
15.321021401426762,25.349714535872426,17.70079384334241,3
15.34102273484899,22.046382324207006,14.092441305148265,3
15.361024068271217,22.24164677286167,13.429735655318433,3
15.381025401693446,20.449302978970778,13.909359898435042,3
15.401026735115673,25.192117937527893,21.159610642649994,3
15.421028068537902,27.36359656277049,23.28411633888237,3
15.44102940196013,22.865556992016952,15.740625032116203,3
15.461030735382359,22.47244759140816,18.44944446926712,3
15.481032068804586,23.52731141397518,18.89388117372453,3
15.501033402226815,22.237870561880882,14.857620989308083,3
15.521034735649042,17.853972796844236,14.548205472439491,3
15.541036069071271,22.440151734263537,18.631437871427305,3
15.561037402493499,18.53166159571231,11.883222602506544,3
15.581038735915728,21.340531142460964,18.12917166377424,3
15.601040069337955,23.380817178994985,18.38857884097516,3
15.621041402760184,27.667279728191637,23.554614416776772,3
15.641042736182412,30.259845033293512,24.443029776080905,3
15.66104406960464,31.412008873427542,28.474273795511824,3
15.681045403026868,28.670595122923732,24.96013792704428,3
15.701046736449095,30.8851844907942,27.388358011340138,3
15.721048069871324,25.337973640868913,23.524821370042083,3
15.741049403293552,32.964368793722294,28.420778864771297,3
15.76105073671578,30.218220806564652,29.51225654859072,3
15.781052070138008,31.316707642446794,28.369123151248132,3
15.801053403560237,38.865849076235286,36.2041457491177,3
15.821054736982465,39.2050043993605,37.372136637055625,3
15.841056070404694,41.89500143650584,40.25845468881066,3
15.861057403826921,45.265856013946404,43.326615861841056,3
15.88105873724915,43.13718725301915,40.83651198981613,3
15.901060070671377,46.85721632252469,43.597703173340754,3
15.921061404093606,50.83682942081069,46.59305609671544,3
15.941062737515834,50.36417708700953,45.14778633074596,3
15.961064070938063,50.62807037539565,48.6609696741077,3
15.98106540436029,54.81782840237096,54.510679970995106,3
16.00106673778252,54.98219070737687,52.527731008044995,3
16.021068071204745,59.530366377126015,57.633979638638756,3
16.041069404626974,65.04004442712615,62.3650554713026,3
16.061070738049203,65.09448660958564,63.393381968281744,3
16.081072071471432,67.33184935735913,64.25813530927749,3
16.101073404893658,69.22527868018696,66.82620224610056,3
16.121074738315887,68.45881519999675,66.20885207452204,3
16.141076071738116,71.11401607424828,69.70242600723523,3
16.161077405160345,70.870250092616,68.63780841978814,3
16.18107873858257,75.66611460838956,73.01925951514264,3
16.2010800720048,76.72088400998244,75.0667358319646,3
16.22108140542703,74.85863057109984,73.42444912431972,3
16.241082738849258,82.79841802309922,81.32066472763604,3
16.261084072271483,84.360591129898,82.7500683687748,3
16.281085405693712,82.11789137042491,80.36759748731609,3
16.30108673911594,85.41168058755753,80.6339639734389,3
16.321088072538167,80.33336697997638,77.4252267460833,3
16.341089405960396,80.44134325161471,77.79702824516157,3
16.361090739382625,85.65599362462002,82.97854255540751,3
16.381092072804854,85.18524378790944,83.23487133406755,3
16.40109340622708,88.25735256332331,85.01433949424532,3
16.42109473964931,98.47135134304025,91.4047073907052,3
16.441096073071538,90.26217603097787,86.02073195374403,3
16.461097406493767,93.30380261946793,87.08863307903967,3
16.481098739915993,91.0911009160732,84.23980084521905,3
16.501100073338222,90.53649631498882,85.66951094733115,3
16.52110140676045,90.98184890402983,82.52116309194636,3
16.54110274018268,87.16827076160571,83.73461581420962,3
16.561104073604906,86.12669218744188,79.56769462396288,3
16.581105407027135,89.26159176458414,83.0361268907263,3
16.601106740449364,89.63438446710288,80.30374205942739,3
16.62110807387159,92.17474035674259,85.36943090198805,3
16.64110940729382,89.23081320868563,83.52374138932186,3
16.661110740716047,89.70190016589075,80.96258958503314,3
16.681112074138277,89.86875751867251,81.08982721058732,3
16.701113407560502,87.61975083388398,79.0073415275574,3
16.72111474098273,83.852537215374,76.22090782669721,3
16.74111607440496,80.88943735844683,72.8337408873001,3
16.76111740782719,77.66337385382023,71.68286202157655,3
16.781118741249415,79.15923258275615,71.014520066273,3
16.801120074671644,78.45708296467652,68.3214222674392,3
16.821121408093873,78.08545819395631,68.48324663933694,3
16.841122741516102,77.24963366890837,65.7547464185875,3
16.861124074938328,73.03367119760874,63.364452202119,3
16.881125408360557,69.9426264019867,59.186708977902114,3
16.901126741782786,68.94268490665807,60.313428148091134,3
16.92112807520501,64.16878029950242,55.718832854561285,3
16.94112940862724,61.62227940033878,52.363175272294804,3
16.96113074204947,61.79487324322967,50.45190146444114,3
16.9811320754717,57.33508449758979,46.64710668663884,3
17.001133408893924,56.72844681583879,47.30609328714343,3
17.021134742316153,55.24152075636466,46.53746799561587,3
17.041136075738383,55.927293680016106,47.858635225206534,3
17.06113740916061,55.62344241825479,43.506474970455905,3
17.081138742582837,49.574701193664225,40.26714036015135,3
17.101140076005066,45.043294599801165,34.81413564933084,3
17.121141409427295,42.70380487488215,33.72255111884541,3
17.141142742849524,39.10129675344099,29.441328300115757,3
17.16114407627175,39.2038065362909,29.72604454511922,3
17.18114540969398,37.54536096344527,31.109789184940972,3
17.201146743116208,35.858681377714035,27.18270353739458,3
17.221148076538434,32.52406710289815,24.50793849104628,3
17.241149409960663,36.91313737526433,27.641762546635533,3
17.261150743382892,34.44047679408216,28.081335686777308,3
17.28115207680512,30.923278567000438,23.70670927916666,3
17.301153410227347,28.109375845678986,21.765420369779257,3
17.321154743649576,26.143298756717865,20.04038031991969,3
17.341156077071805,23.199785310537322,16.43054079455605,3
17.361157410494034,24.682546606703365,15.562225639124025,3
17.38115874391626,27.51104307237183,19.88831660684152,3
17.40116007733849,23.649439129318026,17.54127393447089,3
17.421161410760718,25.22089146466755,19.181396096380414,3
17.441162744182947,27.178769596403253,20.90789165932117,3
17.461164077605172,28.9297838605255,22.43302121806949,3
17.4811654110274,20.714649328675446,16.991096178702094,3
17.50116674444963,22.38165752746908,20.402589223683655,3
17.521168077871856,18.811533335430227,14.555254754625176,3
17.541169411294085,21.17832197121266,16.342093290690904,3
17.561170744716314,19.447442110958992,12.285072118427655,3
17.581172078138543,17.296648492330952,10.65327799530838,3
17.60117341156077,24.318662499826157,18.47600543318923,3
17.621174744982998,26.181956395665114,21.491163968903553,3
17.641176078405227,28.355714427835697,25.885020650307016,3
17.661177411827456,29.86732009946799,27.142461742904224,3
17.68117874524968,29.997432429224983,25.506767114472712,3
17.70118007867191,29.914837971512167,24.503663408382064,3
17.72118141209414,27.716637890538543,24.20289810157492,3
17.74118274551637,31.162900846169105,28.24607776303475,3
17.761184078938594,32.46704613728844,27.43360691454428,3
17.781185412360824,33.129162911708924,32.66891015115849,3
17.801186745783053,39.384804281843614,35.72801080111517,3
17.821188079205278,41.62072356493067,40.2253906683935,3
17.841189412627507,42.29010926949449,37.83164069242926,3
17.861190746049736,45.31176282065932,43.04685958991599,3
17.881192079471965,48.292874075990966,46.18431115932409,3
17.90119341289419,44.06626448921643,42.75717074160242,3
17.92119474631642,45.73385107184352,42.87612829860061,3
17.94119607973865,48.859132219919516,47.533753121161425,3
17.96119741316088,55.626467084020554,51.9282000499034,3
17.981198746583104,54.55424077311087,52.19091719260961,3
18.001200080005333,53.71467756467009,54.713988429840974,3
18.021201413427562,64.57461475860845,60.983071395768135,3
18.04120274684979,66.1425200437238,61.75705749780237,3
18.061204080272017,67.54019036024492,65.52568019047094,3
18.081205413694246,66.81993619064521,65.09270425373902,3
18.101206747116475,70.86223360365823,70.09115358920364,3
18.1212080805387,67.42141542941225,65.80447877253012,3
18.14120941396093,68.01171593091875,68.10094253096179,3
18.16121074738316,71.3539731935722,69.52894651355273,3
18.181212080805388,73.70334247546187,72.65816908759021,3
18.201213414227613,78.47082178410852,76.07495151384076,3
18.221214747649842,81.7486832901344,77.52397170919456,3
18.24121608107207,87.74816651185937,83.86898680092115,3
18.2612174144943,84.31490803075563,80.03400147972957,3
18.281218747916526,89.29995217488556,85.70826211530074,3
18.301220081338755,85.05685110401889,81.53059387408024,3
18.321221414760984,84.09059200552622,79.59978707688721,3
18.341222748183213,84.11363041453671,80.48015594790824,3
18.36122408160544,83.9771039477518,79.70550709324377,3
18.381225415027668,86.52147189104573,81.98025699283177,3
18.401226748449897,93.79214537741572,88.32125922408233,3
18.421228081872123,90.98461040403764,86.1891544653586,3
18.44122941529435,98.74317302349658,92.55761910185775,3
18.46123074871658,92.89504884763666,87.78074222841236,3
18.48123208213881,95.6279642927415,90.0937458111394,3
18.501233415561035,89.32950409035806,83.9186453262708,3
18.521234748983264,89.67012662084872,83.86810823888928,3
18.541236082405494,87.06443182235736,78.51411262428563,3
18.561237415827723,85.71738048991763,78.01538145325483,3
18.58123874924995,85.88801122828906,76.94708873489098,3
18.601240082672177,89.79844347238054,82.62786348734888,3
18.621241416094406,90.4447144177469,83.5158086124921,3
18.641242749516636,92.05188219210011,84.67181664762268,3
18.66124408293886,92.86499396735672,86.95376773323794,3
18.68124541636109,87.93367030754236,81.36934669242925,3
18.70124674978332,84.1481795466856,75.27933701845329,3
18.721248083205545,85.23201690530455,77.23091952493961,3
18.741249416627774,80.60924962216292,70.59716887756284,3
18.761250750050003,75.51424687494126,70.84470224393148,3
18.781252083472232,75.68313675504089,67.83109042101204,3
18.801253416894458,78.6235079765734,70.70860677876183,3
18.821254750316687,75.887560449699,65.80951288747066,3
18.841256083738916,78.30258654821827,67.17426799099165,3
18.861257417161145,79.84822912858652,67.66260782105597,3
18.88125875058337,70.84187721623766,62.38280488720525,3
18.9012600840056,68.3089860840427,58.44257090771493,3
18.92126141742783,63.49408005027067,54.882483455491425,3
18.941262750850058,60.16206984410956,52.87127168232016,3
18.961264084272283,53.604022490676876,45.97255768244049,3
18.981265417694512,56.13459367087436,47.45111036665726,3
19.00126675111674,53.89306099420841,46.050864379481624,3
19.021268084538967,58.06058645269255,52.25895780624917,3
19.041269417961196,52.39706739405397,43.27540938968295,3
19.061270751383425,53.732352799141594,43.763496855167645,3
19.081272084805654,49.763633620614215,37.805664410963125,3
19.10127341822788,49.12108969262247,40.41723429682986,3
19.12127475165011,44.25276048483086,35.464265062854814,3
19.141276085072338,39.573051827073115,30.07315582104754,3
19.161277418494567,36.18039761606755,27.741291716430194,3
19.181278751916793,34.99485395921103,25.259265649235278,3
19.20128008533902,39.39175901170861,27.20419057046556,3
19.22128141876125,32.96219045856591,26.202934068578585,3
19.24128275218348,37.45624132992319,30.081760566085563,3
19.261284085605705,33.670314185849776,27.480242923475828,3
19.281285419027935,29.05088052194122,21.71330126604928,3
19.301286752450164,30.64931861889315,23.432807376165584,3
19.32128808587239,26.073893817539997,19.239584747527037,3
19.34128941929462,25.75641795698727,17.372859811327046,3
19.361290752716847,24.555823761473153,17.089639509876598,3
19.381292086139077,18.976721843910767,16.0892804112998,3
19.401293419561302,26.900391622438484,19.111984816660918,3
19.42129475298353,28.031165763181683,22.585608201442696,3
19.44129608640576,27.713740350982484,21.805511901056903,3
19.46129741982799,26.131571718410893,21.628272070569917,3
19.481298753250215,23.63120071389887,18.185850252762318,3
19.501300086672444,18.574984999394548,16.16641058601816,3
19.521301420094673,21.42996941254062,14.53023193427577,3
19.541302753516902,22.306099930151795,19.364462226944504,3
19.561304086939128,18.24475255480865,13.395153907555011,3
19.581305420361357,21.39429424006676,15.400524385607692,3
19.601306753783586,25.098195668386822,19.071294125821762,3
19.62130808720581,27.193961849854798,20.61323584482845,3
19.64130942062804,29.969994196273106,25.86055855886569,3
19.66131075405027,26.100099890593125,24.247341687699812,3
19.6813120874725,32.09088101658478,27.447271310495317,3
19.701313420894724,28.182261532301002,23.028435299542643,3
19.721314754316953,25.538568111883503,23.89401083997151,3
19.741316087739182,30.621092174921728,29.368475003360764,3
19.76131742116141,30.532881489104106,26.151240013775993,3
19.781318754583637,36.29279888861557,32.39580601758717,3
19.801320088005866,36.86855133561462,35.73915670239422,3
19.821321421428095,42.77249122588649,39.957572121189166,3
19.841322754850324,43.72057776812943,42.18833371292803,3
19.86132408827255,47.93170875366182,45.371415095539284,3
19.88132542169478,46.415421768146956,42.93964876922624,3
19.901326755117008,48.906388215539295,44.60698429309044,3
19.921328088539234,46.08893401819405,42.64749731772093,3
19.941329421961463,47.70868066670054,46.30822446380938,3
19.961330755383692,48.79802078967024,45.16097067215857,3
19.98133208880592,53.027894045494186,50.586202379551004,3
20.001333422228146,55.68348842473713,53.18139961397322,3
20.021334755650376,58.76802351387646,54.20365449075607,3
20.041336089072605,64.58708505989,62.38473034826276,3
20.061337422494834,66.10148393608505,63.64740854332968,3
20.08133875591706,69.74096392412503,67.56136756765375,3
20.10134008933929,69.19949582022674,65.44110113699483,3
20.121341422761517,70.27569808544975,69.86943495158556,3
20.141342756183747,68.59526928858484,68.31544471420503,3
20.161344089605972,70.873376933567,68.29110702857731,3
20.1813454230282,73.18437489210426,68.5705802306511,3
20.20134675645043,77.62509159047592,75.61887897698065,3
20.221348089872656,83.41954650128663,79.37309492758651,3
20.241349423294885,82.64372880181247,77.46207672006055,3
20.261350756717114,85.83167201727137,81.18561537053674,3
20.281352090139343,85.81702879296516,81.75962637334628,3
20.30135342356157,85.16450010930212,82.24631396114322,3
20.321354756983798,85.02611416327983,80.53762111685043,3
20.341356090406027,82.42334230657707,78.44944640163901,3
20.361357423828256,85.65770810494269,81.49318895573037,3
20.38135875725048,87.78427323245376,81.58251173026204,3
20.40136009067271,88.46240744258785,82.97711714728263,3
20.42136142409494,97.48114864146943,92.37652507106588,3
20.44136275751717,92.04754930176016,85.89241876383288,3
20.461364090939394,94.00398970971803,88.84445974921671,3
20.481365424361623,97.1162922400294,92.38436326457666,3
20.501366757783853,92.1020944418943,82.89099618571755,3
20.521368091206078,85.48557104252146,80.58856522199788,3
20.541369424628307,90.98420811778654,85.34968496342434,3
20.561370758050536,89.62324148969408,80.91998192822741,3
20.581372091472765,88.60608926266819,81.3577212966181,3
20.60137342489499,90.27377179501002,84.32532730663775,3
20.62137475831722,94.21713628104882,89.20314536328252,3
20.64137609173945,91.73912871572686,83.94065764971526,3
20.661377425161678,88.465256263374,81.60654730652941,3
20.681378758583904,90.20967860305046,81.70995247380299,3
20.701380092006133,85.94291968566975,77.64066975792025,3
20.721381425428362,82.24036176789659,73.30683896666733,3
20.74138275885059,81.90218922442472,74.56595207022946,3
20.761384092272817,82.11424235115143,74.15589168146178,3
20.781385425695046,78.48342395782292,68.54671017089154,3
20.801386759117275,78.02322742276766,70.30459958890101,3
20.8213880925395,77.77962650336107,66.77622486875885,3
20.84138942596173,75.51568963841918,68.21466134265965,3
20.86139075938396,76.9283996200187,67.76838436492193,3
20.881392092806188,70.23812080287246,61.29548762398595,3
20.901393426228413,67.31634774101705,59.667206491002396,3
20.921394759650642,66.70633158076376,56.55607105775819,3
20.94139609307287,60.66593001566369,51.78739356325048,3
20.9613974264951,59.608950353522,49.62870991282544,3
20.981398759917326,57.72263962261308,49.97299748092908,3
21.001400093339555,54.34504303181737,44.21915039356153,3
21.021401426761784,57.99284339123305,48.46004791309646,3
21.041402760184013,57.89973772007957,50.79049004447346,3
21.06140409360624,52.24965536602528,43.596596093722994,3
21.081405427028468,48.590814297537285,38.664515902879046,3
21.101406760450697,49.02830517930954,39.16150877731128,3
21.121408093872923,38.88820645871534,29.35617184894031,3
21.14140942729515,39.57765095935835,30.887524237167927,3
21.16141076071738,33.47005381993849,26.04346153990454,3
21.18141209413961,35.792508464947915,27.429803635846557,3
21.201413427561835,37.43385565519589,25.970326111207722,3
21.221414760984064,35.61966780608084,27.883512525969095,3
21.241416094406294,34.71479765013157,27.025333416009612,3
21.261417427828523,35.37456530624459,27.798616300503344,3
21.281418761250748,31.545612924520775,25.00497412644727,3
21.301420094672977,31.47709376987985,22.17336049553871,3
21.321421428095206,27.221326173400122,18.516477214492426,3
21.341422761517435,23.893120257085997,16.36861055475331,3
21.36142409493966,20.63418167171373,13.400256999420723,3
21.38142542836189,25.929135737301046,20.14344588450095,3
21.40142676178412,24.03956345417919,16.714555377414342,3
21.421428095206345,23.447149767227764,18.97293292528882,3
21.441429428628574,24.799602160942726,20.37067709858643,3
21.461430762050803,24.969175222657217,18.909883714407382,3
21.481432095473032,25.930791730177564,18.048404301749105,3
21.501433428895258,22.259530767102667,17.52728577998635,3
21.521434762317487,22.834331235133565,18.192255769879512,3
21.541436095739716,15.656057824208498,10.481036615318663,3
21.561437429161945,25.082404001940056,18.090752472581812,3
21.58143876258417,22.758231945978213,18.327559297527554,3
21.6014400960064,20.790785047805834,18.88012922530047,3
21.62144142942863,27.49622897581902,22.320901317531625,3
21.641442762850858,30.823982208228863,26.123661866653297,3
21.661444096273083,31.571378411504732,26.25143846639528,3
21.681445429695312,29.20016464282123,26.58663498383197,3
21.70144676311754,29.686792719939312,29.88785322831449,3
21.721448096539767,25.82467474810035,23.807807241880628,3
21.741449429961996,25.595074480273233,24.44943023372106,3
21.761450763384225,26.35166948801103,24.234392790068526,3
21.781452096806454,35.28519653787006,32.90178391855692,3
21.80145343022868,35.107890724855146,33.41075797272093,3
21.82145476365091,37.132422999736846,34.89250897409154,3
21.841456097073138,43.339643285745026,42.630092033947626,3
21.861457430495367,47.22750494152864,45.30996134544814,3
21.881458763917593,49.10076741524167,45.37868135228701,3
21.90146009733982,47.13985095968941,46.44205021412883,3
21.92146143076205,45.04151753768404,42.00726304946023,3
21.94146276418428,45.60051257963978,43.10296821186449,3
21.961464097606505,50.57190469640621,48.47827005433314,3
21.981465431028735,52.56291056565194,51.159733985708336,3
22.001466764450964,57.700844132730666,54.52588840244534,3
22.02146809787319,59.40756902326403,60.08564370493118,3
22.04146943129542,64.97766589802862,61.32380109280211,3
22.061470764717647,67.55744689012083,65.94783605363533,3
22.081472098139876,65.13513973002917,66.06625555211649,3
22.101473431562102,68.87085709660806,64.95597651218648,3
22.12147476498433,66.48446448787692,63.90640636975473,3
22.14147609840656,68.67231939232423,68.01234233760124,3
22.16147743182879,72.76664359949076,67.7705794770303,3
22.181478765251015,74.13804927104394,72.94585557661199,3
22.201480098673244,78.99152692949733,75.12777473890449,3
22.221481432095473,75.60960520722261,69.69599154336234,3
22.241482765517702,87.00595770091252,83.85873041142852,3
22.261484098939928,87.94080186573002,81.43463766153344,3
22.281485432362157,85.39986133731607,82.84744016497177,3
22.301486765784386,87.93273848300178,83.80056914208475,3
22.32148809920661,83.50297502918363,77.97401810667267,3
22.34148943262884,84.35506067716484,78.36402435393033,3
22.36149076605107,88.69616661136293,84.34505550607496,3
22.3814920994733,87.71664944803301,84.65961713013395,3
22.401493432895524,89.81820975641935,84.51221116958672,3
22.421494766317753,88.95327836830323,86.77026084201819,3
22.441496099739982,96.79501065706418,92.4234658916462,3
22.46149743316221,92.42969729459352,86.90829761601638,3
22.481498766584437,91.53640214495957,86.14412342214789,3
22.501500100006666,91.9822141929094,86.9363850873427,3
22.521501433428895,95.70806546307635,89.75140700035541,3
22.541502766851124,87.81319876049032,82.44395473211648,3
22.56150410027335,85.48724072598124,78.52071450855539,3
22.58150543369558,85.95781095428946,79.44263460282413,3
22.601506767117808,90.46308266470632,83.60717883585043,3
22.621508100540034,92.63682745692593,85.67867215247699,3
22.641509433962263,93.36391107434473,86.29861660705575,3
22.66151076738449,89.96489275779997,84.38362821882231,3
22.68151210080672,88.54749489107294,82.7870037768589,3
22.701513434228946,83.61308929025226,77.93100067819881,3
22.721514767651176,82.90758393565027,74.3849495627617,3
22.741516101073405,82.34590825288245,72.5343159881207,3
22.761517434495634,76.12047665680016,70.39073982928238,3
22.78151876791786,73.49045103857671,67.2316738840326,3
22.80152010134009,74.49330496362636,66.49099176334123,3
22.821521434762317,79.07463783357625,69.34491750842152,3
22.841522768184547,79.7169933670272,70.66716086405482,3
22.861524101606772,71.30331331249889,63.72215223968547,3
22.881525435029,69.19219889703825,61.82945053329505,3
22.90152676845123,66.24541836621373,57.79291542794145,3
22.921528101873456,63.21193285665977,55.18046371283512,3
22.941529435295685,60.730042006256774,50.660626165407464,3
22.961530768717914,56.07176851174738,48.1046244408146,3
22.981532102140143,58.051222585020355,50.283505030642104,3
23.00153343556237,51.002838420025036,45.93739603595823,3
23.021534768984598,57.13210439429871,47.01261788272288,3
23.041536102406827,55.303142678347115,46.14797314946319,3
23.061537435829056,51.71690345340585,42.03145791365457,3
23.08153876925128,49.30330404180912,37.827651238313,3
23.10154010267351,48.815220405568056,40.22784914644303,3
23.12154143609574,44.52680476895636,34.377130409210956,3
23.14154276951797,38.06885042541667,30.62601032919087,3
23.161544102940194,35.73058507337202,26.592502724034553,3
23.181545436362423,34.51226671246591,28.21957248422722,3
23.201546769784652,39.118266150095266,29.787076192450236,3
23.221548103206878,37.49307996265275,28.380680745444597,3
23.241549436629107,34.507909821083885,26.644477384330532,3
23.261550770051336,34.11262781162147,25.970324824306914,3
23.281552103473565,33.263339314293,25.83250809500071,3
23.30155343689579,28.345143585726635,20.58064097626552,3
23.32155477031802,22.989120313990945,15.703854296218601,3
23.34155610374025,24.652264196028923,17.22483403140902,3
23.361557437162478,18.51404732314799,13.406464504753943,3
23.381558770584704,21.732678027821894,15.431243570382062,3
23.401560104006933,24.77272172747933,15.989430352255328,3
23.421561437429162,25.238291499942903,19.21388342434513,3
23.44156277085139,28.74011218317865,21.910056833426804,3
23.461564104273616,27.922763603085915,20.15909402267906,3
23.481565437695846,27.32826039677337,20.287757863027988,3
23.501566771118075,21.308267798403033,16.41558439628059,3
23.5215681045403,20.291636442511376,16.12686533633224,3
23.54156943796253,16.975571811249402,13.643809501162558,3
23.56157077138476,17.606745457321857,11.774640225644655,3
23.581572104806988,20.05615807971766,15.513701665889648,3
23.601573438229213,22.090002515909497,18.68257813988219,3
23.621574771651442,25.012612227961977,17.551984501663917,3
23.64157610507367,26.01704189347328,23.267806770598074,3
23.6615774384959,28.83065966329533,25.401278291428177,3
23.681578771918126,25.97055124231576,24.0694723623532,3
23.701580105340355,30.057975940296675,25.034467603116592,3
23.721581438762584,23.867055486743183,21.498913527474443,3
23.741582772184813,31.344656102591884,28.75109234676863,3
23.76158410560704,33.061904640594484,28.96441939854349,3
23.781585439029268,31.39439372237143,29.09356794030816,3
23.801586772451497,40.31562650372401,33.88925551853206,3
23.821588105873722,37.752287855713035,34.92040409366238,3
23.84158943929595,41.58610981407929,38.81432106024241,3
23.86159077271818,43.11724020156679,38.75263391084695,3
23.88159210614041,42.46589703613971,40.693735353679536,3
23.901593439562635,51.240962345319986,45.898915935432484,3
23.921594772984864,47.168244263246734,43.69453617349641,3
23.941596106407093,47.44752869570613,45.80613813743303,3
23.961597439829323,50.727228089897835,47.217297888272384,3
23.981598773251548,53.431505370698765,50.28962149784188,3
24.001600106673777,57.61871593521038,53.311182525541085,3
24.021601440096006,67.15947264274814,65.87615305293492,3
24.041602773518235,64.46530346017379,62.792453574886856,3
24.06160410694046,65.04440047464591,64.34327155884121,3
24.08160544036269,64.47742882648964,64.55708928424467,3
24.10160677378492,72.1919023601247,70.38184791857152,3
24.121608107207145,67.39468655945204,67.12310022931544,3
24.141609440629374,68.89435520962819,66.92513466209712,3
24.161610774051603,70.27176524585586,66.11763495011964,3
24.181612107473832,73.04400039818745,70.96753442815604,3
24.201613440896057,78.37861510639573,74.54405710827767,3
24.221614774318287,82.8715079828707,80.88789977869014,3
24.241616107740516,84.36258346745299,80.88855624101689,3
24.261617441162745,88.52493711610957,83.6453211207503,3
24.28161877458497,81.78566055998402,77.70935837907822,3
24.3016201080072,87.94776274876303,84.78508777956583,3
24.32162144142943,82.81261789045129,80.10281692737372,3
24.341622774851658,82.1963506312825,78.77421419370259,3
24.361624108273883,83.18712217627854,78.78919260069932,3
24.381625441696112,88.6349330181829,83.52526970587908,3
24.40162677511834,88.76535588942963,86.02067430140873,3
24.421628108540567,86.6562812848224,84.30897126188047,3
24.441629441962796,92.77780114143094,88.02950094272089,3
24.461630775385025,95.38951814451089,92.6946930384456,3
24.481632108807254,94.96298786637892,86.36220939051152,3
24.50163344222948,91.04417668338202,84.28271460784107,3
24.52163477565171,90.5221848284968,83.80135549649259,3
24.541636109073938,91.09242810854316,83.26408870242423,3
24.561637442496167,88.36113545183989,82.69864133574055,3
24.581638775918393,88.79657429370849,84.41584022835646,3
24.60164010934062,91.64181173149052,84.22469706883003,3
24.62164144276285,92.01020001975917,85.43544225441318,3
24.64164277618508,88.29614390014805,80.97935612172358,3
24.661644109607305,86.78456182293789,80.47503526450821,3
24.681645443029534,85.57522949195483,78.93896458692396,3
24.701646776451764,82.37668982097419,76.01720728982254,3
24.72164810987399,84.36526781631089,76.83344476986728,3
24.741649443296218,78.90478994223203,72.6383936449633,3
24.761650776718447,77.76432047902193,70.56027794296308,3
24.781652110140676,78.50289184731935,71.88823174923391,3
24.801653443562902,77.56872905001407,69.5419611576009,3
24.82165477698513,76.03827584943986,67.01316897176025,3
24.84165611040736,74.29662931391545,66.59548558643935,3
24.86165744382959,73.8947624308726,63.3629523701894,3
24.881658777251815,68.92475866193749,60.20207935461401,3
24.901660110674044,66.05924126109777,58.497422423988006,3
24.921661444096273,62.65303565477385,53.225711035505164,3
24.941662777518502,58.613131639341496,48.757496422551,3
24.961664110940728,57.93745823899459,47.5605109180208,3
24.981665444362957,61.7588161340109,53.838318726881795,3
25.001666777785186,53.69506995406997,46.35505467550833,3
25.02166811120741,55.8831986756549,48.14063010345408,3
25.04166944462964,52.634398362968994,43.55046243725393,3
25.06167077805187,53.31500666071395,46.15599147880356,3
25.0816721114741,53.18990158877664,44.20467330610239,3
25.101673444896324,44.27698812584704,36.417357209877714,3
25.121674778318553,41.77853563432027,33.09059688306626,3
25.141676111740782,38.179313845500076,30.240717936123044,3
25.16167744516301,34.88893570407367,27.987151446466022,3
25.181678778585237,36.90967570687492,26.347516935294454,3
25.201680112007466,36.387781824101694,29.982709808669775,3
25.221681445429695,37.637238635339855,27.32849429873165,3
25.241682778851924,38.146640423204104,30.65635016343187,3
25.26168411227415,34.733189745595055,27.43719721050367,3
25.28168544569638,30.758708200995493,24.524027617847942,3
25.301686779118608,28.871138640018806,20.251399645148446,3
25.321688112540834,25.071645223508305,19.793825806259616,3
25.341689445963063,21.516196361710342,15.697801028114638,3
25.36169077938529,22.122487368777577,16.628037548573257,3
25.38169211280752,23.641815401926507,15.050087749872695,3
25.401693446229746,21.89152533180306,15.722823055521987,3
25.421694779651975,23.824145218602972,17.189444681869265,3
25.441696113074205,19.573874556529795,14.348800445762041,3
25.461697446496434,24.201540711983455,20.48533165021397,3
25.48169877991866,20.17389839208733,13.85129884215324,3
25.50170011334089,21.54393326612239,14.43038384067765,3
25.521701446763117,17.35833482897285,12.769992191204064,3
25.541702780185346,18.66175935119444,13.063291471571786,3
25.561704113607572,22.243107969870852,16.65290716994099,3
25.5817054470298,20.200839657991438,17.964320227778625,3
25.60170678045203,26.081546947619636,19.952173298319806,3
25.621708113874256,28.076820332782436,27.3577887978107,3
25.641709447296485,29.18264021394109,24.86550170846559,3
25.661710780718714,32.52997248179255,27.249133389025037,3
25.681712114140943,29.720426539642506,24.877512455093704,3
25.70171344756317,30.13104578120126,25.208996860248437,3
25.721714780985398,29.181791400768542,23.88171782603187,3
25.741716114407627,23.96913185311101,22.12385869890729,3
25.761717447829856,31.77092926760517,29.088333820483356,3
25.78171878125208,32.694219616898124,28.76651488840843,3
25.80172011467431,37.09420618965205,32.508565522332646,3
25.82172144809654,42.62337261326135,40.52197121031582,3
25.84172278151877,44.92061151830634,43.31763957116086,3
25.861724114940994,43.79855221006023,40.669782361190244,3
25.881725448363223,45.61803913777646,43.0383835425701,3
25.901726781785452,42.98501937171832,39.36391388011393,3
25.921728115207678,46.99892317863439,43.35491402584547,3
25.941729448629907,50.64665912208213,47.23076883394488,3
25.961730782052136,48.37341253443634,47.09660870421267,3
25.981732115474365,53.1333625689739,51.04183361039304,3
26.00173344889659,58.04652264275598,56.62038212796651,3
26.02173478231882,64.97260997967904,62.70991851934061,3
26.04173611574105,63.99417072852988,62.89936226347828,3
26.061737449163278,69.68397041621024,65.75066007563433,3
26.081738782585504,66.69876051671274,64.39640448810779,3
26.101740116007733,67.46259054354212,65.40427550175478,3
26.121741449429962,66.34017842756454,64.56637976486002,3
26.14174278285219,66.47219793457583,66.7324918546911,3
26.161744116274416,68.92656436606126,67.85816447250579,3
26.181745449696646,77.13942285784269,75.24582481900907,3
26.201746783118875,78.59333406488305,77.20376511304679,3
26.2217481165411,87.82963253265012,83.66446902783024,3
26.24174944996333,84.79836646607953,80.02699164046159,3
26.26175078338556,86.3846192041626,82.17859470311994,3
26.281752116807787,87.5055378359778,80.62675284505696,3
26.301753450230013,86.0592200301865,81.41891327889779,3
26.321754783652242,88.56082136859501,82.92412666691169,3
26.34175611707447,83.98662521813642,81.27041738719123,3
26.3617574504967,84.83384868516002,82.45510756616926,3
26.381758783918926,90.001388319601,84.70764762414687,3
26.401760117341155,91.0399128797829,85.71133725634952,3
26.421761450763384,95.09608686315255,88.27958577993869,3
26.441762784185613,94.76218873002519,86.64353985159448,3
26.46176411760784,96.21513477644207,90.22799148887972,3
26.481765451030068,95.81455574811244,91.04806728303518,3
26.501766784452297,91.5728302672563,84.38605101652622,3
26.521768117874522,92.35800756784668,86.07182894381344,3
26.54176945129675,88.9140625925779,82.63176775149202,3
26.56177078471898,84.33241767718066,75.7934104297955,3
26.58177211814121,90.3534747838867,83.70732178900874,3
26.601773451563435,89.44224544065995,83.93980302182226,3
26.621774784985664,91.42379879644614,85.76978439101315,3
26.641776118407893,94.08778831847495,85.93022523927993,3
26.661777451830122,88.02252284333579,78.70741327119887,3
26.681778785252348,86.69810917509474,78.29291399170488,3
26.701780118674577,85.1081975263129,78.09808438867029,3
26.721781452096806,80.42333427653263,72.88930118642293,3
26.741782785519035,78.2243656919945,69.76011659013615,3
26.76178411894126,75.93562298575254,68.62687605140577,3
26.78178545236349,77.27311467318148,68.11001304867912,3
26.80178678578572,75.7641231011776,68.60591258989253,3
26.821788119207945,79.06400391448734,69.37775526584252,3
26.841789452630174,74.42342347778822,64.98805118985497,3
26.861790786052403,70.85946434617874,63.42525717169864,3
26.881792119474632,71.98499163621806,63.50892718268279,3
26.901793452896857,68.3967061810479,58.316718124414244,3
26.921794786319087,64.63757000724561,55.176283998655734,3
26.941796119741316,59.54498277377061,50.589609744650346,3
26.961797453163545,54.09384583466618,44.3079229050219,3
26.98179878658577,56.84817064220573,49.19729537960904,3
27.001800120008,57.39742911738152,47.916288043707496,3
27.02180145343023,55.39774360890431,45.3462223872882,3
27.041802786852458,55.18860589944637,45.57042388552498,3
27.061804120274683,50.81224578218453,42.713912189472346,3
27.081805453696912,47.83224837226592,41.02729687016444,3
27.10180678711914,42.22917794301506,33.19284771222587,3
27.121808120541367,40.39383253046626,33.5981140177282,3
27.141809453963596,40.599784052380194,32.95477562397657,3
27.161810787385825,38.54747253829154,28.476169217453744,3
27.181812120808054,36.12185955475801,25.43169945127505,3
27.20181345423028,36.07787257686319,29.334469541959987,3
27.22181478765251,37.53777181511941,28.93841304173485,3
27.241816121074738,34.72141821877287,26.488675624439846,3
27.261817454496967,36.74327914162022,28.4000887022402,3
27.281818787919192,35.0577606452325,26.72054653945341,3
27.30182012134142,28.840800643734806,20.988096641973065,3
27.32182145476365,23.424709055251736,17.515894438019618,3
27.34182278818588,22.527899178796286,15.177540533692936,3
27.361824121608105,23.424475688088684,13.910412106634203,3
27.381825455030334,22.802965568907034,19.681632462710606,3
27.401826788452563,26.24646284586456,16.996556873276646,3
27.42182812187479,24.8452721882763,18.968048088059415,3
27.441829455297018,24.448803732239632,18.881700880952945,3
27.461830788719247,25.280884316796676,21.624371834371424,3
27.481832122141476,21.672982150225522,16.31841348808573,3
27.501833455563702,22.87978149647888,16.892660032096252,3
27.52183478898593,17.37914592577599,12.18845623133379,3
27.54183612240816,22.255489559273254,14.762365572277352,3
27.56183745583039,21.170748488376898,15.804138135512233,3
27.581838789252615,19.381415894641663,15.43177080173745,3
27.601840122674844,24.16388011848318,21.01881236428532,3
27.621841456097073,28.055393716899502,25.3049475557314,3
27.641842789519302,31.763983314621633,29.918084742197337,3
27.661844122941528,27.917073412324118,24.81603178471293,3
27.681845456363757,28.994521990376114,26.328612873937548,3
27.701846789785986,29.04694293979804,25.403338915625106,3
27.72184812320821,28.685223441587958,26.511418924827233,3
27.74184945663044,26.702887817152174,24.64616724946543,3
27.76185079005267,33.14250478902352,28.584733349316217,3
27.7818521234749,30.16401884191934,27.0016915026327,3
27.801853456897124,38.057235261609925,32.96218025474798,3
27.821854790319353,42.244993625436706,39.136034760037745,3
27.841856123741582,41.600339740343806,38.30349928169557,3
27.86185745716381,43.34564377257925,42.14336061088638,3
27.881858790586037,45.6430440901426,42.711359746035086,3
27.901860124008266,46.406485565268476,44.19501312565326,3
27.921861457430495,45.588251522462095,42.54784912231726,3
27.941862790852724,47.76527002409633,43.52844332970326,3
27.96186412427495,50.23511339785568,48.34941607986077,3
27.98186545769718,53.288706336345335,52.276336787294554,3
28.001866791119408,54.45959039151329,53.94493995224298,3
28.021868124541633,63.773968124348485,62.2412984136552,3
28.041869457963863,63.59082194980755,64.4729557558502,3
28.06187079138609,62.75031154299477,61.27693946424462,3
28.08187212480832,67.41265988250333,64.93875492452415,3
28.101873458230546,66.54831443468203,65.38623582660443,3
28.121874791652775,67.60044735965313,68.48387017917976,3
28.141876125075004,68.90427683917035,68.02400887006715,3
28.161877458497234,71.30721938570133,68.83863105959747,3
28.18187879191946,77.45272619978051,74.97550755765204,3
28.201880125341688,76.24276039508938,75.5226799820104,3
28.221881458763917,81.21320528425015,76.42244869321976,3
28.241882792186146,83.11877325417781,79.5326094730502,3
28.261884125608372,86.63067281352068,83.36327729010979,3
28.2818854590306,86.69782144341887,84.1842651281574,3
28.30188679245283,84.17197009154425,80.88044418646597,3
28.321888125875056,80.28559967600945,79.57013030311217,3
28.341889459297285,85.31173822268806,80.97322787674209,3
28.361890792719514,83.70760704999337,79.23399990350512,3
28.381892126141743,89.1270120732611,82.43860670349537,3
28.40189345956397,88.93445440204964,82.80858704766361,3
28.421894792986198,92.08248808406783,89.69903729281309,3
28.441896126408427,93.2541393369787,89.21333012699378,3
28.461897459830656,96.12393558483105,90.24345657507537,3
28.48189879325288,93.92086128800774,89.77052129025955,3
28.50190012667511,91.00024677815315,86.10187413544438,3
28.52190146009734,87.6586226407972,83.77355342756981,3
28.54190279351957,89.23522485921158,80.5353236053069,3
28.561904126941794,92.47417871326472,85.06593623774235,3
28.581905460364023,89.43859975101365,83.138682681397,3
28.601906793786252,88.1686078679203,80.81485082295035,3
28.621908127208478,90.99323155504274,83.79724234723572,3
28.641909460630707,88.16922057197255,81.38037157196473,3
28.661910794052936,90.6332762930896,83.66078884760667,3
28.681912127475165,87.61859112862258,79.8168664648905,3
28.70191346089739,81.0476404333129,73.17527941114012,3
28.72191479431962,79.02737027758232,70.89101055568409,3
28.74191612774185,80.83832569971673,71.13904037584113,3
28.761917461164078,76.9946928749331,69.02688821374986,3
28.781918794586304,76.86091348276457,68.7116105033931,3
28.801920128008533,73.12111291513878,66.04182264522973,3
28.82192146143076,71.80060704999461,64.72839536068808,3
28.84192279485299,77.55839003815771,69.65837126651303,3
28.861924128275216,74.62372356505801,65.75681723512858,3
28.881925461697445,72.8215404653931,63.69095778471674,3
28.901926795119675,68.81190289530454,59.3545137746102,3
28.9219281285419,65.02684670857688,55.16797059518158,3
28.94192946196413,62.06459368675561,53.41579525237157,3
28.96193079538636,59.89531117836547,50.43898551123796,3
28.981932128808587,54.363660554382356,45.05135782761661,3
29.001933462230813,57.53830718760641,48.83017638814386,3
29.021934795653042,55.302480366593855,45.64270181414726,3
29.04193612907527,55.08037200179791,44.42221515565935,3
29.0619374624975,55.912894858359216,46.00866541242488,3
29.081938795919726,46.022133395362,40.2883904952444,3
29.101940129341955,44.881832000218814,37.03465588196207,3
29.121941462764184,42.627717545716614,35.49715444740669,3
29.141942796186413,42.41291073402466,34.401951962156986,3
29.16194412960864,33.58687504079242,25.462404449016265,3
29.181945463030868,36.62610724452485,29.335040018909318,3
29.201946796453097,38.10255364119521,30.175198814834904,3
29.221948129875322,35.89332789606291,28.736158424745465,3
29.24194946329755,38.39226303394052,30.950187133475744,3
29.26195079671978,30.92404389741247,23.388729995092902,3
29.28195213014201,35.97814388023949,26.713468073863428,3
29.301953463564235,29.71883788127402,23.080312031745372,3
29.321954796986464,24.51528375115901,17.329610315944077,3
29.341956130408693,20.93758298017767,13.141212046199104,3
29.361957463830922,22.493021755640534,15.804136161731456,3
29.381958797253148,22.415701275190354,14.389591578506229,3
29.401960130675377,24.319503089359927,18.44402948660324,3
29.421961464097606,25.48738764355146,21.050753161971585,3
29.441962797519835,25.70342287432521,18.99079756523189,3
29.46196413094206,29.756323668083432,20.689716619574874,3
29.48196546436429,21.623142737398503,16.096036299573473,3
29.50196679778652,20.243405080481907,15.345589541659118,3
29.521968131208745,18.639091832251324,12.042318017351487,3
29.541969464630974,20.641748473657607,18.7617175859464,3
29.561970798053203,19.52194076485802,15.782166888562006,3
29.581972131475432,22.208940644482325,18.612797113846973,3
29.601973464897657,23.312781662917207,20.058443799913235,3
29.621974798319886,29.364007113521318,24.048575446983513,3
29.641976131742116,29.19913046274692,23.29931351638279,3
29.661977465164345,28.20618901223129,27.17928489972171,3
29.68197879858657,27.836896911576268,24.75240578188677,3
29.7019801320088,31.61611634551939,28.6005160192761,3
29.72198146543103,31.46856904134159,28.427876689012514,3
29.741982798853257,31.95737189860267,29.988185335027765,3
29.761984132275483,32.49234011246769,30.10158075646896,3
29.781985465697712,36.577345709295905,31.729081264219705,3
29.80198679911994,34.87582381948789,34.45751097933763,3
29.821988132542167,43.33437620736723,39.88029075649089,3
29.841989465964396,47.24965484515205,42.83557973040593,3
29.861990799386625,41.138517891397534,37.77325683933265,3
29.881992132808854,46.778796067269,46.29635797380419,3
29.90199346623108,47.06233577388185,42.60641897534176,3
29.92199479965331,44.65182300647841,44.3917339994641,3
29.941996133075538,47.5489430361918,43.110865309790775,3
29.961997466497767,47.99783379178837,45.76261590126172,3
29.981998799919992,51.9404867710972,50.66189244125495,3
30.00200013334222,60.43366861482405,58.892375428425204,3
30.02200146676445,62.49910903861742,57.37154274416507,3
30.04200280018668,67.58929879926447,62.25922533141189,3
30.062004133608905,64.69239708204144,61.74292120335827,3
30.082005467031134,68.01127685055874,64.34542682265935,3
30.102006800453363,68.03175113160924,64.85251579078167,3
30.12200813387559,72.32888491377712,67.70124966285096,3
30.142009467297818,68.99537477739722,67.66753232852822,3
30.162010800720047,70.79269454692319,68.84016102411263,3
30.182012134142276,78.44233888381147,74.24921222069283,3
30.202013467564502,79.49167882405304,75.3147279384148,3
30.22201480098673,81.06088621112238,78.28983026180015,3
30.24201613440896,81.12124247576703,77.16916601819844,3
30.26201746783119,87.3557132276603,82.99826619451609,3
30.282018801253415,87.16172063110962,83.60182624876713,3
30.302020134675644,82.67293968179267,79.16042312518947,3
30.322021468097873,88.12404274685115,85.89651496262856,3
30.342022801520102,84.07323032251523,78.1622365582421,3
30.362024134942327,86.68504938723414,84.39177923537846,3
30.382025468364557,90.4631660412956,85.3337845653462,3
30.402026801786786,88.48771954727462,83.86522454265447,3
30.42202813520901,97.7908930069606,92.92152277332909,3
30.44202946863124,95.34243211088318,89.61096381057708,3
30.46203080205347,92.81935241315618,84.7922293180344,3
30.4820321354757,94.03686598030838,88.0015295077843,3
30.502033468897924,91.00703507286157,84.8783129258243,3
30.522034802320153,89.37122457791187,84.68218779245748,3
30.542036135742382,88.40319636319813,81.10078877618695,3
30.56203746916461,88.53332867152223,81.90158587976993,3
30.582038802586837,89.09399338158931,83.29285854274558,3
30.602040136009066,89.43627778082558,82.99833800680715,3
30.622041469431295,92.22824783456439,83.41197154304983,3
30.642042802853524,88.1398029965516,82.33831764340889,3
30.66204413627575,86.53328419712872,79.70946079670597,3
30.68204546969798,85.41439925841802,78.10713265275687,3
30.702046803120208,82.90632430125964,76.91834947996077,3
30.722048136542433,80.28391232930505,72.9859438583557,3
30.742049469964662,79.94101183115343,70.50817541813252,3
30.76205080338689,75.34083417837479,68.15953370355031,3
30.78205213680912,76.9440005702272,68.35879128670852,3
30.802053470231346,77.89018234547147,70.8349854975301,3
30.822054803653575,76.97630632137994,68.70599304473312,3
30.842056137075804,77.95699309861735,67.87293131278629,3
30.862057470498033,73.02264773997653,64.4941468746413,3
30.88205880392026,71.01728642736217,61.27435472450126,3
30.902060137342488,66.81832656589415,56.849743396481806,3
30.922061470764717,60.94253387992309,54.67494393075201,3
30.942062804186946,60.209337301543584,49.39053676449749,3
30.962064137609172,62.02980608400961,50.79694145871299,3
30.9820654710314,57.77759302525367,49.46328001364801,3
31.00206680445363,62.717157618929114,52.99042814186197,3
31.02206813787586,56.40924084077834,46.99412062784468,3
31.042069471298085,53.6591146653099,43.22940330304135,3
31.062070804720314,51.812949033899784,43.2678419976744,3
31.082072138142543,47.938217398698114,37.20413009439558,3
31.10207347156477,45.59650948468306,38.61539753443316,3
31.122074804986998,39.395305968288746,33.917104672580344,3
31.142076138409227,40.62445417181959,33.302601480656186,3
31.162077471831456,39.894254088391335,31.481167499028224,3
31.18207880525368,38.14404212859024,29.239546218343897,3
31.20208013867591,41.73979661266223,31.265689620960007,3
31.22208147209814,34.47542954047681,26.34216400961653,3
31.24208280552037,38.79813936124758,29.990854692910414,3
31.262084138942594,34.018911957660485,28.002446960347623,3
31.282085472364823,33.41507033092535,23.302900690772372,3
31.302086805787052,25.944955907574748,17.619534599786416,3
31.32208813920928,24.016131989032612,17.287415391725197,3
31.342089472631507,21.913811212426282,15.620508793346678,3
31.362090806053736,21.156780876256924,14.329928607095688,3
31.382092139475965,23.26966842932949,14.920808271809626,3
31.40209347289819,26.484666771487678,19.503262299553718,3
31.42209480632042,20.951290597544453,13.846964725951109,3
31.44209613974265,25.08095525044178,15.218338728909524,3
31.462097473164878,21.109499204176736,16.44092897074903,3
31.482098806587103,27.497391723624684,21.118116959621187,3
31.502100140009333,22.800935061173565,19.26453584562836,3
31.52210147343156,19.266574580457817,15.830634575086748,3
31.54210280685379,19.569810574379595,16.271567015419578,3
31.562104140276016,15.259485939512548,11.579577663308484,3
31.582105473698245,19.4849555083556,15.042141725989062,3
31.602106807120474,26.357313322928153,21.772953915427266,3
31.622108140542704,27.215041519098058,22.424570629546928,3
31.64210947396493,24.998715279491662,21.477361235569283,3
31.662110807387158,31.776822295640642,29.979226448753625,3
31.682112140809387,29.632671361199098,24.60598393844795,3
31.702113474231613,30.18528504878684,25.797642404254056,3
31.722114807653842,28.999404329454013,26.03251882090492,3
31.74211614107607,22.27611448231556,19.649773838779748,3
31.7621174744983,30.42077790909767,26.805120456656017,3
31.782118807920526,34.11251187038985,30.128322630223202,3
31.802120141342755,33.035364579774246,31.315003248913182,3
31.822121474764984,36.608061287151784,34.494367729950184,3
31.842122808187213,42.564712945105725,40.222623981013975,3
31.86212414160944,46.92471425793451,44.32691345910955,3
31.882125475031668,47.50427461879782,44.474059160499706,3
31.902126808453897,44.82042080940282,43.89929516164426,3
31.922128141876126,43.428761394514666,40.94260988078846,3
31.94212947529835,44.82361253899106,44.142207358232085,3
31.96213080872058,49.8563256730987,49.33194739786474,3
31.98213214214281,50.23965779578299,47.717021672006716,3
32.00213347556504,57.05986118966142,55.411524840016874,3
32.02213480898727,61.82534950524074,58.63107296887721,3
32.04213614240949,60.50841949703535,58.48857098537458,3
32.06213747583172,64.67036380092698,62.14486893438736,3
32.08213880925395,63.282286459158506,61.591952355762025,3
32.10214014267618,67.54576857432522,65.74806215648103,3
32.122141476098406,68.45362592041553,68.27926653696629,3
32.142142809520635,67.80457418223558,65.14528262579766,3
32.162144142942864,75.55335836321646,73.09738296011852,3
32.18214547636509,77.94749066540578,74.8306041370806,3
32.202146809787315,79.4782054098277,77.35936046838806,3
32.222148143209544,85.9005075351835,82.93089206250781,3
32.24214947663177,82.21915759740463,78.65265399792061,3
32.262150810054,88.80324448061245,85.12621448197727,3
32.28215214347623,87.63477776353471,82.92059871517158,3
32.30215347689846,83.3551753163559,78.45179140151654,3
32.32215481032069,84.97321477400516,81.61176091736367,3
32.34215614374291,86.62023503430233,81.31652567273524,3
32.36215747716514,86.67975352779916,82.77076414411677,3
32.38215881058737,89.80181460060365,84.23824867238046,3
32.4021601440096,90.36419562256152,86.29173796483136,3
32.42216147743183,92.99501401758641,86.67880317747996,3
32.44216281085406,94.73784105595837,88.97712785516997,3
32.46216414427629,97.12147489712251,89.32805132303638,3
32.482165477698516,93.4349571606265,87.13032473809734,3
32.50216681112074,91.96208363781048,84.01504873786716,3
32.52216814454297,90.9293057349199,85.49359323920322,3
32.542169477965196,86.25391757830462,80.53401277855829,3
32.562170811387425,86.00341912415105,77.74937299698634,3
32.582172144809654,89.84064791082265,82.16555724350457,3
32.60217347823188,85.77199302730065,78.99490336421837,3
32.62217481165411,90.89113811007378,86.14650124227616,3
32.642176145076334,94.10230784901623,87.85371624839259,3
32.66217747849856,92.86928266230834,86.7580749260335,3
32.68217881192079,87.5236624628205,82.25061781426103,3
32.70218014534302,89.61120669023857,78.80984892174243,3
32.72218147876525,80.61881004036593,70.42043037254747,3
32.74218281218748,80.40576332971526,70.10372012184406,3
32.76218414560971,76.3436054041235,66.358671038839,3
32.78218547903194,80.17876354291955,69.77891071425341,3
32.80218681245416,78.51843848489153,71.77867655474195,3
32.82218814587639,77.03866055581506,66.61421558033277,3
32.84218947929862,79.52476307128292,70.43132884320353,3
32.86219081272085,68.181107690927,61.812185972854245,3
32.882192146143076,71.87468894158943,60.98758617788624,3
32.902193479565305,66.70569853999179,56.925502580802686,3
32.922194812987534,64.28799864952079,56.46816794219555,3
32.942196146409756,61.295409525493035,50.3681736047705,3
32.962197479831985,57.4683909728842,49.88892478675475,3
32.982198813254215,59.02053337932068,49.69279600953385,3
33.002200146676444,59.01593452707243,46.66190738700823,3
33.02220148009867,58.0399836061105,49.24550160610626,3
33.0422028135209,54.53851602529818,42.84234249505298,3
33.06220414694313,49.90133235925162,40.73111434531488,3
33.08220548036536,47.55560961327463,39.30349371652927,3
33.10220681378758,51.381024960065844,43.02431441873491,3
33.12220814720981,37.71517628952585,32.02603470446503,3
33.14220948063204,35.63142500041827,28.40647291461908,3
33.16221081405427,34.85320049161922,25.808390210417944,3
33.1822121474765,37.61156487724489,28.004844447733184,3
33.20221348089873,37.05119007117039,29.71927901411133,3
33.22221481432096,34.13820307036021,25.661821796163764,3
33.24221614774318,34.4332162491658,25.62477790565563,3
33.26221748116541,35.189698885539975,27.154222606388316,3
33.28221881458764,30.790954360823868,21.701901713885974,3
33.302220148009866,25.51694449493229,17.429317416954778,3
33.322221481432095,25.387104167003592,19.33005344025555,3
33.342222814854324,21.47309202161939,13.377373171670078,3
33.36222414827655,21.84335932592699,15.316342719779646,3
33.38222548169878,21.715996397180536,14.494363499573804,3
33.402226815121004,22.761207949387053,15.797807921397387,3
33.42222814854323,31.201205129743503,23.642713477878697,3
33.44222948196546,24.858132106462115,18.390701696318974,3
33.46223081538769,28.243226764929197,20.22264419021526,3
33.48223214880992,23.866505343335348,18.072366547869635,3
33.50223348223215,21.36483347655925,14.196918228668544,3
33.52223481565438,16.966247702523077,12.489199653674085,3
33.5422361490766,22.30956123235537,15.549543628451627,3
33.56223748249883,22.011048734774338,19.710172044783295,3
33.58223881592106,26.286809973588408,19.417303282707444,3
33.60224014934329,27.498239191263362,22.869327290587798,3
33.62224148276552,30.80806772439976,26.201636965562127,3
33.642242816187746,25.928437389071277,19.784794042629166,3
33.662244149609975,30.450972526118438,25.29289069874958,3
33.682245483032204,29.334092725297513,25.167564597268573,3
33.702246816454426,30.51336268750553,26.709512114203626,3
33.722248149876656,27.922839502702292,25.287640240471305,3
33.742249483298885,28.923454570023207,24.532777462645093,3
33.762250816721114,27.188858452226256,25.115988916435708,3
33.78225215014334,32.00366177963424,26.672397509432408,3
33.80225348356557,35.129370640795635,32.11974080630307,3
33.8222548169878,41.57259090814309,37.67401729721012,3
33.84225615041002,44.13002791773236,40.62313851257329,3
33.86225748383225,39.23469185692913,38.46046079857481,3
33.88225881725448,45.354522880038,44.68456879307165,3
33.90226015067671,46.98550600694073,42.73537264757072,3
33.92226148409894,51.28831871593885,48.27114581666857,3
33.94226281752117,50.40584970263259,46.682202440165625,3
33.9622641509434,51.50214053647925,50.066084205312,3
33.98226548436563,54.11806029027559,52.5471607460041,3
34.00226681778785,56.016746847129255,53.97321172275625,3
34.02226815121008,63.06782064614963,60.31494739245101,3
34.04226948463231,60.70173674362678,59.764973639309204,3
34.062270818054536,67.56299054147603,66.11886916539625,3
34.082272151476765,67.56876645261168,63.199049444451724,3
34.102273484898994,69.01760527412547,65.14341824742918,3
34.12227481832122,72.08090016942303,70.10963227978023,3
34.142276151743445,68.94645011743678,65.58272197857484,3
34.162277485165674,69.49341257032964,67.1654937376926,3
34.1822788185879,74.43190785659543,69.43272726761316,3
34.20228015201013,80.56018634116971,77.73110201247074,3
34.22228148543236,81.5543961356098,77.90022930964422,3
34.24228281885459,84.80896052029794,80.2932286529488,3
34.26228415227682,82.3334022965353,80.57775941636703,3
34.28228548569905,85.46664667193645,82.58803213496303,3
34.30228681912127,83.84561284331042,80.87694890759522,3
34.3222881525435,83.7588573561824,78.87913843681615,3
34.34228948596573,85.99446844092267,82.18697859457953,3
34.36229081938796,84.99163659973878,81.726094660023,3
34.38229215281019,88.03042569106589,82.5827723942874,3
34.402293486232416,89.73986118012517,88.4517432366951,3
34.422294819654645,91.48187419650655,87.95861243292903,3
34.44229615307687,100.18626765114566,92.11565047265478,3
34.4622974864991,94.67283369327036,89.56772305245606,3
34.482298819921326,95.89102531813259,90.1928285579848,3
34.502300153343555,91.46631827544017,86.62137756682502,3
34.522301486765784,91.61863826199175,86.36125503185222,3
34.54230282018801,84.00449634814652,77.7045121549836,3
34.56230415361024,88.61396035493557,82.61623091946358,3
34.58230548703247,91.03049469813128,86.36168828826915,3
34.60230682045469,89.33240023081424,81.45869747304258,3
34.62230815387692,91.80651905363328,85.62438096276662,3
34.64230948729915,89.43850522525224,82.00618142762968,3
34.66231082072138,94.86305083713921,84.87061128032884,3
34.68231215414361,85.8566535724034,79.30442295726823,3
34.70231348756584,86.89305846554689,78.30617793304572,3
34.72231482098807,79.10131806421005,74.23697751101984,3
34.74231615441029,82.72838051808795,75.95496573699994,3
34.76231748783252,77.50057015045218,69.96697602052087,3
34.78231882125475,76.0424951191848,66.45084089543631,3
34.80232015467698,77.7394727369638,69.73632069555444,3
34.822321488099206,71.05559714140804,62.745209467482546,3
34.842322821521435,72.66669640959861,64.94048644181767,3
34.862324154943664,77.30634883687432,67.1062643401596,3
34.88232548836589,69.0551938317575,58.29864645119481,3
34.902326821788115,65.19601866420327,57.76905536162111,3
34.922328155210344,62.07709535565761,55.033667131435905,3
34.94232948863257,58.564044414382344,49.01855326734143,3
34.9623308220548,61.78979647456793,49.842570262587856,3
34.98233215547703,62.48435818711057,50.07903931489147,3
35.00233348889926,52.860282197571784,45.00499763358909,3
35.02233482232149,56.03091827063235,46.48739664925126,3
35.04233615574371,53.9439718644644,46.23936889036024,3
35.06233748916594,48.0329431077013,40.549400170862185,3
35.08233882258817,52.09859403941193,41.991332756373396,3
35.1023401560104,43.98277036083328,34.806363587316405,3
35.12234148943263,45.22769279629976,37.40356607907426,3
35.14234282285486,36.47438779162912,27.887553491202418,3
35.162344156277086,41.2524092962562,31.625502482143926,3
35.182345489699316,31.973357429047162,22.70968883618408,3
35.20234682312154,36.87167328313708,30.057523606462105,3
35.22234815654377,35.865634382138275,30.647440210382786,3
35.242349489965996,34.17029781243225,27.26957021387728,3
35.262350823388225,36.937278832561525,29.42888510470706,3
35.282352156810454,29.37245990700482,22.84507006613908,3
35.30235349023268,27.788202722943804,21.627987905157298,3
35.32235482365491,26.71089123095053,21.243026865866888,3
35.342356157077134,24.845391305309718,15.48011418627624,3
35.36235749049936,21.537651048220045,14.991073196459016,3
35.38235882392159,25.13558269605472,16.203839776101795,3
35.40236015734382,22.208545462166512,16.398303800831574,3
35.42236149076605,24.35137627909514,18.63822750513556,3
35.44236282418828,25.220360999441944,17.148680316536076,3
35.46236415761051,24.236151072950257,18.497780419922297,3
35.48236549103274,24.90257461383608,19.689474345561,3
35.50236682445496,22.9192025995634,16.197066668333935,3
35.52236815787719,16.45513822204933,11.610905813275531,3
35.54236949129942,20.265985677653898,15.123768499677071,3
35.56237082472165,16.136168087604425,10.676594170614825,3
35.582372158143876,24.423044513526133,19.88390412219427,3
35.602373491566105,25.605435570706497,20.65112528056286,3
35.622374824988334,22.350221926484217,18.27322857602793,3
35.642376158410556,30.66677438045083,25.92057428547988,3
35.662377491832785,30.821991810305462,27.381059253197435,3
35.682378825255014,30.39282420106922,26.218934798964856,3
35.702380158677244,25.86492835695013,23.532604572212403,3
35.72238149209947,25.995691262991702,25.459388727842203,3
35.7423828255217,29.361107970977024,29.56839796679613,3
35.76238415894393,29.52690434415694,26.951275555026406,3
35.78238549236616,32.81758151066758,29.592821859867826,3
35.80238682578838,36.68622712895502,32.6543411093336,3
35.82238815921061,40.85752246839633,37.58961959984437,3
35.84238949263284,43.98064332234687,40.36011357666233,3
35.86239082605507,46.93078558424286,42.66335769505088,3
35.8823921594773,44.56290180182936,42.97527607527113,3
35.90239349289953,43.926070058436515,41.70809426481797,3
35.92239482632176,47.89949281105369,46.372122531661,3
35.94239615974398,49.12186457791888,46.17355365999166,3
35.96239749316621,52.35209602816689,50.873595390417194,3
35.98239882658844,54.20160730879143,51.15380373624069,3
36.002400160010666,57.62538743161973,55.653400231205765,3
36.022401493432895,59.17571414058157,59.09734914294866,3
36.042402826855124,63.874406943884196,62.74388508006387,3
36.06240416027735,68.04847936346137,65.57987313391612,3
36.08240549369958,65.73599763087697,63.35758918152244,3
36.102406827121804,71.23111337622046,70.06466767059531,3
36.12240816054403,67.39501164703589,62.43752246832828,3
36.14240949396626,69.56538371705088,66.41385537190557,3
36.16241082738849,71.81543980335375,67.85839917576841,3
36.18241216081072,76.67571168069777,71.9707583525547,3
36.20241349423295,76.59324080289291,74.88515122774157,3
36.22241482765518,81.90643706637766,77.95313952902737,3
36.2424161610774,84.75524345826312,83.00216348783839,3
36.26241749449963,88.14484434861988,83.08247539664049,3
36.28241882792186,88.31971990216174,83.873742899961,3
36.30242016134409,86.03949971291286,81.77467759777025,3
36.32242149476632,85.86097627296996,80.59314808820798,3
36.342422828188546,87.57114610176566,81.95413822489388,3
36.362424161610775,82.87964520650821,80.70582732621695,3
36.382425495033004,85.48237817036804,81.6249659071968,3
36.402426828455226,90.11638329011564,85.43292392102883,3
36.422428161877455,94.16675360266264,89.0936840877735,3
36.442429495299685,98.63990719011856,92.80490575621542,3
36.462430828721914,91.80479051130837,86.29053543348866,3
36.48243216214414,94.00584145184237,89.38570654004053,3
36.50243349556637,89.47251429844329,84.67326414954921,3
36.5224348289886,91.45577787363781,83.57471785250884,3
36.54243616241082,88.82050080036761,82.70296436135212,3
36.56243749583305,87.30147383744203,81.53916094704917,3
36.58243882925528,91.03232416365933,82.19357169230466,3
36.60244016267751,90.14897765073796,83.46793650381278,3
36.62244149609974,93.24955654568734,86.0697619111812,3
36.64244282952197,91.29598141446078,83.02780277550215,3
36.6624441629442,87.46982355292198,78.59830760219997,3
36.68244549636643,88.3693087493873,82.33412140391643,3
36.70244682978865,84.30703830418042,77.15479947017288,3
36.72244816321088,78.97140916743248,70.9546437711777,3
36.74244949663311,76.3178539911751,67.40693030531266,3
36.762450830055336,80.16178812981741,72.86612531701502,3
36.782452163477565,79.23490628554987,69.46777578253055,3
36.802453496899794,77.34850612364436,69.58350513018662,3
36.82245483032202,75.82474022421817,67.6377159061355,3
36.842456163744245,69.37955697408775,62.60819785196854,3
36.862457497166474,70.85144909721662,64.18219061346198,3
36.8824588305887,72.89881298650918,65.9088614340557,3
36.90246016401093,63.356071089027424,58.066051579179366,3
36.92246149743316,62.641287548990924,54.992895524744284,3
36.94246283085539,58.782606844866976,47.106390917031646,3
36.96246416427762,59.296614733966074,48.183946940156495,3
36.98246549769985,55.133728553610354,44.42380407668526,3
37.00246683112207,59.87595707375212,49.6461078072752,3
37.0224681645443,57.584977452098826,49.502751535039785,3
37.04246949796653,52.65661806557785,43.032213162779065,3
37.06247083138876,52.66539758419841,41.38066188026873,3
37.08247216481099,53.06206086759844,42.68334057634144,3
37.102473498233216,43.251144848361086,35.51288940995719,3
37.122474831655445,40.34056861102151,31.273350836992158,3
37.14247616507767,39.23787340756643,28.8945183932495,3
37.1624774984999,34.09063258948631,25.042664574830933,3
37.182478831922126,37.05212284043655,27.747524387505564,3
37.202480165344355,37.216290273322194,27.376767090429393,3
37.222481498766584,34.48369339699495,26.359684850937725,3
37.24248283218881,38.30864089572486,32.374371456009165,3
37.26248416561104,34.83245355922853,25.394102377574978,3
37.28248549903327,24.999692820849162,18.1787559252334,3
37.30248683245549,28.467049245398297,21.23933289587853,3
37.32248816587772,25.09331061367466,19.04425350435935,3
37.34248949929995,23.474691334580168,15.343287025051403,3
37.36249083272218,21.43406383742702,13.335799378037894,3
37.38249216614441,22.62529539425912,14.870744701621389,3
37.40249349956664,21.586559906764194,14.362948138180384,3
37.42249483298887,24.571420060463474,17.330238500369187,3
37.44249616641109,25.06160676864266,19.219025267400568,3
37.46249749983332,24.314998092297238,16.579303354446655,3
37.48249883325555,22.311982050292556,18.63312286291258,3
37.50250016667778,25.19413712238404,18.935977047321337,3
37.522501500100006,22.589773579080276,17.441442058990674,3
37.542502833522235,22.817075448298382,17.698049452067117,3
37.562504166944464,19.48838786035157,16.909250493451864,3
37.58250550036669,19.281342583255473,15.33787706226065,3
37.602506833788915,23.864668824033128,16.873335735439017,3
37.622508167211144,24.045223231386892,21.94576193728174,3
37.64250950063337,31.286750428871812,26.28649790523246,3
37.6625108340556,32.4428911844078,27.796865885909586,3
37.68251216747783,32.35170198420488,26.7490387061762,3
37.70251350090006,27.979505440329227,23.81859508820114,3
37.72251483432229,27.489629339250698,24.7835862969559,3
37.74251616774451,26.225166425435464,23.364068350378176,3
37.76251750116674,29.221512419074543,26.996100205091494,3
37.78251883458897,35.29683124235792,31.182163782077033,3
37.8025201680112,33.397656278658154,30.01973975533315,3
37.82252150143343,43.45124914108202,41.715016888534045,3
37.84252283485566,44.97913958556736,44.2156981350501,3
37.862524168277886,44.65486469304362,41.59503514944509,3
37.882525501700115,46.60185902840083,44.25255497157594,3
37.90252683512234,45.03842515599944,43.7977874267969,3
37.92252816854457,51.36291965811945,47.174606605098845,3
37.942529501966796,45.37260940159024,44.754134394451654,3
37.962530835389025,54.88704103181953,49.1266366726215,3
37.982532168811254,55.75590692623144,54.268076599126054,3
38.00253350223348,60.98185520741657,58.91602441229646,3
38.02253483565571,63.36509719851057,61.03093573277009,3
38.042536169077934,63.83241083984695,62.093109796662645,3
38.06253750250016,67.88814505726955,65.7382543367132,3
38.08253883592239,71.64871895070978,66.2974522924723,3
38.10254016934462,66.45382128169092,64.17903886017622,3
38.12254150276685,64.36943285553406,61.74502592755872,3
38.14254283618908,70.27254106047644,69.27189236148732,3
38.16254416961131,73.29687734063982,70.03466438538214,3
38.18254550303354,79.28267661641245,71.30637559498673,3
38.20254683645576,77.41446877184084,74.11350263186557,3
38.22254816987799,83.15858880689521,79.40454473039637,3
38.24254950330022,82.8725770166655,80.41340261893697,3
38.26255083672245,83.139593900681,78.74096277487607,3
38.282552170144676,83.7230206165714,81.8200645890312,3
38.302553503566905,85.71986330922446,81.86887878699295,3
38.322554836989134,85.80830605874628,81.03827146940455,3
38.342556170411356,83.14466431866795,78.33581158283285,3
38.362557503833585,86.71418892374717,82.65748744836529,3
38.382558837255814,88.46752953010301,85.1906811406129,3
38.40256017067804,90.57836377261887,87.38317159827575,3
38.42256150410027,94.98218365442676,90.7068248985332,3
38.4425628375225,92.22603283547649,87.90095622952201,3
38.46256417094473,90.77410370462543,87.91010579023114,3
38.48256550436696,96.91449226585816,91.61661369498779,3
38.50256683778918,90.74774305933389,86.05725461483719,3
38.52256817121141,89.94733650028812,83.30265492411989,3
38.54256950463364,91.14755133680548,84.42679813334722,3
38.56257083805587,89.10458350266455,80.84771801116621,3
38.5825721714781,86.25696157611027,85.20390869974594,3
38.60257350490033,89.50911828185991,81.19631438362943,3
38.622574838322556,91.46113410117293,85.24993528406456,3
38.64257617174478,92.1348496562971,86.33038644006538,3
38.66257750516701,88.41626020327212,81.13083730718817,3
38.68257883858924,88.85238541606343,81.68478528990994,3
38.702580172011466,83.01558438695585,74.11033116005792,3
38.722581505433695,82.08365474157826,72.25790716904494,3
38.742582838855924,81.32602620129322,72.89787127342777,3
38.76258417227815,80.62060139132579,70.47321275204814,3
38.78258550570038,79.61307665458749,68.53123892335945,3
38.802586839122604,77.214423401658,68.87969680631382,3
38.82258817254483,76.47815574354215,67.81271572423158,3
38.84258950596706,76.51698112924794,67.34268842454769,3
38.86259083938929,81.13986878016742,70.61316848567215,3
38.88259217281152,72.94885320022259,63.97522533050561,3
38.90259350623375,65.50245085675489,55.364556864216105,3
38.92259483965598,62.08667915479969,52.3843702856811,3
38.9425961730782,57.36398173034721,49.04189273377906,3
38.96259750650043,60.901369633704206,53.296825845257516,3
38.98259883992266,54.96064490944232,46.241145125673846,3
39.00260017334489,59.918360893038496,50.65087637876612,3
39.02260150676712,54.349831920448366,45.58622332856066,3
39.042602840189346,56.18589235244378,46.75942893151422,3
39.062604173611575,53.182954048590176,45.624433392768495,3
39.082605507033804,51.51665186569491,42.24823649956613,3
39.102606840456026,47.832565020665236,35.95447427749249,3
39.122608173878255,40.71390588744701,32.38622040062122,3
39.142609507300484,38.318842425894175,28.929197231992656,3
39.162610840722714,37.02925311556875,29.56141867328561,3
39.18261217414494,34.75739913555829,26.818690407740053,3
39.20261350756717,37.06275879862947,30.61924724046165,3
39.2226148409894,34.13701903349458,26.61627989927734,3
39.24261617441162,35.969571942650354,30.591446678834487,3
39.26261750783385,34.00193685794302,27.1816838509368,3
39.28261884125608,32.90856151669151,24.71636788949698,3
39.30262017467831,28.639605819605514,21.30958100410976,3
39.32262150810054,21.754083159243997,15.867813188647583,3
39.34262284152277,19.04797658386729,12.157788870798822,3
39.362624174945,18.993335010643253,12.822007372651557,3
39.38262550836723,23.268749155761878,14.26097509428799,3
39.40262684178945,21.657309353794126,17.516682193074853,3
39.42262817521168,25.72977696574841,18.04741676463778,3
39.44262950863391,21.56967240537437,17.614076415489645,3
39.462630842056136,27.393128376305853,18.026483496930663,3
39.482632175478365,22.57471163623957,18.4194536141301,3
39.502633508900594,21.92932773278176,17.782853406023023,3
39.52263484232282,19.884724251304934,13.449963590859323,3
39.542636175745045,20.407362209407392,12.695762693898782,3
39.562637509167274,23.828577589455737,17.91119321032222,3
39.5826388425895,21.483660569600552,16.207448338304314,3
39.60264017601173,23.963882942770194,20.70676784906229,3
39.62264150943396,29.332707761530695,22.96560652126772,3
39.64264284285619,22.520436278741247,23.13260681253599,3
39.66264417627842,33.9279278401161,26.43182113947947,3
39.68264550970065,28.266188056430586,22.739484975719428,3
39.70264684312287,27.363790616766455,23.595291161050003,3
39.7226481765451,28.101863441445044,24.887273830730546,3
39.74264950996733,26.911065512333803,23.735451115744457,3
39.76265084338956,30.82968813652034,28.797378713290335,3
39.78265217681179,34.520937187499236,33.08694775414547,3
39.802653510234016,33.95278746138446,31.023773702357513,3
39.822654843656245,38.74295423790551,36.354962176349,3
39.84265617707847,46.55471951877869,45.52893745408547,3
39.862657510500696,45.65777329761127,42.885744973033276,3
39.882658843922925,47.942351817871874,47.21162726924786,3
39.902660177345155,46.715353509489915,42.861411269689874,3
39.922661510767384,41.38309396757922,40.34606577255977,3
39.94266284418961,48.77562077700627,46.52228660288622,3
39.96266417761184,53.88620398301747,49.62220677175675,3
39.98266551103407,53.179141294629666,49.800498583336065,3
40.00266684445629,59.25259358674292,57.35352643795481,3
40.02266817787852,61.021656835731065,58.16493437997676,3
40.04266951130075,62.90712216268175,62.71903926587825,3
40.06267084472298,63.51537622005848,59.44348462918264,3
40.08267217814521,70.36139257270612,68.04274065762529,3
40.10267351156744,69.67991279248093,66.4023822038742,3
40.12267484498967,68.30990456348377,63.22425148451338,3
40.14267617841189,71.80497767800068,68.18170619175397,3
40.16267751183412,74.95001141655032,72.08320644359019,3
40.18267884525635,73.66103690890343,69.48900841239852,3
40.20268017867858,77.47951984348255,75.24846772576713,3
40.222681512100806,83.48147191395343,81.10700223153223,3
40.242682845523035,81.48218393571011,79.18448967761066,3
40.262684178945264,90.24282904310863,85.99221827110601,3
40.28268551236749,85.46239392070986,81.12975598003804,3
40.302686845789715,88.11637966045969,83.82668854980791,3
40.322688179211944,81.01120179582996,77.71272770321531,3
40.34268951263417,86.8211376649309,81.40944120424993,3
40.3626908460564,85.03988676716365,81.39401743053524,3
40.38269217947863,84.10883293788176,80.65609334720578,3
40.40269351290086,90.15934657024076,82.40886520414014,3
40.42269484632309,96.52488584903747,91.4413326131674,3
40.44269617974531,93.26526364213011,89.64219636175244,3
40.46269751316754,94.11815950198111,87.73806925754873,3
40.48269884658977,96.05569481474419,90.70153559044843,3
40.502700180012,91.2062353026233,82.5879628972551,3
40.52270151343423,89.31421095108641,84.3354039517344,3
40.54270284685646,92.53191833172903,84.90134710550868,3
40.562704180278686,90.06675794621678,82.05165048906154,3
40.582705513700915,89.8137048821018,84.60646479434523,3
40.60270684712314,92.81586731877628,85.33231977377346,3
40.62270818054537,94.45762343974053,88.83283885431196,3
40.642709513967596,92.94141658160586,84.9747475383899,3
40.662710847389825,91.5006448119953,85.99714988670226,3
40.682712180812054,85.99315036422423,78.46117974777165,3
40.70271351423428,86.42129411399202,77.06529663665911,3
40.72271484765651,82.69026577247428,74.40522245558476,3
40.742716181078734,79.30295422512332,72.26070800678421,3
40.76271751450096,74.70211974448708,67.57542137588631,3
40.78271884792319,78.39754086327689,71.9654690181002,3
40.80272018134542,80.07033004773268,71.4743652044511,3
40.82272151476765,82.54706060123127,74.15498136341066,3
40.84272284818988,75.15601087004944,65.62054081163356,3
40.86272418161211,73.86048422599362,64.81736922026454,3
40.88272551503434,73.6744006526541,65.04162802331054,3
40.90272684845656,70.41278270066742,60.67280924888173,3
40.92272818187879,66.17351291714267,56.73689417446646,3
40.94272951530102,60.54368219475013,51.732411639434225,3
40.96273084872325,58.52243274531785,47.647793040424844,3
40.982732182145476,53.20557144823946,45.72630026084793,3
41.002733515567705,57.067101342799745,50.87613726264098,3
41.022734848989934,54.9693188246689,46.00761481873264,3
41.042736182412156,56.666787781864485,46.753562820801356,3
41.062737515834385,48.51899170277495,36.75903221000546,3
41.082738849256614,50.07205789158717,39.69507342270139,3
41.10274018267884,43.843750768369596,32.25718124659053,3
41.12274151610107,40.15865727803116,31.664377691894625,3
41.1427428495233,38.84661060213079,29.896049467151975,3
41.16274418294553,33.38616188304843,23.304226983687947,3
41.18274551636776,35.92230986988687,26.296118333804472,3
41.20274684978998,36.18972220903061,27.21944155655613,3
41.22274818321221,37.68721557055903,31.14552725844554,3
41.24274951663444,36.690886868753914,29.26855379843852,3
41.26275085005667,27.86507417209865,20.20135304364992,3
41.2827521834789,33.53986370023763,26.662214105614147,3
41.30275351690113,28.627097195326815,19.127349134882444,3
41.322754850323356,25.01773616358424,15.520453309099869,3
41.34275618374558,27.50217597578654,17.969401738376813,3
41.36275751716781,24.727189938443086,14.376062124572744,3
41.38275885059004,26.864021275490344,17.466931591605896,3
41.402760184012266,25.134071053483417,18.2212096681658,3
41.422761517434495,22.7181117912271,16.777596638434073,3
41.442762850856724,25.177279790146567,18.679579906181228,3
41.46276418427895,24.415935291793485,17.61679448987884,3
41.48276551770118,28.10369642479915,22.375396741621074,3
41.502766851123404,19.38302157656823,13.042954813495657,3
41.52276818454563,18.68736385475174,12.099794982681507,3
41.54276951796786,16.557990994000804,12.60149353307532,3
41.56277085139009,21.058482147286533,15.988945023159197,3
41.58277218481232,20.49165312394177,16.83209841044982,3
41.60277351823455,24.705449047113557,19.980357454024,3
41.62277485165678,27.25272699411612,21.182099568346416,3
41.642776185079,21.271939028824885,17.695188641139154,3
41.66277751850123,28.003173192057904,24.12382277512498,3
41.68277885192346,29.12167447003755,26.669697178661618,3
41.70278018534569,24.875167511328936,21.95280705456404,3
41.72278151876792,30.418039846130856,27.79786285660499,3
41.742782852190146,28.14806842106926,24.553455170576523,3
41.762784185612375,30.699926599480932,25.58473318091361,3
41.782785519034604,36.6968516505126,32.44347860376593,3
41.802786852456826,34.46392737417341,31.124061456964128,3
41.822788185879055,39.10812070025544,36.519124952888,3
41.842789519301284,44.882900715864494,43.3721582226302,3
41.86279085272351,43.65141305104337,39.958888778927246,3
41.88279218614574,46.01501558495542,43.34989057317128,3
41.90279351956797,46.51425423634048,46.85447460284762,3
41.9227948529902,43.68583783479806,41.38122411411461,3
41.94279618641242,48.809146332694866,44.58891449132648,3
41.96279751983465,53.65742351916858,52.13431739166144,3
41.98279885325688,53.896592721047895,50.75364675571403,3
42.00280018667911,57.43378950315941,54.54523757648165,3
42.02280152010134,59.33068361549802,60.4802031930204,3
42.04280285352357,64.99252476457431,62.30089492888966,3
42.0628041869458,64.0044406774462,62.908166219442016,3
42.08280552036803,68.69680856573318,68.14734076736174,3
42.10280685379025,69.96535316176642,68.31267958219048,3
42.12280818721248,70.27547958450008,70.27460106830634,3
42.14280952063471,70.46790103236773,67.26401996134022,3
42.162810854056936,73.85112564351729,71.39238485021029,3
42.182812187479165,72.82318165056874,70.29697727269594,3
42.202813520901394,79.46272154716436,77.71275550458945,3
42.22281485432362,87.31505943025908,82.17270326569643,3
42.242816187745845,84.05357179707454,81.8740096193868,3
42.262817521168074,85.0146584621893,80.22487284220725,3
42.2828188545903,87.12379290573027,82.13288649485234,3
42.30282018801253,88.83711287856293,83.20690160055267,3
42.32282152143476,82.75247400906261,80.57193774073454,3
42.34282285485699,84.93967084650608,81.20909059454564,3
42.36282418827922,89.30610390164559,84.44013173074066,3
42.38282552170145,89.99678315942744,85.08443706962659,3
42.40282685512367,89.31057317484533,83.47147654454889,3
42.4228281885459,91.3152934005634,85.02619760251103,3
42.44282952196813,94.05714980634339,89.24565711308105,3
42.46283085539036,93.04395705611377,87.44511305516274,3
42.48283218881259,95.91719339827233,89.59036545542355,3
42.502833522234816,92.24958288046012,82.65107723376046,3
42.522834855657045,87.27504084702146,81.55186475746663,3
42.54283618907927,88.97069951009527,84.63067030878125,3
42.562837522501496,83.39242485801701,77.8039641778749,3
42.582838855923725,87.85209349772374,81.20647401964847,3
42.602840189345955,92.6147895178666,84.45693599096651,3
42.622841522768184,92.86072702803513,84.8348853053609,3
42.64284285619041,93.55888336657283,84.99190609372015,3
42.66284418961264,91.32115822967411,81.67195135768787,3
42.68284552303487,87.77843840590121,78.25355128588578,3
42.70284685645709,86.14281680173644,78.74380015296508,3
42.72284818987932,81.77269027705981,73.1150269257644,3
42.74284952330155,82.25739916399857,70.3951600002144,3
42.76285085672378,77.90122401825128,68.68484645845611,3
42.78285219014601,78.83463652159924,69.97069430124074,3
42.80285352356824,78.73988052694598,68.89771295433513,3
42.82285485699047,77.73856900068074,66.06540675931159,3
42.84285619041269,76.13219688314048,67.52788874908723,3
42.86285752383492,71.87850318484843,62.898015373433054,3
42.88285885725715,72.26961610715085,61.62722305572147,3
42.90286019067938,68.99165175449501,59.2580981940265,3
42.922861524101606,63.17821298864482,54.75303319276806,3
42.942862857523835,63.25048750978199,50.477178077399984,3
42.962864190946064,56.291567910583,47.59611144800833,3
42.98286552436829,57.3619251270304,48.20849606812107,3
43.002866857790515,57.3430318014381,48.01891127052792,3
43.022868191212744,58.94530531631191,51.98857783313614,3
43.04286952463497,55.88854550796281,47.130426774558416,3
43.0628708580572,56.45100150325865,45.230786499570605,3
43.08287219147943,51.79983122750093,41.407701497680826,3
43.10287352490166,48.006568207843266,36.823006246069376,3
43.12287485832389,38.66464866087046,30.406817434687337,3
43.14287619174611,40.761436205726156,31.165818317007528,3
43.16287752516834,37.55818776642151,27.981449629770818,3
43.18287885859057,34.40276585797992,26.972235780969566,3
43.2028801920128,38.237091989292324,30.674054028001063,3
43.22288152543503,31.716839698018205,26.071008251520553,3
43.24288285885726,36.71498219059764,29.738411132243975,3
43.262884192279486,35.68606282564243,27.259926419724952,3
43.282885525701715,32.334643276820835,23.850990455007402,3
43.30288685912394,29.25277269819794,21.396234203154744,3
43.322888192546166,23.88951299549854,17.580044953901133,3
43.342889525968396,24.81810489567254,16.554275346654926,3
43.362890859390625,20.260438442395767,13.10274643403114,3
43.382892192812854,18.306959217266513,13.853792579130452,3
43.40289352623508,23.957786943115376,19.998915282463788,3
43.42289485965731,22.02626215836789,15.53196202410521,3
43.442896193079534,22.176094496518388,12.668159914386962,3
43.46289752650176,23.971610939722474,16.730601924574607,3
43.48289885992399,24.49535690092943,18.950758476173235,3
43.50290019334622,20.079559908659895,15.714116971940783,3
43.52290152676845,22.779749653312148,19.54717585470227,3
43.54290286019068,20.850460980531068,12.264765979812562,3
43.56290419361291,16.091391593593343,11.633010770223226,3
43.58290552703514,21.93814407244368,18.06917850046332,3
43.60290686045736,25.928453470590785,19.567710732739897,3
43.62290819387959,24.95041784060886,21.37094885944901,3
43.64290952730182,26.202067997601866,21.78104891731786,3
43.66291086072405,26.574882879510366,20.611824558132845,3
43.682912194146276,29.154050748221714,23.561142669141425,3
43.702913527568505,26.1865848721793,22.79917810871536,3
43.722914860990734,30.961348413102254,27.346578587856285,3
43.742916194412956,29.628896470968794,27.82082891340874,3
43.762917527835185,36.21205438832907,31.711711240305764,3
43.782918861257414,28.887988559872557,25.2456023700362,3
43.80292019467964,37.51766683183037,34.38339885408708,3
43.82292152810187,42.428539736514885,39.24373796646481,3
43.8429228615241,41.50569670652974,41.42911716372523,3
43.86292419494633,44.43259731737273,41.15721754924112,3
43.88292552836856,48.32642644275979,43.98415097898216,3
43.90292686179078,44.92841356651577,41.055996377508286,3
43.92292819521301,42.466097980819264,38.631183580661755,3
43.94292952863524,47.21389250602724,46.37930407601957,3
43.96293086205747,50.59145069436732,46.99409093249254,3
43.9829321954797,55.926097510559764,52.954922059569775,3
44.00293352890193,57.6538140574222,57.64128148920056,3
44.022934862324156,59.765260819233966,58.24168485591808,3
44.04293619574638,64.81143166112855,61.4413527534963,3
44.06293752916861,65.32321153620265,62.00721850978029,3
44.08293886259084,65.14308708850511,65.7429157938145,3
44.102940196013066,66.49455149439363,62.989942131061625,3
44.122941529435295,66.4138131834265,62.38765543524299,3
44.142942862857524,68.0505947402534,65.71323853833957,3
44.16294419627975,70.38359100842669,66.82624317907947,3
44.18294552970198,78.13549565397997,74.9433642060696,3
44.202946863124204,76.14381991967548,72.48535684526694,3
44.22294819654643,81.63836803175921,78.38340064770935,3
44.24294952996866,86.4206335437836,82.714529837792,3
44.26295086339089,88.989223371684,83.10164080213636,3
44.28295219681312,85.39899982711047,84.08781292034772,3
44.30295353023535,85.95493170836929,83.00406419943018,3
44.32295486365758,88.65184617635835,82.85286643778396,3
44.3429561970798,87.24478626244884,84.12373686795507,3
44.36295753050203,85.62121732055819,80.26915757324171,3
44.38295886392426,86.49720891687183,82.55113895461818,3
44.40296019734649,90.13366857095826,85.81628106709238,3
44.42296153076872,94.43742151516757,89.308114481796,3
44.442962864190946,97.4004726085193,94.38552943000721,3
44.462964197613175,92.88442721362085,88.36964314469051,3
44.482965531035404,96.06418452958643,89.06506188736898,3
44.502966864457626,91.21213382613766,83.81312900683281,3
44.522968197879855,87.31718828852472,82.44532247957376,3
44.542969531302084,88.88245393299874,80.64485002283509,3
44.56297086472431,89.2336626114859,80.79821074924295,3
44.58297219814654,87.03019437704916,80.56609969758208,3
44.60297353156877,90.74321090717424,86.11947562239457,3
44.622974864991,89.80454822833828,84.18654580868659,3
44.64297619841322,87.70263811097942,79.9075224323538,3
44.66297753183545,92.68137077219258,85.23208103150569,3
44.68297886525768,86.79679689922995,79.96612207563744,3
44.70298019867991,87.56374774344754,79.64833765799362,3
44.72298153210214,81.33278543863325,72.97604119250616,3
44.74298286552437,79.73038583769282,71.42410646784707,3
44.7629841989466,78.0305477635022,69.5580009096933,3
44.782985532368826,81.02853651530275,71.99859294042994,3
44.80298686579105,80.63641297112912,69.2608665563602,3
44.82298819921328,76.41418363006736,66.9936259315058,3
44.84298953263551,78.76067306232653,68.59713773099331,3
44.862990866057736,74.03079265478684,66.62551379603825,3
44.882992199479965,69.70977265550863,62.73867146842475,3
44.902993532902194,66.57260196470858,57.2151349537169,3
44.92299486632442,62.908955057979504,55.294840701645754,3
44.942996199746645,62.91720158662512,53.438877774860494,3
44.962997533168874,55.76639610512455,48.50179375339487,3
44.9829988665911,57.262816946579655,50.35628887605804,3
45.00300020001333,55.15802251773877,46.60686811000563,3
45.02300153343556,58.400666813746284,47.66768167652046,3
45.04300286685779,57.65011471264687,48.181677001220145,3
45.06300420028002,56.93393499322278,46.91944728580876,3
45.08300553370225,52.412492237379794,42.46605023350463,3
45.10300686712447,42.599091596076896,34.758207780273395,3
45.1230082005467,40.384888245946826,34.45611710013839,3
45.14300953396893,40.84891461002445,30.75831050414869,3
45.16301086739116,35.35043259337462,25.93346183247158,3
45.18301220081339,36.12506163465967,26.256900507472906,3
45.203013534235616,40.47753896922884,31.889130227118226,3
45.223014867657845,36.0262679664586,30.637159028196937,3
45.24301620108007,33.083346586360186,25.9250946956574,3
45.263017534502296,31.00368373406572,23.535140702390795,3
45.283018867924525,30.834745043569797,23.268327785083464,3
45.303020201346754,29.75880389315585,25.184559945289678,3
45.32302153476898,22.707232959483182,16.67063235100897,3
45.34302286819121,24.946367620775394,15.803962718389899,3
45.36302420161344,24.801162164929117,15.407523541717568,3
45.38302553503567,23.518177693862093,16.033665246917206,3
45.40302686845789,23.910977976437348,16.72553351161876,3
45.42302820188012,26.31442235764215,20.742290334043247,3
45.44302953530235,27.225921903274525,20.282866719589478,3
45.46303086872458,26.963977076715057,19.1121665509864,3
45.48303220214681,25.297380203623153,18.86861343019276,3
45.50303353556904,24.205853168264248,17.153622701903522,3
45.52303486899127,21.93597993738575,16.295575871519066,3
45.54303620241349,18.496063066444382,15.336496970265227,3
45.56303753583572,21.07026652733079,17.597273628905892,3
45.58303886925795,23.419931648778352,19.000632198414383,3
45.60304020268018,23.037496549193524,19.869880529430723,3
45.623041536102406,27.50499555613154,24.557231305892287,3
45.643042869524635,26.680453937084337,24.027965321424315,3
45.663044202946864,29.47830179145597,25.581187401280626,3
45.68304553636909,29.072686734266483,26.271039637531263,3
45.703046869791315,25.975012072358645,24.772845756645168,3
45.723048203213544,26.696755744857022,24.911991200612956,3
45.74304953663577,27.756867925812188,23.757670182566667,3
45.763050870058,31.440687040035023,27.0670498534913,3
45.78305220348023,34.02373713446426,33.356343037612824,3
45.80305353690246,37.255695624076644,33.56108145244279,3
45.82305487032469,41.8032637740038,35.70124196033724,3
45.84305620374691,41.01679091226433,38.29988323746991,3
45.86305753716914,43.765199439455024,40.71731390032694,3
45.88305887059137,49.1507836584463,46.551778477253706,3
45.9030602040136,48.934390785617715,48.424439353209515,3
45.92306153743583,49.1825271117285,44.63377224063161,3
45.94306287085806,44.76355995470877,41.39530094490868,3
45.963064204280286,47.304251434479916,44.77282790218237,3
45.983065537702515,53.03832554213641,50.26355029261518,3
46.00306687112474,57.64363628239878,58.708634263159624,3
46.023068204546966,59.99077664382386,59.20518499162806,3
46.043069537969195,62.125627797895795,61.2381169149578,3
46.063070871391425,64.06739062060302,61.36514051832937,3
46.083072204813654,65.73189542240672,62.906499230439856,3
46.10307353823588,67.62753867337533,64.24453149731856,3
46.12307487165811,66.22568926687653,59.977948394251996,3
46.143076205080334,69.87047670972218,68.59777921423631,3
46.16307753850256,70.79812197448035,68.98671207695892,3
46.18307887192479,75.98717944699608,72.31546449522367,3
46.20308020534702,76.4580339743424,74.38723091281727,3
46.22308153876925,78.72603085268219,78.82118933178748,3
46.24308287219148,83.05155106671472,79.58542596872451,3
46.26308420561371,88.26639296371997,86.84922127372926,3
46.28308553903594,84.51986569183634,80.6673820971252,3
46.30308687245816,82.14768974887214,78.93497330529051,3
46.32308820588039,86.0036827878904,82.05914130006225,3
46.34308953930262,83.51053565277807,80.38676068559677,3
46.36309087272485,82.01890247628266,82.2974225606356,3
46.383092206147076,87.45795172427442,82.22204414519588,3
46.403093539569305,90.53895870340511,82.13100209847865,3
46.423094872991534,91.50133055136709,84.98069769176986,3
46.443096206413756,98.01537660859016,89.869887943525,3
46.463097539835985,99.654743540694,93.2775874160288,3
46.483098873258214,89.81871958481231,83.09351031547291,3
46.50310020668044,87.81449565061676,82.51341330205582,3
46.52310154010267,89.5030690179473,84.1998103412988,3
46.5431028735249,87.73188477468585,80.15400933082809,3
46.56310420694713,87.60451847614509,82.60683074979325,3
46.58310554036936,89.98530092050824,83.623534638227,3
46.60310687379158,88.37170599835983,82.48849130561798,3
46.62310820721381,90.67366415103778,82.86119385133092,3
46.64310954063604,87.68620911429304,80.67973178656159,3
46.66311087405827,91.90096434483424,83.97369802699693,3
46.6831122074805,87.29681585493657,78.69789460146123,3
46.70311354090273,88.93787725357004,82.62351265873055,3
46.723114874324956,82.99842976293883,76.31306561853204,3
46.74311620774718,76.41413586061414,70.51491788003067,3
46.76311754116941,80.38202039731324,69.56532534215339,3
46.783118874591636,77.3186532747885,68.92741069265931,3
46.803120208013866,79.60702475988325,72.00979191255283,3
46.823121541436095,80.08223370240583,70.92309308369023,3
46.843122874858324,76.63806985760587,63.90501761042724,3
46.86312420828055,73.12989762344526,64.78185109326357,3
46.88312554170278,71.07115556146918,61.05587316762785,3
46.903126875125004,68.69542972387104,61.57156415708554,3
46.92312820854723,66.8516063040846,57.125670190733615,3
46.94312954196946,59.21445979743323,49.692576236823626,3
46.96313087539169,59.815482240907926,50.67164862410663,3
46.98313220881392,54.98256886469384,44.71306109910379,3
47.00313354223615,53.371235450408406,45.22128117730206,3
47.02313487565838,55.532144495749286,43.151991049818456,3
47.0431362090806,55.531620041618005,45.87134520060598,3
47.06313754250283,51.71441950541477,43.59354297759017,3
47.08313887592506,51.825301005019384,43.62147824408787,3
47.10314020934729,47.712817701912,38.60387815242128,3
47.12314154276952,39.87199111281861,33.489792527255666,3
47.143142876191746,42.117902133441994,33.39888231763219,3
47.163144209613975,39.09027785325001,30.32026610387588,3
47.183145543036204,35.753312212712586,29.43379571491567,3
47.203146876458426,34.565997882998126,26.657153718492324,3
47.223148209880655,32.9214554217668,23.062604605331796,3
47.243149543302884,38.79890448482794,29.58711451654365,3
47.26315087672511,39.58273749782832,29.602314027846163,3
47.28315221014734,35.81672135732978,26.922625536519703,3
47.30315354356957,28.929483379290723,21.2954325713038,3
47.3231548769918,23.20590444889279,17.03243697765896,3
47.34315621041402,26.516842893935834,17.35494941424103,3
47.36315754383625,22.697396295429964,14.105996953723743,3
47.38315887725848,20.443565922349592,13.117027393622443,3
47.40316021068071,23.604599363562627,17.13219967002825,3
47.42316154410294,24.379372666926972,19.89094702357483,3
47.44316287752517,25.38891648502432,20.16280142051986,3
47.4631642109474,29.95894352651958,21.94261765878807,3
47.483165544369626,27.379366885404597,22.146446643134635,3
47.50316687779185,19.338425814104543,14.878670217303094,3
47.52316821121408,19.81600011068493,15.69574653927313,3
47.54316954463631,18.191584253196453,14.023733870519255,3
47.563170878058536,18.723877638460525,11.866592722208884,3
47.583172211480765,22.694405731451543,18.32665714986956,3
47.603173544902994,25.84608717378349,19.671593524968074,3
47.62317487832522,28.820150148248615,23.50430265905419,3
47.643176211747445,30.125978966998204,23.86742314537104,3
47.663177545169674,28.371941649444064,22.26277930095545,3
47.6831788785919,28.645968767911043,25.166216033378017,3
47.70318021201413,31.678903713351428,28.79733674318565,3
47.72318154543636,27.06650671736473,23.373686726041495,3
47.74318287885859,28.150069446365634,24.279143209091554,3
47.76318421228082,35.30684273144894,31.117873256595544,3
47.78318554570305,33.49617394073318,33.72944008395346,3
47.80318687912527,35.74964550801873,31.99079777175099,3
47.8231882125475,39.92606849189212,37.052766040521725,3
47.84318954596973,43.40901268128686,40.356532761852826,3
47.86319087939196,43.673505438035995,40.68768803589482,3
47.88319221281419,46.481780789100114,43.64400449745293,3
47.903193546236416,44.66643073783709,42.71856210803846,3
47.923194879658645,46.52882346499126,42.020794028895686,3
47.94319621308087,48.85558388141436,45.74872453245284,3
47.963197546503096,45.542114747230244,45.03891856391803,3
47.983198879925325,54.04193750934171,50.18821121254285,3
48.003200213347554,58.10995139593936,58.0178365149576,3
48.02320154676978,62.77841880277841,58.49303165433575,3
48.04320288019201,65.50382617328287,61.96755821108357,3
48.06320421361424,63.85225205030889,61.621896118290174,3
48.08320554703647,63.56402217334305,60.55264233717332,3
48.10320688045869,66.80316858594603,65.49718879787216,3
48.12320821388092,69.27876535837977,63.593835628807106,3
48.14320954730315,67.1977005142321,66.58588022006298,3
48.16321088072538,70.03422800987758,67.06194218489772,3
48.18321221414761,78.28799519346394,73.57881775928287,3
48.20321354756984,83.40717498777519,78.94167267835506,3
48.22321488099207,82.41337259979046,76.94737553570035,3
48.24321621441429,85.12696875828283,81.33262228345214,3
48.26321754783652,84.64719233956806,81.98238891388164,3
48.28321888125875,83.00800597309825,79.51389221350249,3
48.30322021468098,84.29065309863134,81.86975579422962,3
48.323221548103206,86.20693796832597,81.10100284818758,3
48.343222881525435,84.04538032523638,78.73257222248185,3
48.363224214947664,84.23581430949457,80.57042397804729,3
48.38322554836989,87.52669617270192,83.55614525538053,3
48.403226881792115,91.73594281034526,85.80052346609111,3
48.423228215214344,96.49230043274527,91.77913690043005,3
48.44322954863657,97.02480592272954,91.40389816364997,3
48.4632308820588,97.21111650077886,90.68007176823674,3
48.48323221548103,92.29614981318349,88.1336610251949,3
48.50323354890326,91.20718987027448,87.62763108444837,3
48.52323488232549,89.72842448266042,86.0285999217558,3
48.54323621574771,89.45287769383293,83.0757476476184,3
48.56323754916994,87.77418442196847,81.12343131208524,3
48.58323888259217,89.1841557639219,81.90362200681473,3
48.6032402160144,89.07410999119155,81.63175797054376,3
48.62324154943663,93.74964202530957,84.15812753543067,3
48.64324288285886,89.63360731441405,82.6437801393601,3
48.663244216281086,90.2201758073016,82.63865076354179,3
48.683245549703315,90.31583135442355,82.08077933022983,3
48.70324688312554,80.72006051743868,74.70703803747473,3
48.723248216547766,82.75466308491644,74.46705288965498,3
48.743249549969995,81.3937201445751,74.88217473290999,3
48.763250883392224,75.65066469088244,67.0330944330125,3
48.783252216814454,79.99386005084614,70.16642809136765,3
48.80325355023668,78.18063505700175,68.7599450001439,3
48.82325488365891,74.32486172633577,65.81366656294603,3
48.843256217081134,76.10204806539885,67.63211468240685,3
48.86325755050336,74.23948509613294,65.05841301866342,3
48.88325888392559,69.65307916027604,59.940246563990655,3
48.90326021734782,67.7288533073253,56.96815962505063,3
48.92326155077005,63.31836045020599,54.40191090235762,3
48.94326288419228,59.5273428725424,48.68589047634142,3
48.96326421761451,57.240199053052336,47.8135632344484,3
48.98326555103674,55.58852564744254,48.2246327045693,3
49.00326688445896,54.40315039095498,44.50893267213502,3
49.02326821788119,53.49756600159662,43.76728766165964,3
49.04326955130342,54.87939507354996,44.17624920783253,3
49.06327088472565,53.6932644813863,46.12107162355189,3
49.083272218147876,47.92111556625062,40.43200993767309,3
49.103273551570105,49.610490141038845,41.54207382664743,3
49.123274884992334,36.80120551059553,28.404130859377737,3
49.143276218414556,38.87843714097867,26.972095309085663,3
49.163277551836785,40.23130740491096,32.86578641458149,3
49.183278885259014,35.649418247932466,27.048568127844216,3
49.20328021868124,38.9805696997129,29.062687625470588,3
49.22328155210347,37.750323842101466,30.62558168778977,3
49.2432828855257,39.06648684098131,32.50847267723108,3
49.26328421894793,38.280532770125305,28.93725708375201,3
49.28328555237016,29.948558780013997,22.38457227216967,3
49.30328688579238,28.781724429164885,20.313560234959944,3
49.32328821921461,24.693341233936128,16.09607705743381,3
49.34328955263684,23.064147893994274,14.426219000429679,3
49.36329088605907,22.22512230786421,13.5060675865119,3
49.3832922194813,27.62601600682663,20.341930166987844,3
49.40329355290353,26.38429338021803,18.72608103967656,3
49.423294886325756,23.838110826934976,16.585568680738312,3
49.44329621974798,27.79984154123547,19.10617822511174,3
49.46329755317021,25.841392603031885,19.310918164562874,3
49.483298886592436,17.87598729564248,13.655950638730914,3
49.503300220014665,21.442738922958068,16.108485761756132,3
49.523301553436895,20.611551907356528,14.335234810255994,3
49.543302886859124,17.45398808925681,10.663862223516478,3
49.56330422028135,18.66875195828348,15.304320139658753,3
49.58330555370358,21.258165175904956,16.635755352667456,3
49.603306887125804,25.211251921248923,18.186861565686044,3
49.62330822054803,30.206606177443135,24.106182281788936,3
49.64330955397026,27.800331437652936,25.315568116498955,3
49.66331088739249,29.249487762904327,26.086615480979717,3
49.68331222081472,30.876862023208208,28.271385072350675,3
49.70331355423695,26.763946781191294,24.317345721636883,3
49.72331488765918,27.853813748922356,26.22403959920441,3
49.7433162210814,30.849092851762997,28.045342299465503,3
49.76331755450363,32.49830806901549,29.842452838817785,3
49.78331888792586,34.25706095991485,30.05937543545691,3
49.80332022134809,43.85858053188682,38.18830070355558,3
49.82332155477032,40.87323364874171,36.39007400065199,3
49.843322888192546,44.26571508769593,39.24818078735805,3
49.863324221614775,49.86384588257874,47.95740707695391,3
49.883325555037004,48.464863959400915,46.21731187057009,3
49.903326888459226,47.229208622400556,43.822760637345894,3
49.923328221881455,42.96774659632982,42.61171528461583,3
49.943329555303684,46.35584320718192,42.71548999080542,3
49.96333088872591,52.447209477982476,50.225064375681306,3
49.98333222214814,53.85444260410063,50.24693632339238,3
50.00333355557037,58.91745403212557,56.14269904590181,3
50.0233348889926,59.77121799834454,59.87407109233787,3
50.04333622241482,65.92804566881246,62.43546790331934,3
50.06333755583705,66.94963698118353,62.799553162210984,3
50.08333888925928,69.84742155489879,67.21557840505795,3
50.10334022268151,68.23979215899004,68.60450034091106,3
50.12334155610374,71.2058484562049,66.4963760101395,3
50.14334288952597,69.90046779870444,67.50571682391441,3
50.1633442229482,65.38642969383118,61.607557887951344,3
50.183345556370426,77.0671537483849,73.55698588889445,3
50.20334688979265,82.05002341341226,80.45747153114944,3
50.22334822321488,83.02984656128584,80.06330362069608,3
50.243349556637106,82.2386967019248,79.38285127684756,3
50.263350890059336,85.5010635103225,80.08232807611732,3
50.283352223481565,84.40603116986824,82.9227273713788,3
50.303353556903794,84.96927695898863,79.65853402771205,3
50.32335489032602,84.58877033160658,79.76231219223824,3
50.343356223748245,85.93663151332161,82.37929024312761,3
50.363357557170474,89.4188737512684,85.68396078262558,3
50.3833588905927,86.59602580845375,80.46038405384643,3
50.40336022401493,89.27480671683713,85.32666305305305,3
50.42336155743716,91.19224860595644,85.33116044872969,3
50.44336289085939,90.42737548192666,86.40760145877202,3
50.46336422428162,94.75055176898971,87.53925732144585,3
50.48336555770385,97.06153126191911,90.6586605379044,3
50.50336689112607,89.35171880213053,85.50487028932592,3
50.5233682245483,89.07984209301837,83.83323470881945,3
50.54336955797053,87.63355764355163,82.1848602796085,3
50.56337089139276,90.67439029425398,83.61408475068596,3
50.58337222481499,88.66283485567696,85.0189754218969,3
50.603373558237216,91.47735199031256,82.60578210704765,3
50.623374891659445,94.00675098997614,86.5728744264142,3
50.64337622508167,90.28205845839516,83.2720614991955,3
50.663377558503896,90.57505679851523,82.33481271585158,3
50.683378891926125,89.24837738689425,81.40505321119144,3
50.703380225348354,82.92656809031321,76.76825682365288,3
50.72338155877058,77.94936345933395,72.44559463995341,3
50.74338289219281,80.41516552296474,73.15053997485889,3
50.76338422561504,79.30588028339007,70.55558932522827,3
50.78338555903727,74.11758983574391,63.80101674318627,3
50.80338689245949,80.5188294356643,68.85907664900178,3
50.82338822588172,73.69187719772839,67.41463037419219,3
50.84338955930395,77.09083575145677,69.50912338350692,3
50.86339089272618,75.69686466578453,67.97036130206075,3
50.88339222614841,71.07834561787948,63.33858542284422,3
50.90339355957064,65.44820795724172,56.741565328236874,3
50.92339489299287,64.4831427843041,54.27290443591171,3
50.94339622641509,58.60424512656005,48.42738141085564,3
50.96339755983732,57.43126460634137,49.24581280996707,3
50.98339889325955,57.53794153082613,46.849826393082886,3
51.00340022668178,57.00004678656613,49.177827423458375,3
51.023401560104006,57.090834704440226,48.31749047371322,3
51.043402893526235,51.84421414190378,45.35031292577339,3
51.063404226948464,52.57702770122995,42.90171234117609,3
51.08340556037069,52.6897072048738,44.68973791465464,3
51.103406893792915,41.90534665487198,33.690257813478716,3
51.123408227215144,43.44312162759515,32.30324155443137,3
51.14340956063737,37.1377335103605,30.3673869246805,3
51.1634108940596,39.62933009154807,30.81927195985958,3
51.18341222748183,34.528140413593896,24.227140377337218,3
51.20341356090406,37.45192380951903,28.57207005308672,3
51.22341489432629,34.24728801442575,26.08660890662434,3
51.24341622774851,37.31839802608074,29.23596533974735,3
51.26341756117074,33.86859424014274,24.484190466265677,3
51.28341889459297,29.900212665001067,22.17358908735764,3
51.3034202280152,29.651418763281644,21.4461676468604,3
51.32342156143743,27.597131461984898,20.37853749550656,3
51.34342289485966,23.882331386583022,17.217140361854412,3
51.363424228281886,25.076449256388102,16.851566922524093,3
51.383425561704115,26.74198009095278,19.299173314335118,3
51.40342689512634,22.96115859898436,16.769396792395366,3
51.423428228548566,26.663773298224967,19.546456677561256,3
51.443429561970795,24.686288998113803,20.446253119800467,3
51.463430895393024,24.80882521188429,20.23881933316937,3
51.48343222881525,25.606329880965383,18.011030295124556,3
51.50343356223748,22.311708897838027,15.529386097612084,3
51.52343489565971,21.378359173289613,16.427088646016756,3
51.543436229081934,21.55869149104445,17.729549565128956,3
51.56343756250416,15.980260514193702,13.53923814041925,3
51.58343889592639,21.99082512247204,17.139536144038814,3
51.60344022934862,27.844491840338314,20.685258073725237,3
51.62344156277085,27.457031050622547,22.736721340673853,3
51.64344289619308,26.559935854289332,21.592244370329247,3
51.66344422961531,29.114098341841842,24.641714596965144,3
51.68344556303754,29.16566882270246,24.549599362127207,3
51.70344689645976,30.508507807176734,27.45727947124663,3
51.72344822988199,26.311120684515437,23.17831377477723,3
51.74344956330422,30.347173866566546,26.479669772834765,3
51.76345089672645,26.30942737374667,22.640979653501226,3
51.783452230148676,36.31826709650049,32.43994749072897,3
51.803453563570905,39.066840006731375,34.1497939192216,3
51.823454896993134,41.47188445720665,36.64837360182446,3
51.843456230415356,41.59744963553098,40.179929331887806,3
51.863457563837585,45.42446516384094,41.47876629631931,3
51.883458897259814,45.88939628614363,43.638581354959534,3
51.90346023068204,47.943242080939825,43.808318029316325,3
51.92346156410427,49.919998499776874,47.12869977051833,3
51.9434628975265,52.81431669826727,49.049952696847,3
51.96346423094873,50.440273220599146,48.463955444169116,3
51.98346556437096,52.32667998136638,48.239571760903075,3
52.00346689779318,55.31768186922387,55.08578049844243,3
52.02346823121541,62.611553576967516,60.25040943020419,3
52.04346956463764,62.79501507747966,59.67090565255736,3
52.06347089805987,69.54581630238454,66.35534311980092,3
52.0834722314821,65.96184993342295,64.30891474896947,3
52.10347356490433,65.95192118045736,64.65135468664609,3
52.123474898326556,68.29874850178987,64.71425955261728,3
52.14347623174878,72.92143247374557,70.26760220784315,3
52.16347756517101,75.72403384358084,71.5539626876374,3
52.183478898593236,73.90565209047635,69.20952919440656,3
52.203480232015465,78.96640160604466,76.14095523671612,3
52.223481565437694,78.88082705408495,76.09011777927078,3
52.243482898859924,86.54679101118526,82.33557345289316,3
52.26348423228215,83.02042731478659,82.46065348425363,3
52.28348556570438,84.36136828570861,80.2991395886306,3
52.303486899126604,86.13567500477278,82.09108158049258,3
52.32348823254883,86.01915372677983,81.51872959609865,3
52.34348956597106,86.05283288551861,79.47417314522093,3
52.36349089939329,87.22937701138827,80.49319336586917,3
52.38349223281552,89.5179269517254,84.95090838016344,3
52.40349356623775,91.33919616429687,85.18967528421096,3
52.42349489965998,95.21978101565769,88.29341780496128,3
52.4434962330822,89.29235765339355,86.34497655598611,3
52.46349756650443,95.53297567128979,90.3452996202442,3
52.48349889992666,94.55092563245651,86.72201568463585,3
52.50350023334889,92.28313778739245,88.01544235237577,3
52.52350156677112,89.5213207630191,83.082211952164,3
52.543502900193346,89.11506146053541,84.59536249828317,3
52.563504233615575,89.34377961048735,84.70101508614697,3
52.583505567037804,89.87379298378076,84.24640625278096,3
52.603506900460026,90.79521035430483,83.55035420846453,3
52.623508233882255,83.8156946282584,76.65208481235345,3
52.643509567304484,90.68958163604027,84.72478634939098,3
52.66351090072671,91.20518683025472,85.40337544459574,3
52.68351223414894,88.13451325707055,80.88179900980745,3
52.70351356757117,85.764418975964,75.5525600221971,3
52.7235149009934,83.89010368502144,74.30181324633656,3
52.74351623441562,78.88381476788585,68.98245459484038,3
52.76351756783785,77.53688352319384,65.90301673240282,3
52.78351890126008,73.19400873417642,65.3573146891701,3
52.80352023468231,74.22862701061236,65.9534206842609,3
52.82352156810454,81.75793964760005,71.29071270506195,3
52.84352290152677,75.48423729830697,66.38159719863006,3
52.863524234949,76.53113483426142,68.61399450603437,3
52.883525568371226,70.23967784630993,63.76449055085015,3
52.90352690179345,67.1365786164544,60.852453790294895,3
52.92352823521568,62.47848471166653,52.52238736535564,3
52.943529568637906,61.52815781305319,53.10481829825275,3
52.963530902060135,59.82082924685339,48.952206108361146,3
52.983532235482365,59.51318728275972,51.30635170401135,3
53.003533568904594,54.79536632344826,44.069748232831905,3
53.02353490232682,54.1778730890152,44.61739019947328,3
53.043536235749045,57.48898244123484,45.29939698733323,3
53.063537569171274,50.358765289703506,42.34431902348655,3
53.0835389025935,48.94582368516231,38.779573846636936,3
53.10354023601573,47.300736344425495,39.68192721655061,3
53.12354156943796,40.022714373848075,30.89424730087051,3
53.14354290286019,38.006901192856304,29.696790992287244,3
53.16354423628242,35.85062808346681,27.69826393459121,3
53.18354556970465,32.45619703664562,24.380083278462653,3
53.20354690312687,35.76670101691484,25.62771619255922,3
53.2235482365491,35.44307780627126,28.458350213570405,3
53.24354956997133,34.56726806878307,28.38616225036203,3
53.26355090339356,29.807588772392847,22.946539575460474,3
53.28355223681579,28.613090548893545,20.48485037199172,3
53.303553570238016,30.978362279086877,21.5854223167723,3
53.323554903660245,27.37247929829931,19.699758518397914,3
53.34355623708247,25.429142734083456,17.58366367366916,3
53.363557570504696,25.870062564977644,16.219143183874266,3
53.383558903926925,21.563598889153464,12.740892159060417,3
53.403560237349154,23.06484313715974,16.63733104162661,3
53.42356157077138,23.97463584600574,16.56756798334501,3
53.44356290419361,26.802768331616512,19.389440680926775,3
53.46356423761584,25.594868915311398,20.080216147662306,3
53.48356557103807,23.40511996089842,17.394763930655323,3
53.50356690446029,22.575803627002635,18.179459361186296,3
53.52356823788252,22.640320739647418,18.433941351980078,3
53.54356957130475,18.53831208685653,13.72480287158725,3
53.56357090472698,18.013352491361115,11.463322985609027,3
53.58357223814921,26.326867932140924,21.725383967620136,3
53.60357357157144,21.396987236660824,17.029609567816912,3
53.62357490499367,26.62417325758145,23.092491804890958,3
53.64357623841589,29.27252358743708,22.3402014594663,3
53.66357757183812,31.47046880417973,26.431058735592508,3
53.68357890526035,29.053212822834013,25.335293261927838,3
53.70358023868258,25.59087227449241,23.330351031151377,3
53.723581572104806,27.373312419370055,24.49105044030222,3
53.743582905527035,26.795115875665925,24.888317429107296,3
53.763584238949264,33.49511451881827,27.882485208039633,3
53.78358557237149,33.51333501777786,28.81025160451452,3
53.803586905793715,38.731629609040304,35.79111894111002,3
53.823588239215944,41.20264982368015,39.20136902560875,3
53.84358957263817,43.47173839261962,43.105375044812035,3
53.8635909060604,40.40656051217532,39.594167493497544,3
53.88359223948263,44.83714447650067,41.33882875906442,3
53.90359357290486,43.17083246291348,43.64002394579164,3
53.92359490632709,48.75330551290873,44.90262114340684,3
53.94359623974931,43.63909813093243,41.639467737930005,3
53.96359757317154,52.12746847931401,47.30722365941869,3
53.98359890659377,49.75809067570272,46.9776999990616,3
54.003600240016,62.59062287641958,56.660497803316765,3
54.02360157343823,63.308953561267096,60.34804346614297,3
54.04360290686046,64.26857381412206,62.78635764992365,3
54.063604240282686,66.07717296869751,62.0911465789181,3
54.083605573704915,70.24185916862619,68.02184659987016,3
54.10360690712714,69.52983185173602,66.17529122823373,3
54.123608240549366,61.79270563708079,61.29305363974343,3
54.143609573971595,70.85060416394175,69.3431305845347,3
54.163610907393824,72.85931157161573,70.1108225616589,3
54.18361224081605,73.49836756604033,70.11241878152347,3
54.20361357423828,74.49564167588252,72.08293527330424,3
54.22361490766051,79.8604610335741,76.54771203142397,3
54.243616241082734,83.38929224903937,80.96837193462085,3
54.26361757450496,87.52474829378782,84.5973061850262,3
54.28361890792719,88.01026307479992,85.59094560727965,3
54.30362024134942,86.08552532588791,81.42121752371797,3
54.32362157477165,85.03432947774823,82.49179012328804,3
54.34362290819388,82.20927237717468,78.4794953771891,3
54.36362424161611,82.88377998135019,79.74300159734699,3
54.38362557503834,87.7541207675058,80.23759449654416,3
54.40362690846056,93.09644619634535,86.56844919151824,3
54.42362824188279,90.63610546384375,86.45542895710582,3
54.44362957530502,90.18015887612833,85.43273624498295,3
54.46363090872725,96.79216317892458,89.19593147326155,3
54.483632242149476,95.69601910693228,90.10890635553439,3
54.503633575571705,90.49812869057455,85.8040340756808,3
54.523634908993934,91.62542927295404,84.0457946356261,3
54.543636242416156,88.38391857548345,80.89707409500652,3
54.563637575838385,85.10027155602407,81.26421006812704,3
54.583638909260614,87.1787256041105,80.86423065901762,3
54.60364024268284,91.88940049574403,83.55323631898956,3
54.62364157610507,89.80442249627673,85.04752029536813,3
54.6436429095273,90.2081471161853,84.51529202457117,3
54.66364424294953,87.44992769210673,80.74841791891791,3
54.68364557637176,87.14424222834492,80.39022383024613,3
54.70364690979398,85.659397639946,77.46540213316494,3
54.72364824321621,82.09445122432655,73.56314672299855,3
54.74364957663844,78.77624707045845,71.65979951484402,3
54.76365091006067,79.23994394746207,70.86815513958118,3
54.7836522434829,74.24847482377884,66.67731855986082,3
54.80365357690513,76.02192949014253,68.06740700641265,3
54.823654910327356,77.49509879293436,67.55236831166211,3
54.84365624374958,74.30546288391619,65.62707839408483,3
54.86365757717181,74.51720777526947,66.49941224513624,3
54.883658910594036,71.09360630297328,63.33948637472891,3
54.903660244016265,68.90006604336374,57.66687670115314,3
54.923661577438494,59.30026494996459,51.35943134972288,3
54.94366291086072,60.92097974188736,52.80542295896767,3
54.96366424428295,61.68624056120174,50.59923409821616,3
54.98366557770518,59.752208228196366,51.132476738450116,3
55.003666911127404,57.214336813805076,49.46096903172485,3
55.02366824454963,59.07236211954416,48.543548379585566,3
55.04366957797186,58.76824565638889,48.459918666623054,3
55.06367091139409,52.792132739753946,41.31901919113137,3
55.08367224481632,44.75187074697875,34.823945975866636,3
55.10367357823855,44.36031103432129,37.01986100840873,3
55.12367491166078,44.50842706281908,34.00780533638761,3
55.143676245083,42.40292795414291,35.19591117811883,3
55.16367757850523,36.95056681929838,26.99936084907696,3
55.18367891192746,34.664323824421764,27.345780655815073,3
55.20368024534969,37.208091906927415,28.58215311261194,3
55.22368157877192,29.54692144235037,23.71215406000676,3
55.243682912194146,34.349867691622805,26.017322816192998,3
55.263684245616375,36.726958971675536,28.166109565335184,3
55.283685579038604,31.84298312769745,25.677456972177655,3
55.303686912460826,30.85880816396172,23.903568079023984,3
55.323688245883055,23.63388989433144,17.338358429093113,3
55.343689579305284,19.758217564576917,12.465073308621374,3
55.36369091272751,17.424682818813043,10.88907587280922,3
55.38369224614974,23.30511932194405,14.303231884524628,3
55.40369357957197,24.529241315986194,16.801046312167852,3
55.4236949129942,23.820228604141104,16.64010205996444,3
55.44369624641642,26.123093101986473,19.573675853285955,3
55.46369757983865,25.390920765143456,17.228534650859054,3
55.48369891326088,22.154063574647402,15.99409115441431,3
55.50370024668311,21.270931972857536,13.773652341743984,3
55.52370158010534,18.509713807572194,13.181946961729668,3
55.54370291352757,21.070035172603333,16.73385621655487,3
55.5637042469498,21.261205626000848,15.168978107973475,3
55.583705580372026,23.305651673054562,18.45097520820846,3
55.60370691379425,23.982461824817094,20.20123112371759,3
55.62370824721648,24.718669554903236,21.361570569146163,3
55.643709580638706,28.544938354650633,23.501290364628435,3
55.663710914060935,28.18311322898412,24.290544784030224,3
55.683712247483165,28.600968238780123,25.31857538768308,3
55.703713580905394,24.632040891838816,21.645416167623736,3
55.72371491432762,25.686533916890262,23.579588913090824,3
55.743716247749845,28.291523306829042,24.704716625463412,3
55.763717581172074,31.313678521106112,29.289492533171114,3
55.7837189145943,31.0509484652026,26.757968614069558,3
55.80372024801653,39.033891396423066,36.01473372333213,3
55.82372158143876,46.1568100558436,41.72615494408241,3
55.84372291486099,42.64727675640051,41.93351013083423,3
55.86372424828322,42.32512341330573,39.18446770195229,3
55.88372558170545,45.314768903899164,43.16029052102245,3
55.90372691512767,45.64636014143074,43.63296131053415,3
55.9237282485499,44.99765327541113,42.93758426890155,3
55.94372958197213,50.552731346291765,46.49629174726327,3
55.96373091539436,49.36219008784216,48.778979722833505,3
55.98373224881659,54.0833530062846,53.16225945058966,3
56.003733582238816,58.76079755178002,55.89520017317518,3
56.023734915661045,56.47679217233923,55.77897127528572,3
56.04373624908327,65.20463256843462,64.25094135706414,3
56.063737582505496,63.39046249122475,62.86658976391462,3
56.083738915927725,71.46702925675841,67.78840794658639,3
56.103740249349954,67.83300524628656,64.69758072217587,3
56.12374158277218,71.8170247918772,68.768132378702,3
56.14374291619441,65.6415601577516,64.74161159549816,3
56.16374424961664,74.07535346323037,70.18486268175177,3
56.18374558303887,73.02479154078146,70.14124069643997,3
56.20374691646109,78.0654649115388,74.359519101208,3
56.22374824988332,84.81913964417572,83.28912441034106,3
56.24374958330555,84.82332491889332,80.79626733130732,3
56.26375091672778,85.01021788611503,79.4356193021297,3
56.28375225015001,89.50830968280357,85.94507698198656,3
56.30375358357224,86.46195271441437,82.34767369046541,3
56.32375491699447,85.89141366430412,82.58941260572713,3
56.34375625041669,82.92434536581173,81.73638928657815,3
56.36375758383892,87.83275626373005,82.47319262972012,3
56.38375891726115,88.00632682331894,83.10754293890555,3
56.403760250683376,92.80865183461628,85.92526272242765,3
56.423761584105605,95.93627209474229,92.7193946074618,3
56.443762917527835,95.10356177377275,91.4027036793714,3
56.463764250950064,93.78521996566431,86.44193064015053,3
56.48376558437229,95.69401891424856,89.15333456025806,3
56.503766917794515,90.6399985943698,86.20527180574788,3
56.523768251216744,88.94265026799295,84.01723632185029,3
56.54376958463897,92.35269984114305,87.74694203002069,3
56.5637709180612,86.81970179047336,77.77916301653612,3
56.58377225148343,87.26410016214304,81.3678952775099,3
56.60377358490566,86.90658416522507,79.99668155178226,3
56.62377491832789,93.93200897409146,84.24815386693062,3
56.64377625175011,93.81507374077812,86.60517150458358,3
56.66377758517234,90.20551164518902,84.02384117620446,3
56.68377891859457,85.81680166944587,80.2200543687947,3
56.7037802520168,80.2880027050465,73.2972216829648,3
56.72378158543903,78.01422101215482,68.21313244396177,3
56.74378291886126,78.97626186141221,70.1720455679611,3
56.763784252283486,74.16358370714018,66.25553936614669,3
56.783785585705715,77.78423145184492,68.31640206564619,3
56.80378691912794,81.58991274924053,71.50819650075563,3
56.823788252550166,77.60230600116358,68.83263184325813,3
56.843789585972395,75.3993883963675,68.51913845448578,3
56.863790919394624,74.95046803977208,66.44986348348291,3
56.88379225281685,72.4603059982319,64.00104320710454,3
56.90379358623908,67.67397986677832,60.13167100143346,3
56.92379491966131,65.49693909100088,56.38078779916342,3
56.94379625308353,63.235121474482426,53.286538792184025,3
56.96379758650576,58.20103748765672,50.21312612819005,3
56.98379891992799,55.27426819526283,48.245894644187274,3
57.00380025335022,59.20888779742433,48.4025999431503,3
57.02380158677245,57.65027603945809,47.00851501052554,3
57.04380292019468,55.695119605682706,45.540183609428986,3
57.06380425361691,53.3717426121395,45.855024600527386,3
57.08380558703914,51.67356651068725,40.40785243631323,3
57.10380692046136,44.687546885122075,35.541088800795734,3
57.12380825388359,41.69054918245684,33.59242175665884,3
57.14380958730582,41.59660485338998,33.2980087259404,3
57.16381092072805,39.797960797223396,30.824764436447705,3
57.183812254150276,35.17844452679429,27.09685819191897,3
57.203813587572505,37.5283984515417,27.879740693031163,3
57.223814920994734,37.3892037856749,29.050649946501427,3
57.243816254416956,39.89497791955917,30.756904093161516,3
57.263817587839185,28.911526914586798,21.214342684591266,3
57.283818921261414,32.144234762835026,25.247391833793436,3
57.30382025468364,30.705561852897077,24.625095931479834,3
57.32382158810587,28.138458821872167,18.28694795061693,3
57.3438229215281,25.42947419739248,16.142377278931146,3
57.36382425495033,24.458599120950282,17.4099150324039,3
57.38382558837256,23.30997694542384,16.572139286725665,3
57.40382692179478,28.4374255916945,21.035115800862652,3
57.42382825521701,23.476082574211006,19.014493595433727,3
57.44382958863924,26.213896720750647,20.749960742726156,3
57.46383092206147,21.805425143191343,15.90900540238907,3
57.4838322554837,22.398140979618553,15.336287887267536,3
57.50383358890593,19.203993570971136,14.703328308119843,3
57.523834922328156,18.896491682310877,16.122362217617663,3
57.54383625575038,20.904982316938728,17.059408907101165,3
57.56383758917261,19.352179488253363,13.066523980996198,3
57.583838922594836,21.48716066896186,16.973699472590187,3
57.603840256017065,23.58070271653327,20.842919104682164,3
57.623841589439294,28.360676954943454,24.27858282213532,3
57.64384292286152,27.986069942983534,23.84320699335839,3
57.66384425628375,32.574248827494365,27.584774928707375,3
57.68384558970598,31.790311816836837,27.249973816900035,3
57.703846923128204,29.167529092737137,24.299565009950985,3
57.72384825655043,29.637487032850007,26.78376612320842,3
57.74384958997266,29.501283716802547,25.08901370442029,3
57.76385092339489,32.13777770254207,28.884989651609793,3
57.78385225681712,32.24890871831861,29.950169917086736,3
57.80385359023935,37.860136876072325,32.64975774791221,3
57.82385492366158,42.71983344683266,42.950838778055136,3
57.8438562570838,44.02445284041521,44.86033666407117,3
57.86385759050603,45.91034956407959,43.8255955394258,3
57.88385892392826,45.18955974783301,42.35920746035153,3
57.90386025735049,43.553042690968255,41.86471869508479,3
57.92386159077272,51.2314772080402,49.37480687567723,3
57.943862924194946,48.66714013880012,46.31180124082787,3
57.963864257617175,52.92312707940943,48.538579610504925,3
57.983865591039404,56.082569090352294,53.151743931102445,3
58.003866924461626,58.87717478416366,53.51039229962803,3
58.023868257883855,58.32638470479719,56.488986886667284,3
58.043869591306084,63.66691586833723,62.191530064045445,3
58.06387092472831,64.1374767513365,63.1939695379977,3
58.08387225815054,67.85574322877028,68.78586193973948,3
58.10387359157277,68.166314220643,65.97883282803959,3
58.123874924995,65.8415807594399,66.34271267881762,3
58.14387625841722,69.98664867296598,67.76392953873847,3
58.16387759183945,71.61094097255666,67.16022165112406,3
58.18387892526168,69.90099591086516,65.32019172705151,3
58.20388025868391,73.30835244827004,70.44862673318873,3
58.22388159210614,83.38383223077388,83.33058850173772,3
58.24388292552837,84.56108441377842,80.33641904446115,3
58.2638842589506,85.97608653399963,84.6906428121362,3
58.283885592372826,86.31222138026077,81.22305426441011,3
58.30388692579505,83.9172786671401,81.31814128121232,3
58.32388825921728,87.11788068490878,84.3575136826512,3
58.343889592639506,82.18046228217544,80.46480482574019,3
58.363890926061735,89.78430063214694,84.16951056020443,3
58.383892259483964,88.44222044598456,82.45499419683068,3
58.40389359290619,92.95268634710963,87.38817923502667,3
58.42389492632842,90.17679612637168,86.45817732279129,3
58.443896259750645,93.43804705608251,88.23904865685756,3
58.463897593172874,93.36839702232025,89.84115558870421,3
58.4838989265951,90.9780682230818,85.45933333386246,3
58.50390026001733,88.51694455317971,83.67385379618705,3
58.52390159343956,89.35038700180009,85.07345974814636,3
58.54390292686179,89.1245049148953,83.49311722562159,3
58.56390426028402,87.683219561246,81.35431886194993,3
58.58390559370625,88.02555731221437,79.57305649874118,3
58.60390692712847,92.27354040736363,87.05815729569672,3
58.6239082605507,90.46704217461962,84.85778770749764,3
58.64390959397293,90.40398496609826,83.43560373517458,3
58.66391092739516,88.81830828964219,82.15796080367589,3
58.68391226081739,89.84156618084594,81.751281560047,3
58.703913594239616,84.21762519788307,73.44673218439411,3
58.723914927661845,80.84808469695577,73.57448126740059,3
58.74391626108407,79.59729516232463,70.32787382120455,3
58.763917594506296,82.90016542971865,76.41397855342778,3
58.783918927928525,73.12313874414555,65.388062075319,3
58.803920261350754,75.85091732723322,68.80280289113674,3
58.82392159477298,76.83019624973217,69.20719459786703,3
58.84392292819521,75.69855699790078,65.19002985445297,3
58.86392426161744,75.64965577402428,67.59857226345177,3
58.88392559503967,67.9267764095685,60.66016207629477,3
58.90392692846189,70.62299950020875,59.9722229196217,3
58.92392826188412,64.24201846512855,53.322361777796516,3
58.94392959530635,60.415792846737155,51.176750070539924,3
58.96393092872858,60.085178277499786,51.99174135834897,3
58.98393226215081,59.883690313495755,48.850832193902974,3
59.00393359557304,60.28873578405265,49.40356757109164,3
59.02393492899527,54.477286992970186,46.30821428152754,3
59.04393626241749,56.75807175442283,46.22106801229932,3
59.06393759583972,52.92091106032681,45.384664411515224,3
59.08393892926195,47.79447105962129,38.52281095809545,3
59.103940262684176,46.1220076128117,36.72765330745224,3
59.123941596106405,42.40203333365613,35.16794262359118,3
59.143942929528635,35.79848041425732,27.481502768415165,3
59.163944262950864,36.46799318461834,28.450789321491218,3
59.18394559637309,36.40060753396969,28.081572113652868,3
59.203946929795315,32.21053644694806,24.767340283731468,3
59.223948263217544,33.15613842009178,25.02724707676072,3
59.24394959663977,38.370100826227535,28.09398437520953,3
59.263950930062,33.85203130355091,27.951008894190288,3
59.28395226348423,30.478936065260363,22.304210371846974,3
59.30395359690646,27.04499744346142,17.51053380025283,3
59.32395493032869,26.62898105139595,18.163269596285154,3
59.34395626375091,28.689013506231042,19.379082708220768,3
59.36395759717314,22.51502956980276,17.616979534336764,3
59.38395893059537,22.839062674915304,13.126309819011059,3
59.4039602640176,20.495686735065597,13.90148758107626,3
59.42396159743983,26.788527779538153,20.129314750082695,3
59.44396293086206,27.429258414290764,22.699968014248185,3
59.463964264284286,29.429053812573034,22.717001354154196,3
59.483965597706515,25.91921701434889,18.499554476057405,3
59.50396693112874,21.061405101740494,15.46248960898085,3
59.523968264550966,22.217360506480617,17.63493353567585,3
59.543969597973195,21.5839280064301,15.64695637393896,3
59.563970931395424,20.767439159352627,18.28077491365478,3
59.58397226481765,21.552907656384402,18.073067176642354,3
59.60397359823988,25.871383528016363,19.912808675759983,3
59.62397493166211,24.6648409732236,21.5011781825871,3
59.64397626508433,30.591702899675152,24.773967051775152,3
59.66397759850656,28.475887574883057,24.62102075011212,3
59.68397893192879,28.312488632248563,23.501364185642032,3
59.70398026535102,27.350968165587066,23.952909507610077,3
59.72398159877325,28.269514055479416,22.613082131988115,3
59.74398293219548,27.30698851431048,22.431526657554926,3
59.76398426561771,28.85611013686805,26.10957695492008,3
59.78398559903994,32.84953467855517,29.311318137593016,3
59.80398693246216,36.0427875260467,31.985927971099073,3
59.82398826588439,39.83668048831869,38.98742672825743,3
59.84398959930662,45.07650086139599,43.88339155974502,3
59.863990932728846,46.62558071223686,43.79490647784326,3
59.883992266151076,49.100169694547375,44.08028949950582,3
59.903993599573305,46.51585885923291,44.1129435301671,3
59.923994932995534,49.50453241131825,47.702776675618686,3
59.943996266417756,47.62990854003559,44.83190357284981,3
59.963997599839985,46.48369376540897,45.98286072479783,3
59.983998933262214,56.416816386462465,54.6755308966988,3
60.00400026668444,53.12978978841807,49.738151927847916,3
60.02400160010667,60.99793999587939,58.21420525532065,3
60.0440029335289,65.43501948546806,62.912427520446556,3
60.06400426695113,65.65467086865044,63.49231616963147,3
60.08400560037336,69.89277030181012,66.61418390239216,3
60.10400693379558,68.9385646977247,66.35467273292429,3
60.12400826721781,69.3744476905145,63.1891546920761,3
60.14400960064004,70.05798858085713,69.1037416546621,3
60.16401093406227,70.41449637532764,65.65782173149948,3
60.1840122674845,75.1289687302533,72.00716749898402,3
60.20401360090673,78.18891144061976,73.34862548683738,3
60.224014934328956,81.07259541459432,77.40831904044175,3
60.24401626775118,81.98099105506415,79.9830058055415,3
60.26401760117341,88.86706376569272,85.53345889356352,3
60.284018934595636,88.39478183054636,86.38938606796343,3
60.304020268017865,83.42454745300152,80.66517958099934,3
60.324021601440094,81.97022582869059,79.80616246728619,3
60.34402293486232,87.75545078222255,83.59631016572844,3
60.36402426828455,85.14175857125618,80.34592080759145,3
60.38402560170678,86.25149165128369,83.20854649307196,3
60.404026935129004,90.92277135515609,88.19948357778436,3
60.42402826855123,88.93646659689675,85.84026418517965,3
60.44402960197346,96.75931264493374,89.0533858239715,3
60.46403093539569,95.04705212005639,88.93539901725309,3
60.48403226881792,94.1554582446541,87.84653017786667,3
60.50403360224015,91.47655228748391,83.2720446686111,3
60.52403493566238,90.49642149800863,83.7963178830099,3
60.5440362690846,92.30469787991707,85.36149489870868,3
60.56403760250683,89.59252876422555,82.92310325165604,3
60.58403893592906,89.45375655367404,81.83013865174883,3
60.60404026935129,92.22013873212317,86.55454276300756,3
60.62404160277352,87.30378120606547,82.12998207098968,3
60.644042936195746,90.21686572116248,80.44732106882051,3
60.664044269617975,90.3307334006505,84.44521410973171,3
60.684045603040204,84.80414846415624,77.60392435810253,3
60.704046936462426,89.57628905991655,79.33889099599253,3
60.724048269884655,79.40713489260914,70.65778659549262,3
60.744049603306884,78.32822436904789,69.63860855697527,3
60.76405093672911,79.95868633171696,72.65188812125427,3
60.78405227015134,77.9293122918589,68.92923568986326,3
60.80405360357357,76.27625304115729,67.94024985411082,3
60.8240549369958,77.80345012850364,69.24788389186519,3
60.84405627041802,74.54866509859754,67.26833250343434,3
60.86405760384025,73.82087967336291,66.3028354635565,3
60.88405893726248,69.08162929663574,61.359282772887084,3
60.90406027068471,69.11110724716669,61.265715456402546,3
60.92406160410694,62.84307295549091,52.6800773580784,3
60.94406293752917,65.68146598705457,54.863615546988775,3
60.9640642709514,58.856182419155544,48.86956746037626,3
60.984065604373626,56.5948839818652,48.13079887052923,3
61.00406693779585,57.82014913835165,50.72198533108835,3
61.02406827121808,57.76636423273049,47.8161472689956,3
61.044069604640306,59.964728569878396,51.045604908122804,3
61.064070938062535,53.82901372090125,45.84100364780967,3
61.084072271484764,49.71376206628719,39.00257813677343,3
61.10407360490699,42.5090961348721,36.254131996836925,3
61.12407493832922,40.86926539861738,31.644159027648094,3
61.144076271751445,39.69701509673767,31.777846023366255,3
61.164077605173674,35.03326162674032,25.09629455730533,3
61.1840789385959,37.18692545695869,27.781758958349524,3
61.20408027201813,36.13155473918739,29.1575104001773,3
61.22408160544036,37.8162954550613,29.96797211175398,3
61.24408293886259,36.252796476485,27.53524814024076,3
61.26408427228482,34.611876805601,26.56700922525111,3
61.28408560570705,31.320690018192874,26.156261234886806,3
61.30408693912927,32.66175749807962,24.109200872431654,3
61.3240882725515,27.183704221701856,17.306801222282996,3
61.34408960597373,22.017355281576343,18.834521362487376,3
61.36409093939596,24.120507097807952,15.034190396351276,3
61.38409227281819,23.419935994224957,15.98146132790101,3
61.404093606240416,22.136044915532267,17.35581614116768,3
61.424094939662645,26.270558839912955,18.79561376304291,3
61.44409627308487,22.855964357074182,18.333645538861475,3
61.464097606507096,23.93864560772568,18.42449059432148,3
61.484098939929325,28.585852321225644,19.403028077403732,3
61.504100273351554,19.409699753920048,14.554821813257057,3
61.52410160677378,19.854434213443856,15.678534893113204,3
61.54410294019601,18.48898106949295,15.469438713702155,3
61.56410427361824,18.01052452964682,15.039809651590426,3
61.58410560704047,23.44148342176272,18.68580458127777,3
61.60410694046269,24.02055631323435,20.33141590828875,3
61.62410827388492,28.340279099670195,21.06458368690007,3
61.64410960730715,30.338417105305854,27.01977275032845,3
61.66411094072938,26.41061197073921,23.882369387350863,3
61.68411227415161,30.56397624773074,27.608782790953967,3
61.70411360757384,31.59537496785187,27.249270547542533,3
61.72411494099607,31.83367091506395,27.42674035374486,3
61.744116274418296,25.857367006446754,24.56796254954759,3
61.76411760784052,27.453462811719668,25.936651063275047,3
61.78411894126275,33.515219679438566,33.94904158707573,3
61.804120274684976,38.53815396473724,36.11118330614393,3
61.824121608107205,41.073487300644196,42.324786753667404,3
61.844122941529434,40.8986308440419,39.92807122987695,3
61.86412427495166,44.51071774193651,41.626042555175715,3
61.88412560837389,46.9410226607619,41.728139288965096,3
61.904126941796115,44.64697185495295,43.00124116328149,3
61.924128275218344,46.463833383811945,45.802416783059364,3
61.94412960864057,47.24881331875079,44.02575795570066,3
61.9641309420628,47.67469782078852,45.89208223809396,3
61.98413227548503,55.66837067470495,53.04420777192517,3
62.00413360890726,60.18448326337794,56.853030022100235,3
62.02413494232949,62.39744531630206,58.739607451066426,3
62.04413627575172,66.92365117836597,65.54443685108959,3
62.06413760917394,67.47743545012521,66.85088352621166,3
62.08413894259617,64.8551221610476,62.20062414384356,3
62.1041402760184,68.19205221648916,63.958923146751836,3
62.12414160944063,67.2150591335339,66.26067961193115,3
62.14414294286286,72.47660533640152,68.21026027672302,3
62.164144276285086,71.70298561959416,69.40925410867658,3
62.184145609707315,74.35079967370838,70.66148765388476,3
62.20414694312954,82.23561497027615,77.1426888925814,3
62.224148276551766,81.09715268572963,77.31150437744301,3
62.244149609973995,84.69881270374631,80.15187864152159,3
62.264150943396224,83.30753113429597,80.44836489406728,3
62.28415227681845,87.009223110689,84.2165936607791,3
62.30415361024068,83.71150001655644,80.75391382537923,3
62.32415494366291,85.03620505099177,79.52597126679164,3
62.34415627708514,89.45606690802475,82.58737077319644,3
62.36415761050736,84.33062926258336,80.56073438170766,3
62.38415894392959,88.80329766326341,85.26701678032991,3
62.40416027735182,90.70185823506719,85.9282719624464,3
62.42416161077405,93.78274379202873,89.14668643659286,3
62.44416294419628,95.89931792711646,89.60669550534276,3
62.46416427761851,93.20368695955935,88.38288039937244,3
62.48416561104074,95.87861662564426,86.9900592900369,3
62.50416694446296,90.14472633846931,84.58321187258542,3
62.52416827788519,89.78765084519061,85.47888036325416,3
62.54416961130742,87.12889739311008,82.12601788985313,3
62.564170944729646,90.37031532839167,83.50429221558451,3
62.584172278151875,90.08538365709472,81.9770358035298,3
62.604173611574105,91.81015818238743,83.8349180655811,3
62.624174944996334,92.38139277674556,86.01101608607223,3
62.64417627841856,91.27440937766815,83.31723839343991,3
62.664177611840785,91.76454500427519,82.57967006074742,3
62.684178945263014,89.96051498613043,80.074063061977,3
62.70418027868524,85.67071899024782,78.18256407959652,3
62.72418161210747,80.45766818985437,71.09514347764993,3
62.7441829455297,76.61103315487411,68.95810724954276,3
62.76418427895193,75.22000264643047,65.47039710720294,3
62.78418561237416,80.24474220246326,71.06658545610006,3
62.80418694579638,76.96124519904306,69.3498165275943,3
62.82418827921861,77.61279546783304,68.53399708548733,3
62.84418961264084,78.79458338131674,68.50704896590845,3
62.86419094606307,75.3989475095666,66.57420952241523,3
62.8841922794853,69.53375392701766,60.49799581179787,3
62.90419361290753,68.12349692639314,56.085135070678945,3
62.924194946329756,61.71016502234553,51.10163443957455,3
62.944196279751985,60.34091852240025,52.061892304626866,3
62.96419761317421,57.66209034417755,45.858543563922034,3
62.984198946596436,56.956356341937976,50.307783710971215,3
63.004200280018665,52.06061295042582,43.221392144452345,3
63.024201613440894,55.245768827877015,45.625807930460645,3
63.04420294686312,56.06841308229009,47.23884394828026,3
63.06420428028535,50.391420514041684,41.711718580093226,3
63.08420561370758,47.7802676317878,38.853413370942334,3
63.1042069471298,45.4646928243825,37.356879609938346,3
63.12420828055203,43.042029848401626,32.534223109300974,3
63.14420961397426,37.67963113476533,27.69853571707355,3
63.16421094739649,36.031454802134554,28.33562095116795,3
63.18421228081872,37.28081960734754,26.848573890817487,3
63.20421361424095,38.2390577783977,28.88892586744806,3
63.22421494766318,34.15888412125985,29.436044253151152,3
63.24421628108541,33.36817112563707,24.746399314693075,3
63.26421761450763,32.720975806900476,25.271665668435276,3
63.28421894792986,29.162017440980097,21.681254139520473,3
63.30422028135209,28.73180644003447,22.445258588059648,3
63.324221614774316,24.71805741267855,16.422479785391516,3
63.344222948196546,27.365726374779758,20.00937337249301,3
63.364224281618775,24.627494634972777,17.76128421517623,3
63.384225615041004,23.873988421397325,18.691363384164223,3
63.404226948463226,20.88446285024274,14.36924574129197,3
63.424228281885455,26.583052100702023,21.52777433517489,3
63.444229615307684,25.31184213800567,19.655944245965163,3
63.46423094872991,24.966547780926955,21.16492795400358,3
63.48423228215214,24.40781314805699,18.78833046301659,3
63.50423361557437,20.156972741891014,12.27502983968393,3
63.5242349489966,22.292961947518442,14.666900468107052,3
63.54423628241883,19.295887178548636,11.82146157835324,3
63.56423761584105,16.10089391984772,11.752084134312256,3
63.58423894926328,22.183680373456806,18.41079087729074,3
63.60424028268551,28.26223806989711,23.23878329233862,3
63.62424161610774,27.09522690538356,25.35378433073356,3
63.64424294952997,30.909492528168016,25.733906760928978,3
63.6642442829522,26.5467696288847,19.927241603361896,3
63.684245616374426,26.86703740923467,24.02514757366242,3
63.70424694979665,29.489937598407057,24.684072693136162,3
63.72424828321888,27.492263269933677,22.663889477826874,3
63.744249616641106,25.80459572160268,22.67248010319452,3
63.764250950063335,29.41844026224867,27.645590821569726,3
63.784252283485564,33.87179548698859,32.41889843795219,3
63.80425361690779,37.88602808875903,33.73973360584815,3
63.82425495033002,39.33160572609633,36.06033733074401,3
63.84425628375225,45.63887806142026,42.129308988514765,3
63.864257617174474,43.08280088080701,40.52616542269248,3
63.8842589505967,42.698824174924034,40.991377204618054,3
63.90426028401893,47.48400721485109,43.945073408747476,3
63.92426161744116,45.10752685068282,42.51225750089663,3
63.94426295086339,48.71278107484979,45.87594756933309,3
63.96426428428562,53.50907408929685,50.16472232087271,3
63.98426561770785,53.610517349859826,51.17295133697291,3
64.00426695113008,56.60509879995377,52.47582455728733,3
64.0242682845523,58.44896619519586,57.430788284687864,3
64.04426961797454,66.08072505001478,62.868820843210436,3
64.06427095139676,63.46056468913693,63.2273886938461,3
64.08427228481898,65.08395163773002,63.42401354797037,3
64.10427361824121,69.2685590638576,69.27923081357687,3
64.12427495166344,62.30074833435824,62.20086383229661,3
64.14427628508567,66.6377660923397,63.69384482081818,3
64.1642776185079,68.12979855982681,65.48203900448874,3
64.18427895193012,71.02912922195779,68.21059668764686,3
64.20428028535235,82.47043027052376,76.93310725546523,3
64.22428161877458,81.87173265527737,79.71373533026906,3
64.24428295219681,83.17118357901572,79.07775041877781,3
64.26428428561904,88.82327433330373,86.05375057269441,3
64.28428561904127,89.1409949018343,84.3087383938538,3
64.3042869524635,85.7271814396861,83.12230814530125,3
64.32428828588573,83.64619893691025,79.7106898142604,3
64.34428961930796,87.680771551583,81.44018869576851,3
64.36429095273019,83.9433466270095,78.46954996497328,3
64.3842922861524,87.88565683566186,84.59511454574596,3
64.40429361957463,91.77384079719572,85.72127547257648,3
64.42429495299686,97.38963112720906,92.62626274983714,3
64.44429628641909,92.54606658060722,89.68179374376344,3
64.46429761984132,90.80030343138974,86.74419836777354,3
64.48429895326355,92.36213562414028,86.03446807437157,3
64.50430028668578,93.52179751998757,89.08885199273242,3
64.524301620108,89.4423752369539,83.91750932965454,3
64.54430295353023,83.86554851302947,78.87898369877124,3
64.56430428695246,89.44547032750914,82.63276353986011,3
64.58430562037469,88.47432674602337,79.81188410522273,3
64.60430695379692,92.3317333541291,84.75902476158431,3
64.62430828721915,90.63874742740929,80.29031960757524,3
64.64430962064138,89.87541726011645,80.6032676488656,3
64.66431095406361,95.4464099284338,85.78967748966865,3
64.68431228748582,86.14155955824636,77.89988095983526,3
64.70431362090805,86.58538288876876,79.60105022090093,3
64.72431495433028,85.19018101475048,77.05656766280082,3
64.74431628775251,75.97596671979541,69.4527098771535,3
64.76431762117474,75.97032569501295,67.89554707894581,3
64.78431895459697,78.15919632106305,65.8909723699494,3
64.8043202880192,79.37820559569596,71.65356699915401,3
64.82432162144143,75.10496684880317,65.90324036575863,3
64.84432295486366,78.99271797112524,72.26564911888354,3
64.86432428828589,72.23888183213228,65.24466131485995,3
64.88432562170811,71.50485471253161,61.59762547878033,3
64.90432695513034,67.3046701531737,59.47847940496303,3
64.92432828855257,62.7423361277646,53.321099180483166,3
64.9443296219748,60.56200294675881,49.53066318972331,3
64.96433095539703,59.473966960458796,51.792532875712375,3
64.98433228881925,57.39190557817457,45.87557848249178,3
65.00433362224148,57.82754067584115,47.418319592635704,3
65.0243349556637,51.378142151635615,40.03423310983474,3
65.04433628908593,58.16751061683232,50.177630038875215,3
65.06433762250816,54.04785816724748,45.448314618584156,3
65.08433895593039,46.696225911982275,35.57828402613305,3
65.10434028935262,43.29325041107132,34.11931946733414,3
65.12434162277485,41.150641299515705,29.030115811453474,3
65.14434295619708,38.145198405561274,27.82633597198632,3
65.16434428961931,39.52170230228619,29.417674703768874,3
65.18434562304154,38.75469405741779,28.721383571407955,3
65.20434695646377,37.78234985944531,29.463872666353723,3
65.224348289886,38.069798755106774,28.989966210138995,3
65.24434962330822,36.238291631779894,27.457039421234914,3
65.26435095673045,31.596370632277182,23.035870696419888,3
65.28435229015267,34.22857878251354,26.37907292967008,3
65.3043536235749,29.85453275845388,22.801423335417585,3
65.32435495699713,23.744655039297427,16.15630998975923,3
65.34435629041936,23.610912064679983,18.287238835544986,3
65.36435762384158,23.019968303837498,15.729960483855681,3
65.38435895726381,21.46674289908651,14.626715325773446,3
65.40436029068604,24.832683216688142,16.428885543073953,3
65.42436162410827,26.927230426716157,23.172263603644073,3
65.4443629575305,28.565655529931377,19.184248793918876,3
65.46436429095273,27.59544179326017,21.15116727512672,3
65.48436562437496,20.603606132310194,16.533623378207626,3
65.50436695779719,16.54229062006323,10.429567113031128,3
65.52436829121942,20.760670839101582,14.823047067654425,3
65.54436962464165,16.90825800907589,16.84975512483104,3
65.56437095806388,19.250804244154573,14.490288714817957,3
65.58437229148609,17.804269116142507,13.546690353915611,3
65.60437362490832,29.12449536105237,20.897085562020987,3
65.62437495833055,26.709873258586263,22.638831625603284,3
65.64437629175278,26.998649754473483,22.66139672537881,3
65.664377625175,26.202085272806066,24.315834905526607,3
65.68437895859724,31.66743243979327,27.946790167635204,3
65.70438029201947,27.476381432153303,22.676866882350414,3
65.7243816254417,27.115150198879515,23.14616697171184,3
65.74438295886392,26.904776727336404,23.948264855722016,3
65.76438429228615,30.32304743199586,25.957522842557033,3
65.78438562570838,33.05537430961749,30.33010626280838,3
65.80438695913061,35.36543850159638,33.812472886289186,3
65.82438829255284,41.257007036719465,36.19650870228604,3
65.84438962597507,46.963678544369785,45.38053785503824,3
65.8643909593973,43.11771081024909,41.39278466475233,3
65.88439229281951,46.55886319467937,43.73853992998331,3
65.90439362624174,48.06599045524476,44.25669714296064,3
65.92439495966397,51.60064855971194,49.30318177202109,3
65.9443962930862,48.520160968489755,46.45503095527467,3
65.96439762650843,54.31588844009725,50.56783586867761,3
65.98439895993066,55.160534721034466,51.56481100180732,3
66.00440029335289,57.903759150631416,56.387859067177345,3
66.02440162677512,62.00859233491243,62.40334066609524,3
66.04440296019735,65.55426236855263,62.31099870051822,3
66.06440429361957,68.16653755218478,65.25875877142445,3
66.0844056270418,73.15901973516691,69.35650272505627,3
66.10440696046403,71.39059387354271,67.73870556797199,3
66.12440829388626,68.91643041635427,67.50536466631618,3
66.14440962730849,69.2540052722151,67.63906504351664,3
66.16441096073072,70.87722075237185,68.7474975431304,3
66.18441229415293,74.25299893813374,70.8665143055627,3
66.20441362757516,82.27075823394033,77.19653340524854,3
66.2244149609974,82.12457259601241,75.92478646852152,3
66.24441629441962,86.02988424526183,82.64491926520243,3
66.26441762784185,86.82187323276797,81.87954749000392,3
66.28441896126408,81.6297220022754,76.79882213324146,3
66.30442029468631,84.19453810517803,78.96431586946738,3
66.32442162810854,88.90845533709857,84.03309991346723,3
66.34442296153077,82.72641916465581,78.50986216489201,3
66.364424294953,83.70833105396581,81.90724075501483,3
66.38442562837523,89.86681424692823,81.45768474503645,3
66.40442696179745,90.91826404452803,84.02979801157282,3
66.42442829521968,94.47730227237683,91.4451428936009,3
66.44442962864191,94.22241656024508,88.21600794100382,3
66.46443096206414,95.46613416228472,92.10201604248219,3
66.48443229548636,92.9502666358674,86.3047901566621,3
66.50443362890859,90.34419651729053,85.31020780126327,3
66.52443496233082,88.0966464898853,85.56668957002888,3
66.54443629575304,87.47112566051939,83.39299205114357,3
66.56443762917527,89.31396987058417,80.96545377886629,3
66.5844389625975,88.72126847211801,83.91990689535812,3
66.60444029601973,89.60836768495233,83.5156117747723,3
66.62444162944196,91.61784613080052,84.38857094277999,3
66.64444296286419,89.69177254118499,83.39382679802571,3
66.66444429628642,91.26588962185467,83.34306165119483,3
66.68444562970865,90.39289276170373,81.55703506443813,3
66.70444696313088,85.24376283912211,77.82971423786873,3
66.7244482965531,76.22467168128765,68.84382170417899,3
66.74444962997534,78.4323945772347,70.24142395167917,3
66.76445096339756,79.1674557617213,71.32218184188444,3
66.78445229681978,77.76793737488502,70.39422520386071,3
66.80445363024201,78.42115339210979,68.451260966485,3
66.82445496366424,78.87265407404742,68.87237956513239,3
66.84445629708647,74.25852168368016,65.18320547421887,3
66.8644576305087,74.53231556971953,66.51696011912705,3
66.88445896393092,69.19288920288697,62.12196742184588,3
66.90446029735315,63.322982056963674,56.2478218952713,3
66.92446163077538,59.49823775908714,51.56396765884158,3
66.94446296419761,55.70644404950596,47.17241884163947,3
66.96446429761984,57.499498594970795,46.5446590842387,3
66.98446563104207,56.831198565900294,47.244304305162,3
67.0044669644643,55.53621483602459,47.3028633274009,3
67.02446829788653,57.89373113726458,47.32057323918871,3
67.04446963130876,54.97879804442877,45.32498923279837,3
67.06447096473099,50.30584543441691,43.44411980462226,3
67.0844722981532,49.739601438389734,40.41945229724306,3
67.10447363157543,46.13656114771289,37.32369268152175,3
67.12447496499766,40.226079454962175,31.412274156794354,3
67.14447629841989,41.08930398867188,31.71122937497075,3
67.16447763184212,35.413548682416256,29.757453034852293,3
67.18447896526435,33.37566778353816,25.715443784024114,3
67.20448029868658,35.10260005440822,28.09184399903713,3
67.2244816321088,32.88473279194751,25.71707180050381,3
67.24448296553103,35.750363824341676,26.835986074516214,3
67.26448429895326,35.25377434049301,29.03224577349887,3
67.28448563237549,30.985453593353284,24.93290407803809,3
67.30448696579772,26.63717506325687,20.74041914703542,3
67.32448829921995,20.085469522027797,16.198913628893113,3
67.34448963264218,23.400255799475225,16.631582890372176,3
67.36449096606441,18.90670649798064,11.647257300818001,3
67.38449229948662,21.667155902148142,12.77818526569237,3
67.40449363290885,26.30557614086949,18.378581932917108,3
67.42449496633108,26.01751520752881,18.759127318689973,3
67.44449629975331,24.634182596521836,16.290183455976102,3
67.46449763317554,20.84405369244968,15.111338833370999,3
67.48449896659777,23.859072027490676,20.913354824616164,3
67.50450030002,24.265332520641685,17.41635642648274,3
67.52450163344223,17.50130085919322,11.997154048694798,3
67.54450296686446,18.8198380409677,15.06794949633202,3
67.56450430028669,21.838567055533712,14.036216752928487,3
67.58450563370891,21.344936545364607,20.34176554352035,3
67.60450696713114,23.852641765205522,20.212966590068863,3
67.62450830055337,25.913691282595952,22.129991334918486,3
67.6445096339756,27.642911058585558,24.4371924451745,3
67.66451096739783,27.408258787166655,23.942857496753742,3
67.68451230082005,29.762333246326083,26.052676141962127,3
67.70451363424228,29.37247169262238,23.26795527320586,3
67.7245149676645,27.01174007257435,24.283320543509962,3
67.74451630108673,26.83834544260842,24.82349379778829,3
67.76451763450896,30.568167239398463,28.497969021600788,3
67.78451896793119,31.064245438090058,29.479896728437716,3
67.80452030135342,39.7259036974024,35.012966821895304,3
67.82452163477565,40.59013415517231,36.12243883389371,3
67.84452296819788,45.630560641822356,45.31659221421416,3
67.86452430162011,42.638043465640905,39.957093730687895,3
67.88452563504234,49.38805367037534,44.90182219327331,3
67.90452696846457,44.74127958366647,43.317672797307765,3
67.9245283018868,48.52714042238229,44.81856705095393,3
67.94452963530902,46.59650024667999,45.880777860948854,3
67.96453096873125,48.56170873965846,47.803201292519105,3
67.98453230215347,50.967885669549354,48.329799465812656,3
68.0045336355757,59.29399969532519,56.96462436521024,3
68.02453496899793,58.27796387590975,57.08808549825556,3
68.04453630242016,68.13178298521687,65.90051686764987,3
68.06453763584238,65.74730070890092,66.48875742595607,3
68.08453896926461,67.47218992206454,66.41675610143318,3
68.10454030268684,67.37267650776673,65.0344186469268,3
68.12454163610907,68.54627179423038,66.98471285478092,3
68.1445429695313,69.32000069840521,67.08056973626569,3
68.16454430295353,72.45522373298584,70.33479847242064,3
68.18454563637576,72.59518374421019,68.4275452877479,3
68.20454696979799,79.87289014252003,76.69658579881087,3
68.22454830322022,83.54332463225856,80.02962303504349,3
68.24454963664245,83.49537329465943,79.89578965280435,3
68.26455097006468,83.2082646712232,78.33436430190655,3
68.28455230348689,86.11283690421234,81.79913464679179,3
68.30455363690912,83.25683711751974,81.70460331510473,3
68.32455497033135,78.63298039843117,76.16628835390955,3
68.34455630375358,81.84886859395621,77.87560106380506,3
68.3645576371758,88.2588463976729,83.92122484942541,3
68.38455897059804,88.17692286287581,85.16305376526748,3
68.40456030402026,90.68702881774144,85.24405059926373,3
68.4245616374425,94.76931666367665,89.32834926637636,3
68.44456297086472,96.14627245703656,89.3279705387157,3
68.46456430428695,95.31269253151189,89.6618883454501,3
68.48456563770918,96.43493808641813,89.57412581582484,3
68.50456697113141,91.11110250927491,84.85788769465572,3
68.52456830455364,88.41259610279691,81.17560889030563,3
68.54456963797587,91.29690494311821,84.17112581179525,3
68.5645709713981,90.27103712153246,81.97946998781671,3
68.58457230482031,92.49627008061874,86.33657794938092,3
68.60457363824254,89.74895685218706,82.04019884369313,3
68.62457497166477,93.2491418561056,86.1741111716172,3
68.644576305087,91.04734365625896,85.96079892547603,3
68.66457763850923,89.62776348213723,82.85578786570898,3
68.68457897193146,90.96214053788353,82.44911200507171,3
68.70458030535369,86.54966332688075,77.32271402260069,3
68.72458163877592,82.32009069348004,73.9145914136815,3
68.74458297219815,80.9206872574784,74.32167165221179,3
68.76458430562037,78.92335859563293,72.20863992669457,3
68.7845856390426,76.03280648073391,66.99705660830128,3
68.80458697246483,77.45625097645984,68.67493959467963,3
68.82458830588706,76.40333186699004,67.50019030804401,3
68.84458963930929,76.57061278502229,66.28722792792823,3
68.86459097273152,73.40014962119687,66.18331224426463,3
68.88459230615373,74.09467932587604,63.06532313680243,3
68.90459363957596,70.33459975191953,59.57688681780422,3
68.9245949729982,64.80080110759936,54.55499238628352,3
68.94459630642042,60.8135910935395,51.14501091328838,3
68.96459763984265,57.40290198152148,47.80733515362466,3
68.98459897326488,61.116353077649876,53.534613247735926,3
69.00460030668711,57.02073611989445,47.574056937825084,3
69.02460164010934,52.900680108974214,39.772804046932094,3
69.04460297353157,56.281845215019096,45.827225324868785,3
69.0646043069538,55.95451328781265,47.23075484777239,3
69.08460564037603,51.22528253559601,42.157275643149056,3
69.10460697379825,47.121813389197634,38.88427356977543,3
69.12460830722048,38.94339215783512,31.25820479412451,3
69.14460964064271,38.360198494980104,29.02768146659239,3
69.16461097406494,37.18139624545448,27.191724085808175,3
69.18461230748716,36.66469717343107,27.46642115602042,3
69.20461364090939,33.699318531084764,25.32477893940576,3
69.22461497433162,39.38511468771874,27.25734777984605,3
69.24461630775384,40.00258228321316,30.21867273618945,3
69.26461764117607,34.03028076503769,27.211001345639694,3
69.2846189745983,30.42299769360415,21.915714158647944,3
69.30462030802053,30.183115198910173,22.13995081975288,3
69.32462164144276,29.52713114117578,20.319995772498405,3
69.34462297486499,24.27342744279888,15.623492562580951,3
69.36462430828722,23.840227968006307,19.477937996303716,3
69.38462564170945,23.473492637806817,13.148668410591867,3
69.40462697513168,20.531709243053896,14.53183591077312,3
69.4246283085539,22.18791062609671,17.1100022305647,3
69.44462964197614,28.57622480063979,22.735677377003277,3
69.46463097539836,23.63574575281818,18.392358889134197,3
69.48463230882058,23.675787048644793,16.59632674956711,3
69.50463364224281,23.908911057557475,16.9467346704031,3
69.52463497566504,20.55883618819887,13.92626238049473,3
69.54463630908727,20.38036526756488,17.116543782334695,3
69.5646376425095,20.213625952485746,15.49539057925225,3
69.58463897593172,21.666906964277093,17.300003527754143,3
69.60464030935395,19.837236300032444,17.04587191134441,3
69.62464164277618,25.327024163247017,20.692323440839033,3
69.64464297619841,26.440155793393494,22.453275539362757,3
69.66464430962064,32.11025018842109,28.826501024491687,3
69.68464564304287,33.44157100795296,30.11338257420721,3
69.7046469764651,29.67027669860482,26.342916475897862,3
69.72464830988733,25.96086523285838,22.6488972966861,3
69.74464964330956,29.829182211972054,27.66485180797728,3
69.76465097673179,31.974206720529818,30.576669121628864,3
69.784652310154,37.405896447384855,32.93093637623528,3
69.80465364357623,39.99966222454037,37.11376362714075,3
69.82465497699846,40.538739894991195,35.49330035195235,3
69.84465631042069,44.24320952238866,40.769045595430015,3
69.86465764384292,43.59118255503047,40.38209681684434,3
69.88465897726515,45.13071668896417,42.44980167860063,3
69.90466031068738,41.44523857851537,40.51477406925001,3
69.9246616441096,45.31776361225481,43.349587614949414,3
69.94466297753183,43.96241476685914,42.034557773534104,3
69.96466431095406,50.57470536945298,50.11495463288042,3
69.98466564437629,54.345994289810356,53.63081142010622,3
70.00466697779852,62.81123385476791,61.1451260430393,3
70.02466831122075,62.208922829003,59.33511806906123,3
70.04466964464298,65.85730291003628,62.774773144990924,3
70.06467097806521,69.09576620022354,66.94652258137225,3
70.08467231148742,67.60049153720571,65.36716332242722,3
70.10467364490965,67.93027129164595,64.7179630024432,3
70.12467497833188,66.77670894063775,65.09181607713585,3
70.14467631175411,71.30756177949318,68.74520887995777,3
70.16467764517634,72.21326647882736,70.17305174621644,3
70.18467897859857,77.90331528046255,74.97253367282497,3
70.2046803120208,81.943161968595,77.90413033823498,3
70.22468164544303,82.69661791953604,80.46092246668954,3
70.24468297886526,89.4842867985123,84.49123459000079,3
70.26468431228749,83.46239453869451,80.6494038761131,3
70.28468564570971,86.96334148384938,83.8506117759596,3
70.30468697913194,87.45625287269783,82.78531938453142,3
70.32468831255417,82.84517013718796,80.84947273894572,3
70.3446896459764,86.9395901955926,81.32637602383129,3
70.36469097939863,89.36555530060599,86.59985755503476,3
70.38469231282085,84.68155988916654,79.4812108502663,3
70.40469364624308,93.42941265030903,89.76375301618904,3
70.4246949796653,91.78932681396219,87.1872528886337,3
70.44469631308753,90.72334372650863,88.2911363918935,3
70.46469764650976,95.5666284133894,87.96758786253973,3
70.48469897993199,92.0642670151425,86.48774539212563,3
70.50470031335422,96.614497919869,90.97974164344396,3
70.52470164677645,86.56326441965008,78.99690314919887,3
70.54470298019868,89.68022780329906,84.90027327511004,3
70.56470431362091,88.73923029662858,82.08639727351331,3
70.58470564704314,87.60651890581538,82.79266358382249,3
70.60470698046537,93.83629144221204,84.81402132233288,3
70.6247083138876,89.76757395131989,82.65873498245783,3
70.64470964730982,88.25662791375419,83.47591516012147,3
70.66471098073205,91.16877732421838,84.6690104523618,3
70.68471231415427,88.64565775298503,80.54620803827581,3
70.7047136475765,83.66758330033252,76.6605829081921,3
70.72471498099873,79.49485961299969,71.63269044195114,3
70.74471631442096,81.12914039075,74.51444959774082,3
70.76471764784318,77.13732353678878,68.41618232846008,3
70.78471898126541,80.56798879751528,70.62188703855333,3
70.80472031468764,74.67619857632279,66.49313577150647,3
70.82472164810987,77.30377999013491,70.99094124703066,3
70.8447229815321,79.76153909732767,68.64248749783556,3
70.86472431495433,75.82248264586006,66.3172005247069,3
70.88472564837656,75.66656819950353,63.97034514050389,3
70.90472698179879,67.14518136728931,57.06025192116708,3
70.92472831522102,61.504152934203475,54.74451442315106,3
70.94472964864325,63.81401577304309,54.33415182655072,3
70.96473098206548,56.25653770712089,46.950723752766606,3
70.98473231548769,56.957819986947015,49.5685078814935,3
71.00473364890992,56.79649263452368,48.16557437765619,3
71.02473498233215,56.9014845345773,47.42316439843802,3
71.04473631575438,58.05580504914851,47.74495576052316,3
71.0647376491766,53.75726889032145,44.9692143530347,3
71.08473898259884,47.701492936860625,39.27915281539268,3
71.10474031602106,43.35013509050277,33.82923038342741,3
71.1247416494433,41.33824478549067,32.94729323667511,3
71.14474298286552,38.407736648422144,30.817137644047644,3
71.16474431628775,39.264366389117434,30.85311318631416,3
71.18474564970998,40.898353964512566,33.53604288845342,3
71.20474698313221,39.1993727510278,28.71751057856136,3
71.22474831655444,36.63774160784427,28.41817471317519,3
71.24474964997667,38.82424852105827,31.185445871708566,3
71.2647509833989,38.67584132401518,29.03491034418753,3
71.28475231682111,32.331463570223924,23.948226888300226,3
71.30475365024334,29.45261145844812,21.1905055678016,3
71.32475498366557,26.04237147499055,14.630899183160649,3
71.3447563170878,24.903988037296923,18.472168125146272,3
71.36475765051003,22.16350360405107,16.091145994673038,3
71.38475898393226,24.65282665664853,16.209921196003368,3
71.40476031735449,23.865127073791236,19.40733211692238,3
71.42476165077672,23.010067110763114,20.841502457517635,3
71.44476298419895,28.12560026155752,20.406682754801547,3
71.46476431762117,28.712398654949908,23.80516805027034,3
71.4847656510434,23.792062898067506,18.331770556633458,3
71.50476698446563,21.575773844381835,17.13347710007095,3
71.52476831788786,17.962319212125955,12.958022409582773,3
71.54476965131009,17.444122451341304,12.071432915991682,3
71.56477098473232,19.34739829358876,12.733623359614592,3
71.58477231815453,21.283578720096674,17.48313235055864,3
71.60477365157676,24.84987459399226,21.032785718571645,3
71.624774984999,24.702664554883338,21.307789460465234,3
71.64477631842122,28.988156085281602,23.11522002433048,3
71.66477765184345,29.965560164799744,24.950792221183786,3
71.68477898526568,26.741422176483066,24.467308898918905,3
71.70478031868791,30.354038106650005,26.844295973858003,3
71.72478165211014,26.051379725737146,23.766802058963897,3
71.74478298553237,29.390513822740054,25.105324068236566,3
71.7647843189546,30.567395894773064,27.567339360335147,3
71.78478565237683,33.35921119381669,29.271408606038356,3
71.80478698579905,40.94822783613043,40.124326578015825,3
71.82478831922128,39.56656838629197,37.70737957294451,3
71.84478965264351,46.82993571285838,43.85674111999881,3
71.86479098606574,44.454837297186344,42.100520262234475,3
71.88479231948796,46.156351900692904,42.94120300083655,3
71.90479365291019,49.749925483572724,49.734528473172766,3
71.92479498633242,48.15208972458811,46.822977939434615,3
71.94479631975464,43.955752962637334,41.991531324093245,3
71.96479765317687,52.271031342281866,49.56133534534368,3
71.9847989865991,53.06240483800925,51.914602781495375,3
72.00480032002133,53.898596692880176,54.93447952231087,3
72.02480165344356,65.3442252925837,64.59555627316993,3
72.04480298686579,64.36338207477885,60.83762621910771,3
72.06480432028802,68.59299340655383,65.44498532486963,3
72.08480565371025,68.7684289888271,65.73427252183716,3
72.10480698713248,71.68315062360759,69.82138357992103,3
72.1248083205547,67.9607138201553,67.12548298801154,3
72.14480965397694,67.47233950853597,65.69730191751363,3
72.16481098739916,73.90376261020285,70.2632782838271,3
72.18481232082138,71.13894059002561,70.03448910514126,3
72.20481365424361,75.07943076898425,70.53114363967346,3
72.22481498766584,76.1760010245895,72.40310299939885,3
72.24481632108807,83.41315208765164,80.62465372908848,3
72.2648176545103,85.6324614131359,82.19505460798865,3
72.28481898793252,85.27926065612819,84.20069178932543,3
72.30482032135475,82.77947276796033,81.50507555570496,3
72.32482165477698,84.7227733086888,79.85294327233751,3
72.34482298819921,84.3697632654196,79.66437292765647,3
72.36482432162144,87.23219716735674,82.84640291531784,3
72.38482565504367,87.7310760738059,84.0586801225104,3
72.4048269884659,89.20745776650874,86.06105395394289,3
72.42482832188813,92.73045136803128,83.61417490230573,3
72.44482965531036,95.51206057172614,91.41719892922094,3
72.46483098873259,93.8761965213744,88.95380385297133,3
72.4848323221548,95.28755395894706,86.56917241406092,3
72.50483365557703,90.05677257939406,86.67675345452227,3
72.52483498899926,87.27885471140023,84.4134088243283,3
72.54483632242149,92.46894259130896,85.13256064140059,3
72.56483765584372,88.88287303568072,84.61703989274945,3
72.58483898926595,91.0229874522573,84.34767902885628,3
72.60484032268818,91.8383684285756,86.92941606518751,3
72.6248416561104,92.49880610467443,85.02751989615648,3
72.64484298953263,92.4655442648284,83.64346243034291,3
72.66484432295486,91.05710356347407,84.70100088651336,3
72.68484565637709,83.00345554873932,79.29185918134023,3
72.70484698979932,85.48928409221978,78.14032051562863,3
72.72484832322155,75.90521844375972,69.07757122745882,3
72.74484965664378,79.56055666722035,73.07574290790275,3
72.76485099006601,83.34184037711773,72.81686366121004,3
72.78485232348822,77.58809247418208,67.94781428516947,3
72.80485365691045,75.28660778010831,68.34653526482406,3
72.82485499033268,77.95830431050987,68.37334030704363,3
72.84485632375491,77.2212637893242,68.46276677316202,3
72.86485765717714,71.42104994024852,60.638652544129464,3
72.88485899059937,70.50504863073235,60.11802801664027,3
72.9048603240216,68.014127946788,58.394494497591616,3
72.92486165744383,64.05661633510435,52.754171177975,3
72.94486299086606,61.28756973533034,52.62068750640454,3
72.96486432428829,56.531005891928864,48.433942892640076,3
72.98486565771051,56.361417890713234,47.023231057813945,3
73.00486699113274,57.36637914762442,45.56430978250073,3
73.02486832455497,52.65010146421854,45.15308899983128,3
73.0448696579772,58.71763137358931,49.444904928695,3
73.06487099139943,51.33509718367315,42.799664737818915,3
73.08487232482165,52.26534638968,43.02799750185061,3
73.10487365824387,46.82006316183676,37.46330088542361,3
73.1248749916661,38.58917595429417,28.80250638026423,3
73.14487632508833,40.91307993795568,31.128579410563294,3
73.16487765851056,38.14865691262685,30.61696482704361,3
73.18487899193279,38.9849617471301,32.424231466238965,3
73.20488032535502,40.40931433689187,29.83031298375378,3
73.22488165877725,34.78349444264185,27.31827040781344,3
73.24488299219948,34.59054778629728,26.100455296187814,3
73.26488432562171,31.407441696431505,24.1692171220922,3
73.28488565904394,29.358021548852072,19.59552783480918,3
73.30488699246617,30.583496346629115,25.84815510774054,3
73.3248883258884,25.275068761977945,16.87708907654553,3
73.34488965931062,22.88880006600427,15.6126536115919,3
73.36489099273285,22.478153515326124,15.222748394541844,3
73.38489232615507,19.82099272759407,16.17875273314108,3
73.4048936595773,23.98315966203716,16.023059403150853,3
73.42489499299953,22.666469290629504,18.173953940657285,3
73.44489632642176,24.826573224103075,17.60697401251846,3
73.46489765984398,23.91837948519129,17.316116312000634,3
73.48489899326621,22.888760943089647,18.91913009119184,3
73.50490032668844,21.121638701603068,17.481899784840532,3
73.52490166011067,21.522451093202033,15.189594944265341,3
73.5449029935329,20.434012022023314,16.242150748726033,3
73.56490432695513,19.571823891422298,15.252900209859298,3
73.58490566037736,20.018970898365552,15.055839889921769,3
73.60490699379959,26.004663026355818,20.859522409894957,3
73.62490832722182,29.61959751846124,24.041219273427192,3
73.64490966064405,30.096919970491882,25.496698448493014,3
73.66491099406628,34.26645733345962,29.544361602157494,3
73.68491232748849,25.6298629625302,21.509921969590586,3
73.70491366091072,25.136607808933768,22.771342523534283,3
73.72491499433295,26.831858733684207,24.024616809808336,3
73.74491632775518,30.667311429759636,28.489863063710523,3
73.7649176611774,28.088725923244645,25.966131376041513,3
73.78491899459964,31.195180981148425,28.65968203179569,3
73.80492032802186,35.08071087250179,32.74959068988601,3
73.8249216614441,39.85966657946203,36.01183911601865,3
73.84492299486632,46.73972008122581,42.68031475075639,3
73.86492432828855,46.70224801494045,45.19883879287598,3
73.88492566171078,45.855804341820836,42.4280905287216,3
73.90492699513301,47.029862645635184,43.909401581008474,3
73.92492832855524,48.17751691544305,44.098020553704245,3
73.94492966197747,51.443831238376895,49.386608295282684,3
73.9649309953997,49.167278922445426,46.59826365902905,3
73.98493232882191,56.277660416056996,53.853506301591764,3
74.00493366224414,56.679727607434536,54.83352200049259,3
74.02493499566637,62.41282000690948,61.65012384732674,3
74.0449363290886,66.51275917052823,62.67088920174911,3
74.06493766251083,64.36484311997332,62.46694688283329,3
74.08493899593306,66.595227247883,65.2269226158153,3
74.10494032935529,67.09612954925414,65.87747723565106,3
74.12494166277752,68.53064616518697,67.66618052503736,3
74.14494299619975,70.83354014846529,66.07165446306684,3
74.16494432962197,66.14590309103396,63.53253330521373,3
74.1849456630442,73.04819580259013,69.24359920625723,3
74.20494699646643,78.10399647689073,76.13813584533833,3
74.22494832988866,82.24512422224515,77.09291045053865,3
74.24494966331089,85.07333283676643,81.14096595168235,3
74.26495099673312,86.46978450762386,83.83044966069782,3
74.28495233015533,88.9116986106097,85.31208063364595,3
74.30495366357756,86.56132215868597,80.82692635578034,3
74.3249549969998,85.76326072038657,80.08726924935026,3
74.34495633042202,84.70881856773545,79.05799235295066,3
74.36495766384425,85.4614602539795,79.4416354941232,3
74.38495899726648,85.51642081291739,83.88311307592885,3
74.40496033068871,90.6972819856451,85.06020071164039,3
74.42496166411094,92.56422446535761,87.12448456700326,3
74.44496299753317,93.46362357323945,87.46089901009891,3
74.4649643309554,93.6132072209406,88.88564067697911,3
74.48496566437763,94.4299500648587,90.62473268630986,3
74.50496699779985,91.7802584946113,86.99989109796098,3
74.52496833122208,90.99832881358782,85.41638518190037,3
74.54496966464431,90.77653864770566,84.10054863294985,3
74.56497099806654,88.5166736738411,79.79457095349407,3
74.58497233148876,87.94579603741089,81.96460508934322,3
74.60497366491099,92.97133092046468,84.66186127126171,3
74.62497499833322,93.95658266568668,87.32920177384533,3
74.64497633175544,87.12266715795224,78.19392063267954,3
74.66497766517767,88.15888972955895,79.0729025652897,3
74.6849789985999,84.85502012922103,76.97448234186092,3
74.70498033202213,85.13634215672992,78.92468444285048,3
74.72498166544436,82.60074720173019,73.01994734472429,3
74.74498299886659,79.13036828390733,69.30821841718243,3
74.76498433228882,81.05735795813314,70.78374244317509,3
74.78498566571105,78.04440203771361,70.10793069364007,3
74.80498699913328,75.10801518056859,66.96921365488242,3
74.8249883325555,81.59107026003822,71.94153823334014,3
74.84498966597774,73.006772594761,64.75848808108421,3
74.86499099939996,73.48588393552873,66.11442720303968,3
74.88499233282218,73.9898839121893,65.12069601423175,3
74.90499366624441,67.4156881059035,59.526962697771175,3
74.92499499966664,64.25480679790329,53.603912834589714,3
74.94499633308887,63.84927558328176,54.113382541194824,3
74.9649976665111,55.72530403547622,47.624944049809535,3
74.98499899993332,58.78651982135816,49.73313151652833,3
75.00500033335555,57.89665718408438,49.653946312543574,3
75.02500166677778,55.554889580589,47.014570401850186,3
75.04500300020001,56.846480866796334,48.96816905243029,3
75.06500433362224,50.14628202964876,38.777634765246766,3
75.08500566704447,47.02148838597253,38.26706617191319,3
75.1050070004667,45.96819202315661,37.6479165934078,3
75.12500833388893,42.4577747815577,32.63763021205589,3
75.14500966731116,42.831736183565035,31.774521653268884,3
75.16501100073339,35.45931217644646,27.769259774920787,3
75.1850123341556,35.310654526262844,27.77960886268028,3
75.20501366757783,33.759355385510176,24.414714285499375,3
75.22501500100006,36.62594786331734,27.656297772601,3
75.24501633442229,37.4820878841184,28.284211515873206,3
75.26501766784452,35.025538691013175,24.951970657466156,3
75.28501900126675,33.145618306871405,26.169621684879736,3
75.30502033468898,28.801978183964454,22.2930582001785,3
75.3250216681112,24.78770832044874,18.82978484955761,3
75.34502300153343,25.891961137813226,17.25455148930711,3
75.36502433495566,20.89353706832029,14.618214095598185,3
75.38502566837789,24.1638843329143,15.578129910387204,3
75.40502700180012,29.871758524745587,19.66451247602859,3
75.42502833522235,25.135075524849064,17.445995929560706,3
75.44502966864458,24.85240744481977,17.36120750171475,3
75.46503100206681,26.01448896118931,20.75946813671125,3
75.48503233548902,25.04913935323928,16.23365580893201,3
75.50503366891125,22.278341683161127,17.65727511290776,3
75.52503500233348,22.876948287515827,17.440406932651634,3
75.54503633575571,18.982508304688164,14.451550108774056,3
75.56503766917794,18.75035387570049,15.162391936660097,3
75.58503900260017,21.495481545346056,15.83492537515891,3
75.6050403360224,26.791582468756026,21.852019056650175,3
75.62504166944463,26.789591412102972,23.698587839663855,3
75.64504300286686,28.40936813450395,24.407997929933416,3
75.66504433628909,35.59597359928515,29.692593154880672,3
75.68504566971131,31.432670162302465,27.543488047501732,3
75.70504700313354,27.75649916030097,24.205693415845523,3
75.72504833655577,24.72177285693168,22.813560175969815,3
75.745049669978,30.682452940007728,25.459750991051557,3
75.76505100340023,30.149750924608295,26.52710380729815,3
75.78505233682245,35.10503441887162,33.794493893713295,3
75.80505367024467,37.553593033144054,37.84822189769668,3
75.8250550036669,39.82707428555641,39.806096848616576,3
75.84505633708913,42.30719914062998,40.691138113829936,3
75.86505767051136,43.49633166928456,42.002708351412636,3
75.88505900393359,47.34862130160087,43.16011960424935,3
75.90506033735582,47.85652379719996,44.77956444754462,3
75.92506167077805,46.475569961943535,42.544030569817295,3
75.94506300420028,48.12676239431095,46.491896357115536,3
75.96506433762251,51.02568006302898,50.20800862364911,3
75.98506567104474,57.4734105021324,55.97888402657055,3
76.00506700446697,57.78964406321496,57.692099065415235,3
76.0250683378892,57.70298678100072,57.193048053162606,3
76.04506967131142,64.8429221393853,64.54543265592767,3
76.06507100473365,67.43738506537662,65.62248857000968,3
76.08507233815587,69.90706875839136,68.55252619937912,3
76.1050736715781,68.81161400550475,66.35837527275994,3
76.12507500500033,70.14195623307022,67.733685966153,3
76.14507633842256,67.2017351483398,62.94703892314003,3
76.16507767184478,69.67235533324234,69.53825797908111,3
76.18507900526701,74.40293935491218,71.43918763250223,3
76.20508033868924,81.74240929523494,78.98954153380083,3
76.22508167211147,80.60312818982032,77.9831359848494,3
76.2450830055337,85.44701173130254,81.2077219736709,3
76.26508433895593,82.84595424143684,81.10019415050253,3
76.28508567237816,84.79889970415668,83.71710945555034,3
76.30508700580039,86.96687656243122,81.48556449621256,3
76.32508833922262,85.32884800585067,81.23773122117476,3
76.34508967264485,84.75248624631672,79.06013475398395,3
76.36509100606708,86.21532949886992,81.05039000805708,3
76.38509233948929,88.02941848042336,85.44548174862071,3
76.40509367291152,86.38757795516142,81.9142774635538,3
76.42509500633375,93.33122798139061,86.01172625729632,3
76.44509633975598,94.99730875214797,89.14060927987387,3
76.4650976731782,92.79140871991626,89.39241939908644,3
76.48509900660044,93.40659492997551,84.18761809239814,3
76.50510034002266,89.34512699711487,84.49036147905316,3
76.5251016734449,83.947362301077,79.49082456256052,3
76.54510300686712,91.12456054053274,86.73430584541136,3
76.56510434028935,90.155186386125,81.58291449916884,3
76.58510567371158,92.40787361299672,85.21602062426324,3
76.60510700713381,88.92177507827125,82.74031171355209,3
76.62510834055604,90.488046800998,84.21846346802093,3
76.64510967397827,93.10336729068975,87.11850999111108,3
76.6651110074005,91.25897928646421,85.78751083452839,3
76.68511234082271,88.55009312014893,80.08190929956704,3
76.70511367424494,83.95966808294847,78.17424976101408,3
76.72511500766717,80.13765300314772,71.74333872995766,3
76.7451163410894,79.31105968239093,70.73598206858672,3
76.76511767451163,77.40445476509967,68.75766844175106,3
76.78511900793386,77.55431558538989,69.5398832492093,3
76.80512034135609,79.65529057488793,70.02485374451305,3
76.82512167477832,75.95849567073631,67.84194764847672,3
76.84512300820055,72.84250973735313,61.97628261960163,3
76.86512434162277,77.84827962270423,68.89136983890981,3
76.885125675045,70.90294873307168,59.92836615006184,3
76.90512700846723,62.17786583737028,50.976872467245904,3
76.92512834188946,66.08131191603243,56.22449397113151,3
76.94512967531169,63.995923143017336,52.989062964913245,3
76.96513100873392,55.373569221000444,43.77142931571962,3
76.98513234215613,57.35069017167755,47.32069223833445,3
77.00513367557836,56.402524141082004,47.887138978638625,3
77.02513500900059,54.1122275142002,47.43530549180638,3
77.04513634242282,52.53868867633886,42.36180628725938,3
77.06513767584505,51.00113376168855,42.0680783759102,3
77.08513900926728,47.786120350740426,40.01147678023327,3
77.10514034268951,43.142894546054414,35.67500733489513,3
77.12514167611174,39.24301362862768,31.549062285543023,3
77.14514300953397,38.216531408090624,28.553263285163712,3
77.1651443429562,35.82062486196206,28.580006180557508,3
77.18514567637843,34.371321529738395,28.42317306424583,3
77.20514700980065,38.08516580219961,31.355739293084294,3
77.22514834322288,33.92028389790201,25.912103570687258,3
77.24514967664511,35.77203830129085,26.40648905833105,3
77.26515101006734,30.86729962439918,24.399484874453044,3
77.28515234348956,27.64190448559089,19.380532096165926,3
77.30515367691179,28.846922926653317,21.960526280825167,3
77.32515501033402,22.10734649192561,14.362328559185134,3
77.34515634375624,19.74861932354447,11.34202005185051,3
77.36515767717847,25.13846454094197,17.388372422500744,3
77.3851590106007,24.08105171535692,16.83187018473196,3
77.40516034402293,23.638941635010145,15.568574837562611,3
77.42516167744516,26.497365021108322,20.630489917369356,3
77.44516301086739,25.005450733165144,20.81406081693693,3
77.46516434428962,24.156738516257526,16.97726198855416,3
77.48516567771185,18.826845547273322,11.993963255939063,3
77.50516701113408,23.21953730409654,16.1446781690999,3
77.5251683445563,18.356621829027283,12.811096974534577,3
77.54516967797854,21.52062005962582,17.266717479880416,3
77.56517101140076,21.256872660848956,17.004020269737165,3
77.58517234482298,23.001408798993815,17.087501121782328,3
77.60517367824521,24.63397467162741,23.08705729492878,3
77.62517501166744,31.124371072687637,27.410187082764384,3
77.64517634508967,31.284018523104965,26.447683258818806,3
77.6651776785119,29.440450069537075,26.364013021085253,3
77.68517901193412,29.95087030870248,28.091615107885602,3
77.70518034535635,28.051099822191997,22.77369242389667,3
77.72518167877858,26.21873738097572,21.457881671315057,3
77.74518301220081,27.612310912331747,25.59865683204148,3
77.76518434562304,34.794450045262785,33.29853253406376,3
77.78518567904527,30.677927407025486,28.00180754549465,3
77.8051870124675,37.53477785525334,36.283090090561736,3
77.82518834588973,42.61038592881781,39.79092094308107,3
77.84518967931196,40.260518121799045,38.26744685320415,3
77.86519101273419,44.68333836670039,45.34031204239017,3
77.8851923461564,45.78861861625285,44.095653218395825,3
77.90519367957863,51.60303066830461,47.04754215337913,3
77.92519501300086,49.82477566694134,48.91166893926469,3
77.94519634642309,47.07910129021201,45.68418747038539,3
77.96519767984532,51.13658457561628,48.46407814641339,3
77.98519901326755,50.75650516419542,50.047111931507125,3
78.00520034668978,58.749440961280044,55.84216243593005,3
78.025201680112,60.986614587480624,59.761056953916224,3
78.04520301353423,62.82058614159962,59.26717677925167,3
78.06520434695646,66.65645388106722,63.264750658739196,3
78.08520568037869,66.25252625741327,63.992815534548164,3
78.10520701380092,68.42796358211905,64.62533695965891,3
78.12520834722315,69.64982545241352,67.56691587348736,3
78.14520968064538,68.40572338658548,66.16001077625737,3
78.16521101406761,72.8530942386262,69.89622827757071,3
78.18521234748982,75.8938009928806,72.58192904249847,3
78.20521368091205,79.21921483866116,74.44299501476115,3
78.22521501433428,79.37068260608646,78.66039387514758,3
78.24521634775651,83.10546602657882,79.44203226996272,3
78.26521768117874,83.66796274369118,81.35976164097474,3
78.28521901460097,89.22017483301818,85.60290597825863,3
78.3052203480232,82.27390719596526,79.55564329789944,3
78.32522168144543,83.77250593851632,80.82908188534026,3
78.34522301486766,84.19191241015768,79.41558879936237,3
78.36522434828989,85.17551607357179,81.05580496773753,3
78.38522568171211,86.96346242085932,82.0496687375009,3
78.40522701513434,92.29292712281666,87.1815437902505,3
78.42522834855657,92.31619778066234,88.40898941953644,3
78.4452296819788,94.19010702653038,90.490823374519,3
78.46523101540103,92.6241907012585,87.15006673630626,3
78.48523234882325,93.83046647989867,87.8762325322309,3
78.50523368224547,89.65185329182597,82.68869607707215,3
78.5252350156677,88.83762963079656,83.6298425343196,3
78.54523634908993,86.14063351583493,81.76444275917483,3
78.56523768251216,86.87796582032594,82.57996653604147,3
78.58523901593439,94.15007801214426,85.9225078512955,3
78.60524034935662,91.92150234530018,84.13116232982327,3
78.62524168277885,92.13482973708075,85.40026562260252,3
78.64524301620108,93.56493285851298,85.10118644781869,3
78.66524434962331,89.13860976677306,84.32233203341121,3
78.68524568304554,83.71921174752772,78.59465076114485,3
78.70524701646777,80.64642370122519,73.12039979201087,3
78.72524834989,84.6085182405814,74.80647959571785,3
78.74524968331222,79.65316873287922,71.99885907198102,3
78.76525101673445,78.64693455831095,70.61573224092399,3
78.78525235015667,76.33300020294281,67.04919691099137,3
78.8052536835789,79.70435844871811,70.98659694157243,3
78.82525501700113,76.76133719635763,67.32625502690837,3
78.84525635042336,80.20585700145824,72.52383749043392,3
78.86525768384558,74.57236544035612,64.39399498262568,3
78.88525901726781,70.30310538213685,64.60422717718176,3
78.90526035069004,67.27264318934674,58.961097392668904,3
78.92526168411227,61.61448018118836,51.44540519169452,3
78.9452630175345,57.29432243876604,49.13583369375793,3
78.96526435095673,53.66140202527215,45.199853589142634,3
78.98526568437896,55.18501702185777,44.46021435120388,3
79.00526701780119,56.723095758085165,48.64168941816359,3
79.02526835122342,56.5269608819322,47.37360894572346,3
79.04526968464565,58.77225239222286,49.466858124250656,3
79.06527101806788,54.67666026904828,45.96476824114768,3
79.08527235149009,47.13421957136517,39.15184248095631,3
79.10527368491232,40.24323982458554,30.814400774388073,3
79.12527501833455,40.44876729723125,32.09207189853776,3
79.14527635175678,39.61310140266591,33.073836122299504,3
79.165277685179,36.665753899123956,26.878751559088744,3
79.18527901860124,39.0934624722294,31.442138011424213,3
79.20528035202346,32.40112835645296,26.044322950322027,3
79.2252816854457,37.029939832563386,30.843650446357405,3
79.24528301886792,34.97866789496909,28.956875694166545,3
79.26528435229015,35.03231636919207,26.570887933445455,3
79.28528568571238,32.103727249081984,25.09360403273952,3
79.30528701913461,26.91879865050256,19.65858214209147,3
79.32528835255684,22.951044089819394,15.49088499469456,3
79.34528968597907,24.271423503533974,15.462745317431839,3
79.3652910194013,26.281294575266465,20.43844769650173,3
79.38529235282351,21.07837811878945,13.939088721689192,3
79.40529368624574,21.068683528640143,16.986622364002077,3
79.42529501966797,26.76488151698009,20.662065116261186,3
79.4452963530902,25.874175016770025,18.76531434356627,3
79.46529768651243,22.28902041081926,16.18253492470563,3
79.48529901993466,24.17442273264319,17.811856837780503,3
79.50530035335689,20.103703032941702,16.026997065743718,3
79.52530168677912,21.0864568676154,13.960478961943949,3
79.54530302020135,19.163429363863415,13.285098616745566,3
79.56530435362357,21.96747098297341,19.011539595885722,3
79.5853056870458,18.44281195600331,12.366575740495673,3
79.60530702046803,21.98570082376947,18.12168824711095,3
79.62530835389026,27.758377472960802,22.27356054838499,3
79.64530968731249,28.415365976731483,23.32697236753409,3
79.66531102073472,32.92440512829294,29.02742711551458,3
79.68531235415693,34.000429483287725,28.733137911607773,3
79.70531368757916,25.74398456005458,23.45475495711895,3
79.72531502100139,30.787554817831655,26.7235863800437,3
79.74531635442362,30.676809741950134,30.300452866553517,3
79.76531768784585,28.397141665999357,26.185306988102163,3
79.78531902126808,34.93307380309562,34.06743217781271,3
79.80532035469031,33.28625822136539,30.617697415980615,3
79.82532168811254,37.698929394355936,35.759357720475656,3
79.84532302153477,43.57709815947004,39.9943392460318,3
79.865324354957,48.71434148803697,44.796904434545844,3
79.88532568837923,47.985423655434836,45.49257942078822,3
79.90532702180145,43.275791778319544,41.92502490419351,3
79.92532835522368,47.41578689806616,44.94187852935323,3
79.94532968864591,44.77669184908457,41.431154911987086,3
79.96533102206814,48.37275467130131,48.18469013265928,3
79.98533235549036,53.96601287883099,51.83796401659778,3
80.00533368891259,61.528925742844955,59.758171364143955,3
80.02533502233481,59.62314139897699,59.40547733865908,3
80.04533635575704,60.7154458404464,59.421349942609545,3
80.06533768917927,66.053980379046,64.47025717074709,3
80.0853390226015,66.10914937226795,65.81901060457437,3
80.10534035602373,71.12101996156946,67.89458578470042,3
80.12534168944596,68.70064080958348,63.63801610778822,3
80.14534302286819,69.59240430463824,67.73399658126894,3
80.16534435629042,71.78008157829488,71.02952466145119,3
80.18534568971265,78.25264042585464,75.60904663978759,3
80.20534702313488,77.08521583558375,71.77881137192556,3
80.2253483565571,79.3116561779638,76.03257866265567,3
80.24534968997934,83.1820803409946,79.35522975257155,3
80.26535102340156,84.05736901695177,81.39242440106364,3
80.28535235682378,84.51747171003448,79.6524083140264,3
80.30535369024601,89.75285167937592,86.37797041258264,3
80.32535502366824,87.21482110447688,82.1142861547796,3
80.34535635709047,82.33300913277766,79.34378533354048,3
80.3653576905127,85.3633643145782,79.28657679894681,3
80.38535902393492,91.64170759844492,86.45205300504446,3
80.40536035735715,90.86045667968952,86.89309889656752,3
80.42536169077938,92.42907556120122,87.04685866603168,3
80.44536302420161,92.06178669489131,85.62872243383558,3
80.46536435762384,95.21901080091791,91.1219920059227,3
80.48536569104607,92.09488656924476,84.49859542388918,3
80.5053670244683,93.08614642614187,87.44151611048285,3
80.52536835789053,90.08223197923273,84.42137498410585,3
80.54536969131276,84.73093873941141,77.82684568067872,3
80.56537102473499,87.05073446260833,81.50105823417343,3
80.5853723581572,88.22005596344233,79.87654361086024,3
80.60537369157943,88.03154162498312,80.0045969349913,3
80.62537502500166,93.54924559767855,84.13658291711718,3
80.64537635842389,93.60052911396046,85.37071919866564,3
80.66537769184612,88.63621866375766,83.1327914802577,3
80.68537902526835,91.0399276533135,83.45075031201289,3
80.70538035869058,85.09787572145703,75.8058553014699,3
80.7253816921128,80.5680473538759,72.86541076138741,3
80.74538302553503,78.25860169423018,68.89466033551392,3
80.76538435895726,76.36682849461528,66.98020838771636,3
80.78538569237949,79.10847863424902,69.37024696752842,3
80.80538702580172,74.95119207701556,68.40598204614867,3
80.82538835922395,78.60257990256613,71.72073287039528,3
80.84538969264618,77.53500133849978,69.35170206448356,3
80.86539102606841,75.48609227210885,66.30746764151115,3
80.88539235949062,71.23762792220019,62.42627511323583,3
80.90539369291285,66.91248377228247,57.81561480986778,3
80.92539502633508,58.79796972055444,50.173621059921935,3
80.94539635975731,61.69000799800807,49.19566366581703,3
80.96539769317954,61.266970899030646,51.987321730276484,3
80.98539902660177,56.458376337427126,47.46352080175281,3
81.005400360024,56.80322318126284,48.15342714160683,3
81.02540169344623,53.07964121168581,43.47662315196025,3
81.04540302686846,55.26561579732863,46.128427327385445,3
81.06540436029069,52.87803750071028,43.485478411643406,3
81.08540569371291,51.136540941309946,42.035161193160896,3
81.10540702713514,46.60940265573527,36.89985292248243,3
81.12540836055737,39.006879442104555,29.701585532841776,3
81.1454096939796,39.69373852721676,31.22201224152873,3
81.16541102740183,36.916094587544876,30.679036236164702,3
81.18541236082405,35.975866819438934,25.299489623946055,3
81.20541369424627,36.8381324707314,27.857746113028686,3
81.2254150276685,36.691815296441476,31.546753843453903,3
81.24541636109073,33.24832767430705,24.618158351767683,3
81.26541769451296,37.89373126544116,27.918672393949628,3
81.28541902793519,31.604247001684843,23.14401049188718,3
81.30542036135742,27.57844415544193,21.00327071327216,3
81.32542169477965,23.0595182878252,12.916399736911616,3
81.34542302820188,25.653190207238364,18.646167035636026,3
81.36542436162411,24.053366223812358,16.99113122313722,3
81.38542569504634,21.336238397499006,13.320135572493623,3
81.40542702846857,20.225349886594053,16.48020548229839,3
81.4254283618908,23.872746340047488,18.47341946251659,3
81.44542969531302,23.29537172368669,15.834399462897089,3
81.46543102873525,23.361505581539614,16.794799367973564,3
81.48543236215747,25.07961879094803,19.5486680811733,3
81.5054336955797,22.154723347722086,15.901885825186412,3
81.52543502900193,14.984963078199218,11.089142127347607,3
81.54543636242416,23.548519794169827,16.617267548647938,3
81.56543769584638,16.720223498998752,12.128537411007793,3
81.58543902926861,22.025279024914003,17.62606134601809,3
81.60544036269084,24.67706827816683,17.979562065250615,3
81.62544169611307,28.53266442585693,23.831460224514004,3
81.6454430295353,33.012417861452036,26.77899789470223,3
81.66544436295753,31.91374868491222,31.310343210997654,3
81.68544569637976,27.823698424002544,23.862919305806013,3
81.70544702980199,28.96970636693235,24.73813584687074,3
81.72544836322422,29.538073372844632,25.226530515643393,3
81.74544969664645,24.263074207727694,22.26433496026114,3
81.76545103006868,30.563619469802155,27.105809123010676,3
81.78545236349089,34.40963035484583,32.748625585489584,3
81.80545369691312,30.943302904878074,27.74197741500396,3
81.82545503033535,43.50344132162576,37.488318687131695,3
81.84545636375758,44.95990943723547,41.37832255987196,3
81.8654576971798,47.42297897109476,43.767938874666314,3
81.88545903060204,41.55403589909412,40.305312090872775,3
81.90546036402426,45.810899116687146,42.30272998517783,3
81.9254616974465,48.17787592120847,42.63905265842597,3
81.94546303086872,48.27400868818088,47.482400182993025,3
81.96546436429095,51.74327306697644,49.832903831050125,3
81.98546569771318,56.27699528379078,52.514096754461285,3
82.00546703113541,63.31551316964318,60.957278453710316,3
82.02546836455764,62.12011205544431,62.1607854720215,3
82.04546969797987,66.5719062509559,63.587353954949464,3
82.0654710314021,70.13114525998347,68.0926510161572,3
82.08547236482431,67.4352726890506,64.2812929438889,3
82.10547369824654,69.58686790208093,67.64519167544596,3
82.12547503166877,65.19627839175669,64.4020766559615,3
82.145476365091,74.28949369925078,73.54654369483735,3
82.16547769851323,74.55558663301683,71.16664927087362,3
82.18547903193546,73.43677603915536,70.14601864279373,3
82.20548036535769,76.8111918628378,73.68625119536,3
82.22548169877992,79.45100676009527,79.71198853848767,3
82.24548303220215,83.38621864094519,81.07010647005596,3
82.26548436562437,80.7504901740145,77.01136826034417,3
82.2854856990466,88.30278537454616,83.09578119570929,3
82.30548703246883,87.22556149745,83.77263287706636,3
82.32548836589106,87.01736438017463,83.3119475469482,3
82.34548969931329,85.43061550494706,82.03559300980567,3
82.36549103273552,89.3332526710958,83.00814456485412,3
82.38549236615773,88.13494322618654,82.79555264376187,3
82.40549369957996,90.38228287338086,83.47703514779305,3
82.42549503300219,89.35692282223322,84.47219206453899,3
82.44549636642442,94.85553154048644,89.88268965145669,3
82.46549769984665,94.64683924876132,87.84373106025167,3
82.48549903326888,90.79087361098773,85.67734721718604,3
82.50550036669111,90.8906164392927,83.22486291051986,3
82.52550170011334,88.43517027776416,83.59983421504997,3
82.54550303353557,90.72938888097724,82.53068739655559,3
82.5655043669578,85.91900553673094,81.4194436776227,3
82.58550570038003,91.1152448248647,82.20572515655232,3
82.60550703380225,91.61171649458173,84.97111855338832,3
82.62550836722448,96.56341921104614,88.85135966473455,3
82.64550970064671,91.5647916752171,85.10576930649506,3
82.66551103406894,92.46544504402402,84.16387593253621,3
82.68551236749116,90.9402767779191,82.6839248501318,3
82.70551370091339,84.41638768264285,78.30675478479772,3
82.72551503433561,82.52676833356988,72.75717011083714,3
82.74551636775784,80.97513584168314,70.91398041161516,3
82.76551770118007,78.27566075808957,69.2841689425601,3
82.7855190346023,82.46688421225386,73.54520637224212,3
82.80552036802453,73.02890441367143,66.30369148378281,3
82.82552170144676,76.68908337050874,68.27341669777032,3
82.84552303486899,76.12219657574437,65.18509570950003,3
82.86552436829122,73.0363997828997,63.2864259329743,3
82.88552570171345,72.09743531973568,61.377076190891074,3
82.90552703513568,64.17748010641236,55.61534941411674,3
82.9255283685579,60.77696444126377,52.12226035814839,3
82.94552970198013,57.36660794170037,47.347187836709445,3
82.96553103540236,61.2883160785024,53.81038430329603,3
82.98553236882458,58.79601940201797,49.19521540956861,3
83.00553370224681,55.66401612797291,45.56425223400358,3
83.02553503566904,54.95866038675266,43.44252215885318,3
83.04553636909127,56.581785880847306,48.89118713895287,3
83.0655377025135,50.490155843677464,41.034977200827356,3
83.08553903593572,49.41215703667219,40.09496886322007,3
83.10554036935795,47.21688928501356,38.90606215031595,3
83.12554170278018,40.282421862087794,32.03712063582227,3
83.14554303620241,39.35394043846605,29.650908967194212,3
83.16554436962464,37.94688602361491,29.10929645165589,3
83.18554570304687,32.58758639873842,26.38570647319292,3
83.2055470364691,30.624604279840273,22.07052943630519,3
83.22554836989133,38.27542072841912,30.12843136702555,3
83.24554970331356,37.229141892216994,27.55080432375731,3
83.26555103673579,33.208095315817125,25.80079595509417,3
83.285552370158,31.571654583655434,25.839068829004976,3
83.30555370358023,28.63687923139003,21.58133052716151,3
83.32555503700246,27.65386323885122,17.595937876674753,3
83.34555637042469,30.96751824531053,21.19583938470857,3
83.36555770384692,23.522341910028352,16.18376568996541,3
83.38555903726915,25.366347161900034,19.247400751869257,3
83.40556037069138,17.580906015919194,12.77629463246731,3
83.4255617041136,25.51887975811026,19.72271775171279,3
83.44556303753583,25.099782929967027,19.938468225170563,3
83.46556437095806,25.99922068454503,21.253921679459797,3
83.48556570438029,26.399944402396677,22.997595702682016,3
83.50556703780252,22.960237890048454,18.141674043793724,3
83.52556837122475,21.72771786287825,17.268908580393607,3
83.54556970464698,17.75534382080526,14.651386963453922,3
83.56557103806921,18.7675190003897,11.94737947537558,3
83.58557237149142,16.81530561817147,12.924974983238199,3
83.60557370491365,22.319164707988595,21.951013884153237,3
83.62557503833588,26.446694052853754,21.983526737916637,3
83.64557637175811,25.74914050667574,22.4851071466829,3
83.66557770518034,29.765931665794266,26.619316794937745,3
83.68557903860257,27.199993686757857,25.658516818804816,3
83.7055803720248,33.46246382377273,28.969074900373645,3
83.72558170544703,29.753402116143683,25.857756328024983,3
83.74558303886926,25.57049569121275,21.09475888852392,3
83.76558437229149,30.201683526876923,25.732963339958452,3
83.78558570571371,36.77333885014057,30.286060640684436,3
83.80558703913594,37.875782469077876,34.150091315052414,3
83.82558837255817,42.92488971939862,41.5713406446698,3
83.8455897059804,42.357296417956974,39.01022439622613,3
83.86559103940263,47.491474225594004,44.3418583433436,3
83.88559237282485,47.01522441457422,40.73161070983107,3
83.90559370624707,45.150779772125325,42.39443257550388,3
83.9255950396693,42.00146659437974,41.820997262484816,3
83.94559637309153,47.276509900147474,43.08594150352988,3
83.96559770651376,49.895535514609534,47.82089338148479,3
83.98559903993599,55.25897991438595,53.318280322356784,3
84.00560037335822,54.779383204673785,51.771269376425934,3
84.02560170678045,62.543105739678424,58.575598574108966,3
84.04560304020268,64.27856369313099,61.479730647633886,3
84.06560437362491,67.45294310002328,66.78189029477919,3
84.08560570704714,66.95115248591554,65.0841604970581,3
84.10560704046937,64.95518557677968,63.17824644566722,3
84.1256083738916,74.7374566740271,69.70681996311662,3
84.14560970731382,72.57217641794075,68.95150028646383,3
84.16561104073605,74.70392254640801,70.75787079994588,3
84.18561237415827,74.19222408467732,70.506603876501,3
84.2056137075805,77.08218812230166,76.17948298210659,3
84.22561504100273,81.74831497140417,78.87841317222856,3
84.24561637442496,88.31689410786434,84.0328270648192,3
84.26561770784718,82.40811346307333,79.1036372664974,3
84.28561904126941,86.15159665695003,82.68527943625102,3
84.30562037469164,90.07729009648578,85.2113382081169,3
84.32562170811387,87.72140384300269,83.61870508171218,3
84.3456230415361,87.86093478406782,84.5708139491513,3
84.36562437495833,87.98462919464748,83.77026120256696,3
84.38562570838056,91.22730816191533,84.7776181382114,3
84.40562704180279,89.95586507585034,85.51688019613272,3
84.42562837522502,94.67637050738469,90.13493930852673,3
84.44562970864725,93.83909146236914,90.32530955645723,3
84.46563104206948,90.81731052975641,83.58949071952728,3
84.48563237549169,93.19692479709089,86.33487838137276,3
84.50563370891392,88.6375576678261,84.6463788288517,3
84.52563504233615,89.54307866500936,84.34001796704244,3
84.54563637575838,88.35286484835447,83.4780038396939,3
84.5656377091806,86.81173613514952,79.30072739401702,3
84.58563904260284,89.4458938032143,83.54749705365656,3
84.60564037602506,89.10769824936175,83.46184070195984,3
84.6256417094473,90.72315824469575,82.41465038879696,3
84.64564304286952,89.0181938738711,81.9524528872595,3
84.66564437629175,89.56562072862121,81.90558774030528,3
84.68564570971398,89.65442587589466,79.96121929607641,3
84.70564704313621,80.10513439153807,72.76477868120011,3
84.72564837655844,83.85044032895541,76.75038937782872,3
84.74564970998067,78.24333564604288,69.17479794196005,3
84.7656510434029,78.53415229357492,72.3302270875045,3
84.78565237682511,80.2473448588682,71.7090589054787,3
84.80565371024734,78.03215454778373,66.5214258985822,3
84.82565504366957,76.56795342045896,66.26097580084812,3
84.8456563770918,77.62805525643786,66.93536656860866,3
84.86565771051403,73.26690001036191,63.53199280321426,3
84.88565904393626,67.17286458164436,60.57426470294618,3
84.90566037735849,67.10300227992182,56.66109793936592,3
84.92566171078072,61.34757692829133,55.235202023237754,3
84.94566304420295,59.83466623797409,52.583905647385386,3
84.96566437762517,58.04829754866941,50.67570550399349,3
84.9856657110474,55.36470670105954,45.73819940178737,3
85.00566704446963,53.31243258480833,45.4916283016961,3
85.02566837789186,53.23712871871517,44.039997978003086,3
85.04566971131409,56.38373799606997,46.08085178658601,3
85.06567104473632,51.84639133513833,44.213317151227706,3
85.08567237815853,46.87907446917163,38.65279649802931,3
85.10567371158076,46.96712767665696,34.65480174483111,3
85.12567504500299,37.865848602349985,29.74396984880038,3
85.14567637842522,39.014557714747305,31.857072053399364,3
85.16567771184745,35.14384934988475,26.197372938661044,3
85.18567904526968,36.479025909629655,28.80520386769207,3
85.20568037869191,34.3866449337476,26.487523355600395,3
85.22568171211414,38.909814521177026,29.564260999368972,3
85.24568304553637,36.60405537588722,27.633629685984523,3
85.2656843789586,33.73114885442576,26.277575558614792,3
85.28568571238083,30.418891934574475,23.881333193318678,3
85.30568704580305,24.033060949983597,18.59631372482016,3
85.32568837922528,22.55779341423305,15.186369501001694,3
85.34568971264751,22.929527704763228,16.27758449888016,3
85.36569104606974,21.24152287122207,16.478337243495563,3
85.38569237949196,21.070466651187786,12.661223711421675,3
85.40569371291419,25.51830463093137,17.753322323920838,3
85.42569504633641,26.44238064192628,20.88124774403634,3
85.44569637975864,24.862422254997448,17.17142512253173,3
85.46569771318087,26.109309583944405,21.744999499332177,3
85.4856990466031,19.981162175179296,15.960042534055447,3
85.50570038002533,20.772709370598136,14.198903996348008,3
85.52570171344756,19.647167770678955,15.656882598422866,3
85.54570304686979,24.09433067468839,17.508024602942765,3
85.56570438029202,19.997502805392763,15.079958210261827,3
85.58570571371425,24.61395890626913,20.01577992528767,3
85.60570704713648,25.519226802805825,21.579854719488907,3
85.6257083805587,32.16038508350783,23.132909402950055,3
85.64570971398093,29.215306383534802,25.321652849569688,3
85.66571104740316,25.621623988173027,21.76824698219667,3
85.68571238082538,26.01956945080738,24.259298844714223,3
85.70571371424761,24.743207003624335,21.117045616218082,3
85.72571504766984,28.863060761642544,23.48070263067512,3
85.74571638109207,27.814597519774416,25.467965497621716,3
85.7657177145143,30.275747751928908,24.73787375779721,3
85.78571904793652,36.295688238646036,34.10930934133259,3
85.80572038135875,41.66644305256057,38.2312460383796,3
85.82572171478098,40.09888514222807,37.09916312799108,3
85.84572304820321,43.353444790515255,39.5880347151618,3
85.86572438162544,44.87855617909449,43.35426163917207,3
85.88572571504767,47.40833570507014,42.61913123490282,3
85.9057270484699,44.853669397148906,41.6320289666499,3
85.92572838189213,50.23144916556849,43.73758430014892,3
85.94572971531436,46.39984723084414,46.566075486013844,3
85.96573104873659,48.513298461826686,46.17914560625003,3
85.9857323821588,53.95190289431494,54.26491235230692,3
86.00573371558103,62.19702096337079,58.70926984146636,3
86.02573504900326,66.60738851092648,63.43942340255325,3
86.04573638242549,70.68411054994522,70.52518190526277,3
86.06573771584772,64.28987362623526,63.43334331460577,3
86.08573904926995,66.94186776920208,66.93184634391068,3
86.10574038269218,68.18924747814924,64.51487998825124,3
86.1257417161144,66.9839623670435,63.878061155651096,3
86.14574304953663,68.78330998445723,70.12117293079835,3
86.16574438295886,71.13036540679502,68.34468208487444,3
86.18574571638109,74.64728612701398,72.08541051159683,3
86.20574704980332,76.58588658697605,72.351030965081,3
86.22574838322555,80.82077138360766,75.87274119483934,3
86.24574971664778,83.27645424491571,81.00210090407238,3
86.26575105007001,86.120482828176,83.65369569376684,3
86.28575238349222,87.02367590010516,81.24239655428677,3
86.30575371691445,84.15367505207803,79.59858247262102,3
86.32575505033668,84.36914398937549,80.11199549634843,3
86.34575638375891,83.63037341748364,78.14435589025328,3
86.36575771718114,86.70870189972064,83.09252577148254,3
86.38575905060337,86.60463512795906,83.51289331857755,3
86.4057603840256,91.62599853806485,87.36001247707237,3
86.42576171744783,91.49426849448609,87.76469104094014,3
86.44576305087006,92.14631074844712,87.77638533470196,3
86.46576438429229,96.74029975409654,93.95448552348952,3
86.48576571771451,92.75661654145983,88.36762234605494,3
86.50576705113674,89.52520621224062,84.6411441391982,3
86.52576838455897,90.3308037375729,82.83756003691992,3
86.5457697179812,86.85087067624603,79.7545177302405,3
86.56577105140343,90.6395258074438,81.78812971029782,3
86.58577238482565,88.64400300462223,81.04609072962457,3
86.60577371824787,87.45678766304981,82.02888913066657,3
86.6257750516701,94.03894541442091,84.34692963445713,3
86.64577638509233,88.79819236816306,81.70033598641218,3
86.66577771851456,87.28530831987035,81.24235480618053,3
86.68577905193679,88.50841282805206,80.9987529447356,3
86.70578038535902,87.57808068805909,79.577723488126,3
86.72578171878125,80.15096974866799,72.02801562192364,3
86.74578305220348,81.92498600734989,73.57525335735895,3
86.76578438562571,81.00030932538033,70.99491763935795,3
86.78578571904794,79.70006557197664,68.53625607892566,3
86.80578705247017,78.00865095368498,69.18424740293351,3
86.8257883858924,76.25077154454186,66.2171522102824,3
86.84578971931462,81.83085565249878,71.32338679283382,3
86.86579105273685,71.2703452014234,63.23874692605705,3
86.88579238615907,71.99705646636173,61.58566014254178,3
86.9057937195813,65.37551480645801,57.43169675890728,3
86.92579505300353,57.861295220056824,49.128861371749174,3
86.94579638642576,60.150755508452264,50.63223283484295,3
86.96579771984798,57.91285895160485,48.98872749627629,3
86.98579905327021,56.73114930636074,45.02449010880488,3
87.00580038669244,56.390589237859004,48.33854457442705,3
87.02580172011467,54.31613675309803,47.73741247129639,3
87.0458030535369,57.36377636696182,46.536801234270946,3
87.06580438695913,52.62466501730307,43.57542362621914,3
87.08580572038136,49.924646457989965,41.576619442846386,3
87.10580705380359,44.93019449539192,36.505701225834756,3
87.12580838722582,43.11006152696608,33.22747895438414,3
87.14580972064805,38.59629119720514,30.24922149916807,3
87.16581105407028,34.9142665535533,25.690985605253424,3
87.18581238749249,34.19376339141878,29.126596729016363,3
87.20581372091472,30.941569901305,22.005442136192748,3
87.22581505433695,34.836736848052055,26.937662403816194,3
87.24581638775918,34.380444025283246,26.705818113838404,3
87.2658177211814,36.55011959194099,29.303233055778673,3
87.28581905460364,29.285063327378236,22.341928248765196,3
87.30582038802586,26.1306022640516,17.849344286697143,3
87.3258217214481,23.09295798419934,16.90572671266323,3
87.34582305487032,23.84901816933147,15.963782776829278,3
87.36582438829255,22.110804522760294,16.70327754555511,3
87.38582572171478,20.30030975667429,14.512859424298142,3
87.40582705513701,25.18296985330176,18.89975789557676,3
87.42582838855924,23.048201594101545,17.783567694667983,3
87.44582972198147,28.402005373959206,19.988903979529937,3
87.4658310554037,20.5008240843025,15.90098517385908,3
87.48583238882591,22.90189550368413,16.121469839198483,3
87.50583372224814,20.032656877041518,15.655966897469005,3
87.52583505567037,21.99921423788276,15.905666737748065,3
87.5458363890926,17.091093470223633,13.852927999455407,3
87.56583772251483,20.885322759775203,14.488110821144712,3
87.58583905593706,24.82976949556791,19.435876840934657,3
87.60584038935929,22.913818780803457,18.976836280360324,3
87.62584172278152,26.45887130491315,20.344888490369467,3
87.64584305620374,25.81424306839116,22.373857702820843,3
87.66584438962597,29.119715665241408,24.500056355479543,3
87.6858457230482,27.016319157723117,21.776993902416923,3
87.70584705647043,29.43127222837091,25.728966392093326,3
87.72584838989266,29.285994537399755,24.864429420867104,3
87.74584972331489,28.277619242898517,26.258435879901945,3
87.76585105673712,31.435919562102164,28.488272065318185,3
87.78585239015933,32.05168720692339,29.171448410884956,3
87.80585372358156,39.086631292780794,36.664777930187945,3
87.82585505700379,39.376218171359334,36.679448276681796,3
87.84585639042602,42.30544753282619,37.78692633457432,3
87.86585772384825,47.211532414366786,43.83594635304138,3
87.88585905727048,41.05186636054953,42.579259794550744,3
87.90586039069271,46.38266257190144,44.91728922794427,3
87.92586172411494,51.7873267803952,48.3679884007047,3
87.94586305753717,47.13473857421404,46.009082069475916,3
87.9658643909594,50.36462262166107,47.73811249518241,3
87.98586572438163,54.356748144664344,51.838832468250004,3
88.00586705780385,57.117262202720035,54.217433535783236,3
88.02586839122608,62.37710248611627,61.36333379866831,3
88.04586972464831,67.21403230011595,64.23547932776742,3
88.06587105807054,69.63095178134729,67.53874405793182,3
88.08587239149276,68.63732574038139,64.96338224336799,3
88.10587372491499,71.4428461168464,69.26674320216803,3
88.12587505833721,63.12872468086225,61.558723323547916,3
88.14587639175944,72.37973559987543,68.67315050511007,3
88.16587772518167,75.24882905757012,74.02284639269905,3
88.1858790586039,67.55621787622928,68.01508201132704,3
88.20588039202613,77.58936666234479,74.24617518416821,3
88.22588172544836,84.26060780880043,79.75615896438089,3
88.24588305887059,88.52835279943865,84.70260422999178,3
88.26588439229282,86.1353376786182,83.44410446914438,3
88.28588572571505,84.39883563920826,80.3032948830959,3
88.30588705913728,83.97765325052387,79.03299071654516,3
88.3258883925595,87.91975317715423,83.92515240047689,3
88.34588972598173,84.1056430800871,79.76432034515824,3
88.36589105940396,85.93485435102937,81.20162232395734,3
88.38589239282618,91.12661668782637,86.52004421988194,3
88.40589372624841,88.38775515525847,85.03363791265608,3
88.42589505967064,90.73101781718256,87.205444279407,3
88.44589639309287,93.43377281018721,88.90658156985101,3
88.4658977265151,97.32452586334655,91.67390875799931,3
88.48589905993732,91.80290071598884,87.62364247328378,3
88.50590039335955,91.64611888394353,86.028197924724,3
88.52590172678178,88.62395182453545,82.70946245298775,3
88.54590306020401,88.18393557846971,83.37762423759963,3
88.56590439362624,90.44769751782718,85.28407098600594,3
88.58590572704847,89.69323652118587,82.72138820602345,3
88.6059070604707,88.7175970020812,81.58328509046665,3
88.62590839389293,93.23409430141133,83.74483215298969,3
88.64590972731516,94.68827689682387,87.34239079640564,3
88.66591106073739,87.19729504611485,80.78701143229078,3
88.6859123941596,89.32302529208066,81.31347397245871,3
88.70591372758183,84.31402617924387,74.07085086118298,3
88.72591506100406,84.30609662767894,76.27587385224727,3
88.74591639442629,79.28072061999156,71.5202768841274,3
88.76591772784852,78.84690430428032,69.90624126974323,3
88.78591906127075,76.99277437175961,70.36808355076136,3
88.80592039469298,75.00421579165345,67.50491610679295,3
88.8259217281152,80.85933933384004,73.46293752846267,3
88.84592306153743,74.24282658253587,66.69003012022742,3
88.86592439495966,75.987986335614,66.15420418527674,3
88.88592572838189,67.63188735235367,59.09480547393299,3
88.90592706180412,68.32207897470704,59.48905724318189,3
88.92592839522635,66.72605236781399,59.77152285150865,3
88.94592972864858,59.6572175214954,51.877143355001124,3
88.96593106207081,55.58480936856432,48.00887655273348,3
88.98593239549302,56.73778652427535,46.7981706839938,3
89.00593372891525,53.61414347338272,44.31655154454266,3
89.02593506233748,56.36141968136805,45.37615117774291,3
89.04593639575971,55.53794044300706,47.8728695519076,3
89.06593772918194,51.36523263248939,44.078215428746944,3
89.08593906260417,54.047970630972976,43.54809375897975,3
89.1059403960264,42.306366538215116,35.0282482927748,3
89.12594172944863,46.805073868893984,35.48517658805369,3
89.14594306287086,37.14308891572303,29.93272725316237,3
89.16594439629309,35.541700467615,27.90380628066903,3
89.18594572971531,35.86334887912482,25.295017291822603,3
89.20594706313754,36.99547907122448,30.358291860587382,3
89.22594839655977,35.72951951122016,29.00515363758405,3
89.245949729982,36.731851356482515,27.633676354783123,3
89.26595106340423,32.28666303228722,24.90550311350076,3
89.28595239682645,29.924614328375416,22.73034600230255,3
89.30595373024867,28.618258306736852,21.293489154011894,3
89.3259550636709,25.313927457776288,15.786789019800759,3
89.34595639709313,24.572362750165684,17.571799704456044,3
89.36595773051536,21.04519677675469,15.621564384534896,3
89.38595906393759,22.627976087356693,17.641280641792633,3
89.40596039735982,25.64598665326222,20.01173821631383,3
89.42596173078205,23.732830287859485,20.449529938257513,3
89.44596306420428,25.697645971044754,17.191971673960214,3
89.46596439762651,20.934036470932394,16.250698253400028,3
89.48596573104874,25.556123688039744,17.92866460254145,3
89.50596706447097,19.681330828133042,13.758356473487312,3
89.5259683978932,22.82842314706471,17.591878848624976,3
89.54596973131542,19.970686962541386,15.246634745125982,3
89.56597106473765,22.63087197812851,18.92995801743385,3
89.58597239815987,24.17088454921255,19.877795733949583,3
89.6059737315821,25.427768896450242,21.393351760578014,3
89.62597506500433,29.98971558654913,26.22540281637291,3
89.64597639842655,26.65364762812477,19.15052612797313,3
89.66597773184878,32.18231967511328,27.264013630371245,3
89.68597906527101,26.079075247259972,22.170077797840246,3
89.70598039869324,25.28504103132187,21.421330306249114,3
89.72598173211547,26.991776732706814,21.285544449915506,3
89.7459830655377,29.50989517609319,23.832147382691637,3
89.76598439895993,31.43486473176238,26.448929365573346,3
89.78598573238216,39.141848325495566,37.19371085458544,3
89.80598706580439,34.63813283631822,32.222694703987585,3
89.82598839922662,37.27021862180163,34.21663702255557,3
89.84598973264885,41.4424795511287,41.71531055167925,3
89.86599106607108,43.697039965326105,40.630910950300105,3
89.88599239949329,46.02328289407122,43.2099906709288,3
89.90599373291552,43.31283350690809,42.46673153322631,3
89.92599506633775,45.18013975911032,44.41155379149658,3
89.94599639975998,50.8590719770164,49.41789119895416,3
89.9659977331822,47.3730543969764,46.70913005649064,3
89.98599906660444,52.34822065416962,49.66366726837542,3
90.00600040002666,55.712735282690744,52.33325239024583,3
90.0260017334489,59.05172554482411,57.5568478633899,3
90.04600306687112,63.753666995006434,65.08277428967705,3
90.06600440029335,64.72337554902059,61.69361664644466,3
90.08600573371558,68.42967674597735,69.00827162443873,3
90.10600706713781,63.61742129840468,61.10140679049672,3
90.12600840056004,65.06628534493805,64.65712255022419,3
90.14600973398227,64.41047843292179,62.402314428982265,3
90.1660110674045,67.91898041391259,62.88189727946299,3
90.18601240082671,75.11646285993946,72.00063626300354,3
90.20601373424894,82.31136526764455,77.80961853998456,3
90.22601506767117,81.76666667262678,76.56813655562455,3
90.2460164010934,81.69486913058779,77.8665397764963,3
90.26601773451563,86.85494491261953,80.69136141781819,3
90.28601906793786,87.38506707354385,84.20718195075085,3
90.30602040136009,85.6799956406928,82.24436283972143,3
90.32602173478232,86.55694914158035,81.8081673372544,3
90.34602306820454,83.59551056033864,80.89808427384318,3
90.36602440162677,85.97708284312509,81.87012681202575,3
90.386025735049,95.30199161647515,87.7552243556748,3
90.40602706847123,91.98340900574509,86.1793686725745,3
90.42602840189346,96.94620802766848,92.6466685215253,3
90.44602973531569,90.81603954588923,85.77607986369921,3
90.46603106873792,97.81628346450272,91.67294839613342,3
90.48603240216013,91.91909830528408,87.36534665161982,3
90.50603373558236,93.51851740192494,87.71652036290965,3
90.52603506900459,87.85362724476549,80.0784854438412,3
90.54603640242682,88.5462275798948,83.32537574722404,3
90.56603773584905,94.05205355717368,85.79523883139912,3
90.58603906927128,90.49857979285589,81.17168574713686,3
90.60604040269351,90.09448355526834,84.29575484670036,3
90.62604173611574,96.28041538272292,86.92901355753988,3
90.64604306953797,94.16520688471667,86.37778284791652,3
90.6660444029602,90.6860088142607,84.12219326137583,3
90.68604573638243,87.55906689274492,77.88149475034874,3
90.70604706980465,82.4449201522745,74.5428054288298,3
90.72604840322688,80.59579073791,74.90059577247985,3
90.74604973664911,81.41048777769622,72.12750864046643,3
90.76605107007134,77.7833693609672,65.05981140084863,3
90.78605240349356,75.99254861741646,68.28596004303789,3
90.80605373691579,78.23211129293297,71.34568178512266,3
90.82605507033801,75.14016294294608,67.22186352869761,3
90.84605640376024,75.83074024965916,66.0701647983192,3
90.86605773718247,74.67003356303553,65.15538881831905,3
90.8860590706047,76.17974286024095,67.26618048437149,3
90.90606040402693,68.48374973101562,57.54438258868512,3
90.92606173744916,64.85491934129189,55.77702184123775,3
90.94606307087139,59.52682468149976,50.45152762172011,3
90.96606440429362,61.77601631095151,50.08803571798301,3
90.98606573771585,56.294420192821946,47.6664592112687,3
91.00606707113808,54.485804775484524,48.132979308536655,3
91.0260684045603,56.2115341840501,47.45299367099961,3
91.04606973798253,55.22328759048857,44.040887127852926,3
91.06607107140476,50.240719665257714,40.908555133312746,3
91.08607240482698,50.436161838999666,42.209289004905344,3
91.10607373824921,43.89657765035782,34.461805125256326,3
91.12607507167144,42.40688140122043,35.38446290540202,3
91.14607640509367,40.24149828483129,30.60697251206936,3
91.1660777385159,34.89552625387733,25.87087321362021,3
91.18607907193812,32.70151100894182,26.330825201956134,3
91.20608040536035,36.441871155508416,26.383515495142312,3
91.22608173878258,34.92461922335129,25.850856589969524,3
91.24608307220481,37.90375433520075,29.46964733785309,3
91.26608440562704,33.133062607958045,23.62753485694761,3
91.28608573904927,30.677289117394377,23.85655166202282,3
91.3060870724715,29.006526144938753,20.912661592376768,3
91.32608840589373,25.261234358753953,18.892769730118466,3
91.34608973931596,23.6208180673065,14.057250387487805,3
91.36609107273819,22.443625836695162,17.397264801378487,3
91.3860924061604,20.780355676817912,14.589812581073003,3
91.40609373958263,22.88865002603948,13.879512525280102,3
91.42609507300486,26.91316656118842,21.596361300180096,3
91.44609640642709,23.148469410291842,17.65350421606128,3
91.46609773984932,22.166860886788086,17.189147130842596,3
91.48609907327155,21.32381821839893,16.095159769204933,3
91.50610040669378,21.379184366200995,13.252832505607936,3
91.526101740116,16.87697144735395,12.082145358960839,3
91.54610307353823,19.68287495568888,13.691748055059541,3
91.56610440696046,19.45423622590373,16.157614174470506,3
91.58610574038269,22.2314030054735,17.09983196864721,3
91.60610707380492,22.724739345484966,19.73203294651371,3
91.62610840722715,29.880846920242284,25.848407565010664,3
91.64610974064938,28.444149709229468,25.08832396807726,3
91.66611107407161,33.3661410644787,29.391625209050126,3
91.68611240749382,28.745522097562432,23.56098995229384,3
91.70611374091605,27.078906533444734,21.808713599031073,3
91.72611507433828,30.26177683412493,24.48010587651604,3
91.74611640776051,30.122498359032274,26.770515711193354,3
91.76611774118274,32.78355392338979,29.069378053520378,3
91.78611907460497,33.39157402313239,28.311276644826286,3
91.8061204080272,33.24005564441126,28.106648552380676,3
91.82612174144943,42.592987808049706,37.90581275877667,3
91.84612307487166,38.613862287109185,37.24334225646564,3
91.86612440829389,44.674264549486814,41.70761353387513,3
91.88612574171611,43.89841438933734,40.95182476938593,3
91.90612707513834,43.49568355769519,40.83280931500473,3
91.92612840856057,47.2659980892797,46.001708648946725,3
91.9461297419828,45.30198037113089,44.183484282984594,3
91.96613107540503,48.07590546318991,45.8726631049162,3
91.98613240882725,56.230741866045015,52.83791308391243,3
92.00613374224947,61.76095591876994,58.17422587149342,3
92.0261350756717,65.05937779657665,63.47630986183753,3
92.04613640909393,62.35801878600417,60.60861191550465,3
92.06613774251616,71.45824624622796,68.45548412748701,3
92.08613907593839,70.64118547804814,66.91198731934047,3
92.10614040936062,69.01756496335143,67.23223494331637,3
92.12614174278285,71.0256382033311,68.79650530136591,3
92.14614307620508,65.45830249487204,62.37323228648339,3
92.16614440962731,74.7034243229235,72.42601277512716,3
92.18614574304954,73.68731969999854,70.63247090815553,3
92.20614707647177,80.9861666923189,76.62567019685126,3
92.226148409894,79.12267885410765,75.41686825012339,3
92.24614974331622,83.64299824192896,80.46045699040937,3
92.26615107673845,88.69124330118791,83.50039881043489,3
92.28615241016067,84.65135643801153,80.63066700110149,3
92.3061537435829,84.12164521453941,82.43405840741354,3
92.32615507700513,90.71851091060239,88.42818290965569,3
92.34615641042735,82.76044411885964,80.5647545319491,3
92.36615774384958,85.93161478792251,81.16972562497205,3
92.38615907727181,88.33509095194495,86.24251362164436,3
92.40616041069404,89.45300458281456,85.34460347715964,3
92.42616174411627,91.94168120844637,88.35973718806122,3
92.4461630775385,94.12131603959877,88.50731288527226,3
92.46616441096073,93.32402689859579,88.41157455009596,3
92.48616574438296,90.72217678335919,82.54162470159598,3
92.50616707780519,95.82711743978993,90.53699608224775,3
92.52616841122742,90.09754653100559,84.74088448429443,3
92.54616974464965,88.35360395027057,84.29236228829903,3
92.56617107807187,86.72311752939933,82.03706738285629,3
92.58617241149409,90.18708167183755,81.54941867330025,3
92.60617374491632,92.29616748742693,85.19881880782141,3
92.62617507833855,91.22609231790753,82.09981755706156,3
92.64617641176078,91.01586343919156,83.4580448928713,3
92.666177745183,90.23638713127511,80.02542577997905,3
92.68617907860524,88.94159044073851,80.93879994772765,3
92.70618041202746,82.09789417100082,73.5936044369839,3
92.7261817454497,81.21172235015078,75.88807196262755,3
92.74618307887192,75.60382452279477,67.53306144288146,3
92.76618441229415,74.28044566477291,66.21054627576211,3
92.78618574571638,78.0283299198161,70.04845643603059,3
92.80618707913861,78.80814541570612,69.4800549166451,3
92.82618841256084,76.48059940077829,69.2645822906391,3
92.84618974598307,77.82998136872453,69.05165717937368,3
92.8661910794053,72.9585975807875,64.1216152304219,3
92.88619241282751,66.12834345527918,55.13636385448721,3
92.90619374624974,67.01828647446544,57.10149157135845,3
92.92619507967197,60.81397482856168,54.19898413896599,3
92.9461964130942,63.283037544419905,52.59119890405911,3
92.96619774651643,60.05312630412533,49.856773709783845,3
92.98619907993866,57.200483129587106,48.639046072119285,3
93.00620041336089,57.20117403857351,46.39965868586132,3
93.02620174678312,53.84284642014944,44.380566798095145,3
93.04620308020534,58.06743909318845,48.05559664413886,3
93.06620441362757,51.45355160147633,43.46696534134021,3
93.0862057470498,48.809899024996554,40.239458289323395,3
93.10620708047203,45.487465611489995,35.47190588192679,3
93.12620841389426,40.76272549739616,30.516668863834962,3
93.14620974731649,37.68251404328673,27.47552108795263,3
93.16621108073872,35.07585961419518,26.34940902761353,3
93.18621241416093,34.71390415248153,25.413971911561656,3
93.20621374758316,34.63471314658699,27.02166866630073,3
93.22621508100539,35.30972802882248,26.090961487686304,3
93.24621641442762,36.310835908298074,26.398645075899896,3
93.26621774784985,34.26431307174129,24.82303639717819,3
93.28621908127208,30.41580112707634,22.869561528282134,3
93.30622041469431,32.81144589204441,23.985848628093134,3
93.32622174811654,20.749396378971813,12.911897421316729,3
93.34622308153877,25.299109979497036,18.622874862907764,3
93.366224414961,25.053417050621924,18.469893338444304,3
93.38622574838323,20.43681778418053,14.967707077651708,3
93.40622708180545,25.202134395516136,20.9127741237512,3
93.42622841522768,26.26410681061539,20.892493200768843,3
93.44622974864991,27.609724492755863,22.198057944253076,3
93.46623108207214,24.37981640194341,18.075388642120604,3
93.48623241549436,25.746467804427805,19.98358179638444,3
93.50623374891659,20.723723461837437,16.70308732995144,3
93.52623508233881,19.261541672155865,12.614516873733088,3
93.54623641576104,14.729512661044982,11.018992278807506,3
93.56623774918327,20.33616420098552,15.555920091525387,3
93.5862390826055,22.551481292577822,16.81056022206873,3
93.60624041602773,21.777984495298075,15.994479499050657,3
93.62624174944996,28.30926985252301,21.447133747568607,3
93.64624308287219,31.80904720759878,28.163225613280492,3
93.66624441629442,29.45022432748569,27.746489193296593,3
93.68624574971665,29.85799853598548,27.543672714837243,3
93.70624708313888,31.830926116136222,27.02794554471733,3
93.7262484165611,30.658169951400367,26.46850031627876,3
93.74624974998333,29.62800847108906,27.44180124332582,3
93.76625108340556,29.72010933569586,28.590934639093177,3
93.78625241682778,33.43895590413132,27.818150440264827,3
93.80625375025001,36.332565839051476,33.57684089784784,3
93.82625508367224,40.39255109822026,38.11152871326729,3
93.84625641709447,44.74587217559182,43.434267069814666,3
93.8662577505167,46.70777101910704,43.0644040686275,3
93.88625908393892,48.6868078049863,45.704313707363696,3
93.90626041736115,46.951265726047076,43.96906555766541,3
93.92626175078338,51.079729598591086,47.68824351941539,3
93.94626308420561,43.01169238153406,42.22604840856683,3
93.96626441762784,50.72441340088122,48.23199646617216,3
93.98626575105007,51.21244348092875,49.99992713874015,3
94.0062670844723,53.74162610242712,54.708042898241914,3
94.02626841789453,62.45299083257088,58.64447575928913,3
94.04626975131676,66.75731860802735,63.341882553337705,3
94.06627108473899,67.94459531308875,67.54286391760517,3
94.0862724181612,67.57424343052199,64.63466215996664,3
94.10627375158343,70.09878131538974,67.13559965621707,3
94.12627508500566,66.60358884655354,65.16717632117673,3
94.14627641842789,70.41892666400346,66.99856957396507,3
94.16627775185012,72.09736620780966,69.905930803494,3
94.18627908527235,74.38892234410243,70.67247545256947,3
94.20628041869458,77.99337980539214,75.41087863160502,3
94.2262817521168,82.5523346225562,77.47926991073093,3
94.24628308553903,85.92388802796766,80.79051515159215,3
94.26628441896126,85.45786311219047,81.78647748651389,3
94.28628575238349,86.60763430411643,85.11908983326104,3
94.30628708580572,84.36587541742944,79.74660494766076,3
94.32628841922795,87.08160435612403,84.35248543753313,3
94.34628975265018,85.72749988952319,82.14550552299427,3
94.36629108607241,83.65017890996633,80.2720978798779,3
94.38629241949462,88.14122670672484,84.46594770510835,3
94.40629375291685,93.31521700280393,90.28250620731025,3
94.42629508633908,92.06848331825493,86.9894523359106,3
94.44629641976131,94.52081458075476,87.2451397424735,3
94.46629775318354,95.19807588677756,91.25776038803615,3
94.48629908660577,89.08552299974103,83.78498346440546,3
94.506300420028,93.02780989701098,88.10079467478582,3
94.52630175345023,88.89033079666562,83.92294030634989,3
94.54630308687246,85.32829628222218,77.2765201470635,3
94.56630442029468,88.97417889734629,82.45420208529654,3
94.58630575371691,89.70517553940779,81.82753088070785,3
94.60630708713914,90.44202015090146,84.87950388872964,3
94.62630842056137,89.35117421343645,85.2020584369198,3
94.6463097539836,94.5774472853305,86.7519469613589,3
94.66631108740583,90.78739062713974,83.2348660966108,3
94.68631242082805,85.81155617072764,78.41778510853302,3
94.70631375425027,82.66501675273429,74.77752239754199,3
94.7263150876725,80.98141801079699,71.36694829262429,3
94.74631642109473,79.23166498211349,71.72285635083689,3
94.76631775451696,81.21407529886008,70.86520781445006,3
94.78631908793919,77.50967608333009,67.7648322659038,3
94.80632042136142,78.68920573511156,68.7195103250846,3
94.82632175478365,81.35840086003428,69.03848301116648,3
94.84632308820588,74.10153895542861,66.43912626270655,3
94.86632442162811,74.65597596954346,65.58945748231332,3
94.88632575505034,73.69940801669385,63.20059597099369,3
94.90632708847257,63.854990728320814,54.563076455869975,3
94.9263284218948,63.548268498683136,53.15815246989375,3
94.94632975531702,60.75465614670334,49.79677520213207,3
94.96633108873925,56.826045849104666,49.48894017959987,3
94.98633242216147,57.49963861242855,49.04038203876397,3
95.0063337555837,57.337278217366574,47.35299408291029,3
95.02633508900593,56.30622695831792,44.36363545892492,3
95.04633642242815,56.99960825716214,48.35935475698953,3
95.06633775585038,58.58975987750692,47.39964262292949,3
95.08633908927261,49.391582296009936,40.08408596499521,3
95.10634042269484,43.73393581472428,34.20459076129219,3
95.12634175611707,43.69573264466983,32.89429619747322,3
95.1463430895393,38.81524010224426,30.853019864119293,3
95.16634442296153,34.62773081879965,26.32096048400877,3
95.18634575638376,36.89024082439579,27.768377823719867,3
95.20634708980599,34.4907745790535,26.985437596691302,3
95.22634842322822,36.69311314981263,29.96215897764511,3
95.24634975665045,37.33060881550328,29.78611384120124,3
95.26635109007267,35.59104772964044,24.459329153522965,3
95.28635242349489,30.02893264422025,20.841934427849722,3
95.30635375691712,28.624320109164664,23.51027436297439,3
95.32635509033935,22.202091702907214,19.69345006348896,3
95.34635642376158,25.143147118924507,16.786647354450494,3
95.3663577571838,22.720605408470796,13.37906654857527,3
95.38635909060604,21.293700647563796,13.168609720306058,3
95.40636042402826,23.91559304711774,16.009673942552528,3
95.4263617574505,21.614740522869617,16.11646511753299,3
95.44636309087272,25.644313605370392,19.588044383774417,3
95.46636442429495,24.426587039717347,18.63764902899827,3
95.48636575771718,25.501127575783237,20.145242494526677,3
95.50636709113941,21.83444395803107,14.288832146524275,3
95.52636842456164,19.901288156897138,16.596711670590057,3
95.54636975798387,15.028151530043663,12.447626580993823,3
95.5663710914061,21.366917381639553,17.476494202421403,3
95.58637242482831,25.552805512576725,20.66766293634739,3
95.60637375825054,28.838215005242127,23.973858872467932,3
95.62637509167277,30.90541840976568,25.404339967270282,3
95.646376425095,28.845970957756244,25.388534350838174,3
95.66637775851723,28.65255274095347,22.501333160426118,3
95.68637909193946,26.409417529763207,21.28126617573689,3
95.70638042536169,29.631602763170182,25.41848548453724,3
95.72638175878392,29.77182898136116,27.752583925083535,3
95.74638309220614,29.959938036979928,27.787158775949294,3
95.76638442562837,33.22413891110097,31.019840360414573,3
95.7863857590506,31.185973164049177,27.692959423300877,3
95.80638709247283,37.50543983488369,35.57987807147492,3
95.82638842589506,42.10804015971283,38.44415754497717,3
95.84638975931729,45.60434896791191,44.51243008623966,3
95.86639109273952,41.30340493630754,40.35291172350384,3
95.88639242616173,43.496414320179646,43.217094444454055,3
95.90639375958396,44.088672697689084,41.85649633184672,3
95.92639509300619,46.05589734102475,46.58196635948428,3
95.94639642642842,52.423043416639096,49.241919242965416,3
95.96639775985065,51.30652368397115,48.636284302939266,3
95.98639909327288,56.870248401492596,53.91427220655841,3
96.00640042669511,54.90863098640348,52.500293628383055,3
96.02640176011734,62.569781091496594,58.98551449481394,3
96.04640309353957,63.43291694214709,60.307482479292496,3
96.0664044269618,68.17793971249648,64.73457201795092,3
96.08640576038403,68.84382920093462,67.44534657451722,3
96.10640709380625,68.17843715435791,68.04863222559457,3
96.12640842722848,71.19994979064656,69.19012157458747,3
96.14640976065071,68.43892356762457,65.69611944649769,3
96.16641109407294,75.61314709974454,72.94976850343228,3
96.18641242749516,74.93562651648244,73.92139244498037,3
96.20641376091739,78.83740325074923,75.77128122720737,3
96.22641509433961,83.31671775844737,79.96917500718764,3
96.24641642776184,85.83847497914617,84.14153127886503,3
96.26641776118407,87.73402214662181,83.28122169812158,3
96.2864190946063,81.36589139433379,76.68995575457605,3
96.30642042802853,83.04820528788424,79.78062055313879,3
96.32642176145076,81.69364705683014,77.02837336534695,3
96.34642309487299,84.29830504940725,79.30858964056485,3
96.36642442829522,86.00446839543963,78.87108819998154,3
96.38642576171745,87.7151530163604,83.7121155052435,3
96.40642709513968,95.73109508457713,91.37211198534679,3
96.4264284285619,94.13233672171503,86.47429972133867,3
96.44642976198413,94.31021439715141,89.16250038587894,3
96.46643109540636,98.71541005112442,93.9190343050217,3
96.48643242882858,95.39416923325223,88.66828421124295,3
96.50643376225081,90.17843681323886,82.84910060243067,3
96.52643509567304,89.03058540808462,83.07767882392791,3
96.54643642909527,87.47412571171458,82.26999280031683,3
96.5664377625175,87.74435103279973,79.16177655742898,3
96.58643909593972,89.5953210318185,83.41866844265459,3
96.60644042936195,90.17522120506804,82.38878691789917,3
96.62644176278418,93.1660652030409,85.52516831731293,3
96.64644309620641,91.16019666875262,83.56998011952592,3
96.66644442962864,87.5818418207627,81.41314290919081,3
96.68644576305087,88.47961114792791,81.72284421096182,3
96.7064470964731,86.11120781230619,77.82136623602531,3
96.72644842989533,82.45422596599069,73.80252904588589,3
96.74644976331756,77.05580484782219,69.4811947354326,3
96.76645109673979,79.47417198678434,70.77284593926008,3
96.786452430162,78.67147887855393,69.80831393229374,3
96.80645376358423,78.60162865235984,66.8949831791752,3
96.82645509700646,81.73249466711376,73.01786922013638,3
96.84645643042869,74.20931648941907,66.55714054869051,3
96.86645776385092,74.0278641949771,62.36487871056749,3
96.88645909727315,68.77091118321452,60.39357228191649,3
96.90646043069538,67.60045845633068,59.30799361305948,3
96.9264617641176,60.30487334901848,54.750705911677194,3
96.94646309753983,59.37793079012663,50.483389976218334,3
96.96646443096206,57.645890204744,48.10538133014323,3
96.98646576438429,58.439133916242234,51.161846452342395,3
97.00646709780652,56.48965989392615,46.65751565784605,3
97.02646843122875,57.541899921193725,45.58350402493665,3
97.04646976465098,49.893713027066504,41.651646585801295,3
97.06647109807321,52.13051500141146,41.57089117051508,3
97.08647243149542,47.34656185271919,38.52097792952175,3
97.10647376491765,45.29431032897465,39.715790044973794,3
97.12647509833988,42.02552604853526,30.529145430408118,3
97.14647643176211,36.75835448707096,29.249230574311053,3
97.16647776518434,38.588376212721876,28.932689699501246,3
97.18647909860657,31.260790071010597,22.36060847790838,3
97.2064804320288,35.1159399994972,27.980595151177425,3
97.22648176545103,35.14726393115436,28.08297758444209,3
97.24648309887326,40.46337456060956,34.0105667856505,3
97.26648443229548,33.310210454139884,24.122202497231036,3
97.28648576571771,29.78889101934867,22.773691070906942,3
97.30648709913994,26.456474761823515,20.505770303642166,3
97.32648843256217,25.13051299225204,17.058080261902784,3
97.3464897659844,25.376469873202115,17.72773288387911,3
97.36649109940663,21.226021305618424,16.38900974921974,3
97.38649243282885,21.544162571704774,14.913538300206032,3
97.40649376625107,21.814017639861913,15.052578400340577,3
97.4264950996733,23.450340352287647,17.21457369237684,3
97.44649643309553,25.19624597248693,19.728617520885813,3
97.46649776651776,25.7954443623076,19.408963369517863,3
97.48649909993999,22.955604798355516,16.813106751768967,3
97.50650043336222,22.28328961228055,14.034327670435145,3
97.52650176678445,21.546682749859897,18.610565048880982,3
97.54650310020668,20.786178066557873,13.116699211769143,3
97.56650443362891,22.409817004252368,17.562739019344765,3
97.58650576705114,20.624769786535616,17.920390920881804,3
97.60650710047337,27.090614716287533,21.55318923896171,3
97.6265084338956,28.06126373691555,22.407403973849156,3
97.64650976731782,28.658164251873952,23.337502316108992,3
97.66651110074005,32.190669787927796,31.09145945792614,3
97.68651243416227,26.974313253727885,25.07458281393937,3
97.7065137675845,29.076236416282278,25.369116448662005,3
97.72651510100673,30.48207635240368,27.736119684083445,3
97.74651643442895,33.1025784409274,30.17606084703185,3
97.76651776785118,28.503102868822534,27.192582172675134,3
97.78651910127341,35.996725957849016,32.74350594274026,3
97.80652043469564,39.397454350750365,36.425076260307385,3
97.82652176811787,41.76636444671873,37.42631941121608,3
97.8465231015401,45.71987503899762,40.37633866098052,3
97.86652443496233,50.35332335503471,44.863254562509084,3
97.88652576838456,48.47062355671173,47.226030061261085,3
97.90652710180679,47.45498493239822,42.54132303503338,3
97.92652843522902,44.51615786457755,44.80709371500982,3
97.94652976865125,45.90615933952346,43.714813552251556,3
97.96653110207347,45.756603162146135,44.47396716536456,3
97.98653243549569,53.565734927459594,51.57255607072007,3
98.00653376891792,58.827163866594596,56.982571659851246,3
98.02653510234015,60.56095422990662,58.50165853266246,3
98.04653643576238,66.4869503696102,60.26128143945078,3
98.0665377691846,66.35924490406879,63.93172690745562,3
98.08653910260684,67.68220488404256,62.664499634001416,3
98.10654043602906,69.36507447323964,64.13865363903113,3
98.1265417694513,67.65739299188105,66.36539284665051,3
98.14654310287352,68.81692915315809,66.66590398708703,3
98.16654443629575,70.01902785107423,69.14155359233925,3
98.18654576971798,75.19154923981614,69.63111132966078,3
98.20654710314021,81.4142258522557,79.21215811489266,3
98.22654843656244,80.56163970720581,77.97948741152983,3
98.24654976998467,84.98981420704521,81.64969061344814,3
98.2665511034069,86.1264442221548,80.80286649656585,3
98.28655243682911,82.64314673155761,79.91332344364557,3
98.30655377025134,85.71456979017269,82.3191013444917,3
98.32655510367357,87.42273295289637,82.16683798529978,3
98.3465564370958,83.9315651159041,79.90739185140488,3
98.36655777051803,83.9689724842967,80.79832941611024,3
98.38655910394026,88.96921285941197,84.24926527981998,3
98.40656043736249,95.39717701991101,91.3054812652349,3
98.42656177078472,96.30405656597749,92.52609623713441,3
98.44656310420694,92.5923454937565,86.13115350499409,3
98.46656443762917,97.6588830672815,92.41237630943526,3
98.4865657710514,94.89973009368829,88.13582537534666,3
98.50656710447363,87.9993884914442,80.41315549117519,3
98.52656843789586,91.21846295671843,83.57563569184339,3
98.54656977131809,86.69796965565888,81.17916304661532,3
98.56657110474032,88.6254445526468,84.86564425517733,3
98.58657243816253,93.82593548106279,86.73755918364407,3
98.60657377158476,92.13962746601965,84.42693410330587,3
98.62657510500699,93.54166111720657,84.9712983767986,3
98.64657643842922,94.66565001073525,87.6452533371773,3
98.66657777185145,89.57096850334241,81.75947064025607,3
98.68657910527368,86.78204716684601,78.01070418285346,3
98.70658043869591,84.26969959965334,75.04455322404759,3
98.72658177211814,78.64752163283102,71.02603421488358,3
98.74658310554037,75.27907469828969,67.47220849439255,3
98.7665844389626,77.07649294683812,67.54950651682462,3
98.78658577238483,77.61338393574432,66.9375296458439,3
98.80658710580705,78.09141150545778,70.40917294432512,3
98.82658843922928,76.47495387960952,66.81765406346138,3
98.84658977265151,72.89676534294257,64.45853242127228,3
98.86659110607374,75.00490227063989,64.65913618002355,3
98.88659243949596,67.71295702248341,59.80863338126851,3
98.90659377291819,65.34160119463613,55.771209303265806,3
98.92659510634041,65.31091663979878,53.82207249956953,3
98.94659643976264,56.1938507536266,49.76801838068446,3
98.96659777318487,60.34274236107764,50.473441343247416,3
98.9865991066071,55.52250683452334,46.59934105687392,3
99.00660044002933,57.63567643404204,50.259439147036275,3
99.02660177345156,61.72549015498789,51.83261549032021,3
99.04660310687379,54.221804745695216,45.91953665739364,3
99.06660444029602,51.92644190445994,42.088533117063115,3
99.08660577371825,47.44141970883836,38.09198054529837,3
99.10660710714048,45.033820687041995,37.373092670062405,3
99.1266084405627,42.060001156330024,33.546132012709116,3
99.14660977398493,38.96347872894729,31.452011256829284,3
99.16661110740716,34.30716698265655,27.146761009185656,3
99.18661244082938,37.32164451299772,28.632348512556565,3
99.20661377425161,35.0408447656903,29.28241346118039,3
99.22661510767384,32.77533815166055,24.149407954149183,3
99.24661644109607,32.31149363638015,25.480407984773844,3
99.2666177745183,33.812032402068446,25.719149402185206,3
99.28661910794052,25.73497173053304,20.523971362458806,3
99.30662044136275,27.926444547229224,21.39346767989981,3
99.32662177478498,28.656842778493886,20.501260639608507,3
99.34662310820721,18.02607153596921,11.14699999173093,3
99.36662444162944,23.261714813204698,14.169873363879269,3
99.38662577505167,26.503338180557822,18.432068261155827,3
99.4066271084739,22.538697472773794,16.585232395916844,3
99.42662844189613,21.847552767760124,16.92992696261686,3
99.44662977531836,25.056933410980843,19.233504659501044,3
99.46663110874059,24.15035977387855,17.95965919232775,3
99.4866324421628,23.968229745489964,17.430691502755835,3
99.50663377558503,17.635698654384083,12.863596724862825,3
99.52663510900726,22.46102224026344,18.22317265363303,3
99.54663644242949,23.856862403171682,18.41350814702277,3
99.56663777585172,17.343740136756548,13.470506066379604,3
99.58663910927395,19.105651487437832,16.29752358509836,3
99.60664044269618,24.873658027847213,20.05384324294198,3
99.6266417761184,29.682570067769007,25.976033130647593,3
99.64664310954063,26.543432278217352,22.289467393289897,3
99.66664444296286,28.948666024837568,25.96131396690178,3
99.68664577638509,33.09371615975849,29.11521835153888,3
99.70664710980732,25.871717133595627,21.954383077864673,3
99.72664844322955,25.853052232984776,23.037938388701107,3
99.74664977665178,27.863380552278763,25.147158438144427,3
99.76665111007401,31.950000483196096,29.13242103126815,3
99.78665244349622,35.66183371419034,34.54135440731147,3
99.80665377691845,35.0876030068606,34.09348542415476,3
99.82665511034068,40.9470536835011,40.31341596140172,3
99.84665644376291,46.13687269797313,43.13010416371889,3
99.86665777718514,46.20335090664665,44.6991157744483,3
99.88665911060737,46.53223475424601,42.78425998370027,3
99.9066604440296,44.66845501875609,40.752827306062976,3
99.92666177745183,49.79617741763814,47.93083444148453,3
99.94666311087406,48.641512425828246,43.997625280398694,3
99.96666444429628,52.0559921948386,49.688026212665136,3
99.98666577771851,51.9740451064039,49.43380855336134,3
100.00666711114074,59.06865939226969,55.48909061552526,3
100.02666844456297,60.52922074807622,57.554064217433336,3
100.0466697779852,67.48444597204512,67.51738897036874,3
100.06667111140743,64.88254418697876,63.665026202264784,3
100.08667244482965,68.612494669709,67.51644941029443,3
100.10667377825187,64.09837202840914,62.77755293036455,3
100.1266751116741,66.64881064445389,61.590822422365555,3
100.14667644509633,68.94409563450655,65.80320212790866,3
100.16667777851856,73.33314074042862,68.87767597981339,3
100.18667911194079,72.3425871996725,71.65914793370412,3
100.20668044536302,77.20500065475797,72.32939386875631,3
100.22668177878525,80.72797036182244,78.06963410204705,3
100.24668311220748,88.2599482333341,87.96867526777017,3
100.2666844456297,82.2733367672604,80.0585691160901,3
100.28668577905194,84.92100694728298,82.22782036821455,3
100.30668711247417,84.69408258034139,81.99181204935965,3
100.3266884458964,90.99477215532272,85.44795160227201,3
100.34668977931862,87.08863180686183,82.5326532402638,3
100.36669111274085,91.4277733814879,85.67831522060055,3
100.38669244616307,86.83941019089944,83.10956667290034,3
100.4066937795853,91.65522127450642,86.16491837779195,3
100.42669511300753,91.8372890981121,89.2270035988661,3
100.44669644642975,94.77407139573177,90.80366128943439,3
100.46669777985198,98.6054939991357,91.67465378610666,3
100.48669911327421,90.94695504770867,88.57059981539177,3
100.50670044669644,92.05690407543028,86.07507666850844,3
100.52670178011867,87.62854321584616,82.4626525207661,3
100.5467031135409,88.45031809107682,80.52759639667721,3
100.56670444696313,88.3058808904118,82.40796171442805,3
100.58670578038536,91.06265059871711,85.93468968046274,3
100.60670711380759,89.81328934097989,83.26774622343625,3
100.62670844722982,95.53673772157953,87.19109711498523,3
100.64670978065205,88.74506170194446,84.16641073072087,3
100.66671111407427,88.99889662679516,81.03858355810716,3
100.68671244749649,87.61052276105974,79.16459823898327,3
100.70671378091872,85.51816560901148,78.62070323889982,3
100.72671511434095,78.94090476405401,70.74014580364314,3
100.74671644776318,82.42644433732181,74.1081755518606,3
100.7667177811854,82.53432242664954,72.75641498640174,3
100.78671911460764,81.25009576957692,71.43572524789431,3
100.80672044802986,74.59637948086396,65.60794484797816,3
100.8267217814521,82.76747633935543,72.62828524078304,3
100.84672311487432,79.09508393867094,70.82052459783561,3
100.86672444829655,74.43420399316042,63.77937049181026,3
100.88672578171878,71.82650277258782,63.835755825084284,3
100.90672711514101,67.41203551373023,58.93301906199915,3
100.92672844856324,61.375913340139014,52.93314936136183,3
100.94672978198547,55.23316762030803,47.16997618849013,3
100.9667311154077,60.16980199191937,52.27085660149962,3
100.98673244882991,58.99118898443547,46.356416814720546,3
101.00673378225214,58.298852228611224,49.86352389614575,3
101.02673511567437,56.58716321216549,48.91087120754728,3
101.0467364490966,55.24162505945024,45.56903142694307,3
101.06673778251883,51.603862268817224,43.79672743307979,3
101.08673911594106,52.83394360404045,41.42184967384428,3
101.10674044936329,41.70381874476778,31.465756574780592,3
101.12674178278552,42.059677814635215,32.20382411511913,3
101.14674311620774,40.64533290837283,33.83338709718606,3
101.16674444962997,36.68993743538405,28.686015848613824,3
101.1867457830522,38.89741566550863,29.75605981425862,3
101.20674711647443,36.71394559581491,29.76548078518807,3
101.22674844989666,36.37228427464706,30.4750972108143,3
101.24674978331889,35.90762746106965,28.495687176268817,3
101.26675111674112,33.15954628295332,24.628611017082637,3
101.28675245016333,31.140066909365544,24.276172270157907,3
101.30675378358556,25.458568915772894,16.419599999026023,3
101.32675511700779,25.786098246374475,19.822928370130377,3
101.34675645043002,23.31128265781183,15.143385693272863,3
101.36675778385225,25.430167077597908,19.52273442740712,3
101.38675911727448,25.750389365238686,20.803030403630064,3
101.40676045069671,27.427958148757522,21.958486650190178,3
101.42676178411894,23.100361319740554,17.56547168805062,3
101.44676311754117,26.63405915554261,20.74738218251327,3
101.4667644509634,23.97863368292761,17.711934985095777,3
101.48676578438563,22.763029011177043,16.00255556042298,3
101.50676711780785,19.985942795003808,15.44513568617955,3
101.52676845123008,19.46398049913563,15.607528646050206,3
101.54676978465231,18.276343153454828,12.755367089181835,3
101.56677111807454,20.627300691645328,16.487997694002413,3
101.58677245149676,23.49324246013323,17.941142358520985,3
101.60677378491899,23.769341127432607,19.871958053504745,3
101.62677511834121,27.76400780645011,20.277979340410404,3
101.64677645176344,28.76256041535691,25.059824856749437,3
101.66677778518567,29.34731825322346,24.967890186907887,3
101.6867791186079,29.250959232767986,25.29025772568727,3
101.70678045203013,28.932569523463908,26.77450457611407,3
101.72678178545236,28.659384454101804,24.145839809214706,3
101.74678311887459,27.894501159334965,26.475806944835007,3
101.76678445229682,29.486982565812134,26.58282975769942,3
101.78678578571905,32.75982121856239,31.655206857054374,3
101.80678711914128,33.85155966198461,31.916724802998598,3
101.8267884525635,40.96664705064338,38.121172550576006,3
101.84678978598573,40.86873499425144,41.18769621577455,3
101.86679111940796,47.97038403329346,42.20056484182752,3
101.88679245283018,48.138252010327186,45.98205397358416,3
101.90679378625241,48.289294125143336,44.42145290587749,3
101.92679511967464,48.16026707910095,46.19983799845237,3
101.94679645309687,45.38127457843987,42.9000539763229,3
101.9667977865191,49.68080940277658,49.113140909763544,3
101.98679911994132,51.12210189636212,50.8715096741646,3
102.00680045336355,61.00086143778678,56.22794169658505,3
102.02680178678578,62.67934742806529,58.63166246522905,3
102.04680312020801,65.19328736309875,64.14193376959766,3
102.06680445363024,67.39808389414893,65.15147616790874,3
102.08680578705247,68.70806389536641,65.16902333344515,3
102.1068071204747,68.76904660074743,65.53601743082126,3
102.12680845389693,64.18509826412777,60.969225915173176,3
102.14680978731916,70.40081632710549,67.65504373936719,3
102.16681112074139,69.44416346388597,66.84086904346866,3
102.1868124541636,76.67068359398316,72.99619416006944,3
102.20681378758583,81.19092344758141,79.26605169412805,3
102.22681512100806,83.80904065095854,81.60048180198693,3
102.24681645443029,86.13620532841061,85.28950409895683,3
102.26681778785252,84.21543835121662,81.4516305089235,3
102.28681912127475,83.58696682846289,77.19812648123832,3
102.30682045469698,80.33089245441198,76.58771920896247,3
102.3268217881192,82.84667508129326,79.58992960894467,3
102.34682312154143,85.49871334547775,82.18183466656157,3
102.36682445496366,82.19647009210453,79.12707098519613,3
102.38682578838589,89.72190466367088,86.61801612352576,3
102.40682712180812,91.7496112173508,86.44484454506475,3
102.42682845523035,93.59121169961382,87.38775766059725,3
102.44682978865258,96.63394149303285,90.53822218378022,3
102.46683112207481,93.3011122420256,89.45382884176735,3
102.48683245549702,93.94537273518088,88.79017969300898,3
102.50683378891925,95.09274070167399,89.5376422522994,3
102.52683512234148,90.26678133034876,82.83932005713898,3
102.54683645576371,87.21510713977747,82.30661416069853,3
102.56683778918594,88.49691147851608,82.96010090413094,3
102.58683912260817,89.73527305297247,83.74739049583943,3
102.6068404560304,93.05106033295831,85.4434528836857,3
102.62684178945263,92.57421283069833,82.23958145088548,3
102.64684312287486,89.77887396699857,82.74752524751162,3
102.66684445629708,86.00838498802814,75.79549218735065,3
102.68684578971931,88.90055412148243,79.56012944060537,3
102.70684712314154,83.17759873516607,75.92148983224429,3
102.72684845656377,83.37484107618866,76.2872657107517,3
102.746849789986,75.36296278337386,70.08832324219495,3
102.76685112340823,78.72303472234367,72.01595393700367,3
102.78685245683045,77.19400543301798,69.02089835508107,3
102.80685379025267,77.86093374857427,68.23219531643306,3
102.8268551236749,75.8429515027367,66.25343924238645,3
102.84685645709713,80.1299822559409,70.42585550150535,3
102.86685779051936,74.89927967076534,67.90378034732858,3
102.88685912394159,69.0327349195879,62.94038511991047,3
102.90686045736382,69.85952111430068,59.92000860912542,3
102.92686179078605,59.116558414860386,48.921871191223744,3
102.94686312420828,58.42887882281016,50.25142644819516,3
102.9668644576305,55.28168756428901,46.76918388121973,3
102.98686579105274,56.8706893884402,47.84867366434161,3
103.00686712447497,60.218805795684624,50.56480265024102,3
103.0268684578972,54.72324583567491,46.15533784478108,3
103.04686979131942,54.14808632746579,42.33918536727618,3
103.06687112474165,56.522714128533075,46.236269115116215,3
103.08687245816387,50.459753059804754,42.04935411420711,3
103.1068737915861,43.32967639236115,37.061810279442966,3
103.12687512500833,39.82165194816395,30.12143010662958,3
103.14687645843055,41.46411412617685,33.40026061129384,3
103.16687779185278,35.08356024668802,26.489633126445657,3
103.18687912527501,36.93593278832842,30.43760122159196,3
103.20688045869724,37.69268685059747,29.465603134031742,3
103.22688179211947,34.664260624255775,28.50545693609041,3
103.2468831255417,38.92481274766478,28.40584475210037,3
103.26688445896393,33.85343063965356,24.35682455659931,3
103.28688579238616,32.84052910232715,22.162252471990257,3
103.30688712580839,24.674638851164353,16.027386280014014,3
103.32688845923062,23.72161895838769,17.867113611658294,3
103.34688979265285,20.46005075853014,10.397375952387595,3
103.36689112607507,25.026082153038693,17.894397361530753,3
103.38689245949729,23.104876161203965,17.421087061495925,3
103.40689379291952,24.563409001633644,16.045435054988936,3
103.42689512634175,22.55208502347348,17.91423212051418,3
103.44689645976398,24.892685032081946,18.555115007406734,3
103.4668977931862,26.982127857643693,18.724153258489054,3
103.48689912660844,25.26762628407559,18.52844996707985,3
103.50690046003066,21.141700495280187,15.95515881005639,3
103.5269017934529,15.60370133834307,9.750922246448797,3
103.54690312687512,18.408052581899348,13.628380009489234,3
103.56690446029735,22.146432377205272,17.48769409934621,3
103.58690579371958,22.03056726072593,18.32841977006648,3
103.60690712714181,25.51885962244966,19.03272345470728,3
103.62690846056404,30.680542811013673,24.38894042807309,3
103.64690979398627,26.6106462412743,22.9072250688166,3
103.6669111274085,28.45093776123762,24.520098827700842,3
103.68691246083071,27.65570607300665,25.102382350316294,3
103.70691379425294,28.811455383732017,24.793624733793283,3
103.72691512767517,26.70612681090758,23.595309287951213,3
103.7469164610974,29.601325969224376,27.88374516265724,3
103.76691779451963,26.45108338753722,24.600341472182173,3
103.78691912794186,34.29909956339911,29.10974413067048,3
103.80692046136409,40.23818425072536,34.26666099015523,3
103.82692179478632,39.26537393631496,37.914452237266424,3
103.84692312820854,46.53006473429679,42.324878495264926,3
103.86692446163077,43.71064559498967,43.19743412840315,3
103.886925795053,43.581875391710895,40.678723369118714,3
103.90692712847523,45.96055668221683,44.65169525078314,3
103.92692846189746,49.392299610423535,46.849794628524236,3
103.94692979531969,46.5637176257739,44.95133736077107,3
103.96693112874192,52.486156339129465,50.26816198247153,3
103.98693246216413,52.66953726623522,50.30366793892308,3
104.00693379558636,62.32204218484241,58.088004830404124,3
104.02693512900859,63.01776987876206,59.48549630481853,3
104.04693646243082,66.18542330365705,63.53225628700339,3
104.06693779585305,68.66900621950559,65.9313711766516,3
104.08693912927528,69.81659101882406,62.51632488973714,3
104.10694046269751,65.71242025336889,63.93384214937361,3
104.12694179611974,67.8464748681012,65.9109554348336,3
104.14694312954197,68.89713251048482,66.29505970189025,3
104.1669444629642,71.4075211026706,71.0820046459081,3
104.18694579638642,76.15758866664336,72.86605708204158,3
104.20694712980865,79.01235748039157,77.07455616580386,3
104.22694846323088,82.68856777548382,79.34658473302264,3
104.24694979665311,80.10028571722795,79.50884426984037,3
104.26695113007534,84.74065336035004,83.08555617724576,3
104.28695246349756,84.06190554359202,82.00058922733032,3
104.30695379691979,85.10642613956365,83.24460331158878,3
104.32695513034201,84.2154628436251,81.97761922528028,3
104.34695646376424,87.85530124168505,81.78683000215709,3
104.36695779718647,90.11840712760801,85.59411119102876,3
104.3869591306087,88.723455025057,87.11376104565585,3
104.40696046403093,93.39179764702705,87.27602482489138,3
104.42696179745316,93.57740522104092,87.04781681478565,3
104.44696313087539,92.50571874970157,87.79817872716065,3
104.46696446429762,92.94762713328183,87.74404654753332,3
104.48696579771985,94.63312303275742,86.61006334702941,3
104.50696713114208,93.77892474065327,90.26519956116395,3
104.5269684645643,91.50253107350483,86.54643512693576,3
104.54696979798653,87.0476776090855,81.45768885405103,3
104.56697113140876,87.8264274579573,81.30677691826777,3
104.58697246483098,91.816898559613,82.8842549717201,3
104.60697379825321,89.39097408842593,81.48490033973863,3
104.62697513167544,90.41813887289587,84.23662938141948,3
104.64697646509767,96.1041917730926,88.49680655395389,3
104.6669777985199,91.07644075287942,81.06486673761968,3
104.68697913194212,86.45717018368528,79.70215599966414,3
104.70698046536435,83.2782466831999,78.57877760305915,3
104.72698179878658,79.89119610173496,71.38376723904757,3
104.74698313220881,79.54814847131084,73.55633301624765,3
104.76698446563104,77.72422353654451,68.8552920419404,3
104.78698579905327,74.83180803975534,66.57374976240861,3
104.8069871324755,75.18316446643921,66.41844671430694,3
104.82698846589773,77.90775705049305,67.19225737712728,3
104.84698979931996,77.8081283806492,66.51440818555548,3
104.86699113274219,75.29506888552939,66.00320934847585,3
104.8869924661644,70.05916590007892,62.14359912665412,3
104.90699379958663,65.81444514062868,57.828787035918126,3
104.92699513300886,64.17582348002972,55.8237665053611,3
104.94699646643109,59.958145711393996,50.043573640058625,3
104.96699779985332,55.427906967599,45.043444573677874,3
104.98699913327555,57.576808196587244,46.38060585530711,3
105.00700046669778,58.395051369613526,47.076382499634256,3
105.02700180012,51.63156719371308,42.771970281621954,3
105.04700313354223,54.65144290869637,48.351921573108676,3
105.06700446696446,50.81236551150918,40.30639344079822,3
105.08700580038669,49.806052540229516,39.3522498406843,3
105.10700713380892,45.9613078010038,33.91290052288613,3
105.12700846723115,43.48806880758494,32.65961796940146,3
105.14700980065338,40.97367276433105,33.185840091311235,3
105.16701113407561,36.27760495310494,27.833927859173656,3
105.18701246749782,31.108346803906304,24.269487974658738,3
105.20701380092005,35.134212047737286,27.845070070774668,3
105.22701513434228,35.797464117000786,23.81575229846731,3
105.24701646776451,35.65348364251691,25.415872804366195,3
105.26701780118674,32.54127564723255,25.25357402690174,3
105.28701913460897,29.39097725477217,20.852066391933747,3
105.3070204680312,26.761323078580148,22.011604316372296,3
105.32702180145343,27.633841637398977,20.789042787053564,3
105.34702313487566,25.80575705465802,18.372803362902115,3
105.36702446829788,23.1230018008688,16.697394974910154,3
105.38702580172011,22.963213868087752,15.345729372236953,3
105.40702713514234,25.26421992780816,21.012120262156206,3
105.42702846856457,27.39259473944004,21.414995904518797,3
105.4470298019868,20.708815603376067,14.36826902513695,3
105.46703113540903,24.343774648023462,19.290451251402764,3
105.48703246883125,23.281397860354367,17.698612988731995,3
105.50703380225347,22.400564126531176,18.779807859025475,3
105.5270351356757,20.94776053178552,16.29873663570086,3
105.54703646909793,19.726376275305665,15.431927720430592,3
105.56703780252016,21.901638958222836,18.642164867092017,3
105.58703913594239,23.02618962804964,20.5162407632788,3
105.60704046936462,20.03409874630447,17.199300148903237,3
105.62704180278685,25.851670542864166,18.98230407577025,3
105.64704313620908,28.91890619230424,23.129256708612985,3
105.6670444696313,32.47619002983409,30.015528931767076,3
105.68704580305354,28.119404678156126,25.823836482403664,3
105.70704713647577,28.623425166958718,23.897412762588104,3
105.727048469898,26.49508860707536,25.572817986840054,3
105.74704980332022,32.80317563536356,27.785575598767398,3
105.76705113674245,34.128166571621705,29.757465155512346,3
105.78705247016467,31.239072427235836,27.231199568715613,3
105.8070538035869,34.35375316637153,32.546532282154615,3
105.82705513700913,42.19243635678693,38.48742053398372,3
105.84705647043135,47.48247066290082,43.3102553487465,3
105.86705780385358,46.04280757923492,41.31937113224177,3
105.88705913727581,46.565031856519724,44.04354228924343,3
105.90706047069804,44.91928463127654,43.15369608629315,3
105.92706180412027,45.87853430058064,42.84688328241495,3
105.9470631375425,44.036447282963145,43.89845349835883,3
105.96706447096473,52.344509331500454,47.050535360803224,3
105.98706580438696,56.00954221176874,52.4558313322848,3
106.00706713780919,59.510306095882555,54.98086785080499,3
106.02706847123142,59.131454317787636,56.57906457375222,3
106.04706980465365,63.16695165386267,60.4995619840277,3
106.06707113807587,70.38333071990075,67.85593975457482,3
106.08707247149809,71.07189218231736,69.40958268755077,3
106.10707380492032,67.09943906073028,66.01538379008826,3
106.12707513834255,66.20584107719763,64.09087601440498,3
106.14707647176478,68.71635018577517,68.02895830922829,3
106.167077805187,69.97074486505365,68.33370428006559,3
106.18707913860923,70.91628203344533,71.10029432571824,3
106.20708047203146,79.53838823909585,78.10303204408726,3
106.2270818054537,83.06225055760878,80.25581694065708,3
106.24708313887592,86.6523705441995,82.38280877929823,3
106.26708447229815,83.52868970126292,80.58921693616136,3
106.28708580572038,84.53932056215501,80.45132313510959,3
106.30708713914261,86.24349292823885,82.8853270463686,3
106.32708847256484,88.11849163378162,83.47684703012084,3
106.34708980598707,84.3625381484825,79.82657978558241,3
106.3670911394093,89.43027695250812,83.44340393584467,3
106.38709247283151,89.11241398397468,83.44615000534975,3
106.40709380625374,88.99931605977804,85.2551879670679,3
106.42709513967597,94.60532127650892,90.12417513684153,3
106.4470964730982,94.19651142547518,90.6513717575008,3
106.46709780652043,88.59418877053868,83.89525574027384,3
106.48709913994266,91.93158273673176,87.28755506807566,3
106.50710047336489,94.15498686649352,88.65253402069142,3
106.52710180678712,88.62559982102418,83.2456685245131,3
106.54710314020934,88.26674862870179,81.40688066810719,3
106.56710447363157,88.61717152166486,82.21932722411515,3
106.5871058070538,90.81395724684313,80.28148495362734,3
106.60710714047603,89.62996456962765,83.66133622465907,3
106.62710847389826,94.1131409206806,86.31270346115889,3
106.64710980732049,94.49821134170136,86.1353878244585,3
106.66711114074272,92.16669714860751,81.93540875065443,3
106.68711247416493,85.95528049327889,78.6363792262385,3
106.70711380758716,81.48690039288233,74.39416870668842,3
106.72711514100939,78.62007204852738,73.64749833744125,3
106.74711647443162,80.43968569649704,70.97832703840007,3
106.76711780785385,76.21671859600303,66.83470970330568,3
106.78711914127608,78.83517251351445,67.74613875108403,3
106.80712047469831,79.06270188962264,69.58303981684902,3
106.82712180812054,76.29438013562748,66.54785614255468,3
106.84712314154277,76.76931627979468,66.3963049444162,3
106.867124474965,73.10428101234375,63.786934207806915,3
106.88712580838722,70.47671824121716,60.432380145012004,3
106.90712714180945,68.5025866502851,59.53429288424642,3
106.92712847523168,60.8779084441564,51.20548441201831,3
106.94712980865391,60.332261994021415,50.00564184913026,3
106.96713114207614,56.6454838977776,48.49910819840378,3
106.98713247549836,58.09318069881834,49.42158874211337,3
107.00713380892059,56.87209856247192,49.6671213642612,3
107.02713514234281,54.50923901824775,45.859754353248,3
107.04713647576504,58.51932995070548,48.60977876331811,3
107.06713780918727,49.64078458383197,40.74878560496796,3
107.0871391426095,47.50910493423482,38.03660744868953,3
107.10714047603173,45.02427071102317,36.40161687442266,3
107.12714180945396,43.020044449892765,33.00037398753804,3
107.14714314287619,36.14659958777601,25.923927559872187,3
107.16714447629842,35.154710854836324,26.144912624530786,3
107.18714580972065,32.74965198439556,24.019393320229856,3
107.20714714314288,39.741588788051494,30.945603481833686,3
107.2271484765651,32.91201706875644,24.988306797030152,3
107.24714980998733,33.90434149124415,25.88350460609315,3
107.26715114340956,31.997232801370647,25.182660673883266,3
107.28715247683178,30.576582133131435,22.39880721916047,3
107.30715381025401,30.010036931481906,21.869910428574155,3
107.32715514367624,21.17932038097236,15.912519843716785,3
107.34715647709847,23.879198333803416,16.69903466871565,3
107.3671578105207,23.889053961730376,16.34691707324221,3
107.38715914394292,20.143732326708907,12.816631116963475,3
107.40716047736515,23.620651307635924,15.213405878836511,3
107.42716181078738,28.513718642842704,19.330118954172193,3
107.44716314420961,20.81381341569544,16.15535120006558,3
107.46716447763184,25.490265723250232,19.92208932521395,3
107.48716581105407,23.201499987481153,15.390684983061643,3
107.5071671444763,21.3766067272298,15.413091910910845,3
107.52716847789853,18.166156994757685,13.320675857220595,3
107.54716981132076,19.487826197061544,13.003242525373006,3
107.56717114474299,18.27660002248957,13.088293808810974,3
107.5871724781652,26.373457564071234,18.03644183668175,3
107.60717381158743,23.980902817540276,21.968988647875207,3
107.62717514500966,28.454147381019826,24.373119601862133,3
107.64717647843189,28.97546437414624,23.542565166890775,3
107.66717781185412,29.651013170105262,25.997769162844556,3
107.68717914527635,28.668572644857804,24.272428505918636,3
107.70718047869858,26.168676489267792,21.335681098276066,3
107.7271818121208,30.630311751019796,29.49204810172015,3
107.74718314554303,30.868782590215737,27.821493162036973,3
107.76718447896526,30.880809935990076,29.354860232077137,3
107.78718581238749,32.227754998743215,31.434540835303434,3
107.80718714580972,40.733210176358185,39.07133102170542,3
107.82718847923195,41.68905729092313,39.42564251055189,3
107.84718981265418,43.87875008431441,41.57038794654676,3
107.86719114607641,43.68183359804418,40.07047534914278,3
107.88719247949862,51.10825416910436,45.90061322714733,3
107.90719381292085,44.90892429166678,42.08501975717363,3
107.92719514634308,46.858850617378906,44.75033024646969,3
107.94719647976531,50.388589356097896,48.96778110022414,3
107.96719781318754,55.40548119172204,50.51063100261271,3
107.98719914660977,51.18701463728859,48.875084470310235,3
108.007200480032,56.86854737805578,53.5040223517141,3
108.02720181345423,62.68715239628212,62.3212084162184,3
108.04720314687646,64.75322771302673,61.4281527839099,3
108.06720448029868,66.52928271927982,63.18307229599935,3
108.08720581372091,65.39585106288901,63.49143652151242,3
108.10720714714314,65.83149652007148,65.62303767703341,3
108.12720848056537,69.10320626883848,65.72104548807133,3
108.1472098139876,71.85801276955286,68.7066072321925,3
108.16721114740983,70.86610725971485,67.22017996510542,3
108.18721248083205,75.88821147440468,74.88756440783708,3
108.20721381425427,76.92100321159124,72.34662080751397,3
108.2272151476765,80.30035448648673,77.4286003457955,3
108.24721648109873,82.88415180278132,79.69567520252174,3
108.26721781452096,86.53064970621404,81.24711527184681,3
108.28721914794319,87.81856123648139,83.36169596028454,3
108.30722048136542,87.94015079735729,82.81592778915677,3
108.32722181478765,82.9810525437046,78.21820000516342,3
108.34722314820988,80.11779465234756,77.68622105282574,3
108.3672244816321,90.23908734677988,82.69868722187172,3
108.38722581505434,86.6770386140197,83.01756541977952,3
108.40722714847657,94.51095607301983,90.60656932019067,3
108.4272284818988,91.74601626943407,87.54568373874021,3
108.44722981532102,91.17641749124734,86.6719770384738,3
108.46723114874325,92.70285333476387,88.87557919717737,3
108.48723248216547,88.29154491145712,84.67997920310061,3
108.5072338155877,92.15149458366233,86.90429580431345,3
108.52723514900993,87.50885793289238,82.28789204690273,3
108.54723648243215,85.96795481318763,78.9764026815592,3
108.56723781585438,90.41551642897998,83.67414131425551,3
108.58723914927661,87.64564352204577,82.05832357345805,3
108.60724048269884,92.90411986550625,87.09625167051284,3
108.62724181612107,91.91575184076878,83.0043700581269,3
108.6472431495433,89.56430184475235,81.6653482440417,3
108.66724448296553,88.68777845306796,85.5488336770839,3
108.68724581638776,86.99499976047541,79.32573097695013,3
108.70724714980999,82.2591068714855,73.29029113232245,3
108.72724848323222,81.6615208233463,73.10710896360926,3
108.74724981665445,79.66445596838302,71.46882094973347,3
108.76725115007667,78.14495435034246,68.72837966754648,3
108.78725248349889,77.88890486444656,67.8017862400084,3
108.80725381692112,82.29081944857559,73.0989715507043,3
108.82725515034335,78.13727829391587,69.5266440612036,3
108.84725648376558,77.46008764071176,66.23190835636059,3
108.8672578171878,73.3830310944932,65.3704711061158,3
108.88725915061003,71.59370369208143,62.1382822846857,3
108.90726048403226,71.81779723376354,60.2102147702162,3
108.9272618174545,59.71891745484944,51.03616226473842,3
108.94726315087672,58.823233736931975,49.277110813431875,3
108.96726448429895,56.492845711020244,47.694885398517854,3
108.98726581772118,61.44711886537067,50.57618872424548,3
109.00726715114341,56.41580180742975,48.95421474512986,3
109.02726848456564,57.153015983763346,49.81458679995459,3
109.04726981798787,52.7485760973079,43.139785659159706,3
109.0672711514101,48.94213311347181,40.58126778079351,3
109.08727248483231,48.01439625421389,38.30340341891368,3
109.10727381825454,44.71896718496192,37.047868095771,3
109.12727515167677,44.22664124607816,33.57011501115207,3
109.147276485099,36.54458216081843,27.12675414046253,3
109.16727781852123,35.523544300374674,25.520563840767846,3
109.18727915194346,39.3700698296108,31.319752953431998,3
109.20728048536569,34.48424360713486,26.499643498874633,3
109.22728181878792,37.778281867877,26.523191221248613,3
109.24728315221014,37.36021960975396,30.704795381394703,3
109.26728448563237,35.405378880146586,28.374516584933616,3
109.2872858190546,28.585472660142752,21.34553973707669,3
109.30728715247683,24.093771092631016,18.68955949616027,3
109.32728848589906,20.894881721679305,14.652417338576567,3
109.34728981932129,23.621303314040123,14.801077063322756,3
109.36729115274352,24.97415096989085,17.269251097872928,3
109.38729248616573,25.367721741211636,18.439824990157284,3
109.40729381958796,23.49355024364259,18.565930869595267,3
109.42729515301019,27.847633719579818,20.616711477925804,3
109.44729648643242,27.253259796633575,20.75767831444504,3
109.46729781985465,22.19675016786004,18.419446316219727,3
109.48729915327688,22.806894767760117,18.851246075812057,3
109.50730048669911,18.970975610214616,11.520144742571844,3
109.52730182012134,17.82585501780307,13.21932357770371,3
109.54730315354357,19.472083068650196,15.287203455581125,3
109.5673044869658,22.32222265588575,17.40544026087218,3
109.58730582038802,20.139797189623703,15.44929983871525,3
109.60730715381025,24.450026150338317,17.99136545114022,3
109.62730848723248,28.451173559360864,25.057735661983944,3
109.64730982065471,30.412413116388546,26.16628331908454,3
109.66731115407694,29.441137157273356,26.49791258616219,3
109.68731248749916,26.922410166638898,23.091774346213317,3
109.70731382092139,23.61883111207494,22.22113738911631,3
109.72731515434361,29.191291405780643,25.045059598477483,3
109.74731648776584,34.436076236123576,32.788512475461,3
109.76731782118807,31.793870558203853,27.876871031673684,3
109.7873191546103,34.05615493809132,33.73094821475675,3
109.80732048803253,42.797495365453834,40.861080157565546,3
109.82732182145476,40.73525477115195,37.72649463742293,3
109.84732315487699,41.61677788133269,39.37456862763264,3
109.86732448829922,43.469640645147344,42.89738457169921,3
109.88732582172145,45.558524088714194,42.82757336128616,3
109.90732715514368,44.36833861093478,41.55563386137993,3
109.9273284885659,49.66278612941785,47.27294020108452,3
109.94732982198813,42.72040551959129,40.873379691267445,3
109.96733115541036,54.46819507962379,50.590210768518304,3
109.98733248883258,55.825019716794515,53.64651632709311,3
110.00733382225481,53.680680810901606,51.15217217144206,3
110.02733515567704,63.2372203916887,59.67556411429024,3
110.04733648909927,63.26593381041021,61.90791211174725,3
110.0673378225215,66.27833817796518,64.68253743012967,3
110.08733915594372,72.51047392004037,69.2110683247812,3
110.10734048936595,69.88419195223175,65.68442142404496,3
110.12734182278818,74.07393532469482,74.71289577085422,3
110.14734315621041,70.06037159379848,67.06677427673456,3
110.16734448963264,72.55571278761043,73.302152701919,3
110.18734582305487,73.61460796467343,69.3677789697135,3
110.2073471564771,75.53695315821723,71.98118351235007,3
110.22734848989933,81.12904130997002,79.21187922360592,3
110.24734982332156,87.1231271304385,84.25616276951706,3
110.26735115674379,80.13248090097878,79.68303802725438,3
110.287352490166,86.89666543289643,83.24134863201968,3
110.30735382358823,87.8819387850818,83.26542008300855,3
110.32735515701046,88.45744351053736,83.00352720253865,3
110.34735649043269,81.89458210890017,76.49559033156795,3
110.36735782385492,87.22955411882941,83.63402286370442,3
110.38735915727715,87.70496993104044,82.27083828622723,3
110.40736049069938,93.8572905168574,88.91100083410493,3
110.4273618241216,98.34025668039602,93.9892929217053,3
110.44736315754383,88.62499463251447,83.09522339293709,3
110.46736449096606,98.70814231220484,92.0072528987586,3
110.48736582438829,91.74168246624161,86.80022344829048,3
110.50736715781052,93.15519935688316,86.97990573969145,3
110.52736849123275,88.81838789411114,81.78226427285354,3
110.54736982465498,91.81255318091755,86.45775584246901,3
110.56737115807721,91.49541289131464,85.13491820448537,3
110.58737249149942,86.72726816180382,79.61178641363752,3
110.60737382492165,95.57460124758948,85.49136645723475,3
110.62737515834388,92.82182955761311,86.27483015610365,3
110.64737649176611,88.44681678285026,81.64771263705151,3
110.66737782518834,91.13580275993499,83.53761007466274,3
110.68737915861057,90.01377501550256,80.62095127841779,3
110.7073804920328,87.12403956379823,79.5084286933225,3
110.72738182545503,81.84057318229777,72.75653497027295,3
110.74738315887726,75.29803765501876,67.4306922847775,3
110.76738449229948,78.15598390940367,68.29799197302385,3
110.78738582572171,78.02752503745236,73.27758387938341,3
110.80738715914394,79.46251124189357,69.46286386806881,3
110.82738849256617,77.85975373926264,68.78471158478831,3
110.8473898259884,75.37839135736111,67.04888683417086,3
110.86739115941063,74.53157236297682,66.37213208009578,3
110.88739249283284,71.52320401544785,62.248570835929456,3
110.90739382625507,64.55401227735044,58.045142306456114,3
110.9273951596773,66.05845936004191,55.12397757247268,3
110.94739649309953,58.842787140772515,49.996567004488746,3
110.96739782652176,55.13926364791176,48.91205280463632,3
110.98739915994399,52.36203297379132,43.04952580541229,3
111.00740049336622,61.10367786756995,50.87088819150071,3
111.02740182678845,59.02290468032089,52.378480654705456,3
111.04740316021068,53.40784663239624,46.49237492479178,3
111.0674044936329,52.33845892312472,42.18115696948287,3
111.08740582705514,46.84759087713604,35.10961183666942,3
111.10740716047736,44.63326918045084,36.871403667711334,3
111.1274084938996,42.3742902466348,31.283371000787774,3
111.14740982732182,36.775174392630845,29.23117252507872,3
111.16741116074405,35.0379968215308,28.414492229128516,3
111.18741249416627,31.721788822575697,24.483600255637175,3
111.2074138275885,36.010696843013996,28.57434460341667,3
111.22741516101073,32.794683241604936,24.752875429438127,3
111.24741649443295,34.1959906294913,25.29020610812558,3
111.26741782785518,30.55141206463124,21.520429711935307,3
111.28741916127741,24.891087240252887,16.212068239971263,3
111.30742049469964,28.67208583111751,20.6473846376569,3
111.32742182812187,26.871928373822477,20.666157140065838,3
111.3474231615441,21.264677195292784,16.023838937471318,3
111.36742449496633,18.45970979874238,12.518920522191666,3
111.38742582838856,20.698645234417953,12.61190785457176,3
111.40742716181079,24.983984442651003,18.810575571706956,3
111.42742849523302,25.067546237286308,18.17191004356286,3
111.44742982865525,25.596276998888204,19.046351828726074,3
111.46743116207747,22.162384338683726,14.627716503441802,3
111.48743249549969,19.817352862433115,16.56912010300072,3
111.50743382892192,21.19687730817011,15.184487025748002,3
111.52743516234415,18.374583947109997,14.739689052727655,3
111.54743649576638,21.51133581311983,14.895067455108757,3
111.5674378291886,22.352989909739996,15.676496765546789,3
111.58743916261083,22.925469520505583,18.893370440405395,3
111.60744049603306,23.663187557284257,20.632182232963906,3
111.6274418294553,28.633104872243162,26.7058644660147,3
111.64744316287752,28.32127797002687,23.239374344823887,3
111.66744449629975,27.455150581475927,23.050510295568362,3
111.68744582972198,28.442879500013817,23.79041865843761,3
111.70744716314421,28.893998135997506,27.53422915681374,3
111.72744849656644,26.464920116340252,22.411911784529412,3
111.74744982998867,33.701693472336665,28.11165010529501,3
111.7674511634109,33.185991154054626,29.53254799122063,3
111.78745249683311,33.92874100665468,30.831718195294158,3
111.80745383025534,38.59337138568296,37.27819019535402,3
111.82745516367757,39.03082528963851,36.66033187305002,3
111.8474564970998,44.44052963889545,43.170728964391515,3
111.86745783052203,44.85735413045966,44.00096406384359,3
111.88745916394426,45.025993246468005,43.006025784374444,3
111.90746049736649,46.40047768077275,43.145691016483696,3
111.92746183078872,46.99065133808407,44.807449427915145,3
111.94746316421094,49.54705843778898,47.17919747603243,3
111.96746449763317,53.40237992679537,52.60782823646745,3
111.9874658310554,59.57543466762458,58.10173401144125,3
112.00746716447763,58.41370501552443,53.311906620524184,3
112.02746849789986,61.43660500162407,59.16465248207635,3
112.04746983132209,61.98741207540525,60.23212721226421,3
112.06747116474432,67.93709868616916,66.01403383127389,3
112.08747249816653,73.63137986991889,70.37277064654322,3
112.10747383158876,69.17293847704963,67.30645490065805,3
112.12747516501099,71.94579961934076,67.48658294244991,3
112.14747649843322,70.41516133428766,67.7538016530677,3
112.16747783185545,72.17533246470452,68.70523082433903,3
112.18747916527768,78.38131288762558,76.6702287914435,3
112.20748049869991,71.966015493254,70.86237259599199,3
112.22748183212214,77.33687230877834,72.47909370082019,3
112.24748316554437,88.9287556046117,84.16351319780341,3
112.2674844989666,87.81262220604862,81.72910922676455,3
112.28748583238882,82.1539993830658,78.57164358833731,3
112.30748716581105,88.46614368388252,83.4208706340255,3
112.32748849923328,82.18388630825004,80.33716125675785,3
112.34748983265551,89.6604178023092,82.95881143672388,3
112.36749116607774,91.53950009866412,86.79623217764242,3
112.38749249949996,91.72807857946415,85.16402400632802,3
112.40749383292219,89.05702706676755,83.66097892697536,3
112.42749516634441,94.82510420383014,89.53251942625424,3
112.44749649976664,98.30369951378763,92.6446267149359,3
112.46749783318887,93.29720463547939,90.2148879640486,3
112.4874991666111,93.70485499578078,89.43265895266559,3
112.50750050003333,88.98686752424254,84.48870603437904,3
112.52750183345556,95.72063546206063,89.41465931511749,3
112.54750316687779,89.32444020087115,81.42322294759893,3
112.56750450030002,89.9032841707517,82.95948014491566,3
112.58750583372225,90.65406701422732,84.56599747311233,3
112.60750716714448,89.31930654978005,80.57084659600882,3
112.6275085005667,88.92491924700565,84.56868540221822,3
112.64750983398893,89.98943431872439,81.5042299339467,3
112.66751116741116,90.1964495590507,83.41724501915822,3
112.68751250083338,87.65922141742672,78.93402359955554,3
112.70751383425561,83.06866296323346,75.18706843489866,3
112.72751516767784,84.5405650460952,76.30625856894831,3
112.74751650110007,81.11169023093501,72.60409201288532,3
112.7675178345223,75.58106092916624,67.47034018697812,3
112.78751916794452,76.28385625975967,66.75233009686146,3
112.80752050136675,79.21412846424393,71.96439484429087,3
112.82752183478898,77.83542547073147,69.73356661544463,3
112.84752316821121,80.61224284466398,72.6444769136028,3
112.86752450163344,72.48722255627455,65.49744686296201,3
112.88752583505567,71.41445175153375,60.74117944734111,3
112.9075271684779,66.37098823144822,57.017340396794616,3
112.92752850190013,61.58081068626872,51.374538912766575,3
112.94752983532236,58.497996172659896,48.129106568450645,3
112.96753116874459,58.248608598730286,51.21754198904946,3
112.9875325021668,56.042898780573786,46.03361897566605,3
113.00753383558903,56.87590172316751,49.27380749288164,3
113.02753516901126,60.393707082036805,47.338664883376595,3
113.04753650243349,56.20171533688422,49.22484572885091,3
113.06753783585572,50.60861276359152,41.03665889145326,3
113.08753916927795,50.41015653652131,42.064004111299596,3
113.10754050270018,44.50679095744325,35.42436551282504,3
113.1275418361224,39.31048739975004,29.666400764668406,3
113.14754316954463,38.41311223779876,30.307576146663582,3
113.16754450296686,34.59940618277381,26.112062130536195,3
113.18754583638909,32.16254170050537,26.396469083696182,3
113.20754716981132,36.879906868767904,28.747918757277155,3
113.22754850323355,34.893627561562006,25.508834326801264,3
113.24754983665578,33.34558075832433,26.99041573650547,3
113.26755117007801,31.57055321673836,24.950553904410583,3
113.28755250350022,32.5110079910404,22.353517990846914,3
113.30755383692245,26.05176166812674,17.70125817738411,3
113.32755517034468,24.6379508709408,17.12023690508578,3
113.34755650376691,20.68165235472583,14.236612092670274,3
113.36755783718914,21.153982808419023,14.06783194458519,3
113.38755917061137,22.065549646268867,16.51222659813288,3
113.4075605040336,25.901323612582253,17.54325209672679,3
113.42756183745583,27.43073555318551,22.361115226370032,3
113.44756317087806,24.37058553212541,16.67160202409421,3
113.46756450430028,24.622598762763293,18.89373185506356,3
113.48756583772251,21.850892484072606,15.7518305738645,3
113.50756717114474,19.476972972868808,15.121174329440564,3
113.52756850456697,21.8330168755719,15.126540974425069,3
113.5475698379892,18.072439697791786,12.302693890993494,3
113.56757117141143,19.758916240766933,13.290820405714587,3
113.58757250483364,24.865697554305413,18.83490041359373,3
113.60757383825587,25.135025461229073,19.257608972681247,3
113.6275751716781,29.760187104088168,24.36593280334284,3
113.64757650510033,24.607685552523016,22.465038446624355,3
113.66757783852256,31.242742243038943,26.515934897915855,3
113.68757917194479,29.516965184335614,26.480138397698514,3
113.70758050536702,30.537049206698335,25.508644858751328,3
113.72758183878925,29.374864855018508,27.17902190158811,3
113.74758317221148,25.91055499769023,24.629185279269933,3
113.7675845056337,25.938878538043447,22.744298240605325,3
113.78758583905594,38.29134013036116,34.26581816819291,3
113.80758717247816,40.8710972715004,35.82016507061976,3
113.8275885059004,40.25670305149144,38.596557173397564,3
113.84758983932262,40.35127501671922,39.00685059957155,3
113.86759117274485,46.632520401901346,45.098598628595305,3
113.88759250616707,42.355960256452796,37.46082892949691,3
113.9075938395893,47.19611964204332,42.29358782220068,3
113.92759517301153,45.42597480184147,43.80755115836529,3
113.94759650643375,48.20548359824554,45.39250033606651,3
113.96759783985598,53.4553197717411,51.412292747506804,3
113.98759917327821,55.69901101024401,50.226538308410944,3
114.00760050670044,58.66694942901058,57.06728179598716,3
114.02760184012267,62.876947797469235,60.51800222641838,3
114.0476031735449,68.05858381480336,66.94796328845823,3
114.06760450696713,70.51250034029138,69.85574669064263,3
114.08760584038936,68.09198427858583,66.25851968039954,3
114.10760717381159,69.39646583985443,67.45968598297767,3
114.12760850723382,68.74825555411584,65.34094798164236,3
114.14760984065605,71.85780268499803,68.18198305355982,3
114.16761117407827,74.22110479531032,69.24303586389229,3
114.18761250750049,71.95089758752184,71.78153043496445,3
114.20761384092272,75.4253646169605,74.0321548150326,3
114.22761517434495,84.81514692431242,81.85442541713012,3
114.24761650776718,84.31333406395106,80.40542347012288,3
114.2676178411894,88.1245866010156,84.43874050341135,3
114.28761917461163,88.32211691875719,83.95551120370168,3
114.30762050803386,87.28230578100239,83.08998308079896,3
114.3276218414561,86.60912742388399,82.880115791768,3
114.34762317487832,84.14686210393849,79.31709695137917,3
114.36762450830055,84.60512503975478,79.75570700322875,3
114.38762584172278,95.33624527769115,88.18027118676166,3
114.40762717514501,91.5795540794991,87.41453077496615,3
114.42762850856724,92.35777428823964,87.17242457617563,3
114.44762984198947,93.35702711278095,89.52650600144268,3
114.4676311754117,95.09846355236235,90.01222770690434,3
114.48763250883391,88.83425485473619,85.38961487381277,3
114.50763384225614,89.7072017810469,83.21061729155815,3
114.52763517567837,90.49917872376479,85.08893020249396,3
114.5476365091006,91.81413897071299,83.37963807882748,3
114.56763784252283,91.45902211917735,86.1678489164203,3
114.58763917594506,89.79094763981215,81.0072019582004,3
114.60764050936729,85.57273089662208,78.94505691853801,3
114.62764184278952,87.99158010243656,82.4998768175138,3
114.64764317621174,95.41139414896283,87.67026089255027,3
114.66764450963397,94.0783509918511,84.30940589606324,3
114.6876458430562,83.97114571641765,76.10428553424491,3
114.70764717647843,87.97145768821363,79.86960410390864,3
114.72764850990066,83.26711221891462,74.69677070035505,3
114.74764984332289,79.63344085364061,72.11696930488935,3
114.76765117674512,78.27827660209542,67.48584582720295,3
114.78765251016733,81.35505653534611,72.92287974854237,3
114.80765384358956,80.13660790663303,72.32008070318395,3
114.82765517701179,79.20852867508124,69.97197949012158,3
114.84765651043402,79.49856408959032,70.1652303486382,3
114.86765784385625,75.34729995412317,66.32652620648072,3
114.88765917727848,72.69023175617626,61.248992202750514,3
114.90766051070071,62.598270202315405,53.717520888963065,3
114.92766184412294,61.90111132697127,53.74269441270873,3
114.94766317754517,59.93404354491047,49.70843522133047,3
114.9676645109674,61.80350538097127,50.41094046024529,3
114.98766584438962,59.149286661273834,50.48728328017996,3
115.00766717781185,56.578566026570236,47.81234043039642,3
115.02766851123408,56.840281466992195,45.069324946548036,3
115.04766984465631,52.926016326832894,46.72385853011351,3
115.06767117807854,51.40392160798474,44.60073839717866,3
115.08767251150076,49.8753044473294,41.328262486670226,3
115.10767384492299,43.54734333947904,37.5668025444188,3
115.12767517834521,40.959652708054506,30.57735044193467,3
115.14767651176744,39.263685781886366,30.834785629060352,3
115.16767784518967,37.76867139934394,30.907916378769,3
115.1876791786119,39.34520000904359,30.95510816623273,3
115.20768051203413,41.33789006592061,31.04024931400618,3
115.22768184545636,35.80726841615476,26.69622528633644,3
115.24768317887859,36.539236285663435,27.926192254276245,3
115.26768451230082,34.67392643139243,24.91635532158776,3
115.28768584572305,28.07475861896809,20.577245864418668,3
115.30768717914528,24.21931098035658,18.23486142934448,3
115.3276885125675,20.31044555678835,14.909065893376544,3
115.34768984598973,23.166570995592902,16.06114248081917,3
115.36769117941196,22.89055043426313,14.151538266474281,3
115.38769251283418,21.952501520313188,15.753203053623922,3
115.40769384625641,25.36209193518688,19.096383661859477,3
115.42769517967864,23.197709134228244,14.691001745604924,3
115.44769651310087,24.007056597848717,18.35228383070476,3
115.4676978465231,21.27560530875198,15.138572735581615,3
115.48769917994532,18.616444755652225,16.661065620674652,3
115.50770051336755,23.743167583791735,18.97873697835126,3
115.52770184678978,17.421378307599056,15.408995949251054,3
115.54770318021201,20.080278514668855,15.142291219504685,3
115.56770451363424,22.642697940703837,17.520644661216224,3
115.58770584705647,21.768266480480097,17.60503149379864,3
115.6077071804787,23.0424111677132,18.85748503418658,3
115.62770851390093,22.46478472932774,19.010210581226247,3
115.64770984732316,31.877881606977855,24.885514204924764,3
115.66771118074539,28.70355475071306,26.148193341873206,3
115.6877125141676,26.336210352452827,22.08522540656529,3
115.70771384758983,27.63448984099486,24.512311863659207,3
115.72771518101206,25.672060979307705,22.22333665858105,3
115.74771651443429,29.44485216604469,22.811502615318872,3
115.76771784785652,32.432783687343715,28.93631460225276,3
115.78771918127875,36.8544953296689,33.96345528972884,3
115.80772051470097,37.492923894300716,36.06123633351913,3
115.8277218481232,42.040840675210596,38.88365036068373,3
115.84772318154543,43.32192186677536,40.05547633796328,3
115.86772451496766,44.904218542275316,41.02917857972579,3
115.88772584838989,43.722877465405055,42.92473477612927,3
115.90772718181212,44.98982462662581,43.482722009461185,3
115.92772851523435,49.586208977849395,46.0178992061978,3
115.94772984865658,45.73359092104451,42.54909493692695,3
115.96773118207881,53.805716551828546,49.375396170409296,3
115.98773251550102,58.01055361292641,55.62881805252282,3
116.00773384892325,59.163628327944814,57.381387133023445,3
116.02773518234548,59.95794269319393,57.87549127684404,3
116.04773651576771,66.93647606191658,64.96890012264492,3
116.06773784918994,64.96107215951152,63.5370342218215,3
116.08773918261217,71.37990970834355,68.80254727470503,3
116.1077405160344,66.14425862998932,62.746485622178376,3
116.12774184945663,66.10641763171684,63.87328352638321,3
116.14774318287886,67.89124886286395,67.20776553184261,3
116.16774451630108,68.87700127326795,65.63806219407013,3
116.18774584972331,75.15775430236351,73.2559965380283,3
116.20774718314554,80.77152127452159,77.06988774309626,3
116.22774851656777,84.28480055051449,79.09318161482902,3
116.24774984999,86.01266429030757,83.77202986188743,3
116.26775118341223,82.64781251219216,77.58033928938829,3
116.28775251683444,85.36500672499824,80.61704858665274,3
116.30775385025667,85.39036057965161,82.7597801060496,3
116.3277551836789,85.74679363977225,83.40961192262603,3
116.34775651710113,85.80564550891664,81.42007511127409,3
116.36775785052336,87.18793688158648,82.12761808175544,3
116.38775918394559,89.72378398219136,80.7469176725144,3
116.40776051736782,91.14480323288606,86.12459332968507,3
116.42776185079005,94.09110206400292,89.82666806309301,3
116.44776318421228,97.61401391007132,89.57094640891843,3
116.4677645176345,95.96442400474967,89.97677693826117,3
116.48776585105674,96.32704987856626,90.46017244648183,3
116.50776718447896,88.76356011833396,83.26586248457063,3
116.5277685179012,90.87798201847954,84.20453295948144,3
116.54776985132342,92.345807700051,85.07029268387141,3
116.56777118474565,87.16086602618735,79.9468484034083,3
116.58777251816787,94.32278524569371,83.27178025805485,3
116.6077738515901,90.98896979189836,83.42093902962662,3
116.62777518501233,92.32414159307089,86.81052111091115,3
116.64777651843455,91.52960909029522,85.20897074817928,3
116.66777785185678,86.25849634965181,78.43101613859952,3
116.68777918527901,90.18601352444588,80.05503362885328,3
116.70778051870124,79.73994099676037,72.97585525110698,3
116.72778185212347,82.44935804781704,71.3041563065651,3
116.7477831855457,79.97593730049535,70.92624109861706,3
116.76778451896793,78.52089375945397,67.648301616704,3
116.78778585239016,78.462770587911,72.07626938411141,3
116.80778718581239,76.09202892161008,68.1738730080145,3
116.82778851923462,79.13630437906382,70.13738191375819,3
116.84778985265685,78.7065581630641,67.81792898413006,3
116.86779118607907,80.0762247201231,70.92148459725396,3
116.88779251950129,76.87637014730687,66.62466586952297,3
116.90779385292352,69.36836216896575,57.78453475111414,3
116.92779518634575,66.32515459274414,55.371931589920464,3
116.94779651976798,58.871283351274684,50.92709362568271,3
116.9677978531902,60.63313224046742,53.167804063531904,3
116.98779918661243,57.88230563875486,47.95646460889833,3
117.00780052003466,55.0729926703645,45.36479994299322,3
117.0278018534569,59.64332715062194,48.94675581344077,3
117.04780318687912,54.09427163822449,43.9986268092962,3
117.06780452030135,56.56657754457985,49.93746557116799,3
117.08780585372358,47.12271550406297,39.144333622279426,3
117.10780718714581,44.54090642765627,37.28707252150809,3
117.12780852056804,41.244659665803766,34.12628598769005,3
117.14780985399027,42.730074015992436,33.70617066569216,3
117.1678111874125,35.12255445945202,26.84415414386878,3
117.18781252083471,35.55032920691843,28.175211354974504,3
117.20781385425694,39.25499344409946,29.535493425958855,3
117.22781518767917,36.01096030865529,25.48532070310174,3
117.2478165211014,34.30336704458025,26.938342087038688,3
117.26781785452363,39.02596096433807,30.667590867941705,3
117.28781918794586,31.25413044719415,23.801132104920974,3
117.30782052136809,24.19776658982237,17.042216086805585,3
117.32782185479032,27.53039791184369,18.121899477744854,3
117.34782318821254,25.074564687967563,15.397246003716317,3
117.36782452163477,24.533715119825523,17.705701697889843,3
117.387825855057,21.121074204288696,12.443973136670365,3
117.40782718847923,23.964646570349053,19.623776920566716,3
117.42782852190146,27.22345663077688,20.15132786497068,3
117.44782985532369,23.153108778525596,19.733926955982753,3
117.46783118874592,24.338807512391647,20.50756427680277,3
117.48783252216813,25.122567344654296,20.78954480787093,3
117.50783385559036,23.85522588539496,16.804006284802757,3
117.52783518901259,18.221363033931883,14.543911825773733,3
117.54783652243482,18.192807483523705,13.896135529460835,3
117.56783785585705,19.091802815997656,14.445300271318644,3
117.58783918927928,17.532120666557027,15.1745472671632,3
117.60784052270151,26.45737183453749,22.75101587962297,3
117.62784185612374,23.956669672977803,16.938630782184013,3
117.64784318954597,29.338222707550962,26.534452543338382,3
117.6678445229682,28.479565187330213,23.802868250968995,3
117.68784585639042,28.41277144875745,26.091892292409216,3
117.70784718981265,25.840867497150214,24.41266668211937,3
117.72784852323488,26.83265209960281,22.115202160815635,3
117.74784985665711,26.97556356726306,23.70198470965683,3
117.76785119007934,29.323720992838734,28.19865674331135,3
117.78785252350156,32.26246468612676,28.954456289066936,3
117.80785385692378,37.859081655746756,34.97565622177309,3
117.82785519034601,40.22049988687568,36.40519286075991,3
117.84785652376824,43.755797432254525,41.547881961291644,3
117.86785785719047,46.36778920183449,45.12854316174566,3
117.8878591906127,48.664478946021646,45.08052854391045,3
117.90786052403493,47.06266075449625,43.58572963103402,3
117.92786185745716,46.667782491452904,44.35019684463339,3
117.94786319087939,50.75181360267077,50.531616181977014,3
117.96786452430162,49.69949255046949,46.82871173587613,3
117.98786585772385,58.57033708729748,55.28994607887717,3
118.00786719114608,58.21532811776068,53.48366414790373,3
118.0278685245683,61.994048532860596,61.423031100723094,3
118.04786985799053,63.5676677830142,61.757212620388586,3
118.06787119141276,69.46558756941424,67.13863386405514,3
118.08787252483498,66.48949716192884,66.48100857602907,3
118.10787385825721,67.10455670826035,64.2993372948756,3
118.12787519167944,69.29141309382754,67.32919277666174,3
118.14787652510167,68.51102713496026,64.96301741862423,3
118.1678778585239,71.51719038512243,70.5645505950454,3
118.18787919194612,73.8511758034523,67.68697756022614,3
118.20788052536835,80.77107057195094,77.10225350540195,3
118.22788185879058,83.03957131609643,79.84659746836208,3
118.24788319221281,86.41920962842893,81.34191209993709,3
118.26788452563504,82.06978981792486,78.65582191165451,3
118.28788585905727,84.66576667498158,82.99239663713492,3
118.3078871924795,88.50685998387534,82.4863931308627,3
118.32788852590173,84.25163500930219,79.07228046474638,3
118.34788985932396,84.00843160308759,81.2354485822035,3
118.36789119274619,86.37160185134117,83.68447674135489,3
118.3878925261684,87.05060335036433,84.29337850578736,3
118.40789385959063,92.07756500471282,86.04219427394636,3
118.42789519301286,91.62922955245028,84.3999857704027,3
118.44789652643509,98.73724340557284,93.44414900652994,3
118.46789785985732,94.26083061281035,87.63474390338004,3
118.48789919327955,94.66698611203682,88.67106338695673,3
118.50790052670177,91.51930820031205,86.46264779653833,3
118.527901860124,86.85973310725707,78.99490727336371,3
118.54790319354623,93.29722699598628,88.750120544005,3
118.56790452696846,91.21037551461868,83.59913252820823,3
118.58790586039069,90.79575844337916,82.39511690159381,3
118.60790719381292,88.69780349636518,82.75091261575062,3
118.62790852723515,90.58152897066637,83.06088441870179,3
118.64790986065738,92.42909178682804,85.2233580011877,3
118.66791119407961,85.73937528713034,78.30006191650554,3
118.68791252750182,87.21996538688992,79.28000203907403,3
118.70791386092405,83.96716633550689,75.63164080432958,3
118.72791519434628,80.85698514572672,72.17670654106938,3
118.74791652776851,80.04811661722336,68.47199793664211,3
118.76791786119074,77.52987390855802,68.71834150757799,3
118.78791919461297,78.02864003390256,67.22696132246008,3
118.8079205280352,79.52037619243445,68.55947644082873,3
118.82792186145743,79.18582450705304,70.22232939435501,3
118.84792319487966,79.22774745221935,68.9481738158617,3
118.86792452830188,73.43241591811204,64.07724675257266,3
118.88792586172411,70.11740317124007,61.399628416535,3
118.90792719514634,64.70962766182082,55.39216583537237,3
118.92792852856857,63.027384249143616,55.31049441399874,3
118.9479298619908,60.81734502714562,49.66781513231144,3
118.96793119541303,55.2343420783982,43.96856857694452,3
118.98793252883524,55.30193032083518,43.90711942601487,3
119.00793386225747,59.59408060715862,48.325806388438764,3
119.0279351956797,60.03319502986025,50.07231184732641,3
119.04793652910193,58.50266282137478,48.57506375613615,3
119.06793786252416,50.656164382903384,43.30959474242016,3
119.08793919594639,47.61557394742958,37.79541101247887,3
119.10794052936862,45.294071002542836,36.53699606985634,3
119.12794186279085,44.68961598785143,33.84488828773757,3
119.14794319621308,38.7836360275285,30.919029861810163,3
119.1679445296353,39.70881625541492,32.165034762063016,3
119.18794586305754,35.64104376587714,27.197391460687303,3
119.20794719647976,34.724337381899694,24.403583790279644,3
119.227948529902,33.476914086967106,24.980963019818773,3
119.24794986332422,38.764931194185976,30.374551303895778,3
119.26795119674645,36.58906171087429,26.936924110281698,3
119.28795253016867,27.85252746179571,17.772754694958447,3
119.3079538635909,27.484814438600274,19.465466971996953,3
119.32795519701313,25.12458822795219,16.561899081002984,3
119.34795653043535,25.748767732630235,19.081921389095257,3
119.36795786385758,25.582997453062763,18.604169471230815,3
119.38795919727981,22.273600498988205,14.891789800939314,3
119.40796053070204,25.595288562462493,20.000013851512268,3
119.42796186412427,27.92983433044276,22.983894212095688,3
119.4479631975465,22.903071801955292,19.126559299629392,3
119.46796453096873,25.56062412337319,20.17946298914974,3
119.48796586439096,18.69746163172037,14.871422179983323,3
119.50796719781319,22.48482178159098,15.722733743877402,3
119.52796853123542,17.074056806119785,10.079376776345368,3
119.54796986465765,16.456167786368436,11.403264459681235,3
119.56797119807987,16.837427140151306,11.92076855534067,3
119.58797253150209,22.4483549964152,18.941951834554782,3
119.60797386492432,27.47455975930267,22.322555511911627,3
119.62797519834655,25.97201361530097,21.44011091813141,3
119.64797653176878,29.67243334586696,24.34138845659883,3
119.667977865191,33.52666710483244,26.519327692896145,3
119.68797919861323,30.19954826786959,27.56383334559526,3
119.70798053203546,28.897881866047378,23.356922566838655,3
119.72798186545769,26.27078623511871,24.503943695089703,3
119.74798319887992,29.01357607069,24.46021129431659,3
119.76798453230215,30.246502863653458,28.12009429525722,3
119.78798586572438,31.293636867735408,28.246891645774962,3
119.80798719914661,36.32090140245197,34.88527266439608,3
119.82798853256884,39.92179193742345,37.48817159481815,3
119.84798986599107,48.21041593508515,46.007068694719685,3
119.8679911994133,45.293324248384884,44.50401307390261,3
119.88799253283551,45.07576596384747,42.61840754589398,3
119.90799386625774,44.189223746659,39.24322147696478,3
119.92799519967997,44.20704653902757,41.65559906751221,3
119.9479965331022,53.40559569373664,50.04362973714994,3
119.96799786652443,49.563590966883346,46.89604725205457,3
119.98799919994666,56.1238810803272,53.625180095765415,3
120.00800053336889,59.013125480203406,56.6431756622105,3
120.02800186679112,64.4980573800073,63.94731335712426,3
120.04800320021334,64.78428913358044,63.06565464726159,3
120.06800453363557,68.85547624824102,65.99662518925102,3
120.0880058670578,65.72403012966073,64.44570114240945,3
120.10800720048003,65.96332949947889,63.03520859972173,3
120.12800853390226,64.24271555634907,62.54310342057181,3
120.14800986732449,70.43710297991963,67.3248013023251,3
120.16801120074672,71.34052168981732,70.09481596973909,3
120.18801253416893,74.98655063597667,71.52854073203918,3
120.20801386759116,79.39516630448492,76.6717612508364,3
120.22801520101339,81.60893272741222,80.36099321205442,3
120.24801653443562,87.68112098726732,80.51852965304636,3
120.26801786785785,87.60975639627543,83.20740135178463,3
120.28801920128008,86.84004068174961,80.52698357306275,3
120.30802053470231,84.42298617578383,81.48758967337368,3
120.32802186812454,87.28716299296907,82.8941843493572,3
120.34802320154677,82.34045555053822,77.43009900264276,3
120.368024534969,85.02212206575922,82.4009004155367,3
120.38802586839122,86.58594066405364,84.22146441172437,3
120.40802720181345,91.16040187044517,84.28923040145712,3
120.42802853523568,97.32183119363506,93.47077801933493,3
120.44802986865791,95.97195026571855,91.12937133920177,3
120.46803120208014,95.46324273153212,88.95077525149392,3
120.48803253550236,93.30930128379202,87.12361580594295,3
120.50803386892458,90.05354799110526,84.42043632277327,3
120.52803520234681,89.86838592470765,82.86965265624285,3
120.54803653576904,90.3165701016686,83.67408444158028,3
120.56803786919127,88.64767757426674,79.14448989574646,3
120.5880392026135,87.10011315400614,82.16108211744732,3
120.60804053603573,88.5418273893023,81.26192917094073,3
120.62804186945796,90.60353521886269,86.0204770056398,3
120.64804320288019,95.39825001039094,85.67319518786778,3
120.66804453630242,91.57961746798355,84.12599374761591,3
120.68804586972465,87.18844428050733,78.93184327245574,3
120.70804720314688,80.40856996318054,72.59065456521765,3
120.7280485365691,78.77853746152005,71.52756089629581,3
120.74804986999133,81.72172841665792,72.09439623291313,3
120.76805120341356,77.49028436779331,70.01016600144439,3
120.78805253683578,75.54302707387163,70.008521766636,3
120.80805387025801,76.76068878495977,68.48402143773754,3
120.82805520368024,76.08456130420916,68.4450559541201,3
120.84805653710247,72.9684028056435,64.34624373867067,3
120.8680578705247,79.01310390471825,69.5176529268766,3
120.88805920394692,71.02619603599125,61.24526741193106,3
120.90806053736915,65.99078232463762,55.40720543402054,3
120.92806187079138,61.13668504061286,56.77762830464014,3
120.94806320421361,62.19317587354621,53.95815352011782,3
120.96806453763584,56.832573719779965,48.044945680184604,3
120.98806587105807,56.23385540672375,49.106887636396785,3
121.0080672044803,59.74754886168226,50.79490894359006,3
121.02806853790253,53.24509782251421,44.830725548105924,3
121.04806987132476,52.71681996679892,44.66898920038762,3
121.06807120474699,51.62411343511824,41.78383899729496,3
121.0880725381692,50.46368564676582,38.62977921118107,3
121.10807387159143,43.50165039666471,34.58271765542184,3
121.12807520501366,37.204027630374476,25.49635794414486,3
121.14807653843589,38.49880787418381,30.14299782812655,3
121.16807787185812,38.38063723161407,28.752291386924277,3
121.18807920528035,34.361869475112,24.749601951215542,3
121.20808053870257,34.68654576044203,25.45022674249515,3
121.2280818721248,35.18950168349626,27.63085296002473,3
121.24808320554703,34.819418344887524,24.469481786714933,3
121.26808453896926,32.49732540050063,22.23492468454708,3
121.28808587239149,27.28121256316029,20.67496524684421,3
121.30808720581372,24.874569390861478,16.8502426296111,3
121.32808853923595,24.183717697667923,17.04140503955139,3
121.34808987265818,20.291329505374893,14.496916216430195,3
121.36809120608041,20.47877720162443,12.913536376959486,3
121.38809253950262,21.916025484376743,14.741659988498771,3
121.40809387292485,23.96519139793939,17.58583380976875,3
121.42809520634708,23.995896788779216,18.01974801837215,3
121.44809653976931,24.34416065572987,19.417462652836598,3
121.46809787319154,25.39062530513303,20.377803806504325,3
121.48809920661377,24.28522935883253,18.90895136505491,3
121.508100540036,24.903249950255585,15.532558752502728,3
121.52810187345823,20.02103545493454,14.084247646184469,3
121.54810320688046,17.070310261467885,14.064868846014928,3
121.56810454030268,22.13216629056201,15.727805827672697,3
121.58810587372491,21.42268162566588,17.510378154155404,3
121.60810720714714,22.724195687271454,19.45312905098715,3
121.62810854056937,28.849553234856465,23.51214275844608,3
121.6481098739916,28.79968943729602,26.89657597802267,3
121.66811120741383,27.623109914304628,25.839636951430368,3
121.68811254083604,25.406890477019576,21.74093646337278,3
121.70811387425827,27.71801301101588,26.1501241142945,3
121.7281152076805,26.067224302481776,22.562937696440386,3
121.74811654110273,29.508373025095743,27.09692893916912,3
121.76811787452496,29.30215150115421,25.99021976031806,3
121.78811920794719,33.43251321805626,30.874021640537578,3
121.80812054136942,37.96374775577971,33.3727907066043,3
121.82812187479165,38.28149421011209,35.981404038324435,3
121.84812320821388,45.208439546288794,40.56468131305346,3
121.8681245416361,44.922082161339,42.874427836798425,3
121.88812587505834,45.71886686698979,43.642086885083415,3
121.90812720848056,46.71544831010627,43.765293990607766,3
121.9281285419028,46.24716783111379,43.7613812812007,3
121.94812987532502,52.532998503777264,48.43775161699836,3
121.96813120874725,53.901822341412654,51.31564661623671,3
121.98813254216947,56.878509881882664,54.37804917467263,3
122.0081338755917,57.91040175425217,55.784084430625235,3
122.02813520901393,63.69911838221593,60.162775830774514,3
122.04813654243615,68.06090097804449,63.08935068658759,3
122.06813787585838,62.33786594166128,60.44082729978458,3
122.08813920928061,65.41924933627998,63.14293563264535,3
122.10814054270284,72.39613280192572,67.0758169736721,3
122.12814187612507,65.97889379764486,62.995341796950754,3
122.1481432095473,69.12988781448647,65.30575126209702,3
122.16814454296953,71.88426633819581,71.20490764333516,3
122.18814587639176,76.05173027153236,73.77209028732408,3
122.20814720981399,77.83710075850713,75.45433862805277,3
122.22814854323622,79.64664861065806,77.413406822277,3
122.24814987665845,86.0168958772711,81.5661117861062,3
122.26815121008067,83.03714415049777,80.46400583954632,3
122.28815254350289,82.90309126211746,78.99313411553004,3
122.30815387692512,85.7325469907121,81.78188791145628,3
122.32815521034735,86.41134829815182,82.34720673815168,3
122.34815654376958,87.16778506486696,82.65835515374863,3
122.3681578771918,87.25843727422425,81.98538547099037,3
122.38815921061403,89.31736792434216,83.39507603135561,3
122.40816054403626,89.86185975040435,86.23522379947488,3
122.42816187745849,94.02092666241768,89.31157942617776,3
122.44816321088072,92.43896522785337,87.20149799747459,3
122.46816454430295,92.94851053544805,87.66227798520059,3
122.48816587772518,92.84922774365576,84.04230640500377,3
122.50816721114741,90.58021189056834,82.3863002466277,3
122.52816854456964,92.02890724167226,88.7272871584918,3
122.54816987799187,90.7987412928998,84.41984094683737,3
122.5681712114141,89.93388106525609,84.27093864140286,3
122.58817254483631,88.15655229648333,79.82250260003094,3
122.60817387825854,91.52391306295387,85.34868894144343,3
122.62817521168077,91.33318714937008,83.47578921171299,3
122.648176545103,93.74401409268977,85.23554417289276,3
122.66817787852523,91.14156324179973,83.37702779237333,3
122.68817921194746,89.4307994512394,80.4139330759239,3
122.70818054536969,83.83318831160041,74.02475491407702,3
122.72818187879191,81.19707216794262,74.54725915569654,3
122.74818321221414,79.23762777424854,70.80199999140636,3
122.76818454563637,75.00806006037364,68.04847679929995,3
122.7881858790586,78.00758386268032,72.76122918347362,3
122.80818721248083,69.39668994744947,65.09055572106736,3
122.82818854590306,75.00331816315537,67.4573560806129,3
122.84818987932529,76.83981789421019,66.60323874858747,3
122.86819121274752,76.56498802910444,65.30512877441879,3
122.88819254616973,70.67958689618929,61.002524287875644,3
122.90819387959196,62.51666068276571,54.87553365298652,3
122.92819521301419,64.30031611075691,54.589172071996764,3
122.94819654643642,62.502189669836135,52.568148000533526,3
122.96819787985865,60.22856518089649,54.16733168994411,3
122.98819921328088,56.62593532528532,45.75742577061706,3
123.00820054670311,59.818515693676126,49.107736747817164,3
123.02820188012534,55.78977490317089,45.38180451002095,3
123.04820321354757,56.18744711680631,46.48231751853444,3
123.0682045469698,51.03674855952304,40.30082323511041,3
123.08820588039202,49.962029802211205,38.361048773169514,3
123.10820721381425,46.796706680868276,39.028167774089624,3
123.12820854723648,43.10371841386912,33.59525991507756,3
123.14820988065871,37.190232595997585,29.256384070085247,3
123.16821121408094,38.19024712129911,30.093104432652815,3
123.18821254750317,36.96081867761008,26.20033330012836,3
123.20821388092538,39.24324648824236,30.919521193442648,3
123.22821521434761,37.8049186411409,31.303498580006785,3
123.24821654776984,34.07884276487221,27.654972993027553,3
123.26821788119207,32.81676228788139,23.674263775450545,3
123.2882192146143,31.68767047399071,23.773211104270175,3
123.30822054803653,26.317827246662944,21.16222614222899,3
123.32822188145876,24.877882545096952,16.647877627425032,3
123.34822321488099,23.13783028347093,14.611380887419882,3
123.36822454830322,21.583909108491778,15.742792642978356,3
123.38822588172545,21.357729234183072,15.11791410978321,3
123.40822721514768,22.99111530640524,16.11335781344036,3
123.4282285485699,23.73489427378426,18.793543189994804,3
123.44822988199213,25.718327763327082,21.573879010210483,3
123.46823121541436,25.302570451108892,20.22111480712796,3
123.48823254883659,26.040695672029273,20.606898157916454,3
123.5082338822588,19.27633674973354,12.89022753358316,3
123.52823521568104,18.7796737249864,13.188478480748074,3
123.54823654910327,20.59826970764327,18.596142930235057,3
123.5682378825255,16.742991472782982,11.654938863927867,3
123.58823921594772,24.759077021189785,19.795120310739783,3
123.60824054936995,24.221170423285777,20.250354753731727,3
123.62824188279218,33.59480458230146,27.346866796198398,3
123.64824321621441,26.157160615573023,23.14416238781569,3
123.66824454963664,28.349493101487436,24.588638578784977,3
123.68824588305887,29.53648905929979,27.09347077262122,3
123.7082472164811,25.08434758322907,23.066605621641784,3
123.72824854990333,30.82636217655908,25.347744403877932,3
123.74824988332556,28.610404353919936,25.158994027448358,3
123.76825121674779,33.9040830926945,33.931505633367635,3
123.78825255017001,37.1410260121725,33.47892539069708,3
123.80825388359223,39.73191690795056,34.998839584376235,3
123.82825521701446,39.83927531410603,38.22777314472723,3
123.84825655043669,44.85297551149972,42.62503191860961,3
123.86825788385892,46.827541322123864,43.771729426369475,3
123.88825921728115,42.04087516853316,40.65069326880044,3
123.90826055070337,45.15012590081611,42.15625325916545,3
123.9282618841256,46.306611895236856,43.73410383067595,3
123.94826321754783,50.669883365700684,47.753115666692494,3
123.96826455097006,52.5039084557095,48.50462461176286,3
123.98826588439229,50.88719249041218,46.49732970887253,3
124.00826721781452,57.710705561423715,55.523933898963705,3
124.02826855123675,61.204683395250846,59.41733669492396,3
124.04826988465898,65.48875563751437,62.408271152312956,3
124.06827121808121,67.0129651611864,64.64292029987882,3
124.08827255150344,65.43557508498533,63.76199890319049,3
124.10827388492565,75.88473107484589,70.6554719365549,3
124.12827521834788,67.29389356989336,63.05473641346158,3
124.14827655177011,72.08076193904358,67.7061442982809,3
124.16827788519234,67.90859011814878,67.28799920539699,3
124.18827921861457,78.35784660367447,76.35935461141894,3
124.2082805520368,84.86296984502624,82.60936087745374,3
124.22828188545903,84.21173961479543,80.01506312271196,3
124.24828321888126,82.0538105851648,79.58541577714816,3
124.26828455230348,87.04590572859263,84.69434241760445,3
124.28828588572571,86.64726523172914,83.86520975389166,3
124.30828721914794,85.36077857049884,83.60664640466787,3
124.32828855257017,83.90809056545588,80.40809608146532,3
124.3482898859924,87.76079193250649,85.73920367089075,3
124.36829121941463,87.61309172166354,83.92299030031518,3
124.38829255283686,89.82489688588599,86.75717356172714,3
124.40829388625907,93.16811327245902,86.93511811419701,3
124.4282952196813,92.23472592421194,88.62255380035704,3
124.44829655310353,94.85576449889142,89.06077976493884,3
124.46829788652576,92.82182858374618,87.82796258811419,3
124.48829921994799,93.8893867564037,86.00525358317411,3
124.50830055337022,93.75922253143905,88.21268350512695,3
124.52830188679245,90.1957448331692,83.56047486918473,3
124.54830322021468,87.46406243303842,81.30106686616672,3
124.5683045536369,86.66481625880975,80.6929878762072,3
124.58830588705914,88.61045610668015,85.29657598673333,3
124.60830722048136,93.01806353179146,85.32229513649364,3
124.6283085539036,93.01907373946253,84.92815640710002,3
124.64830988732582,92.68385367405641,83.8617828387929,3
124.66831122074805,85.98248894244962,79.65918089450636,3
124.68831255417028,88.14053642421956,81.31708611014763,3
124.7083138875925,86.70702771532316,78.04744280624413,3
124.72831522101473,82.85562045674837,73.20516184767506,3
124.74831655443695,75.61924420562872,67.31323928652506,3
124.76831788785918,75.11597051667286,69.31240173445919,3
124.78831922128141,77.95432247280326,70.4620924262077,3
124.80832055470364,79.29442737100494,71.15466633862457,3
124.82832188812587,75.21577664125978,65.36674119293374,3
124.8483232215481,74.41653656122755,65.3388660385877,3
124.86832455497033,74.3463029780864,64.44791331136358,3
124.88832588839256,72.98441577490723,62.44921514152838,3
124.90832722181479,65.53949949993746,55.21520085647287,3
124.92832855523702,65.00085777237446,54.404799942210936,3
124.94832988865925,59.69906895431697,48.841764670555406,3
124.96833122208147,56.78496273329838,49.40964052328742,3
124.9883325555037,58.39614665864686,49.8271398247916,3
125.00833388892592,59.6511917140683,50.415027703333294,3
125.02833522234815,60.53824915839459,48.78240741203136,3
125.04833655577038,53.29181746971158,44.6322262686736,3
125.0683378891926,50.58253232079902,41.72484546227245,3
125.08833922261483,48.32082969701401,41.40491212735209,3
125.10834055603706,47.72501329472218,38.38688318897064,3
125.12834188945929,42.91590481419665,33.891175469372605,3
125.14834322288152,34.81342123148693,25.245140605524227,3
125.16834455630375,37.55987839044367,28.755152793589335,3
125.18834588972598,34.659465769240775,25.839020325431466,3
125.20834722314821,37.86552094624048,25.528682271812766,3
125.22834855657044,39.916909247719204,30.657818481603563,3
125.24834988999267,36.88687253602316,28.478544860411027,3
125.2683512234149,36.1323794361065,27.976470426010568,3
125.28835255683713,26.912740318176702,20.354102039309478,3
125.30835389025934,25.516783057392324,19.09363137796315,3
125.32835522368157,20.025521377255004,13.00207914934699,3
125.3483565571038,24.06780306384159,17.438185695644254,3
125.36835789052603,27.65102685326867,19.717279380696386,3
125.38835922394826,27.699999210429713,18.170057663261566,3
125.40836055737049,23.934654266076013,16.945651785948133,3
125.42836189079271,24.321220211473435,19.863064855442975,3
125.44836322421494,24.658432875062648,18.92126321244623,3
125.46836455763717,25.642630568559166,17.923282026425994,3
125.4883658910594,22.659259220504808,16.97247722065721,3
125.50836722448163,21.851713465249183,16.833202467851304,3
125.52836855790386,22.91560635412711,16.00643069904831,3
125.54836989132609,17.331983638605355,12.11651507603775,3
125.56837122474832,20.73942893450772,13.612926516755696,3
125.58837255817055,23.02788942157513,18.594432715396145,3
125.60837389159276,27.54774977973151,22.041927513031244,3
125.62837522501499,24.46653239279103,22.33418192070993,3
125.64837655843722,28.090156497646966,25.21220785712454,3
125.66837789185945,30.45495723445887,23.340225127932918,3
125.68837922528168,28.922901068988157,26.47143303279162,3
125.70838055870391,31.63102905607297,25.536707138936958,3
125.72838189212614,27.121771027863478,24.002334303064853,3
125.74838322554837,31.15651522347384,26.384837079049117,3
125.7683845589706,32.90197708629162,30.090433600742166,3
125.78838589239282,36.575187665914704,34.24226265989744,3
125.80838722581505,36.6166092976926,35.14854907914333,3
125.82838855923728,40.214802806036985,37.29619141348724,3
125.84838989265951,46.08845028461615,44.14586016705354,3
125.86839122608174,45.392675260099985,45.28306758294197,3
125.88839255950397,51.192393046288224,49.64820960515436,3
125.90839389292618,49.00558868338069,43.60140280478316,3
125.92839522634841,44.676153640378914,40.08963048822606,3
125.94839655977064,48.25409795436577,45.661197797269026,3
125.96839789319287,53.66599823206344,50.388049520272716,3
125.9883992266151,57.59770383508878,57.12086102964135,3
126.00840056003733,54.869121107076744,53.07870855615241,3
126.02840189345956,57.80795640190208,55.28129309665038,3
126.04840322688179,66.26377155156736,63.80744482392167,3
126.06840456030402,65.11565913509047,62.2063655844687,3
126.08840589372625,68.8608895525266,65.04464679431095,3
126.10840722714848,67.86764461420151,64.2185199481408,3
126.1284085605707,65.90795194337296,64.39745722738706,3
126.14840989399293,69.3464923135748,65.44877171857506,3
126.16841122741516,75.92051043874034,71.66177208422518,3
126.18841256083739,71.32181407241727,71.39376562364895,3
126.2084138942596,80.71319248740961,76.11758473696032,3
126.22841522768184,82.08802401156558,80.21219360179052,3
126.24841656110407,83.0406245938988,79.68234720659088,3
126.2684178945263,81.56198690020996,77.32278930723378,3
126.28841922794852,88.40889696378987,83.23851250773146,3
126.30842056137075,80.85580229951186,76.25737440843285,3
126.32842189479298,80.75111769428509,76.73938572623281,3
126.34842322821521,87.89365088347735,83.353400898828,3
126.36842456163744,89.27905365827375,83.74371206683172,3
126.38842589505967,87.95445115516625,86.197263182756,3
126.4084272284819,91.59584977315228,87.90594652534263,3
126.42842856190413,92.83917458784907,87.68651246870107,3
126.44842989532636,94.74854948008996,88.12046837953588,3
126.46843122874859,95.35352086358674,89.71103609937889,3
126.48843256217081,95.53168525979234,91.59662255257346,3
126.50843389559303,89.82553919681372,82.98871076598621,3
126.52843522901526,91.10490883180766,86.805267579092,3
126.54843656243749,85.49064247384572,79.5995479315946,3
126.56843789585972,92.04834652911184,85.02580918306342,3
126.58843922928195,87.7337184429994,81.47458411868094,3
126.60844056270417,87.30252999095217,81.71501849844111,3
126.6284418961264,89.99620115630923,80.60582260064737,3
126.64844322954863,93.36318462772606,86.69365215403944,3
126.66844456297086,93.34285005862453,86.94607165779604,3
126.68844589639309,87.29755437670809,79.47000199435386,3
126.70844722981532,81.48288666828071,76.91464776790004,3
126.72844856323755,84.15062500106679,76.98567386586657,3
126.74844989665978,76.59246486606693,70.39741553929116,3
126.76845123008201,74.29847616770888,66.88317538624233,3
126.78845256350424,76.95082702207834,67.22565425823538,3
126.80845389692645,75.38637725780208,66.18780243982987,3
126.82845523034868,74.00203229009023,66.09353649478378,3
126.84845656377091,73.37021711919171,64.52560384464518,3
126.86845789719314,76.48281663949531,67.16688074614558,3
126.88845923061537,72.27032032244462,64.87184879698462,3
126.9084605640376,63.25490652784045,57.661429701388116,3
126.92846189745983,59.96601034335545,50.021585109896485,3
126.94846323088206,58.89866557480664,48.8419237227528,3
126.96846456430428,56.5879697937763,47.6454067840387,3
126.98846589772651,57.068267365216286,49.53066035529948,3
127.00846723114874,56.91625946061778,48.34322958210334,3
127.02846856457097,54.78127899711096,45.4711200821626,3
127.0484698979932,51.53277314977407,43.685921383252975,3
127.06847123141543,54.28265422598581,45.34961285070732,3
127.08847256483766,48.956489249729984,38.29211583488013,3
127.10847389825987,49.57494206275058,42.11733050225439,3
127.1284752316821,38.02290778639384,27.55260543898708,3
127.14847656510433,38.10833562915908,28.185558105085946,3
127.16847789852656,36.70466873150388,28.102161253648962,3
127.18847923194879,37.12814689161789,30.464276084167725,3
127.20848056537102,36.97045829838112,28.771437413569085,3
127.22848189879325,38.96649688767028,30.60849928469969,3
127.24848323221548,37.169280969725556,29.134051387854186,3
127.2684845656377,35.641441268647256,28.7088901358277,3
127.28848589905994,33.544125829800606,26.205565442916786,3
127.30848723248216,26.69754175770752,19.338078054840135,3
127.3284885659044,21.90686243020609,14.67767630954643,3
127.34848989932662,23.198682094896903,14.541551421898014,3
127.36849123274885,24.768795558119024,17.541998834391055,3
127.38849256617108,25.080393761326686,18.518768429207903,3
127.4084938995933,26.53412314233466,21.13254563010082,3
127.42849523301552,27.379158793119572,18.796699987388966,3
127.44849656643775,25.895614275575088,19.069013896818316,3
127.46849789985998,21.883489992301783,17.412979550971542,3
127.48849923328221,21.245842398038473,16.67639644676516,3
127.50850056670444,24.578426413646074,15.234458750676405,3
127.52850190012667,16.366269553818228,13.435320972018351,3
127.5485032335489,20.961184997915776,13.471812639798355,3
127.56850456697113,17.594864553032007,14.46709159182643,3
127.58850590039336,26.8319517261829,19.34447967707421,3
127.60850723381559,23.846220859037853,20.94246035023672,3
127.62850856723782,25.110622650858254,23.009259471347125,3
127.64850990066004,32.65543174713498,29.116308947383505,3
127.66851123408227,27.754290661476574,25.583600666205875,3
127.6885125675045,28.067859476284504,27.6018541629495,3
127.70851390092672,32.67237551992383,27.308431722130138,3
127.72851523434895,27.048591902712577,23.603876523043073,3
127.74851656777118,28.011672353550974,24.331216817094106,3
127.7685179011934,29.17964023461989,26.336824135075684,3
127.78851923461563,37.531954679664125,35.19919513156536,3
127.80852056803786,40.292492160481785,35.517239726307004,3
127.82852190146009,40.431580349815285,37.313377273672856,3
127.84852323488232,47.87818782857231,43.40920711823653,3
127.86852456830455,46.592825411560035,43.03243239635508,3
127.88852590172678,47.29682796312326,45.29325530068702,3
127.90852723514901,43.24755102879668,43.15738241995066,3
127.92852856857124,47.29815796835951,42.87575818973428,3
127.94852990199347,48.63452135590681,45.86028001414861,3
127.9685312354157,50.55027641718462,48.8131524416371,3
127.98853256883793,55.30282595836684,52.10911101695406,3
128.00853390226015,60.050115006637,58.48893746665048,3
128.02853523568237,65.19971306058295,61.107456869020204,3
128.0485365691046,68.91391870142142,64.22259372075051,3
128.06853790252683,67.04444791800154,63.58005775160096,3
128.08853923594907,65.95398363005656,62.3376323357425,3
128.10854056937129,68.67803003278209,64.62940861866434,3
128.12854190279353,71.69134854834682,68.71494219434916,3
128.14854323621574,71.15413109113535,68.87681170473081,3
128.16854456963796,72.16899345891593,69.64867046418755,3
128.1885459030602,74.1500516095774,70.00690564938886,3
128.20854723648242,80.36199340817494,77.46614251859408,3
128.22854856990466,85.69596022012298,82.6137128939359,3
128.24854990332688,85.37477752570511,81.16407018080639,3
128.26855123674912,86.95913485480611,86.99603303872362,3
128.28855257017133,86.7441822007091,83.4248402712259,3
128.30855390359358,85.82313845417623,79.08245504416485,3
128.3285552370158,85.19999712985869,80.1353318890941,3
128.34855657043803,87.9303959352231,83.0793010599185,3
128.36855790386025,85.30448087370269,81.91153369568993,3
128.3885592372825,88.49288119243273,84.84459882832587,3
128.4085605707047,94.11599367954969,90.37573234939687,3
128.42856190412695,91.81328045902728,86.50680470170066,3
128.44856323754917,94.32322856889719,89.81403055655102,3
128.46856457097138,97.18973004629767,91.43812174081062,3
128.48856590439362,92.77547504254592,87.55873899576646,3
128.50856723781584,94.67616944110905,87.19747802580473,3
128.52856857123808,91.78861439927084,84.69070118516441,3
128.5485699046603,83.07345243324114,78.81360977048385,3
128.56857123808254,87.01311181053995,79.68092189805698,3
128.58857257150476,91.27816633846476,83.87065366823772,3
128.608573904927,88.17618738586857,82.189797754911,3
128.6285752383492,89.59183102944979,83.15194468431488,3
128.64857657177146,88.54767831521296,80.86301256855307,3
128.66857790519367,90.66537257334373,80.29476259665759,3
128.68857923861592,86.78765480909178,78.70836504743595,3
128.70858057203813,84.61622319467537,76.769618001727,3
128.72858190546037,80.2470174183138,71.80344145286246,3
128.7485832388826,78.21347645560215,71.70745606306205,3
128.7685845723048,75.78427379828986,68.70654124778704,3
128.78858590572705,76.06446438168324,68.91814016772388,3
128.80858723914926,75.46360627231962,64.87351790502214,3
128.8285885725715,77.47781835943138,68.23930212485337,3
128.84858990599372,75.5905116622481,67.64187640619664,3
128.86859123941596,72.3834803860167,62.821760776767356,3
128.88859257283818,71.85656526719633,64.06774299238427,3
128.90859390626042,63.55419976093645,54.4633262749637,3
128.92859523968264,62.53812938493418,53.28887187938042,3
128.94859657310488,60.28251935702643,49.78278637834088,3
128.9685979065271,55.03492059383163,45.80533328557266,3
128.98859923994934,56.097402859628495,47.2176898940402,3
129.00860057337155,60.946157964870835,53.07942363672859,3
129.0286019067938,56.04726734164738,49.72256955761689,3
129.048603240216,54.73969558937687,46.085225397201214,3
129.06860457363823,52.69124874127381,45.09451223292532,3
129.08860590706047,49.60695801216553,42.66949117518471,3
129.10860724048268,47.0854716292274,37.47577861147887,3
129.12860857390493,40.99976734778629,30.65923139635377,3
129.14860990732714,37.17109676812622,26.72704064367031,3
129.16861124074939,36.61304905390513,27.84057912321552,3
129.1886125741716,38.50093322413083,29.499739543470003,3
129.20861390759384,31.79269069416875,26.34388775464893,3
129.22861524101606,34.348461929312094,25.37797987768117,3
129.2486165744383,33.30906868069848,23.201209210874026,3
129.26861790786052,34.1056014521837,23.584610669542656,3
129.28861924128276,30.16464589428779,21.99998203673644,3
129.30862057470497,27.37461209288872,21.533411109568323,3
129.32862190812722,27.069521815659172,18.858466360813555,3
129.34862324154943,25.16656626957481,18.020674224061086,3
129.36862457497165,20.4244849255245,11.316340930469055,3
129.3886259083939,24.476154781220295,15.218255515398928,3
129.4086272418161,22.789677884701316,16.006280726637975,3
129.42862857523835,23.48882340324277,20.619932258625106,3
129.44862990866056,24.921153743923778,18.242505642169466,3
129.4686312420828,24.196715650906018,19.61232423624923,3
129.48863257550502,21.086995050454362,19.330187196326687,3
129.50863390892727,24.555043313858526,16.388985815645363,3
129.52863524234948,22.532318791369846,18.68699763986961,3
129.54863657577172,19.874867564877423,13.056136490092689,3
129.56863790919394,16.678927878578147,12.132871519406878,3
129.58863924261618,19.47573162554223,17.158061699822262,3
129.6086405760384,26.73010349151775,22.164766797583827,3
129.62864190946064,25.018209261697585,23.639859480877593,3
129.64864324288286,28.970235678650365,26.89348931739618,3
129.66864457630507,26.315513941548442,23.244965836409254,3
129.6886459097273,27.900810133731667,25.611624829634366,3
129.70864724314953,28.417677798499625,22.265985101255406,3
129.72864857657177,30.74516224131429,27.53342622111032,3
129.748649909994,33.53791201216567,29.177961229173835,3
129.76865124341623,28.710935258940854,24.355698982417902,3
129.78865257683844,34.55418164173892,30.59601213345725,3
129.8086539102607,40.70621355808671,37.84183597450438,3
129.8286552436829,39.46652891695922,38.577569643392195,3
129.84865657710515,43.27893777424448,38.83226989977573,3
129.86865791052736,46.99772895124322,46.60530320535385,3
129.8886592439496,45.68913508686326,41.61490670210539,3
129.90866057737182,45.95083426009595,44.46041136128179,3
129.92866191079406,48.73083120818023,46.78999500314685,3
129.94866324421628,47.80278763895614,43.96968030771863,3
129.9686645776385,49.447515432851596,48.09237580895319,3
129.98866591106074,49.88756464960538,48.39613894039302,3
130.00866724448295,63.68583977304766,55.48628004000102,3
130.0286685779052,64.94433183849125,62.738246936707746,3
130.0486699113274,64.5760684248299,62.08261912854016,3
130.06867124474965,68.40839366464773,66.37730338566082,3
130.08867257817187,68.325525943239,64.31128261275116,3
130.1086739115941,66.40333989362908,64.73812119505048,3
130.12867524501632,67.55100759608166,62.95176273868588,3
130.14867657843857,68.33530382344371,67.1903829197113,3
130.16867791186078,72.01453413578403,69.80221878032536,3
130.18867924528303,74.85152982464795,71.2172993081561,3
130.20868057870524,82.64200556152873,80.07128004633292,3
130.22868191212748,79.7090278258116,75.20359747596802,3
130.2486832455497,81.39028803442577,79.58823263701692,3
130.26868457897191,82.40772318435668,79.53189563238085,3
130.28868591239416,86.21469916284771,82.29180155753288,3
130.30868724581637,83.22394019244825,81.23202655052437,3
130.32868857923862,85.52468407224072,81.26675282659023,3
130.34868991266083,85.19185666315765,82.5096199227471,3
130.36869124608307,86.53380210080073,83.55080324206257,3
130.3886925795053,87.56737975297541,81.63732134611615,3
130.40869391292753,94.10947018157428,88.19047552606696,3
130.42869524634975,97.39235807934757,92.57464169358573,3
130.448696579772,91.18901781119773,86.7562695545001,3
130.4686979131942,93.98398897026719,88.96620145923696,3
130.48869924661645,93.31253969006303,89.32448798276238,3
130.50870058003866,91.06708793501919,84.63005481044384,3
130.5287019134609,90.36544163985651,83.12272135502275,3
130.54870324688312,81.94471413219375,76.3813872197647,3
130.56870458030534,86.6680115391905,79.8988787883654,3
130.58870591372758,92.70578327602259,83.82100995514357,3
130.6087072471498,88.60410265340978,83.11357548871024,3
130.62870858057204,88.27950904420076,81.33538166841629,3
130.64870991399425,92.04999259090498,84.48039439504329,3
130.6687112474165,87.07691650942678,79.20642471135828,3
130.6887125808387,85.6678292238693,75.34112927755396,3
130.70871391426095,82.01361844112168,76.91608525275326,3
130.72871524768317,80.35574262409136,74.928079148522,3
130.7487165811054,80.53870930465372,73.99991708232726,3
130.76871791452763,71.80992306334255,64.7515632779938,3
130.78871924794987,77.31547183574057,69.17034444654249,3
130.80872058137209,76.67694928419232,68.66396826853014,3
130.82872191479433,72.88962818769868,65.35513365104569,3
130.84872324821654,76.20562162300745,69.2595580442363,3
130.86872458163876,74.85269540950594,68.46873961901949,3
130.888725915061,68.15963725595822,59.60175647880684,3
130.90872724848322,64.60902161631705,55.45168542475867,3
130.92872858190546,64.04057385483117,58.784065444770434,3
130.94872991532768,62.05946536786158,51.54777794874014,3
130.96873124874992,60.36053636305975,49.84932149180261,3
130.98873258217213,55.91659666733833,45.546888903578576,3
131.00873391559438,57.32306514763226,48.75566301244613,3
131.0287352490166,51.47671629927725,42.267039658385,3
131.04873658243883,53.96288879090879,46.9313017241157,3
131.06873791586105,49.24487164811171,40.47543712126594,3
131.0887392492833,51.92818860098027,41.33257243803135,3
131.1087405827055,42.89571358319631,35.00495199483445,3
131.12874191612775,44.86569332415596,35.22817738112067,3
131.14874324954997,42.45857070701977,34.19780888447459,3
131.16874458297218,37.972410076531816,28.835953393984138,3
131.18874591639442,35.23967256323638,25.4512770718937,3
131.20874724981664,35.2444246502305,26.552342402193837,3
131.22874858323888,30.513663041339203,24.09720329873281,3
131.2487499166611,31.787697314889726,25.32663628449025,3
131.26875125008334,36.1869029474119,27.449691907340085,3
131.28875258350556,33.86974321917701,28.900263090816676,3
131.3087539169278,25.8350042264846,18.251275444919088,3
131.32875525035,24.78556858875385,16.953965292215457,3
131.34875658377226,23.1646369631724,14.634882371461611,3
131.36875791719447,20.89564868520324,12.86917695525171,3
131.38875925061672,20.953559138198827,16.206468098582036,3
131.40876058403893,27.87273570892907,20.643558132174828,3
131.42876191746117,28.659279462165017,19.61765629239579,3
131.4487632508834,25.426376300945307,21.126747852674427,3
131.4687645843056,24.616862260231336,19.225768156642392,3
131.48876591772785,23.711616979428726,17.6016427116622,3
131.50876725115006,19.492130911517414,16.87675893255138,3
131.5287685845723,17.094103268613356,13.633376017819238,3
131.54876991799452,22.620055629559086,18.662173642234276,3
131.56877125141676,20.245677937056886,15.491830444900774,3
131.58877258483898,24.463732504022975,20.494980697852995,3
131.60877391826122,24.785478556812627,21.165086422339844,3
131.62877525168344,27.95371159395789,23.915659399246856,3
131.64877658510568,26.659963078759343,24.99394384839185,3
131.6687779185279,32.380999749247565,30.339384067762957,3
131.68877925195014,31.17382508256937,27.468636275768834,3
131.70878058537235,27.59051284750778,23.381796976888573,3
131.7287819187946,25.844411423198224,21.368928154567612,3
131.7487832522168,26.891883958823335,21.885547839960864,3
131.76878458563903,29.041427395145227,26.647814143213967,3
131.78878591906127,31.864044129044427,28.43351484446242,3
131.80878725248348,37.54644357445818,36.70477156246161,3
131.82878858590573,41.42400387726404,37.43364528058442,3
131.84878991932794,42.92097653103629,39.705138430585976,3
131.86879125275019,46.307477844107495,44.978178058415,3
131.8887925861724,43.339561792887416,42.96291509061346,3
131.90879391959464,45.51127571391162,41.3128331674902,3
131.92879525301686,48.43577603016925,45.86524076367946,3
131.9487965864391,47.09897511137562,45.49880851931024,3
131.96879791986132,49.81674236086093,46.53692494287336,3
131.98879925328356,55.421266486583036,52.205708077161944,3
132.00880058670577,59.75894478098019,60.564343124927575,3
132.02880192012802,60.20880564025382,57.64306104110439,3
132.04880325355023,66.67227973873541,62.798118651704286,3
132.06880458697245,69.73282922632382,67.30149431795016,3
132.0888059203947,63.85256937561499,62.10612914682974,3
132.1088072538169,66.69661562393436,65.60266976626806,3
132.12880858723915,72.05203420026884,68.07453327494964,3
132.14880992066136,67.72057312102517,65.47860300724477,3
132.1688112540836,74.5037860180052,72.29067640997503,3
132.18881258750582,77.1541982133339,72.77805785349118,3
132.20881392092807,79.07535243588933,78.4525825496848,3
132.22881525435028,80.8221855022749,76.00723834697892,3
132.24881658777252,87.89622531580277,84.16410855276811,3
132.26881792119474,79.72525634155274,78.30641137194799,3
132.28881925461698,81.64319949536142,79.81545267527065,3
132.3088205880392,85.67550685224928,81.61951125092318,3
132.32882192146144,85.69897706319875,80.98158974137118,3
132.34882325488365,88.17070532821305,80.93780833332283,3
132.36882458830587,85.93482051005559,82.05833843458903,3
132.3888259217281,89.49153111423179,87.04132902041826,3
132.40882725515033,88.6333351809236,84.51176267231058,3
132.42882858857257,92.22788035874,88.74196854552642,3
132.4488299219948,93.0147572514325,87.53501484012345,3
132.46883125541703,90.60900917427867,83.49862697296986,3
132.48883258883924,88.0765486058282,83.89265094264387,3
132.5088339222615,86.10824205828658,82.10716501015398,3
132.5288352556837,85.58093689650252,80.65703304272608,3
132.54883658910595,88.41607485651187,81.9846021053054,3
132.56883792252816,87.88300643314514,80.90470108821275,3
132.5888392559504,92.32471650126433,85.3085374132513,3
132.60884058937262,90.69681733822883,83.65863475103488,3
132.62884192279486,89.97072803855043,82.76384750543343,3
132.64884325621708,94.47559494254575,85.47692282510451,3
132.6688445896393,90.71432963898889,83.43649467620543,3
132.68884592306154,89.22133393976482,82.46990068481801,3
132.70884725648375,83.30433700282413,77.58901502163454,3
132.728848589906,84.02511278537413,75.31736304623628,3
132.7488499233282,80.71803872657279,72.18502720238925,3
132.76885125675045,75.14503983228221,67.692017628655,3
132.78885259017267,75.33535714332463,66.13019981030226,3
132.8088539235949,74.59873252215041,68.56597116159578,3
132.82885525701712,74.80901689801942,64.96500837653123,3
132.84885659043937,75.44200209955333,66.99552056834757,3
132.86885792386158,70.69174154211946,60.640264057141096,3
132.88885925728383,71.95287515167561,64.03538904047646,3
132.90886059070604,67.61094217372539,56.30911410491512,3
132.92886192412828,64.0486108215927,52.95853324170749,3
132.9488632575505,59.480022864937375,52.175977771941895,3
132.96886459097271,58.73235618821874,48.07172968369124,3
132.98886592439496,56.48396870922456,48.3142945124519,3
133.00886725781717,60.25455160033698,49.81967124877083,3
133.02886859123942,56.104917970226936,46.83829225342338,3
133.04886992466163,57.501701431460404,46.657213767877636,3
133.06887125808387,50.300516465092905,41.689278837437854,3
133.0888725915061,48.46267178869192,38.59131676424109,3
133.10887392492833,40.808610398361125,30.521299696023906,3
133.12887525835055,42.84877813989426,34.57951161602374,3
133.1488765917728,41.01518477785102,33.35929740125192,3
133.168877925195,35.96520705537903,27.07956636723886,3
133.18887925861725,40.479683351382135,32.523907878037505,3
133.20888059203946,33.10019728489081,25.966419688224633,3
133.2288819254617,37.173419128451414,30.321345433741925,3
133.24888325888392,36.7953217986001,26.593152599071,3
133.26888459230614,33.95460134270495,23.4438969645626,3
133.28888592572838,31.69381314697648,23.844574227408206,3
133.3088872591506,24.780687355902057,16.713363163484168,3
133.32888859257284,26.097580512033353,19.065652981425426,3
133.34888992599505,25.706879394838705,17.633475195928842,3
133.3688912594173,24.916470691095615,14.358486508539734,3
133.3888925928395,20.762170960510907,16.55043492678389,3
133.40889392626175,29.475875727379044,22.97848146996347,3
133.42889525968397,28.548636139448075,19.78894468656889,3
133.4488965931062,24.062741880646325,17.93345556889552,3
133.46889792652843,30.287379479377115,24.246371167719005,3
133.48889925995067,21.66000825323448,17.12555359344549,3
133.50890059337289,20.146015194243635,13.471100662099472,3
133.52890192679513,17.676860419795926,15.605883426301645,3
133.54890326021734,20.567620681124485,14.534115737455924,3
133.56890459363956,19.693608714668873,14.962110827355502,3
133.5889059270618,23.457561331548245,18.61828651264449,3
133.60890726048402,20.84254566674774,17.161948962443287,3
133.62890859390626,27.86718091892175,23.92693873342241,3
133.64890992732848,28.934270652099443,27.321027112804714,3
133.66891126075072,26.66374138091994,22.3143071940415,3
133.68891259417293,30.02708800679397,26.45415595986356,3
133.70891392759518,26.54337468788578,23.482337860402605,3
133.7289152610174,29.73875638215082,26.650320654841682,3
133.74891659443963,29.559416946499965,25.439127517252228,3
133.76891792786185,33.91631411328863,28.378316413260936,3
133.7889192612841,34.21216921473081,32.96473616225127,3
133.8089205947063,39.48563835343413,37.06331547787791,3
133.82892192812855,41.319490683321824,36.93163608907057,3
133.84892326155077,44.282468938494176,41.12520384766034,3
133.86892459497298,46.073781957734774,42.097043312502954,3
133.88892592839522,45.43054122563341,43.65469374627485,3
133.90892726181744,44.49823902902831,42.191989609267566,3
133.92892859523968,45.412940566347736,42.94838408469425,3
133.9489299286619,50.07234809777985,47.15761397349196,3
133.96893126208414,50.814189114536134,50.40631824715878,3
133.98893259550636,57.851883310647786,57.521812102992655,3
134.0089339289286,56.725237555312276,56.02878754097845,3
134.0289352623508,62.24807956387981,62.201422878754705,3
134.04893659577306,65.35423484548353,64.68861263203169,3
134.06893792919527,66.17499369302517,65.72261545524243,3
134.08893926261752,66.25130736228296,65.57531259268826,3
134.10894059603973,63.13842652804859,63.22339724575512,3
134.12894192946197,70.31702917815733,66.01698420635827,3
134.1489432628842,66.82278489058965,66.26246636068895,3
134.1689445963064,71.16262026706308,66.87424452339239,3
134.18894592972865,77.00029971945607,73.88292306443508,3
134.20894726315086,78.28019659627492,77.83716010428408,3
134.2289485965731,80.88619165707759,77.28719945067378,3
134.24894992999532,84.24882221461154,82.1718004532868,3
134.26895126341756,87.22316204161957,85.18896519768653,3
134.28895259683978,81.2063406605673,77.83404517611993,3
134.30895393026202,86.34550397488022,81.07208708604203,3
134.32895526368424,85.06550967961648,81.35114465350753,3
134.34895659710648,88.45618227649264,83.50367907826246,3
134.3689579305287,85.15864046064515,81.76605669522796,3
134.38895926395094,91.57209830629768,87.02631580043624,3
134.40896059737315,90.22528722781537,84.32763909654656,3
134.4289619307954,94.81437936275505,89.20914291465655,3
134.4489632642176,92.31282302541311,88.16400760452909,3
134.46896459763983,92.90505465214866,88.34805090563859,3
134.48896593106207,92.88420936585966,88.1464731363645,3
134.50896726448428,91.3220731522117,86.98643029120312,3
134.52896859790653,92.43922231947124,85.5164225619201,3
134.54896993132874,93.15120514289595,87.4143268697438,3
134.56897126475099,89.0400931159774,81.47434070015298,3
134.5889725981732,93.88333453938857,85.65399088453907,3
134.60897393159544,91.80452146804471,85.75902640174206,3
134.62897526501766,95.38270462029105,85.84828921554019,3
134.6489765984399,86.79199977324213,79.35183932289543,3
134.66897793186212,86.59254868883636,80.0513527253312,3
134.68897926528436,84.22629125861118,75.77873653602849,3
134.70898059870657,88.1608347093516,81.82571291651666,3
134.72898193212882,81.3731344551509,75.99881959626764,3
134.74898326555103,85.33986011749305,78.35425529452007,3
134.76898459897325,74.68954246337087,64.7907370904615,3
134.7889859323955,75.10809405979529,66.75939013908159,3
134.8089872658177,78.0511889886264,70.69394869843927,3
134.82898859923995,73.86437151641817,64.75860742750498,3
134.84898993266216,79.17496481328477,70.28065421924043,3
134.8689912660844,73.29218160430167,65.53933831629973,3
134.88899259950662,73.20107948261621,64.76853911413973,3
134.90899393292887,65.68946844206452,53.65845849622203,3
134.92899526635108,64.23087811646398,54.450766046583794,3
134.94899659977332,58.48651351150657,49.01697355472231,3
134.96899793319554,54.07451318587023,43.734539112490715,3
134.98899926661778,56.514423250315865,46.27384919842836,3
135.00900060004,55.75378207954955,47.37360681534232,3
135.02900193346224,53.30209240874985,41.09341563626348,3
135.04900326688445,52.63567278312444,42.43605261491932,3
135.06900460030667,53.16161163167522,41.97861553611224,3
135.0890059337289,49.46516003480182,40.07658819392538,3
135.10900726715113,42.521650666325904,33.99477037540434,3
135.12900860057337,43.99770924902805,33.947089133223294,3
135.1490099339956,34.66384404308108,28.922184091444375,3
135.16901126741783,36.32207182102171,27.615292207120092,3
135.18901260084004,34.36269975952981,28.282028147010422,3
135.2090139342623,42.31318668025114,33.627933729663404,3
135.2290152676845,37.33570784424875,28.410323998312492,3
135.24901660110675,35.27372902343633,24.992545475874678,3
135.26901793452896,33.5769047814025,25.17094148953479,3
135.2890192679512,29.753555305717512,21.353934978167917,3
135.30902060137342,26.599807862121292,19.713883245804123,3
135.32902193479566,26.744209198987377,17.822920017432875,3
135.34902326821788,22.213256974088107,14.746951040048813,3
135.3690246016401,22.288967764719224,16.095104579607632,3
135.38902593506234,23.326632812774875,18.90856263701708,3
135.40902726848455,27.09266089259163,20.402675153789485,3
135.4290286019068,24.993051947496802,17.521220959246996,3
135.449029935329,23.759287708902104,18.201328403822544,3
135.46903126875125,21.639411856359253,18.012370583970647,3
135.48903260217347,23.42474553745822,17.04267483183108,3
135.5090339355957,21.53293254510017,13.880931562858713,3
135.52903526901792,19.241070777978695,17.09872107105771,3
135.54903660244017,18.699718618662683,11.707065945126754,3
135.56903793586238,17.378179688106854,11.74088206256058,3
135.58903926928463,22.553480113474325,17.543313682799504,3
135.60904060270684,19.423100077514203,16.73268267042173,3
135.62904193612908,23.77907080554652,18.550962475655737,3
135.6490432695513,27.264028185985406,25.043078287124867,3
135.6690446029735,25.497522489565007,23.683642474198844,3
135.68904593639576,30.047267786794635,28.727919953557826,3
135.70904726981797,27.066300284122743,24.52787145176384,3
135.72904860324022,28.874481202394456,25.317995091144816,3
135.74904993666243,30.050509194281595,27.25597605494311,3
135.76905127008467,30.87551667645391,28.914290091678662,3
135.7890526035069,32.03366657867782,27.253800532456115,3
135.80905393692913,33.58315420534174,31.664879238216525,3
135.82905527035135,42.62829650356126,40.12957058331543,3
135.8490566037736,44.38022159529074,42.19481773383934,3
135.8690579371958,43.29204155062679,41.52995294781426,3
135.88905927061805,48.62476921364372,44.12515319743944,3
135.90906060404026,48.4158888171264,45.498686044907586,3
135.9290619374625,50.80368857210681,50.77245918716188,3
135.94906327088472,47.02106709973684,44.87423666364106,3
135.96906460430694,51.177571839584665,50.90548099878057,3
135.98906593772918,54.791161001978516,51.19831123951642,3
136.0090672711514,59.7120094433848,57.244791836631805,3
136.02906860457364,65.9394419343262,62.8581199649064,3
136.04906993799585,65.23975263958265,61.2284265570701,3
136.0690712714181,70.28985541820875,68.15707870655379,3
136.0890726048403,69.4403752028328,67.42694803614353,3
136.10907393826255,65.16048049106593,63.90217321875513,3
136.12907527168477,64.72606395768426,62.54048482734229,3
136.149076605107,67.4843111892468,64.98614928341166,3
136.16907793852923,71.43972405657584,69.67199888718623,3
136.18907927195147,77.68587924733544,75.2765299623596,3
136.20908060537369,81.75800218226682,79.4341950298564,3
136.22908193879593,81.04412500467366,78.55032909082523,3
136.24908327221814,84.15519839348629,80.62072669701264,3
136.26908460564036,87.54125292390086,81.04561163631818,3
136.2890859390626,83.5676136852343,82.15126284583677,3
136.30908727248482,86.14498271566752,84.7483482218413,3
136.32908860590706,79.92465523901338,77.0911870333602,3
136.34908993932928,84.73641145125784,80.63663619475389,3
136.36909127275152,86.6025169998578,83.04403625175793,3
136.38909260617373,86.57824716978246,82.90111777090112,3
136.40909393959598,91.50226349970053,89.52814377021646,3
136.4290952730182,94.39494681724248,88.87484912400036,3
136.44909660644043,91.43531419675192,85.53917342181978,3
136.46909793986265,90.62867418575505,87.30609933524808,3
136.4890992732849,94.17901373726271,89.26245562131085,3
136.5091006067071,94.08195804893577,86.86889497620024,3
136.52910194012935,88.07374639042187,81.87425367220106,3
136.54910327355157,85.4829586194639,80.8993302095613,3
136.56910460697378,89.43042608047925,83.8171231023297,3
136.58910594039602,92.83061430724806,87.63122400823849,3
136.60910727381824,88.1370871105307,81.48715424268286,3
136.62910860724048,89.90641783175678,83.47337196158965,3
136.6491099406627,91.30785579004058,84.57281993231338,3
136.66911127408494,87.3214323834878,80.35799940714635,3
136.68911260750716,89.49463970407422,83.42529312809768,3
136.7091139409294,79.58170535353183,75.1158700300965,3
136.7291152743516,83.66338506067974,73.70520805315547,3
136.74911660777386,80.46875350117132,72.37525873790173,3
136.76911794119607,79.87216578422988,71.15386646054492,3
136.78911927461832,82.03442381664549,73.84853312165224,3
136.80912060804053,74.64100876611765,67.27021329949801,3
136.82912194146277,75.55252999411823,69.30372508229095,3
136.849123274885,76.07907158736273,66.32826594092691,3
136.8691246083072,70.78764557389029,61.72286980591075,3
136.88912594172945,69.93466330308469,61.78024181228116,3
136.90912727515166,69.46397540226918,60.37366480922136,3
136.9291286085739,66.02202638419618,55.0366325282691,3
136.94912994199612,60.039667078036395,52.480706712002124,3
136.96913127541836,57.95973163341953,49.17892514272038,3
136.98913260884058,59.1751712429341,50.73958388393915,3
137.00913394226282,58.05377774518869,47.23004683651435,3
137.02913527568504,54.73994277984499,43.40244653283291,3
137.04913660910728,51.2382709051222,42.023573729286575,3
137.0691379425295,51.43084872697404,42.352140444485954,3
137.08913927595174,46.22694732972302,38.2393959983118,3
137.10914060937395,43.96718143813741,35.20390968980984,3
137.1291419427962,40.87353895892069,31.542262079345655,3
137.1491432762184,28.76329644820247,23.157715466729957,3
137.16914460964063,34.945473122316905,28.89187404888339,3
137.18914594306287,34.90222444221585,27.865695281966133,3
137.20914727648508,36.42267554692335,25.453170074139578,3
137.22914860990733,34.16206567443393,26.9369515009444,3
137.24914994332954,32.49168317710911,23.906029744259385,3
137.26915127675178,31.091307785350402,24.192306781274787,3
137.289152610174,28.903207964560107,21.13371333944706,3
137.30915394359624,25.84979742642401,19.24934553343951,3
137.32915527701846,24.6920492394381,17.86992776655251,3
137.3491566104407,21.5481528728128,16.772482659886517,3
137.36915794386292,22.52069175686894,15.699907995644201,3
137.38915927728516,19.65215872539781,15.616325578714422,3
137.40916061070737,23.98453345004311,15.47785910498089,3
137.42916194412962,27.334504314423242,19.012195469423755,3
137.44916327755183,26.558476782938246,20.625500542225566,3
137.46916461097405,25.692788738153883,17.106770395057335,3
137.4891659443963,26.521064264343295,21.360494362106834,3
137.5091672778185,21.848827289281427,15.51679096840575,3
137.52916861124075,21.255356255982726,14.061720981340365,3
137.54916994466296,15.074414305505774,10.741640291124465,3
137.5691712780852,20.55297278267028,13.667755946216865,3
137.58917261150742,25.198218759679634,19.06556919769021,3
137.60917394492967,26.422470425786393,22.857992936234766,3
137.62917527835188,23.978842448334294,21.518759389707864,3
137.64917661177412,29.023134894323253,25.081336061172806,3
137.66917794519634,31.695345009913,27.216350173349664,3
137.68917927861858,29.01039296851536,24.74544494832754,3
137.7091806120408,29.159363999936108,26.234655475660006,3
137.72918194546304,28.116897586722352,24.42568125405024,3
137.74918327888525,27.518472513362234,24.65483352735685,3
137.76918461230747,29.92376385763021,26.72459685036445,3
137.7891859457297,34.47138409839851,32.9626417953759,3
137.80918727915193,38.06479948274892,34.55636006559195,3
137.82918861257417,43.06615241252206,37.44975111484114,3
137.8491899459964,43.60692140220873,42.92533450437133,3
137.86919127941863,41.88244547797988,39.20616521183045,3
137.88919261284084,47.16919812767379,43.22218943328728,3
137.9091939462631,43.82131256968611,42.70142972982965,3
137.9291952796853,50.36628221092266,46.605646993553684,3
137.94919661310755,43.05021225200156,39.43336160676094,3
137.96919794652976,51.00408829712423,50.38686523434323,3
137.989199279952,55.54738131385292,53.548622890083664,3
138.00920061337422,56.99289911556855,54.62409674647016,3
138.02920194679646,59.291926832726375,55.18613742352688,3
138.04920328021868,63.27859163992815,61.722602303715504,3
138.0692046136409,71.21841352895107,69.16988261426691,3
138.08920594706314,68.47676834852946,66.39052067702576,3
138.10920728048535,68.1106654382996,64.9996239071643,3
138.1292086139076,68.16249604435521,65.96062818689965,3
138.1492099473298,69.67686409736126,66.59455837285859,3
138.16921128075205,71.14486806158565,67.83100632304196,3
138.18921261417427,76.01916229028944,74.98855431822123,3
138.2092139475965,77.22124330520114,73.67406798511149,3
138.22921528101872,80.30473359762112,78.60153986015688,3
138.24921661444097,82.74330053065107,79.92829621514059,3
138.26921794786318,85.77712312664796,84.10531241958114,3
138.28921928128543,88.11530189792204,84.05864471564864,3
138.30922061470764,83.93465755280764,81.13213167447077,3
138.32922194812988,81.95960929383229,77.75879902354224,3
138.3492232815521,83.61501567598454,79.40555374838007,3
138.3692246149743,87.91339847208782,84.75906659935957,3
138.38922594839656,90.98634679260046,85.82387443294313,3
138.40922728181877,91.88210526626094,86.12823614107535,3
138.42922861524102,93.30682445405316,87.36334652685396,3
138.44922994866323,89.51688410839539,84.65403234056024,3
138.46923128208547,92.94682311861693,87.69548096751299,3
138.4892326155077,92.10794078033118,84.58439575920764,3
138.50923394892993,89.1999602804527,82.92844429151593,3
138.52923528235215,92.49801783549336,87.71553477326219,3
138.5492366157744,87.2605065480289,83.16423279835278,3
138.5692379491966,90.85785330484461,84.28908374262186,3
138.58923928261885,89.4400609755955,81.40826332674514,3
138.60924061604106,90.0066355796815,82.5387332032702,3
138.6292419494633,93.47502046005741,87.98242397232468,3
138.64924328288552,86.8571157419881,83.16513059792578,3
138.66924461630774,90.56011184366089,82.9173273795701,3
138.68924594972998,82.30918882837572,76.41436263046889,3
138.7092472831522,83.77826536128494,76.2117002841446,3
138.72924861657444,79.83520165709032,72.15604637880871,3
138.74924994999665,77.99035391370633,70.19150696683363,3
138.7692512834189,80.34291513027215,71.24939997475545,3
138.7892526168411,77.22550534243534,69.01367763722125,3
138.80925395026335,80.42368923510487,73.50757667693658,3
138.82925528368557,73.78527113578451,65.72146162988047,3
138.8492566171078,73.48691254855537,64.31513709516513,3
138.86925795053003,68.17659325426227,60.38085117998486,3
138.88925928395227,70.44936704208423,59.53752267807835,3
138.90926061737449,65.57161609386964,57.4394652760784,3
138.92926195079673,62.28312515920064,52.08081698343917,3
138.94926328421894,58.31330771815956,48.559010877519505,3
138.96926461764116,55.69331526724767,45.8618121113209,3
138.9892659510634,54.099498197721296,45.35989759488226,3
139.00926728448562,55.012184891500375,47.49139569771329,3
139.02926861790786,59.291010665786594,49.785671566359895,3
139.04926995133007,56.74881723468416,45.347320737424944,3
139.06927128475232,51.819194331343525,44.776562225288146,3
139.08927261817453,48.82321536196707,40.093341785431676,3
139.10927395159678,42.7118132760235,33.86974309207944,3
139.129275285019,41.48340740333856,32.057247821410485,3
139.14927661844123,36.43117472630641,26.922355365164186,3
139.16927795186345,31.66931001478294,24.22092589573017,3
139.1892792852857,36.58026360657398,26.95963056329986,3
139.2092806187079,36.50162293354186,30.286023067575343,3
139.22928195213015,34.89579646648088,27.918928246701597,3
139.24928328555237,35.24242938431706,27.369389137874265,3
139.26928461897458,36.418379140515036,27.72476490290014,3
139.28928595239682,30.451582290877983,20.61134853328419,3
139.30928728581904,28.080975270878398,21.21080063439546,3
139.32928861924128,23.617490008811213,14.427898569918263,3
139.3492899526635,22.66825390875757,13.02191129687625,3
139.36929128608574,26.409437429244033,18.26137142742102,3
139.38929261950796,24.008582870051224,16.82246240151484,3
139.4092939529302,23.01631797450733,16.01181190871768,3
139.4292952863524,28.378083761634016,20.080350389880678,3
139.44929661977466,25.71060303172629,21.00097707586519,3
139.46929795319687,23.20734988050794,18.87724963988904,3
139.48929928661912,23.32024356573907,18.493165439735794,3
139.50930062004133,22.567396138154844,14.765668937932602,3
139.52930195346357,19.07877201838786,15.10728102803389,3
139.5493032868858,17.283531130281894,12.106397655566953,3
139.569304620308,18.805169652596145,14.015949144710344,3
139.58930595373025,22.840379741316827,18.64326647418111,3
139.60930728715246,24.614558545562417,20.76624909648947,3
139.6293086205747,25.137894477248533,20.554939997119813,3
139.64930995399692,25.895908724498657,22.706906198559977,3
139.66931128741916,28.41709844981395,25.034696235073593,3
139.68931262084138,29.664770134587663,26.41656527542002,3
139.70931395426362,29.035011945434594,27.07900776150659,3
139.72931528768584,26.472614292961044,24.782414834816144,3
139.74931662110808,28.51271678867967,26.37891859339437,3
139.7693179545303,34.46558489503376,30.603437446610478,3
139.78931928795254,36.728331178244005,33.396935098740876,3
139.80932062137475,39.77585754925211,37.08272736881949,3
139.829321954797,43.27525369370622,39.26480717387508,3
139.8493232882192,45.19087195291599,41.37655570762206,3
139.86932462164143,45.48429088434916,44.81372031874464,3
139.88932595506367,41.17860914580178,40.16223209425238,3
139.90932728848588,46.61824691734045,45.424293261705415,3
139.92932862190813,48.50306534519035,47.746529121789266,3
139.94932995533034,49.2790132957073,44.87490794306121,3
139.96933128875258,52.7464496193688,50.4522669897523,3
139.9893326221748,55.770311176380815,52.088871400892515,3
140.00933395559704,58.02055321530974,54.86399862140593,3
140.02933528901926,60.64958142249522,57.596089283976454,3
140.0493366224415,64.47760756630967,60.91062990048389,3
140.06933795586372,67.75742263352127,63.12695186084843,3
140.08933928928596,69.72461609248562,69.48550046955522,3
140.10934062270817,66.84771123259293,65.15671731777105,3
140.12934195613042,68.38028126356505,62.97425414593739,3
140.14934328955263,69.86575155996367,68.61899336292093,3
140.16934462297485,67.36287335385138,66.10164987619052,3
140.1893459563971,76.24825108094709,76.16390966497109,3
140.2093472898193,77.73717108967911,74.92655171586604,3
140.22934862324155,85.0238791305074,83.81414583630537,3
140.24934995666376,86.39443545128735,84.71641728928361,3
140.269351290086,84.97791047765817,79.98200408057879,3
140.28935262350822,83.90520469098405,79.15941748161923,3
140.30935395693047,86.52571090401274,80.15644695759232,3
140.32935529035268,87.07444258588734,81.57402643910446,3
140.34935662377492,85.79874229320251,83.75765152977304,3
140.36935795719714,90.05656139210163,85.29679414555912,3
140.38935929061938,93.51453830320216,91.00698192760254,3
140.4093606240416,94.94539226192846,89.03043237394027,3
140.42936195746384,98.02699580436412,91.75588579008159,3
140.44936329088605,92.97506268935541,88.01636954467261,3
140.46936462430827,98.51743063253905,91.5536061835128,3
140.4893659577305,95.6778689868241,88.05917936067576,3
140.50936729115273,90.87941667721374,86.16004477107433,3
140.52936862457497,87.2018615088173,81.37636673330343,3
140.5493699579972,87.22968500764476,82.13610902065817,3
140.56937129141943,89.8960628100987,81.16861290501089,3
140.58937262484164,87.52242788095076,80.10414123584263,3
140.6093739582639,88.89742964332235,81.42307129612348,3
140.6293752916861,91.63017638317083,84.26221666659464,3
140.64937662510835,88.97703428455226,79.48273448096985,3
140.66937795853056,92.13326717044058,87.30717246202994,3
140.6893792919528,86.19385669792972,78.6956777273866,3
140.70938062537502,80.81281232570392,74.77787101956912,3
140.72938195879726,82.78831888923129,73.37152989347902,3
140.74938329221948,77.57972035284635,69.71114938524187,3
140.7693846256417,76.82928847983113,69.44467357971388,3
140.78938595906394,81.07340480951757,71.70238451428169,3
140.80938729248615,80.27402897901136,69.58722821203473,3
140.8293886259084,76.66013166851371,69.96948288390925,3
140.8493899593306,74.17216749391007,63.33195487682876,3
140.86939129275285,74.72675761216689,66.17787355253277,3
140.88939262617507,73.80596607533809,65.17049792309926,3
140.9093939595973,68.52796695340086,57.735209515947105,3
140.92939529301952,60.59731084928404,52.1974210331645,3
140.94939662644177,57.8310960749233,48.98299398920797,3
140.96939795986398,59.45170363595212,50.810877465163166,3
140.98939929328623,56.337869265849804,48.97060980668328,3
141.00940062670844,55.44430486481539,44.80014524926572,3
141.02940196013068,60.53930899918604,50.89394208821453,3
141.0494032935529,54.38706065639498,45.53098179279374,3
141.0694046269751,56.83688015663065,46.41081347107733,3
141.08940596039736,46.52822065516985,36.30796891056308,3
141.10940729381957,43.07367745621654,35.397010860982206,3
141.12940862724182,40.25249970875987,31.222456809311325,3
141.14940996066403,41.384185536841215,29.92563978816332,3
141.16941129408627,39.30012890073498,31.748043216315438,3
141.1894126275085,36.344880824878764,26.604294167536086,3
141.20941396093073,33.3082633004073,24.04195829093941,3
141.22941529435295,38.19339539616616,29.829219659312198,3
141.2494166277752,34.924658805452324,27.052045173429182,3
141.2694179611974,38.342538681294336,30.21850734161913,3
141.28941929461965,31.946697242310645,23.117109980949955,3
141.30942062804186,28.165127756545587,20.997508915366858,3
141.3294219614641,24.196385217630187,15.346327657017968,3
141.34942329488632,20.08131632924019,13.404306271939035,3
141.36942462830854,20.591651309957406,13.230900985674056,3
141.38942596173078,23.46547472217364,18.632244764536917,3
141.409427295153,27.2699907680901,19.01161893956429,3
141.42942862857524,22.520701687112037,16.01156354870514,3
141.44942996199745,27.334100532036352,23.25247721080382,3
141.4694312954197,22.845524504787726,15.687461780868997,3
141.4894326288419,20.639895477918788,14.991003506717348,3
141.50943396226415,19.573394686808438,15.316008096099376,3
141.52943529568637,16.814666773582292,12.476438862951696,3
141.5494366291086,19.149500156139705,15.067386077305342,3
141.56943796253083,23.239737630372996,18.8823121998149,3
141.58943929595307,20.892026669533596,15.4983228714222,3
141.60944062937529,22.731360018906912,15.96325197463296,3
141.62944196279753,28.510547454002207,22.534972614871407,3
141.64944329621974,29.770066141677724,24.71384673931516,3
141.66944462964196,30.566604752942133,25.197016081209167,3
141.6894459630642,27.432740534743417,26.27428212840661,3
141.70944729648642,33.560279887833794,29.626854584156685,3
141.72944862990866,26.76872176760113,25.75886951406036,3
141.74944996333087,28.959530121096883,25.90133130083697,3
141.76945129675312,33.944411311337056,31.27799846183799,3
141.78945263017533,32.52186045926112,30.694842140086017,3
141.80945396359758,37.926975226045485,33.470327806496044,3
141.8294552970198,44.00018813962322,39.979500137660914,3
141.84945663044203,43.70815120843806,42.40879691707476,3
141.86945796386425,40.982011060914864,40.189348555457066,3
141.8894592972865,46.56794588317143,44.489198932768694,3
141.9094606307087,49.26655392902595,46.636194185060674,3
141.92946196413095,46.686611786048076,43.98661015621498,3
141.94946329755317,47.9266558666062,47.311576509758375,3
141.96946463097538,53.13642908470724,50.23709331563355,3
141.98946596439762,49.574495861979365,47.06450637479214,3
142.00946729781984,62.15134603733884,60.15279302890106,3
142.02946863124208,65.72945362301297,60.73796873185572,3
142.0494699646643,65.71473980089925,62.264673269174914,3
142.06947129808654,65.59324712457916,61.80106152687097,3
142.08947263150876,68.17192665339313,66.29705185435111,3
142.109473964931,66.46703859228695,63.412343496660675,3
142.1294752983532,69.5051082259374,69.66390771619226,3
142.14947663177546,72.8035438935241,69.99741377900529,3
142.16947796519767,71.37184553421379,68.24919608892074,3
142.18947929861991,75.41390443886299,72.90795809581813,3
142.20948063204213,80.22949183082886,75.55449787832795,3
142.22948196546437,84.7315890530734,81.60561414068239,3
142.2494832988866,84.8519615798343,82.6086375471679,3
142.2694846323088,86.2589906767381,83.38400491316696,3
142.28948596573105,80.5607278293718,78.12452739872086,3
142.30948729915326,80.7979413932846,76.8215483679662,3
142.3294886325755,85.15293702775209,80.74127556783812,3
142.34948996599772,85.27519593864253,79.00796164823144,3
142.36949129941996,83.97064568074838,79.47914345984655,3
142.38949263284218,85.76327392803701,79.62812919859005,3
142.40949396626442,90.37000582143177,84.42562144320203,3
142.42949529968664,93.75845042218035,87.57802237370556,3
142.44949663310888,96.06727132677466,91.19207985881239,3
142.4694979665311,95.136259325059,86.98185738263837,3
142.48949929995334,94.45401596786206,87.8733765194892,3
142.50950063337555,92.54932098266794,87.15393272741024,3
142.5295019667978,89.33015686532636,84.28605345361854,3
142.54950330022,92.97877889561128,86.94404536886285,3
142.56950463364223,90.26068213880956,81.83850317701956,3
142.58950596706447,87.82540104889121,80.91945243909204,3
142.60950730048668,91.05874335667298,85.39900025499996,3
142.62950863390893,88.42188521138934,84.43846086908032,3
142.64950996733114,91.4957398521424,84.90771062474046,3
142.66951130075338,94.0905269846676,86.82075243016368,3
142.6895126341756,85.92089304230744,80.11834736846015,3
142.70951396759784,82.91333078692236,74.43780541211974,3
142.72951530102006,80.63403873243139,75.24423239350254,3
142.7495166344423,78.25182006276115,68.97534617790193,3
142.76951796786452,75.53559614544331,68.72537170030144,3
142.78951930128676,81.01755534553442,71.93969061118972,3
142.80952063470897,79.03803727360454,69.66794814164383,3
142.82952196813122,77.75104152877928,65.99453233765483,3
142.84952330155343,74.5792305030032,68.2344382719272,3
142.86952463497565,71.87041497275429,60.20763686671597,3
142.8895259683979,69.02592034821215,60.50635829393328,3
142.9095273018201,69.08513410694843,58.690731296170114,3
142.92952863524235,65.88984096092649,54.8911887738966,3
142.94952996866456,58.92214766749008,50.965391829149745,3
142.9695313020868,55.67399624498195,47.00933263158903,3
142.98953263550902,56.3820094022919,46.54768846886249,3
143.00953396893127,60.70958153279674,52.24308325626146,3
143.02953530235348,53.89931613798773,43.85800670655902,3
143.04953663577572,53.52745184280876,42.62144190710798,3
143.06953796919794,49.676925756910954,42.46568991066049,3
143.08953930262018,48.39863821083623,38.321112937889026,3
143.1095406360424,46.630180932383,36.48910971286242,3
143.12954196946464,39.17408624287049,30.530822408297162,3
143.14954330288685,37.440451169053055,29.68539142963354,3
143.16954463630907,37.51029862995719,28.96794194856519,3
143.1895459697313,36.06483777342444,28.576788363358606,3
143.20954730315353,37.24271405956822,29.434041710792094,3
143.22954863657577,40.41311024749496,32.208135793433854,3
143.249549969998,32.76971586074416,24.490083976946313,3
143.26955130342023,36.12507729758781,28.329377160442434,3
143.28955263684244,28.30819978310306,19.916352242058586,3
143.3095539702647,29.570372412200356,21.195986355064058,3
143.3295553036869,22.718685010896838,14.954608745458668,3
143.34955663710915,20.99198692036451,14.944352079297179,3
143.36955797053136,20.610337013273227,14.103921028294922,3
143.3895593039536,23.622251206799486,15.993683574836268,3
143.40956063737582,28.954898971195938,21.83557901874606,3
143.42956197079806,25.424713661719768,17.50763051623047,3
143.44956330422028,25.107420523286677,20.69012026514777,3
143.4695646376425,26.030674178512758,17.34288031741855,3
143.48956597106474,24.990142360214385,18.33912996914723,3
143.50956730448695,22.656498648372104,18.809252192087364,3
143.5295686379092,14.47212111723084,9.356444740524996,3
143.5495699713314,21.099350153068915,13.759646005952101,3
143.56957130475365,16.648572982966186,13.12072627818109,3
143.58957263817587,21.6843100290059,16.023828958868712,3
143.6095739715981,26.445604857429064,23.02752482727293,3
143.62957530502032,27.398989910702234,24.11028381571858,3
143.64957663844257,29.211417178184444,24.78274965117519,3
143.66957797186478,34.17431400446789,28.958701283482682,3
143.68957930528703,30.775216988025836,26.426513148580806,3
143.70958063870924,32.62278371563672,29.663632694411184,3
143.72958197213148,25.753859639637387,21.518989958881832,3
143.7495833055537,29.47574349653829,25.531431973343654,3
143.7695846389759,30.012022347705052,26.55300090710941,3
143.78958597239816,31.144214328002867,31.653930307983252,3
143.80958730582037,36.922518770164935,34.94694338691238,3
143.82958863924262,41.47160366567014,39.892158542489064,3
143.84958997266483,46.635131388098664,43.63616944184909,3
143.86959130608707,46.45164950421096,43.2018293846551,3
143.8895926395093,49.24626335512604,47.85749121720278,3
143.90959397293153,44.83793137590068,45.20820242160624,3
143.92959530635375,47.555478536847446,44.36798162318733,3
143.949596639776,46.61051852108862,44.01142868101715,3
143.9695979731982,51.917110290280576,50.44898529133571,3
143.98959930662045,54.52125782217973,52.23105355769738,3
144.00960064004266,58.0461825251214,57.85023886667542,3
144.0296019734649,63.2307125377625,62.666620013273125,3
144.04960330688712,64.49177551961422,64.38105828200928,3
144.06960464030934,68.03700552561415,67.46971386820134,3
144.08960597373158,71.09216909247709,69.03875333674667,3
144.1096073071538,69.47886497691296,66.04144436231985,3
144.12960864057604,66.4612584597702,65.53160739774611,3
144.14960997399825,73.27721465056476,70.55078696080896,3
144.1696113074205,77.14402282121753,74.05613334356855,3
144.1896126408427,77.02913942056247,71.62935631538645,3
144.20961397426495,82.24306331779827,81.88811570368992,3
144.22961530768717,82.62167943087026,78.75452490735819,3
144.2496166411094,82.76950578945834,78.79286801434455,3
144.26961797453163,84.78797212811318,79.76504649954892,3
144.28961930795387,85.56385991430687,80.36015826517571,3
144.30962064137609,89.75590771423498,87.3312361710851,3
144.32962197479833,86.18787209099573,82.32804967030789,3
144.34962330822054,84.2324818997404,79.67531244465977,3
144.36962464164276,90.74801458724545,85.86482401859088,3
144.389625975065,84.77725321898373,81.3933878451682,3
144.40962730848722,93.98867737858063,88.014154290555,3
144.42962864190946,92.44275977140244,88.1347390698312,3
144.44962997533167,96.96639763162564,90.75980048992271,3
144.46963130875392,93.29402294075634,87.52262186045512,3
144.48963264217613,92.80263867749221,88.01270942920311,3
144.50963397559838,92.00168034835932,85.27879725506945,3
144.5296353090206,92.1722939681316,84.96237205994011,3
144.54963664244283,86.79560784149699,81.16051056700172,3
144.56963797586505,89.45257789118044,82.86743893967788,3
144.5896393092873,91.2450529481435,84.78630908924389,3
144.6096406427095,89.21153101494406,84.15748241225059,3
144.62964197613175,90.83876004378367,84.89433600371821,3
144.64964330955397,92.30188998959692,84.53564449713802,3
144.66964464297618,90.94147007605481,82.40610509063163,3
144.68964597639842,89.14047500272979,81.95665638179113,3
144.70964730982064,86.2935279892327,79.11315711892101,3
144.72964864324288,84.25138958296905,74.39262213365453,3
144.7496499766651,81.867641843395,71.70441879826089,3
144.76965131008734,81.66816066165833,72.27495955325061,3
144.78965264350956,74.54155467660343,67.08040346174981,3
144.8096539769318,78.75411536634705,70.19244447432368,3
144.829655310354,76.9037684048836,70.47880723055066,3
144.84965664377626,75.79443194102693,67.59176399639288,3
144.86965797719847,73.56296320734701,67.20122809379336,3
144.88965931062071,69.4037674564349,59.645008049958975,3
144.90966064404293,68.14843029811482,58.36903062479748,3
144.92966197746517,59.7074804404649,49.26864934857565,3
144.9496633108874,58.03648539674983,49.58563287641023,3
144.9696646443096,58.59510834050063,51.51442315977677,3
144.98966597773185,53.8253900593044,47.644961919129585,3
145.00966731115406,59.563762393912114,50.58021548265195,3
145.0296686445763,57.37222596123698,45.45414653711847,3
145.04966997799852,53.50003297813264,44.778821730212776,3
145.06967131142076,52.084693266058046,44.46113153929825,3
145.08967264484298,48.25399799407634,37.65602218378246,3
145.10967397826522,44.51642325828674,34.83632809599026,3
145.12967531168744,42.69973803308012,33.277344730126316,3
145.14967664510968,39.05552115997486,29.686201032318287,3
145.1696779785319,39.137856534388234,29.263645173528495,3
145.18967931195414,34.64324748852837,26.86488261219526,3
145.20968064537635,42.69452540819667,32.95320151187408,3
145.2296819787986,42.98383403951923,33.1065386202269,3
145.2496833122208,35.6519648075267,27.067522942619814,3
145.26968464564303,32.2885626330267,25.00613134182377,3
145.28968597906527,32.917894682587736,26.406461666479604,3
145.30968731248748,29.063147805094346,23.27385399032345,3
145.32968864590973,21.675115223799036,14.396876640151275,3
145.34968997933194,23.08461680663603,17.74401607949382,3
145.36969131275418,22.174697043462004,15.633587707765974,3
145.3896926461764,20.26768686006465,13.687628456863047,3
145.40969397959864,24.533912525340753,18.504232289855057,3
145.42969531302086,23.274762352825796,16.152995586546492,3
145.4496966464431,26.283265353941594,20.741798134724824,3
145.46969797986532,26.092013058966533,21.453569199025157,3
145.48969931328756,24.883719607570928,19.087900271977936,3
145.50970064670977,21.128132159153925,14.024628735532646,3
145.52970198013202,19.47041512680993,12.035713486542807,3
145.54970331355423,20.983743878210305,14.122950041034247,3
145.56970464697645,17.798324876055304,13.739120120842127,3
145.5897059803987,22.360730762809478,19.534765154278567,3
145.6097073138209,25.624023684125728,21.158562786093782,3
145.62970864724315,25.210533959266684,25.544256874781382,3
145.64970998066536,30.490705665484832,26.438896342989008,3
145.6697113140876,27.589121337240634,27.30609941780929,3
145.68971264750982,27.79512269073664,23.642326297712174,3
145.70971398093207,32.430455379530684,29.858217990021263,3
145.72971531435428,30.248776238842268,27.546082948998627,3
145.74971664777652,33.635744167275654,29.789227196610177,3
145.76971798119874,35.715476419135854,31.720723649830056,3
145.78971931462098,33.61716425360656,29.100578140419277,3
145.8097206480432,36.562973535270146,34.7030519959712,3
145.82972198146544,41.209685906985996,36.932861464541816,3
145.84972331488765,41.19310790372062,40.14305153939076,3
145.86972464830987,41.93365085447585,40.433425200509575,3
145.8897259817321,47.10760695562047,43.40199339977363,3
145.90972731515433,49.85196846287002,46.94234666393224,3
145.92972864857657,44.80147522781287,41.5002217228579,3
145.9497299819988,48.96927916388517,46.160355761228075,3
145.96973131542103,49.68001456913349,49.42842295579632,3
145.98973264884324,57.40740034713458,53.64532938523048,3
146.0097339822655,59.54753675431335,55.869258125144626,3
146.0297353156877,59.396194972489155,57.80802250123995,3
146.04973664910995,66.78429223040953,64.77037175157189,3
146.06973798253216,65.01673775707062,63.32966270136177,3
146.0897393159544,68.71867492637003,65.98184235912672,3
146.10974064937662,67.66633287434703,67.27948753665413,3
146.12974198279886,71.15606259086411,67.34743373772184,3
146.14974331622108,70.55077690868531,66.40804339376798,3
146.1697446496433,73.2797003855439,71.36389478475843,3
146.18974598306554,73.81050087077594,70.94402073342825,3
146.20974731648775,79.09830544061518,77.36770929872075,3
146.22974864991,86.547906548691,82.11855471334835,3
146.2497499833322,84.17965180085896,81.4572960639813,3
146.26975131675445,82.91626139496148,77.28794921693739,3
146.28975265017667,82.76451568515033,78.41831522173699,3
146.3097539835989,83.58726603564513,82.26680219690864,3
146.32975531702112,82.39641026254185,80.05042615281968,3
146.34975665044337,83.73657034883024,80.28242791113978,3
146.36975798386558,87.91430645647941,83.20028123648035,3
146.38975931728783,92.89192782798652,87.84365300027915,3
146.40976065071004,89.00019808746073,85.60916011660275,3
146.42976198413228,92.68003168247,87.53243414744423,3
146.4497633175545,94.81821019425173,88.750231357829,3
146.4697646509767,95.21601121854071,87.48295982773097,3
146.48976598439896,93.10718272564885,90.1884324793161,3
146.50976731782117,91.52253020148451,87.4508364463211,3
146.52976865124342,89.35099367580192,84.04275554062512,3
146.54976998466563,86.82425766711059,83.00809172912176,3
146.56977131808787,91.58668819830505,84.04496661219703,3
146.5897726515101,88.43970767384009,80.42511323691873,3
146.60977398493233,91.87682207037452,85.97026919499426,3
146.62977531835455,93.46252215632677,84.31956913301202,3
146.6497766517768,92.51091814969989,83.44206397596271,3
146.669777985199,88.9112121511142,82.90678126854579,3
146.68977931862125,88.19570087142469,79.99798077279956,3
146.70978065204346,82.47489190174771,76.5628633284395,3
146.7297819854657,77.5710130747982,69.21799318616506,3
146.74978331888792,75.77313923240479,68.95352974637541,3
146.76978465231014,75.51823065726556,67.22630564351441,3
146.78978598573238,79.56307251229909,70.98357876464705,3
146.8097873191546,78.84095320070658,70.5165222703867,3
146.82978865257684,75.34613058008243,65.16734148076154,3
146.84978998599905,76.38069522313279,64.10854064667329,3
146.8697913194213,76.30042063637445,65.37424333656051,3
146.8897926528435,67.32499712093484,58.846007175217025,3
146.90979398626575,65.6423044811741,57.698789781309664,3
146.92979531968797,63.95878873565991,57.30860047101146,3
146.9497966531102,60.65175749229275,51.138164329251055,3
146.96979798653243,58.01798623272699,51.98966943060792,3
146.98979931995467,55.32944517829601,45.62470381044727,3
147.00980065337689,61.607789959905915,49.960988028178576,3
147.02980198679913,54.750353421342375,44.101554340653514,3
147.04980332022134,52.6768965454055,45.10418251619186,3
147.06980465364356,51.19638404010589,43.12372610260627,3
147.0898059870658,46.677185214001334,38.229858440824245,3
147.10980732048802,44.09789094387351,33.99501138844421,3
147.12980865391026,40.15349009992114,28.44927386438957,3
147.14980998733247,39.64628212786603,33.05156132739167,3
147.16981132075472,38.955179897252755,31.48257570310304,3
147.18981265417693,34.855234551143226,25.021855358655586,3
147.20981398759918,36.10732652553218,27.173715715094527,3
147.2298153210214,37.78415948434648,29.54401576953154,3
147.24981665444363,39.107012050512274,33.5820625098626,3
147.26981798786585,33.63190469363677,23.996942315927154,3
147.2898193212881,28.35063920545432,21.09422278911896,3
147.3098206547103,28.165285387562616,19.20340337703636,3
147.32982198813255,26.164273118759674,19.3741460457935,3
147.34982332155477,22.546834283867387,15.70474219211957,3
147.36982465497698,24.39671763996101,18.622204237478506,3
147.38982598839922,22.725576586578523,18.163863452320783,3
147.40982732182144,27.171861712215144,19.88282496202451,3
147.42982865524368,24.026460043182233,18.48967065595896,3
147.4498299886659,25.25195785023986,16.422664448661923,3
147.46983132208814,24.821403883082922,18.33592654662747,3
147.48983265551036,25.315408477615136,19.852969237261703,3
147.5098339889326,22.37270617533896,17.16099914001235,3
147.5298353223548,20.578711145211173,16.833297191817568,3
147.54983665577706,21.916837971377692,17.159955726571766,3
147.56983798919927,18.382431392900415,14.95312254951248,3
147.58983932262151,20.829311473532645,15.35538837572451,3
147.60984065604373,25.81310742059764,21.496728314947145,3
147.62984198946597,24.32668477684828,20.47317891930832,3
147.6498433228882,26.69526803891604,22.05674479849997,3
147.6698446563104,26.452528894395204,23.785577639316767,3
147.68984598973265,22.81017738717638,21.77090584852069,3
147.70984732315486,29.994102243085855,27.509805856336424,3
147.7298486565771,29.094161708694287,24.631814853737186,3
147.74984998999932,29.95726957892724,27.544390898191693,3
147.76985132342156,31.44689162001727,26.886819639661805,3
147.78985265684378,33.103197535750134,30.608409923260865,3
147.80985399026602,41.70983222737061,36.58463515501039,3
147.82985532368824,39.892217378598886,36.73362281851776,3
147.84985665711048,45.3957682643759,42.48265667130533,3
147.8698579905327,46.36081097140276,45.08380636275334,3
147.88985932395494,47.95422567662098,45.274289749689174,3
147.90986065737715,45.42162453446833,45.45919818023076,3
147.9298619907994,46.04512764073653,44.922594731063185,3
147.9498633242216,46.869288088487046,46.18656435354081,3
147.96986465764383,52.40648181162681,47.79856834305884,3
147.98986599106607,54.15132209329458,52.83436695507325,3
148.00986732448828,61.7946396725395,58.380297476703426,3
148.02986865791053,63.48190232771061,59.12337371461816,3
148.04986999133274,66.33870377646029,63.711593710208966,3
148.06987132475498,70.59226423559483,67.61224668115898,3
148.0898726581772,67.77852259139748,64.46501276207941,3
148.10987399159944,64.23325929025492,61.3144120257761,3
148.12987532502166,69.10800281015717,67.0831282589799,3
148.1498766584439,68.68508840012535,65.26226763282463,3
148.16987799186612,71.98932331808285,71.14644564003925,3
148.18987932528836,75.5115721002517,71.7438905571121,3
148.20988065871057,77.82377986743259,74.34817720759376,3
148.22988199213282,83.72054921907633,81.42451722167641,3
148.24988332555503,81.55410677737542,75.41605686331833,3
148.26988465897725,80.96504738539835,80.07620165045213,3
148.2898859923995,86.76417330631129,82.51908854902634,3
148.3098873258217,86.62061062453711,81.2693420974711,3
148.32988865924395,85.70639814035623,80.34316486729959,3
148.34988999266616,84.03936455548843,77.49129019459765,3
148.3698913260884,85.22298999933795,81.93894588911878,3
148.38989265951062,88.2909867171711,82.74337837827734,3
148.40989399293287,92.47914908433516,87.36293020240842,3
148.42989532635508,93.6717169029763,86.60278789517345,3
148.44989665977732,98.19367844276015,89.74679403958204,3
148.46989799319954,93.35233741688536,86.40353008546278,3
148.48989932662178,97.67105957873574,93.18921407241733,3
148.509900660044,91.37844099279775,85.14705299767442,3
148.52990199346624,92.14848667424607,84.6460355980995,3
148.54990332688845,87.95665804135241,82.40006977730174,3
148.56990466031067,91.93190917384696,85.8674181147516,3
148.5899059937329,88.0990009392485,80.63834738314331,3
148.60990732715513,90.85424579971418,84.34683606500472,3
148.62990866057737,90.94233587984863,86.22338397644404,3
148.6499099939996,91.401169395126,83.973652861162,3
148.66991132742183,86.61816254049523,80.6031476147949,3
148.68991266084404,86.34620275975256,80.39822476395234,3
148.7099139942663,80.55568117400502,75.65670732836819,3
148.7299153276885,82.22821985331102,74.52295725338055,3
148.74991666111075,78.64583877017535,69.58451327691523,3
148.76991799453296,77.54738450286436,70.86502705342188,3
148.7899193279552,74.24119302513071,68.33179121611994,3
148.80992066137742,79.1907340797796,71.78606354151067,3
148.82992199479966,77.72223957024453,69.92714047320673,3
148.84992332822188,76.35621787483791,66.74631906646158,3
148.8699246616441,76.69884823650986,70.02658145799721,3
148.88992599506633,67.76776531963635,59.57558445295039,3
148.90992732848855,66.72682997915337,56.66003605285555,3
148.9299286619108,63.26705365363293,53.062499174507806,3
148.949929995333,54.781860456401304,47.59202799334123,3
148.96993132875525,59.4484426655153,49.99517886546242,3
148.98993266217747,56.71074646145603,50.46840914501223,3
149.0099339955997,54.8600252545843,43.66029121606177,3
149.02993532902192,56.17960891285004,47.063456124174856,3
149.04993666244417,53.67471572713353,44.07836665792465,3
149.06993799586638,56.11868460524978,46.16065210196,3
149.08993932928863,53.26514446926612,42.48282643255613,3
149.10994066271084,44.25830532529004,32.69723906454759,3
149.12994199613308,41.05397195836697,34.95630043065438,3
149.1499433295553,38.60888415939529,30.055616922783116,3
149.1699446629775,37.72320601459094,28.86747408492154,3
149.18994599639976,35.06340274695759,26.29938138055718,3
149.20994732982197,42.86207048855786,31.474462935127168,3
149.22994866324422,40.688085905322545,31.367473813648424,3
149.24994999666643,36.1710726325231,26.120697519581867,3
149.26995133008867,34.980659602124696,26.132798914602635,3
149.2899526635109,33.21050698695756,23.782976605944867,3
149.30995399693313,25.377875464247616,17.84214775463768,3
149.32995533035535,24.612953662670307,16.30326551712728,3
149.3499566637776,22.88836807500619,17.12428975063817,3
149.3699579971998,22.37281233214332,15.516345309348473,3
149.38995933062205,22.235245325085906,17.00600242024335,3
149.40996066404426,25.6220171267199,18.42660682163534,3
149.4299619974665,23.108952585721088,16.305270535775204,3
149.44996333088872,27.10353025252585,21.982438789381813,3
149.46996466431094,22.50378508112498,16.930463380255826,3
149.48996599773318,22.722581359428073,17.173661127851275,3
149.5099673311554,20.824114664423142,15.19323727218443,3
149.52996866457764,18.65679259957969,15.849261409007827,3
149.54996999799985,18.62708853613541,13.010821791587817,3
149.5699713314221,22.661288536144074,16.966730884009028,3
149.5899726648443,20.198246358512634,16.61694451080219,3
149.60997399826655,27.275127781605995,21.077383550796966,3
149.62997533168877,26.05233385047912,22.418125986585263,3
149.649976665111,26.80016093769109,24.775692287328464,3
149.66997799853323,33.08909557070621,26.37209478125994,3
149.68997933195547,30.007535132973356,25.889035940015106,3
149.70998066537769,29.156055200046133,26.510955700113406,3
149.72998199879993,29.86555675396618,26.25074451432376,3
149.74998333222214,28.671606238242845,25.939306424136714,3
149.76998466564436,29.805251935946792,28.521445358033116,3
149.7899859990666,35.29348696808758,30.539045760168953,3
149.80998733248882,35.65912994033363,33.688535385879234,3
149.82998866591106,40.85790707119843,38.51265147369695,3
149.84998999933327,45.012875232694356,40.499579209715016,3
149.86999133275552,44.668358251290506,42.90041705992757,3
149.88999266617773,46.8578696855458,46.59021814121338,3
149.90999399959998,46.2844015028318,46.45031120556811,3
149.9299953330222,49.970765232173534,47.29069464697247,3
149.94999666644443,47.207746724531695,41.98682279659981,3
149.96999799986665,53.2131297520152,49.53210376348481,3
149.9899993332889,57.801493506617476,55.79085584079458,3
150.0100006667111,60.85080982497529,61.141872533339274,3
150.03000200013335,63.27759447451471,61.169670281939,3
150.05000333355557,65.47652540962648,61.38412727328125,3
150.07000466697778,68.7499436587523,65.79522554141016,3
150.09000600040002,67.41752605429751,64.39654477171031,3
150.11000733382224,67.60032480378845,67.7251128499068,3
150.13000866724448,68.66582431547661,64.69205371427975,3
150.1500100006667,69.2895979229888,67.24233890663574,3
150.17001133408894,72.42843871503104,67.54287473377593,3
150.19001266751116,72.53092128199205,70.8930104362731,3
150.2100140009334,77.83943722967163,74.26433735860131,3
150.2300153343556,84.04330970804584,79.8432780179941,3
150.25001666777786,83.52120803556225,79.6675079116936,3
150.27001800120007,83.1574145477452,78.86072004586661,3
150.29001933462231,88.77853103603914,82.37018955022177,3
150.31002066804453,84.044359320725,81.32785233303909,3
150.33002200146677,83.56010908751804,77.90436275453706,3
150.350023334889,87.06660823473166,82.123225344255,3
150.3700246683112,89.32569170234584,82.15459462424221,3
150.39002600173345,91.62895704201198,85.08296616554806,3
150.41002733515566,92.45467352997612,86.50953517187872,3
150.4300286685779,94.76075782017222,89.40335070828495,3
150.45003000200012,96.80442672534001,90.03892610141965,3
150.47003133542236,96.20270744323749,92.6397497620343,3
150.49003266884458,90.08833882740613,86.6876243483026,3
150.51003400226682,93.4456382669472,87.43590461965377,3
150.53003533568904,90.8649011658388,84.70615466885496,3
150.55003666911128,86.10440505979913,80.08548529414455,3
150.5700380025335,89.91224994757957,82.2845561725573,3
150.59003933595574,86.39323719159137,81.76610036639944,3
150.61004066937795,92.28156718699574,84.73116488469397,3
150.6300420028002,90.43540072399577,80.13284831355271,3
150.6500433362224,93.29643521628955,87.14224432372076,3
150.67004466964462,86.14633184323124,78.72758653489669,3
150.69004600306687,85.49116483220348,76.58641210158548,3
150.71004733648908,82.0488102141302,74.30371170807257,3
150.73004866991133,79.26308306907676,71.59896498997516,3
150.75005000333354,80.55917326438185,70.99219872811861,3
150.77005133675578,74.60610851604676,68.17373545901877,3
150.790052670178,76.5351615500765,68.83080534635883,3
150.81005400360024,75.82720983381564,68.7039818112387,3
150.83005533702246,77.26357690674031,69.08076476640073,3
150.8500566704447,78.62584033431004,70.09672280075691,3
150.87005800386692,71.44827903683736,63.63509952167565,3
150.89005933728916,71.0979901425734,60.91266525006345,3
150.91006067071137,62.79718575783378,55.08829389829108,3
150.93006200413362,63.84828315771504,53.54358043405546,3
150.95006333755583,55.99386347261013,46.688713185963785,3
150.97006467097805,56.837618378684624,48.75190774624167,3
150.9900660044003,57.03840522882166,49.05662797553136,3
151.0100673378225,58.26141310338352,50.915685668648955,3
151.03006867124475,54.03711107421955,43.27574365780547,3
151.05007000466696,53.2223564482121,46.0570115885689,3
151.0700713380892,48.45421625612114,40.36830263206689,3
151.09007267151142,49.44373647677962,41.93656688265162,3
151.11007400493367,47.53662576155491,36.736010652408,3
151.13007533835588,42.64788570137014,35.34726557117784,3
151.15007667177812,37.0130887114452,27.318896808809367,3
151.17007800520034,35.181792656003445,27.81183412245341,3
151.19007933862258,34.258514487346226,27.79283071020562,3
151.2100806720448,32.872652120286205,26.170903197614603,3
151.23008200546704,39.922013053182866,30.368710343056904,3
151.25008333888925,35.01929378857929,27.13605599406505,3
151.27008467231147,34.660556535636935,26.258121642508165,3
151.2900860057337,31.211773389601944,23.63289279664912,3
151.31008733915593,30.88568713606049,23.310357220110003,3
151.33008867257817,24.336872719169747,17.550926477973544,3
151.35009000600039,23.495136285960733,16.38685629855472,3
151.37009133942263,22.222742180511943,15.197812861712928,3
151.39009267284484,24.147059093258797,18.141684938573363,3
151.4100940062671,25.94316890660706,19.09932446273684,3
151.4300953396893,27.757869081650846,20.064357129253736,3
151.45009667311155,26.240621605089107,18.239366227434143,3
151.47009800653376,25.27070614724891,20.20033129311109,3
151.490099339956,22.767420296892727,17.158063381561217,3
151.51010067337822,23.624970960930177,17.10856579649224,3
151.53010200680046,18.852896787719217,13.601281367999075,3
151.55010334022268,19.99451587057366,15.619275259844265,3
151.5701046736449,20.54410369473391,16.990906180101565,3
151.59010600706713,20.837451674095636,17.44798580030987,3
151.61010734048935,24.091786115565828,17.79020765016064,3
151.6301086739116,30.79753956489378,27.753925851844127,3
151.6501100073338,30.2573043798072,27.92578242950314,3
151.67011134075605,29.745165577018604,26.13528395003428,3
151.69011267417827,31.79146138525044,27.760854408341146,3
151.7101140076005,29.02055826597324,26.884422108726405,3
151.73011534102272,29.832199398201247,26.993506700274473,3
151.75011667444497,26.56581224537848,22.281022690246235,3
151.77011800786718,32.37504586060409,28.54455637460081,3
151.79011934128943,34.67810736694953,32.245690794902124,3
151.81012067471164,40.96439891100101,37.04012419255055,3
151.83012200813388,41.02737965359697,38.24646633994628,3
151.8501233415561,42.099029288593,39.22000489589796,3
151.8701246749783,44.056347177351306,41.04463291079726,3
151.89012600840056,39.944887321127815,39.18118969136457,3
151.91012734182277,42.7029995785236,40.45213583968284,3
151.93012867524502,47.27574008844578,43.41685314940309,3
151.95013000866723,47.54995234032122,45.31687094970945,3
151.97013134208947,49.67733110312708,45.29912944078858,3
151.9901326755117,56.415237909759504,52.002351508972886,3
152.01013400893393,59.20787764683395,56.41904410216742,3
152.03013534235615,64.8728970230179,61.417657637836705,3
152.0501366757784,63.99607250626864,60.77288118461029,3
152.0701380092006,70.48435958588726,68.61944046956945,3
152.09013934262285,64.03188107804769,61.20674761763055,3
152.11014067604506,68.62677444704815,67.11276971962577,3
152.1301420094673,66.69068267071789,63.16025076689517,3
152.15014334288952,70.97175969980773,68.22452259166971,3
152.17014467631174,70.61587868238341,70.19359625434512,3
152.19014600973398,77.87575605510355,72.68237534376634,3
152.2101473431562,80.92316200079857,75.08999131074215,3
152.23014867657844,82.26056631281784,79.14888636599599,3
152.25015001000065,82.02512010737154,78.96205062552036,3
152.2701513434229,90.57225458746365,86.0865257492806,3
152.2901526768451,86.3367650840233,83.38656048356343,3
152.31015401026735,87.36064289759257,83.30715662441486,3
152.33015534368957,86.90339488453621,84.21561469947724,3
152.3501566771118,85.24961313032564,82.9751246877293,3
152.37015801053403,87.19442078467488,82.32094495844866,3
152.39015934395627,91.2862325390761,83.70654700425389,3
152.41016067737849,96.85150985784485,90.68828449218421,3
152.43016201080073,96.04729402632748,89.29954615245263,3
152.45016334422294,91.17178594025702,84.72032350685953,3
152.47016467764516,90.24252206516654,87.34776569102635,3
152.4901660110674,92.5531884263489,89.38965060832531,3
152.51016734448962,93.99392019641209,89.85638966093357,3
152.53016867791186,91.99769864663298,85.64627112113232,3
152.55017001133407,87.82270087300402,80.1933522063787,3
152.57017134475632,90.53481948658019,81.01889814181655,3
152.59017267817853,86.76522289558513,82.27596253384515,3
152.61017401160078,87.26136242246324,82.13199957356969,3
152.630175345023,92.59185217788142,83.12325953742084,3
152.65017667844523,96.06458733897797,86.8277540874708,3
152.67017801186745,91.02983598879705,82.76728044612017,3
152.6901793452897,86.01645717140119,79.63706016169986,3
152.7101806787119,79.63801803635829,74.1019198212971,3
152.73018201213415,82.6610484432659,74.8562164614906,3
152.75018334555637,76.87321923027261,67.82645389550945,3
152.77018467897858,79.14811344179512,71.80219060283507,3
152.79018601240082,74.71222708438677,66.13233050900219,3
152.81018734582304,77.11694327405486,68.56161628926083,3
152.83018867924528,81.29519300671599,72.7918083320277,3
152.8501900126675,83.29945202396325,71.28409988871172,3
152.87019134608974,75.42319738639144,64.12368814931791,3
152.89019267951196,71.55736252102568,59.62659890511437,3
152.9101940129342,66.87155125358983,58.41743118880648,3
152.9301953463564,63.98769068159495,53.64683728064893,3
152.95019667977866,60.54057938777032,50.88028216387802,3
152.97019801320087,58.3162352750166,47.86379548387652,3
152.99019934662311,59.98939558335801,49.248934184628595,3
153.01020068004533,54.25840022466562,45.475261922395845,3
153.03020201346757,58.93459968412349,47.84903054451259,3
153.0502033468898,49.4085060794995,38.81832953455368,3
153.070204680312,52.03404023464292,41.63072835040073,3
153.09020601373425,52.836589727148144,41.72637038823064,3
153.11020734715646,46.11227365583335,35.662858719933915,3
153.1302086805787,37.14052554732461,30.6009751235561,3
153.15021001400092,41.02286008380158,29.55166815635255,3
153.17021134742316,39.61991567668908,30.777708051097726,3
153.19021268084538,38.07156063140158,28.705738336914017,3
153.21021401426762,34.56445443124986,26.00642790590113,3
153.23021534768984,36.663926036077854,27.876601885574676,3
153.25021668111208,37.72791042982172,28.685203021798436,3
153.2702180145343,33.74639542757289,24.435066968924893,3
153.29021934795654,26.56755335351779,19.77919180125462,3
153.31022068137875,30.55626357898832,21.71256169526183,3
153.330222014801,22.44177389446604,14.409171863995118,3
153.3502233482232,23.235467638850196,17.794032521408127,3
153.37022468164542,21.563750664601717,14.469861596801982,3
153.39022601506767,26.138338463199045,17.323050847641653,3
153.41022734848988,21.776067272296206,16.788123439189548,3
153.43022868191213,22.306163035971576,19.389410814381694,3
153.45023001533434,21.050756690163407,14.816998745404256,3
153.47023134875658,24.04731884276563,16.50805078370623,3
153.4902326821788,23.534547362301936,17.245509586719155,3
153.51023401560104,20.068574459852936,13.684512070028754,3
153.53023534902326,18.574144987474337,17.054055772660835,3
153.5502366824455,20.11140596551492,15.282517098038989,3
153.57023801586772,22.50825881628318,18.498014464342283,3
153.59023934928996,16.740583100652326,11.076074040507743,3
153.61024068271217,25.735959721004257,20.431862252111316,3
153.63024201613442,25.041022366928512,20.93039858741466,3
153.65024334955663,33.268927050347685,28.5279583161776,3
153.67024468297885,24.76461701823642,21.127464555272358,3
153.6902460164011,29.384848355127254,26.07539195530817,3
153.7102473498233,26.56871080724633,24.641878603260285,3
153.73024868324555,26.539905544766526,23.406861325095342,3
153.75025001666776,30.457552911860788,26.512739849655436,3
153.77025135009,30.38638357239961,28.59279211945018,3
153.79025268351222,37.46176276618488,34.261671435793204,3
153.81025401693446,38.56380315996189,37.056535782658464,3
153.83025535035668,42.351886078163844,37.52432798208932,3
153.85025668377892,42.612672225125856,40.74716921613029,3
153.87025801720114,44.85430538142458,41.44308632584288,3
153.89025935062338,46.58707551264493,43.59377337390524,3
153.9102606840456,43.62094949000266,42.85321702139029,3
153.93026201746784,45.22760953695635,43.081012145937486,3
153.95026335089005,52.03472030282428,49.8281733315611,3
153.97026468431227,49.3298342567155,46.61537542615271,3
153.9902660177345,52.10235620374632,52.1735306235188,3
154.01026735115673,59.821032403949474,54.51475937121973,3
154.03026868457897,58.954572085609456,54.110957652933585,3
154.05027001800119,67.81836976135952,64.39715232763072,3
154.07027135142343,62.74692303203107,61.011827038066535,3
154.09027268484564,68.76477752313231,69.0592595883138,3
154.1102740182679,69.13075391001337,67.42203939055258,3
154.1302753516901,70.04184497256963,69.08818114428513,3
154.15027668511235,69.76939217375988,68.47298789830357,3
154.17027801853456,73.62692401298439,71.5175462833407,3
154.1902793519568,73.83333297608871,69.53530005292023,3
154.21028068537902,76.61363278822097,74.5670066941552,3
154.23028201880126,83.67857812443798,81.43749321087584,3
154.25028335222348,81.60540942067686,80.96560660336162,3
154.2702846856457,85.95987265420867,82.74765990455883,3
154.29028601906793,86.83135190113214,84.37593204990986,3
154.31028735249015,81.0859719417444,78.02172683214765,3
154.3302886859124,83.83195641500448,80.36793652321178,3
154.3502900193346,84.66462400470341,81.0857466343356,3
154.37029135275685,87.06619325460646,83.13915254757798,3
154.39029268617907,89.1667922763118,86.08938692284804,3
154.4102940196013,92.54189365575927,87.01617223946391,3
154.43029535302352,97.57500001020873,94.40377997254107,3
154.45029668644577,93.55344418032563,89.0448168779175,3
154.47029801986798,94.17109750885773,88.25257096830299,3
154.49029935329023,94.74474051657855,89.21582759390029,3
154.51030068671244,92.06081462450894,83.78001714777331,3
154.53030202013468,90.95940668061722,83.79178252597876,3
154.5503033535569,89.40702445675217,82.30139614748302,3
154.5703046869791,83.36307787081341,79.12939037017536,3
154.59030602040136,89.60356073540807,84.94519583930513,3
154.61030735382357,86.87055849907631,80.11834267027668,3
154.63030868724582,89.03187818749213,81.05732362261644,3
154.65031002066803,91.49927143528645,83.86329221601602,3
154.67031135409027,91.52430482635026,81.90959343967266,3
154.6903126875125,88.45762368884787,79.02805070854602,3
154.71031402093473,80.99204813869338,71.5688924376879,3
154.73031535435695,80.21977906449962,71.77563113177446,3
154.7503166877792,77.12068868650132,70.472724122257,3
154.7703180212014,78.11391288647022,68.49712824997927,3
154.79031935462365,75.71611546942005,65.76704821179034,3
154.81032068804586,78.64254107207597,70.40927612257158,3
154.8303220214681,76.9244353479166,69.66033174612983,3
154.85032335489032,73.0481095947938,67.53124954704707,3
154.87032468831254,73.48579364700335,62.377415787291234,3
154.89032602173478,70.01510416176826,61.7775913445379,3
154.910327355157,62.3798578007789,54.820070217281824,3
154.93032868857924,62.64090316504322,52.38664822639376,3
154.95033002200145,56.9931230568172,51.10193425558417,3
154.9703313554237,55.36607617468531,47.022999164451846,3
154.9903326888459,58.1621279774952,46.84190865132299,3
155.01033402226815,56.17810824910101,47.415080114183894,3
155.03033535569037,56.646781316573836,47.80191185710869,3
155.0503366891126,52.65777477862597,42.954696121541126,3
155.07033802253483,51.55694797671301,42.43583719088252,3
155.09033935595707,49.41648200376961,41.95424885543064,3
155.11034068937929,38.65980020015506,31.242869462490734,3
155.13034202280153,37.81455553404871,29.94647515384143,3
155.15034335622374,39.72191237448403,31.246807937281392,3
155.17034468964596,38.39465745807852,32.82337013503739,3
155.1903460230682,36.583714016604496,28.556302813683054,3
155.21034735649042,36.082036805442314,25.51080462865667,3
155.23034868991266,38.84602882767719,29.084994478016103,3
155.25035002333487,37.2710467939431,30.433348601583013,3
155.27035135675712,29.245205495606978,24.122814675107843,3
155.29035269017933,27.738636256492107,22.529654650194647,3
155.31035402360158,28.506478728906323,17.394982765088063,3
155.3303553570238,22.602880561146474,13.91962074174784,3
155.35035669044603,25.222959321846016,18.0471690819907,3
155.37035802386825,22.639072033483043,14.393673862911534,3
155.3903593572905,24.27296184033885,18.48248095938979,3
155.4103606907127,24.006245625251267,16.73399219787508,3
155.43036202413495,25.34166253774955,19.284923136684615,3
155.45036335755717,23.92367591815264,16.48725069513229,3
155.47036469097938,27.635922447799654,19.07657724769847,3
155.49036602440162,22.61775919012327,16.587829587679803,3
155.51036735782384,18.352480469166263,13.186677083058832,3
155.53036869124608,20.536557197893487,16.292494577249695,3
155.5503700246683,15.456233389464062,11.096605737020443,3
155.57037135809054,20.782589992108914,17.332834934170485,3
155.59037269151275,22.818727971241355,19.408191656372544,3
155.610374024935,26.86776310375091,21.215363403083447,3
155.6303753583572,26.29058298298838,20.657462725593543,3
155.65037669177946,23.790801592673084,20.10927718784411,3
155.67037802520167,26.306923755243492,25.114321239078176,3
155.69037935862391,29.066878711887917,26.857568566953848,3
155.71038069204613,31.54677054619524,27.739836227012834,3
155.73038202546837,24.338022229174676,21.26649283414515,3
155.7503833588906,32.92418337718665,29.090889055917323,3
155.7703846923128,32.49358552932787,29.61032445412078,3
155.79038602573505,36.11668684971662,32.92360616999479,3
155.81038735915726,38.43419933289829,33.8317555111647,3
155.8303886925795,41.886739849385165,39.65823342313218,3
155.85039002600172,45.2956552408811,41.439707197865935,3
155.87039135942396,43.797432667574505,42.905814515502925,3
155.89039269284618,48.437559745222885,46.89566808910556,3
155.91039402626842,46.641106117066485,45.78382852593084,3
155.93039535969064,44.35768251897136,44.64189891207313,3
155.95039669311288,51.26892072065726,48.446677964549494,3
155.9703980265351,50.633196138563555,50.27408225081242,3
155.99039935995734,55.76950499193608,53.58529257136602,3
156.01040069337955,60.61067200406172,56.4870278107208,3
156.0304020268018,62.57165544974928,62.793495791440535,3
156.050403360224,64.72755483680076,63.18378303188794,3
156.07040469364622,69.1410233367754,65.38278433047039,3
156.09040602706847,64.36615720867624,63.276679486005904,3
156.11040736049068,68.82202001777465,66.00755619448516,3
156.13040869391293,68.18303999772769,64.6977191808826,3
156.15041002733514,67.53530796408077,64.83154689387557,3
156.17041136075738,74.26612637034457,68.60259121061195,3
156.1904126941796,76.3559350146343,74.63317589249488,3
156.21041402760184,79.71305225238524,75.46555305088116,3
156.23041536102406,80.62687432109074,77.40422844014891,3
156.2504166944463,83.20246714113314,80.507944471059,3
156.27041802786852,85.42313337423182,81.2693840490934,3
156.29041936129076,86.35142595911434,83.09141385731961,3
156.31042069471297,84.57222758180819,79.02952450410132,3
156.33042202813522,85.75962896051709,79.97259482928942,3
156.35042336155743,84.51761286565318,80.95558703134738,3
156.37042469497965,88.02388352586914,83.41369894531898,3
156.3904260284019,94.12786398645166,88.24277981330454,3
156.4104273618241,91.43645823015052,88.48060375588408,3
156.43042869524635,94.56150331146767,89.87988453912178,3
156.45043002866856,94.3258532301392,89.54338909053449,3
156.4704313620908,94.43111657091501,89.54589234809444,3
156.49043269551302,91.31752809685021,86.36063920817615,3
156.51043402893526,89.52130352300554,81.53664239219184,3
156.53043536235748,91.24562243874183,86.16540245189778,3
156.55043669577972,89.64729005810565,82.66826015724187,3
156.57043802920194,86.29066932010402,80.68930900080764,3
156.59043936262418,92.33823344067899,83.8550223971676,3
156.6104406960464,95.02183550757711,86.31950427232971,3
156.63044202946864,89.3989361261705,82.66690074272931,3
156.65044336289085,90.94963035721285,83.73454974995627,3
156.67044469631307,89.94509147541159,83.06165250849094,3
156.6904460297353,86.97245708703117,76.45822872054856,3
156.71044736315753,85.23975309225105,76.22820381544052,3
156.73044869657977,84.44667755093609,76.78798443510487,3
156.75045003000199,79.11682883415209,72.59104307056673,3
156.77045136342423,80.02653354684254,71.99735130991955,3
156.79045269684644,78.02701803428023,68.72309356816909,3
156.8104540302687,76.61233303925069,66.57788289301003,3
156.8304553636909,78.42085423511779,68.8588161566034,3
156.85045669711315,76.18224002373547,67.92158385593997,3
156.87045803053536,74.82367693371815,67.07869764571565,3
156.8904593639576,69.96589982086749,59.32215497387303,3
156.91046069737982,64.82810495703637,54.90358656382497,3
156.93046203080206,58.167491600874925,49.09203024533071,3
156.95046336422428,58.005031168002546,48.786644298566415,3
156.9704646976465,55.42593548429081,45.296796274426605,3
156.99046603106873,56.21869265324424,47.14036882483133,3
157.01046736449095,56.55748602736009,45.63555473007104,3
157.0304686979132,50.8844127589053,42.155956160683175,3
157.0504700313354,53.38112997458826,44.70943099385827,3
157.07047136475765,48.56685758575824,37.26755137428341,3
157.09047269817987,48.92099262558931,40.735407605706556,3
157.1104740316021,41.43977874942035,31.627067030921214,3
157.13047536502432,40.98504108292799,31.264029133627577,3
157.15047669844657,38.837521955768324,30.253209564827994,3
157.17047803186878,32.88074146513579,25.84960637404333,3
157.19047936529103,36.991371636913115,27.23168966196701,3
157.21048069871324,35.178008314379724,27.384600931108324,3
157.23048203213548,36.21990813158322,29.692447536322213,3
157.2504833655577,30.28060671928112,22.73555118559293,3
157.2704846989799,32.95080078950001,24.820051512509036,3
157.29048603240216,30.089270681245253,19.60885150756624,3
157.31048736582437,27.572770003318,20.680232085057753,3
157.33048869924662,25.21901903178037,19.441856828504893,3
157.35049003266883,20.9125686661573,14.460756969776758,3
157.37049136609107,25.008960479565502,16.703895198992853,3
157.3904926995133,22.902663780930965,16.836988511733768,3
157.41049403293553,25.01437689078208,19.99935875937204,3
157.43049536635775,24.020424901803885,17.079150461760424,3
157.45049669978,27.394028796994043,23.045825721217362,3
157.4704980332022,26.02432185612866,20.354957716601575,3
157.49049936662445,22.676153475044284,16.68989164391776,3
157.51050070004666,21.110709423675203,15.276668057380379,3
157.5305020334689,22.336587950118975,16.432072140979844,3
157.55050336689112,21.911670724983143,18.71203887327779,3
157.57050470031334,22.327497882279776,18.849366404890322,3
157.59050603373558,21.82676941331113,15.53424364429121,3
157.6105073671578,25.75288947690676,23.154211327005406,3
157.63050870058004,27.843361487257788,21.200486129620874,3
157.65051003400225,30.215264265046287,26.096990714787538,3
157.6705113674245,30.580833447511516,27.23775280645499,3
157.6905127008467,28.28293529877259,24.47050493427794,3
157.71051403426895,27.483409681098216,25.273447154879772,3
157.73051536769117,30.025474726691375,28.90804707578721,3
157.7505167011134,30.25474846731143,27.056449759867892,3
157.77051803453563,33.54630899246307,32.419333508750356,3
157.79051936795787,34.40440281251009,31.43890862268946,3
157.81052070138009,36.29049978575802,33.48851316840757,3
157.83052203480233,42.38026922667702,39.41474543325135,3
157.85052336822454,46.526925868417734,42.97253013164385,3
157.87052470164676,43.74460592021938,40.949174675129996,3
157.890526035069,45.79252430461656,43.40767422443332,3
157.91052736849122,44.493050878927974,43.34767517773794,3
157.93052870191346,53.008119541150016,50.27202062050797,3
157.95053003533567,51.34611691904576,48.202655590719985,3
157.97053136875792,55.48461033559234,51.3193971967864,3
157.99053270218013,54.27640343859008,51.879825940657895,3
158.01053403560238,58.50864480096002,56.545713724421496,3
158.0305353690246,63.1009867610515,60.89865542614908,3
158.05053670244683,65.52499226286137,65.45615523449963,3
158.07053803586905,67.85911550791164,65.43358251410201,3
158.0905393692913,65.55522335473472,63.61461496175804,3
158.1105407027135,65.96401194344392,61.46194856689528,3
158.13054203613575,64.48223177972297,61.99101096359385,3
158.15054336955797,68.4756868743938,66.97625576495459,3
158.17054470298018,72.15858206720485,66.89211745611627,3
158.19054603640242,75.91286140109186,73.63445498130503,3
158.21054736982464,80.39827860893833,77.73988018051298,3
158.23054870324688,82.99592166857536,78.03535942952546,3
158.2505500366691,83.96939671060495,80.95261387409033,3
158.27055137009134,86.98734556234366,83.41563986716366,3
158.29055270351355,85.60393859918814,81.34560498447287,3
158.3105540369358,87.66392079988958,82.11137458337828,3
158.330555370358,87.15451159448337,83.34363654433875,3
158.35055670378026,88.20148016542912,81.87523359955638,3
158.37055803720247,86.37547192893112,83.06253591520873,3
158.39055937062471,85.57897155107364,83.15892237025034,3
158.41056070404693,91.8856675760563,89.57734673808575,3
158.43056203746917,91.8513108639936,84.26796225104022,3
158.4505633708914,93.71689121578235,87.80599942085134,3
158.4705647043136,94.69125992767391,90.06137072980373,3
158.49056603773585,88.32497748860013,84.62764816587557,3
158.51056737115806,90.89497207722383,85.71470692169491,3
158.5305687045803,89.45199165636426,83.73406452113574,3
158.55057003800252,92.3723364224085,84.50384786540162,3
158.57057137142476,88.20699100838172,80.26900261765935,3
158.59057270484698,91.78104628535449,84.75841543259264,3
158.61057403826922,90.01011679204714,81.85994422243203,3
158.63057537169144,89.50569838467683,80.79615858551517,3
158.65057670511368,92.70013137512319,84.31485064928395,3
158.6705780385359,86.38964580479958,78.85981302914254,3
158.69057937195814,84.26537825566484,77.96294637008977,3
158.71058070538035,85.61918259227839,77.62710759422711,3
158.7305820388026,80.44010074241758,70.78175060038781,3
158.7505833722248,78.17950960486654,70.75161456670536,3
158.77058470564702,74.38465519444814,68.8324166307111,3
158.79058603906927,75.30124902682489,67.64207052491504,3
158.81058737249148,81.14680174492824,72.96134319040416,3
158.83058870591373,74.8645010546382,65.00815499259247,3
158.85059003933594,71.84893987165604,64.28613074573207,3
158.87059137275818,74.2207195587728,64.88113522670676,3
158.8905927061804,67.20915816247694,61.19173621771879,3
158.91059403960264,65.00253865643444,56.47285574280288,3
158.93059537302486,59.71338669310307,52.892070975912866,3
158.9505967064471,59.18150854358615,50.1701594503538,3
158.97059803986932,58.27179308467287,49.373075508459046,3
158.99059937329156,58.9986598851717,47.78592157571717,3
159.01060070671377,53.057229853584204,45.393834772448386,3
159.03060204013602,57.67383300580539,48.30695082926684,3
159.05060337355823,53.16397366437696,45.25070630997974,3
159.07060470698045,55.708068852532676,47.08820327237234,3
159.0906060404027,45.495862968364534,36.883381005391755,3
159.1106073738249,43.472633368357556,37.50081789429059,3
159.13060870724715,38.64894450003213,26.700721308443455,3
159.15061004066936,35.308630194216,24.717919562299368,3
159.1706113740916,37.55426631876907,29.047279536228995,3
159.19061270751382,33.01875019901725,25.674546327608272,3
159.21061404093606,36.164101073348604,26.07057943692364,3
159.23061537435828,34.89407130656458,28.054730381975396,3
159.25061670778052,33.077791622527116,25.317798864146532,3
159.27061804120274,32.798646111260325,22.734163150320175,3
159.29061937462498,32.88876738610554,24.909416952690435,3
159.3106207080472,29.654627114832145,22.147026951185794,3
159.33062204146944,21.666881641587967,16.615320876859617,3
159.35062337489165,22.831851768148407,15.171291718523692,3
159.37062470831387,21.78717951438065,12.529621801320799,3
159.3906260417361,21.872731822388808,15.925991715051723,3
159.41062737515833,27.409547047787967,20.975505298012962,3
159.43062870858057,22.584136008623958,17.34190030532233,3
159.45063004200279,23.577409472138616,18.659891502380457,3
159.47063137542503,23.405054438889756,14.837407967173368,3
159.49063270884724,22.808585856580997,18.931732825932354,3
159.5106340422695,23.250706493978342,18.202134038044033,3
159.5306353756917,21.8192933958682,15.456624010638953,3
159.55063670911395,18.942611649025167,12.314460245120596,3
159.57063804253616,21.28751198911428,15.60531054583326,3
159.5906393759584,24.16489521845892,19.18802520215492,3
159.61064070938062,25.932188883988296,20.646046764862717,3
159.63064204280286,31.35402638503822,27.06995104936835,3
159.65064337622508,27.90157523946207,24.380291991982432,3
159.6706447096473,26.813126725091994,22.772638949737303,3
159.69064604306953,23.26440793352623,19.56000128686624,3
159.71064737649175,30.792288894852536,27.90855259201562,3
159.730648709914,28.340873651018157,25.023296684551966,3
159.7506500433362,32.66397725311958,31.612264930569204,3
159.77065137675845,27.996936200450392,25.63441481708797,3
159.79065271018067,36.1525810946992,31.984515333113126,3
159.8106540436029,41.04956128703419,37.86972992404547,3
159.83065537702512,44.74109045023052,40.628304890917576,3
159.85065671044737,43.93090088136509,41.166895774904916,3
159.87065804386958,40.69228347831505,39.69287600150154,3
159.89065937729183,48.166506469427496,45.56709022533462,3
159.91066071071404,42.18052022613605,40.000376765181976,3
159.93066204413628,44.222732905051835,41.39543516487965,3
159.9506633775585,50.2519843739387,45.814337763745066,3
159.9706647109807,48.70829123767648,48.300802557845394,3
159.99066604440296,58.03940865963246,56.461097853689864,3
160.01066737782517,57.67909284328908,56.52872316662695,3
160.03066871124742,59.953628843302674,56.23552425535556,3
160.05067004466963,68.31488252066146,64.58000242705556,3
160.07067137809187,65.64020510670186,64.61996667547865,3
160.0906727115141,66.75056393165046,65.97972954711022,3
160.11067404493633,67.10448711086318,69.90905303012899,3
160.13067537835855,68.37884177132011,64.07636122208996,3
160.1506767117808,68.64409781426755,66.77351747678237,3
160.170678045203,72.82280736617462,69.71132302925157,3
160.19067937862525,71.75301778494062,69.22655740348823,3
160.21068071204746,79.34097376269625,76.18255304374588,3
160.2306820454697,83.5922489598295,81.20170899205846,3
160.25068337889192,80.91252138915813,78.6495665806256,3
160.27068471231414,85.93851725201837,83.06454913939426,3
160.29068604573638,83.65019760155795,80.61996088944677,3
160.3106873791586,86.3177172699101,80.55373000463167,3
160.33068871258084,84.16422530537812,79.22508123131875,3
160.35069004600305,86.37910496861487,83.48853146137635,3
160.3706913794253,90.09066141859465,84.72686554130898,3
160.3906927128475,89.65074281083977,84.17661567142801,3
160.41069404626975,88.51597074283286,85.30905396940294,3
160.43069537969197,89.25358020791958,85.57127836456114,3
160.4506967131142,94.08724958137955,86.659613446995,3
160.47069804653643,96.71760882726447,88.92620070304697,3
160.49069937995867,88.8633389557921,86.2091315388026,3
160.51070071338088,93.59665915461397,87.34854149349101,3
160.53070204680313,85.75510911070336,78.03187038646952,3
160.55070338022534,89.93423365227517,83.0695960219082,3
160.57070471364756,86.67175911063529,79.90995802905191,3
160.5907060470698,87.7163403272755,81.96570061228456,3
160.61070738049202,89.39936115586848,82.66493560388825,3
160.63070871391426,89.40397189637437,83.93822389475245,3
160.65071004733647,92.18220324647072,84.35394000391399,3
160.67071138075872,91.97942562381546,84.38083409497364,3
160.69071271418093,84.6733448286573,78.1117436570618,3
160.71071404760318,82.86203673147061,75.82362373844798,3
160.7307153810254,79.1181944228865,72.53226609391335,3
160.75071671444763,81.40160157158114,73.53950239138938,3
160.77071804786985,76.1886047995738,64.7090711931386,3
160.7907193812921,72.91461363385899,67.31811318802974,3
160.8107207147143,73.14777915187085,64.06401022881037,3
160.83072204813655,75.24984023219596,68.23288570559075,3
160.85072338155877,74.33623540888065,67.80123737258864,3
160.87072471498098,75.08237154336891,65.29365911407572,3
160.89072604840322,68.66298374736536,61.62049909105287,3
160.91072738182544,70.9938590918637,60.32274178666508,3
160.93072871524768,59.92706037891504,50.56568347647492,3
160.9507300486699,57.983693081923654,47.95181036696698,3
160.97073138209214,52.99401661456601,40.29205460964334,3
160.99073271551435,58.75983469406107,49.8436210382326,3
161.0107340489366,56.80811108219657,48.750072910368615,3
161.0307353823588,57.30624225730315,47.76339649136655,3
161.05073671578106,54.07470218519385,46.59070449526159,3
161.07073804920327,51.613776184171925,40.21648451796045,3
161.09073938262551,50.94680012292401,41.26301348507582,3
161.11074071604773,43.63391435131505,34.46667519640411,3
161.13074204946997,39.418968427845364,31.6365631464911,3
161.1507433828922,37.91391970597094,30.41427303782889,3
161.1707447163144,35.12919597950644,25.94195314588234,3
161.19074604973665,36.19805732251457,30.73438505789823,3
161.21074738315886,36.06118853509452,27.52176839519044,3
161.2307487165811,35.97265638338325,27.6163423181505,3
161.25075005000332,31.913888163993214,25.291358582310213,3
161.27075138342556,34.44899920711214,25.836020319395818,3
161.29075271684778,32.81971859998558,24.029610474851847,3
161.31075405027002,28.539824966570507,21.042594042889895,3
161.33075538369224,24.913182026413143,17.232942166262365,3
161.35075671711448,21.018994736812097,12.794333405156767,3
161.3707580505367,22.674868096726428,15.732277023228134,3
161.39075938395894,24.090638328972393,16.95178520520868,3
161.41076071738115,24.12196026135939,16.90016996719399,3
161.4307620508034,23.86943240043633,15.759477328142642,3
161.4507633842256,27.32343337746993,20.156375816649632,3
161.47076471764782,26.233549293630105,21.45729722573308,3
161.49076605107007,23.04118580560322,17.15349049530962,3
161.51076738449228,26.4243972764244,18.95561071881207,3
161.53076871791453,19.89462203148276,13.82542200592337,3
161.55077005133674,21.581223019213173,15.655100332390463,3
161.57077138475898,19.299515421629568,15.58133143100242,3
161.5907727181812,24.62377206677168,19.377390312990297,3
161.61077405160344,23.710693772588982,18.344130943106276,3
161.63077538502566,25.15003789529688,21.081899659542703,3
161.6507767184479,32.78180572153461,29.316885687759775,3
161.67077805187012,33.28608157477921,26.312727245971523,3
161.69077938529236,30.808378683709297,28.823075523415177,3
161.71078071871457,29.92991145908447,25.23199541055479,3
161.73078205213682,30.66094508124255,26.386886140851313,3
161.75078338555903,29.580187766730443,26.30223579084527,3
161.77078471898125,29.55088141451883,25.87737550389151,3
161.7907860524035,34.36526431574834,30.991665127472874,3
161.8107873858257,40.55206107075453,37.154027736639144,3
161.83078871924795,38.53701902726961,37.87239641138602,3
161.85079005267016,47.266642569872836,45.97653208648855,3
161.8707913860924,43.628275572901586,44.66152193462546,3
161.89079271951462,41.10167959728189,39.29242437312353,3
161.91079405293686,46.231931097949875,45.84096782556987,3
161.93079538635908,47.39599254984324,43.93375771997348,3
161.95079671978132,51.15305653356237,48.177586897697296,3
161.97079805320354,48.321938632372486,46.98730238753675,3
161.99079938662578,55.03262039569712,52.74638346829027,3
162.010800720048,61.2687394995217,59.62208160785505,3
162.03080205347024,61.130436886462704,61.67361673803902,3
162.05080338689245,64.54825086535233,65.60334897008664,3
162.07080472031467,67.63131321306632,64.60189060271624,3
162.0908060537369,69.0388768094599,66.64442878557274,3
162.11080738715913,69.54443998935497,65.98261557106018,3
162.13080872058137,68.50143362286614,65.20544333815567,3
162.15081005400359,67.7998071944084,66.67940563915536,3
162.17081138742583,76.12146199604192,74.17063622142761,3
162.19081272084804,73.98656772262676,74.5273355269848,3
162.2108140542703,77.1640463939508,75.65322590567752,3
162.2308153876925,80.24804662085975,79.31067640919102,3
162.25081672111475,86.11982609444891,82.13557340285541,3
162.27081805453696,87.02346253415499,84.54968201362868,3
162.2908193879592,83.90461721008295,78.80559808118494,3
162.31082072138142,83.11007505385199,78.79423416475805,3
162.33082205480366,87.81051720285761,82.47909305626561,3
162.35082338822588,84.54817659197955,79.29625826351528,3
162.3708247216481,86.7171268874837,80.86631853984412,3
162.39082605507033,94.02248697268593,85.49454317957864,3
162.41082738849255,93.23412356707838,87.15536509886843,3
162.4308287219148,96.52073761447244,88.84100966594035,3
162.450830055337,93.05628048930035,87.31774095131729,3
162.47083138875925,94.11007294101141,89.86587748996216,3
162.49083272218147,88.04777083589669,84.19691117139696,3
162.5108340556037,96.82691413092266,90.06165209344272,3
162.53083538902592,90.09666202689641,83.29509529331688,3
162.55083672244817,92.07965347895338,85.8609774978325,3
162.57083805587038,89.88076998833131,80.91649463490566,3
162.59083938929263,87.87227221029185,81.50664145956075,3
162.61084072271484,92.36747681155407,88.30761849551637,3
162.63084205613708,93.19059154197897,86.18670734675229,3
162.6508433895593,92.02980563457353,84.08462900383105,3
162.6708447229815,89.14416915717995,81.38445560951625,3
162.69084605640376,89.31388492465538,79.9987133164341,3
162.71084738982597,82.12235501724459,73.32599067746943,3
162.73084872324822,81.53583279388532,72.15444495308698,3
162.75085005667043,75.56537204778617,64.97751990157796,3
162.77085139009267,77.50381678551221,67.91599752553898,3
162.7908527235149,77.16812316872615,67.35859059414169,3
162.81085405693713,78.25018559222143,67.54318758745163,3
162.83085539035935,77.85610946851915,69.18379508781787,3
162.8508567237816,76.88440711697204,68.3924627953625,3
162.8708580572038,73.62059185743315,65.33202421568593,3
162.89085939062605,70.148565893303,61.03779930001093,3
162.91086072404826,65.26691961076526,53.66414624737238,3
162.9308620574705,60.98020795367122,51.69577615623105,3
162.95086339089272,60.98361474760668,52.604867513066765,3
162.97086472431494,54.466251375830076,46.81600033838088,3
162.99086605773718,59.082478128717696,49.28151315039578,3
163.0108673911594,54.02162660074463,44.02304192786697,3
163.03086872458164,59.27436801645974,48.2564336531032,3
163.05087005800385,53.33151227786632,44.754396430547864,3
163.0708713914261,51.364415281367464,42.16762774729867,3
163.0908727248483,50.16680935881992,39.88441388826975,3
163.11087405827055,47.026879300778766,38.30403304174272,3
163.13087539169277,45.369226222487164,35.24023677608476,3
163.150876725115,38.652577465040345,27.424753542349148,3
163.17087805853723,36.10165598931215,28.807482475194035,3
163.19087939195947,37.60862644591067,28.643405015654594,3
163.21088072538168,33.27465197479026,22.978191663605656,3
163.23088205880393,39.154855661040244,30.066300005700413,3
163.25088339222614,31.505281701089686,22.45147448607521,3
163.27088472564836,29.381261355922405,21.555199048934643,3
163.2908860590706,31.648726866206648,24.51194478519259,3
163.31088739249282,25.784485874433145,18.48814001705584,3
163.33088872591506,19.746309954192785,14.193288960518407,3
163.35089005933727,25.65757612532009,19.02799504139679,3
163.37089139275952,25.29078083835934,16.614690060380834,3
163.39089272618173,22.105810207612404,14.405210102119074,3
163.41089405960398,22.833772538312868,16.78226415860743,3
163.4308953930262,24.85174041576743,16.79747528837021,3
163.45089672644843,26.822460737305708,20.523807104433466,3
163.47089805987065,25.705336175624037,19.022126620090653,3
163.4908993932929,24.43695557540627,19.59317504677254,3
163.5109007267151,22.84949908550981,19.074733281621533,3
163.53090206013735,17.19082587404901,11.519994746716646,3
163.55090339355957,21.820036226999623,18.652973610784226,3
163.57090472698178,21.554379219197127,17.067635331560233,3
163.59090606040402,27.60712200333775,21.04030353745324,3
163.61090739382624,24.51498783514459,19.80899101752065,3
163.63090872724848,27.619967140087677,24.020442051417092,3
163.6509100606707,25.472450614495937,23.324149978330937,3
163.67091139409294,34.33927924638261,27.95608518226095,3
163.69091272751515,29.780814686520102,28.43366326374111,3
163.7109140609374,30.385853294355282,27.813431567702516,3
163.7309153943596,28.962308094206474,25.47292630713869,3
163.75091672778186,26.747235644576882,25.123543253663886,3
163.77091806120407,37.49162344611971,34.07630061045653,3
163.79091939462631,36.74175999231168,32.87527980355961,3
163.81092072804853,39.68378548428637,38.369381272262245,3
163.83092206147077,44.07356259600873,44.78022401348131,3
163.850923394893,42.28883770057748,38.04645467319773,3
163.8709247283152,38.492370951618625,39.06057707969271,3
163.89092606173745,46.14248861452415,42.75505904712395,3
163.91092739515966,45.60371980019652,43.60619151583103,3
163.9309287285819,49.85485987158416,47.0698609700628,3
163.95093006200412,49.89280580511375,45.101815885463445,3
163.97093139542636,54.0564160452361,52.04885304884545,3
163.99093272884858,59.31782674145608,54.870889650359786,3
164.01093406227082,59.27951217873707,57.6344594768816,3
164.03093539569304,60.7067515407407,58.66862784397702,3
164.05093672911528,63.5380677638071,60.1316831532493,3
164.0709380625375,66.90581454797851,66.86260191251324,3
164.09093939595974,70.57632651150445,66.72643030531952,3
164.11094072938195,70.00267353793413,66.01590854387305,3
164.1309420628042,67.68225526278277,66.98142685103763,3
164.1509433962264,71.19430602069465,68.33671302178803,3
164.17094472964862,70.33442232191967,69.50796097016764,3
164.19094606307087,73.44584966367474,71.5605668157325,3
164.21094739649308,79.69492012872787,75.84996078609701,3
164.23094872991533,82.76757467528648,77.95520723274227,3
164.25095006333754,84.03656304926496,82.18663511805255,3
164.27095139675978,84.14700378186865,81.36744989312209,3
164.290952730182,87.61763357990738,82.64713000399983,3
164.31095406360424,83.27427318531521,78.42519012947015,3
164.33095539702646,81.53240285023588,78.73686263477984,3
164.3509567304487,82.55236039865875,80.17607359940425,3
164.37095806387092,87.76978510586768,85.6650387349454,3
164.39095939729316,88.2738190127269,82.45014463297456,3
164.41096073071537,93.61293809574966,88.2964496749518,3
164.43096206413762,98.54007002482409,93.09418866494978,3
164.45096339755983,90.53197235316526,88.19213005824761,3
164.47096473098205,96.29695685817605,89.10398603396574,3
164.4909660644043,92.25523537385462,85.69932185343595,3
164.5109673978265,92.15696639092072,86.24481219084718,3
164.53096873124875,86.8189850187584,80.89466848238096,3
164.55097006467096,88.40954709369497,84.61028338591353,3
164.5709713980932,89.22644077500425,81.5980314377236,3
164.59097273151542,86.9769095052422,78.2978098618628,3
164.61097406493766,91.04485036352214,84.78447850682498,3
164.63097539835988,90.3736339010969,82.44089527464176,3
164.65097673178212,91.19655709158344,83.58152647188682,3
164.67097806520434,90.89765550109276,83.41916125144368,3
164.69097939862658,87.74826078922771,82.02226138441372,3
164.7109807320488,83.55948166002183,75.09941889796134,3
164.73098206547104,75.88454035088029,70.30496664869258,3
164.75098339889325,77.10500785498353,69.28415395283687,3
164.77098473231547,75.91202105849034,67.97737690574233,3
164.7909860657377,77.42081805253216,68.29122543403447,3
164.81098739915993,75.08027623674816,65.60948187412248,3
164.83098873258217,78.13288267396875,68.38217371888922,3
164.85099006600439,75.8507978731041,65.05955880243377,3
164.87099139942663,74.45172185249811,64.55158348347895,3
164.89099273284884,74.50943280096105,63.40733934150464,3
164.9109940662711,66.93828109401694,60.24458756136661,3
164.9309953996933,65.92441707057843,54.341158374779496,3
164.95099673311555,60.96496561693538,51.80536094756706,3
164.97099806653776,56.06385403730872,44.671992060693505,3
164.99099939996,60.672424849245814,51.57349568013841,3
165.01100073338222,53.75834759227619,45.112817186849824,3
165.03100206680446,53.05460481768074,44.49243483540538,3
165.05100340022668,53.58224341533736,42.14019651043442,3
165.0710047336489,51.84336330022661,42.53578872855526,3
165.09100606707113,46.74546056684647,36.66187609368656,3
165.11100740049335,42.286334483228096,32.8280536687225,3
165.1310087339156,41.60095533778077,34.25073426626525,3
165.1510100673378,39.2594565726458,28.27167677192466,3
165.17101140076005,38.06445907910306,28.736808643735603,3
165.19101273418227,35.35440725067342,28.413370386527273,3
165.2110140676045,34.933628679617506,25.241599020312716,3
165.23101540102672,35.02600514195503,26.8796899355288,3
165.25101673444897,33.802945980322455,24.295592923283213,3
165.27101806787118,32.001804036455894,22.857929306070993,3
165.29101940129343,29.32425534633926,21.075786547979362,3
165.31102073471564,28.21737003733344,20.02804845911778,3
165.33102206813788,25.796190701075794,18.427622274537843,3
165.3510234015601,26.198406487140286,17.969465808320766,3
165.3710247349823,20.68185079548808,15.060130864972823,3
165.39102606840456,24.16536149884157,16.643502838603126,3
165.41102740182677,25.48850175263737,20.116059793720325,3
165.43102873524901,20.75146091851402,14.73314309525446,3
165.45103006867123,26.569787090039487,21.592535722747414,3
165.47103140209347,24.254132000394183,19.745132430461723,3
165.4910327355157,19.61553986319461,12.964233184261147,3
165.51103406893793,18.97573474047861,14.509996583398967,3
165.53103540236015,21.83891894015104,17.627570496672526,3
165.5510367357824,20.870686815934498,14.179220691613187,3
165.5710380692046,17.984054393492574,14.740931686510121,3
165.59103940262685,20.58175321219632,13.054995467909242,3
165.61104073604906,27.738601295101628,22.610729069047405,3
165.6310420694713,27.93686498374095,25.321171454136543,3
165.65104340289352,29.75669024111169,23.34586249718614,3
165.67104473631574,33.116537970977305,29.887550226502928,3
165.69104606973798,30.327609625618408,29.05638764997847,3
165.7110474031602,28.5561494916648,25.625412756218218,3
165.73104873658244,23.5772639791645,22.683073781976557,3
165.75105007000465,27.11117689557137,24.398112402698047,3
165.7710514034269,31.22251178755798,25.20900520053606,3
165.7910527368491,35.697222871932254,34.537506745116694,3
165.81105407027135,38.799115028828304,33.30665378783365,3
165.83105540369357,37.23804771772409,32.862162156321666,3
165.8510567371158,42.528128566894026,38.469284777620864,3
165.87105807053803,42.08247454599052,41.838507281105905,3
165.89105940396027,45.3908568790709,43.09955308669821,3
165.91106073738248,48.52688236396608,47.36128402022643,3
165.93106207080473,43.17282034683296,40.72031515913347,3
165.95106340422694,51.97847135496002,50.910788548928636,3
165.97106473764916,51.367210655166225,48.77449112492743,3
165.9910660710714,57.347036438636,54.0505935975952,3
166.01106740449362,60.52554974018404,58.91210425881026,3
166.03106873791586,62.49725606472518,59.55601560312712,3
166.05107007133807,62.083207994442354,61.720686484847896,3
166.07107140476032,63.694212418584144,62.34114705076792,3
166.09107273818253,67.47308722107097,65.32246878884462,3
166.11107407160478,67.71793510328695,64.1561225559851,3
166.131075405027,68.88964807289054,65.40858775873093,3
166.15107673844923,65.82455306754436,64.38943862418787,3
166.17107807187145,71.31777831668762,67.80231625010786,3
166.1910794052937,75.95011685610288,71.78960283460775,3
166.2110807387159,80.48395479835109,78.03221516979767,3
166.23108207213815,85.53642705143447,80.64144813397088,3
166.25108340556037,84.71581226515647,82.35339174555706,3
166.27108473898258,84.450794953506,80.09896268688455,3
166.29108607240482,87.01849854972858,83.86113637025656,3
166.31108740582704,85.47969391830071,81.81184691441007,3
166.33108873924928,85.70760508910355,80.89774466092588,3
166.3510900726715,86.43870236256417,83.50866995119308,3
166.37109140609374,88.79868248198619,81.79625216117859,3
166.39109273951595,89.2192077363988,84.99621573042718,3
166.4110940729382,93.00025343925437,89.99079366815636,3
166.4310954063604,91.54738204002402,86.2766096550465,3
166.45109673978266,92.96740625708863,88.82400960467618,3
166.47109807320487,93.77906879035307,90.2097384483474,3
166.49109940662711,89.164948817009,82.89494583069433,3
166.51110074004933,85.16637926393199,80.44329122441047,3
166.53110207347157,87.02375051618303,82.70600536954409,3
166.5511034068938,88.2764655517939,83.05313451783722,3
166.571104740316,85.67086230240302,78.87583897724335,3
166.59110607373825,92.35431191862834,84.93348033030846,3
166.61110740716046,91.59724630970221,84.97892895376651,3
166.6311087405827,89.9853497793477,83.69863703028291,3
166.65111007400492,91.71672320939797,82.73944903595759,3
166.67111140742716,88.830180423904,81.14119620555203,3
166.69111274084938,83.29598619024178,77.62229771924821,3
166.71111407427162,85.39226270578868,73.538317668985,3
166.73111540769384,80.96107162496968,73.8791756316461,3
166.75111674111608,79.47884063619676,72.6302077502915,3
166.7711180745383,80.12164560674263,71.10101359875759,3
166.79111940796054,75.95902922115678,65.41634941642332,3
166.81112074138275,76.51262395319345,66.73039877824517,3
166.831122074805,73.02753577793266,65.57058290711764,3
166.8511234082272,74.20949577139231,64.89316392610243,3
166.87112474164942,69.81130616370264,59.9183028862257,3
166.89112607507167,71.07479923259034,58.287502661122915,3
166.91112740849388,67.21640537239475,59.46862142515594,3
166.93112874191613,62.75896953746681,53.63589866430838,3
166.95113007533834,57.45276457543329,49.02768195534152,3
166.97113140876058,61.4389536794056,51.36333262046096,3
166.9911327421828,55.0255060477074,45.887222629578986,3
167.01113407560504,57.12404528217987,48.80171604062846,3
167.03113540902726,56.55781760414067,46.10316042247176,3
167.0511367424495,55.49215670064023,46.59046347767665,3
167.07113807587172,51.92987871072577,41.666172954856826,3
167.09113940929396,47.75665265210624,38.48730581724664,3
167.11114074271617,42.643967585920734,35.039248250293056,3
167.13114207613842,40.22562716447729,32.16581744225371,3
167.15114340956063,39.770883931827626,29.7683250832761,3
167.17114474298285,35.77492812411939,25.526787287820763,3
167.1911460764051,32.98248152203353,24.22682462315832,3
167.2111474098273,42.519105285576934,33.49987406938884,3
167.23114874324955,38.45333834384111,31.940383012450795,3
167.25115007667176,38.04713381804478,31.462582557065414,3
167.271151410094,31.00181660368435,22.36262891398777,3
167.29115274351622,27.126279992058112,22.189689933968555,3
167.31115407693846,27.623736361505276,20.376946919682926,3
167.33115541036068,25.27521169191776,16.579140261467586,3
167.35115674378292,19.658711226606236,14.881855437496009,3
167.37115807720514,25.42940461849325,17.473807234832478,3
167.39115941062738,21.521087386236715,14.899703672077038,3
167.4111607440496,20.214946269953675,16.39704594676427,3
167.43116207747184,23.55893695795594,16.14440070193327,3
167.45116341089405,29.837596298371782,22.725302250021194,3
167.47116474431627,26.135932033175532,19.55135379823531,3
167.4911660777385,23.291009861780207,17.97879470500357,3
167.51116741116073,15.495057484000649,10.013869899669201,3
167.53116874458297,21.81696275326389,15.113097876908231,3
167.55117007800519,21.549849510991315,18.43835126382722,3
167.57117141142743,22.956428407714462,19.07143379574983,3
167.59117274484964,26.955748658387048,20.789700314457182,3
167.6111740782719,24.26025782542402,18.748217451736352,3
167.6311754116941,30.346525620117262,23.969068959761525,3
167.65117674511635,30.222376526216305,26.53664287585539,3
167.67117807853856,26.672063978211902,23.16263490386282,3
167.6911794119608,25.71787496795956,20.17027914477977,3
167.71118074538302,26.87387314837043,23.790227463219267,3
167.73118207880526,27.72364395408687,25.976042440733373,3
167.75118341222748,27.54182616480491,25.542977374825167,3
167.7711847456497,31.946297128972123,29.146827949612916,3
167.79118607907193,32.92187287135776,30.44400676677673,3
167.81118741249415,43.03695427187556,37.736760930912624,3
167.8311887459164,40.34043842558832,38.14399278050332,3
167.8511900793386,39.04516581525342,35.736772065527816,3
167.87119141276085,45.79965384909879,44.01858022939034,3
167.89119274618307,41.562526445009865,40.47309093092674,3
167.9111940796053,49.19487852350138,47.37082969392116,3
167.93119541302752,44.472152772913056,42.47013622018273,3
167.95119674644977,44.79695913455099,44.258128343452476,3
167.97119807987198,48.75158843534435,46.533685718045035,3
167.99119941329423,56.90306515367858,54.58039972644554,3
168.01120074671644,58.36543608082516,56.008918554160736,3
168.03120208013868,66.5284566813558,59.750087935943384,3
168.0512034135609,65.36495822865406,63.714142449668586,3
168.0712047469831,65.56621774829583,64.9247185378919,3
168.09120608040536,66.61351569421124,67.23885588687179,3
168.11120741382757,66.23170390325086,64.61411858910948,3
168.13120874724981,68.98606740220575,65.95545854246517,3
168.15121008067203,72.61661646976434,69.64206241252047,3
168.17121141409427,67.77291288630646,62.35045111518695,3
168.1912127475165,78.57631379178753,75.57009438849944,3
168.21121408093873,78.72773236535028,77.20522868599855,3
168.23121541436095,80.73357869949429,79.28878492387214,3
168.2512167477832,86.1488004605431,83.77060207273243,3
168.2712180812054,81.55143432086422,80.08902439602066,3
168.29121941462765,82.14412133133976,80.7149315590761,3
168.31122074804986,83.13242495254254,80.62898295681133,3
168.3312220814721,87.39906758689331,82.06538461021664,3
168.35122341489432,81.29917570223421,78.29134107424197,3
168.37122474831654,87.05629405399125,81.58504510608208,3
168.39122608173878,90.93023536252714,85.24885986423965,3
168.411227415161,95.2549256756479,90.09109942581829,3
168.43122874858324,90.74469042507823,87.782147940562,3
168.45123008200545,94.91820984596895,88.85470181362645,3
168.4712314154277,93.56891016853807,88.84780098851654,3
168.4912327488499,94.2674064934675,88.87359448963652,3
168.51123408227215,86.56087281627858,83.04407336839346,3
168.53123541569437,90.55709994292384,83.84399849863905,3
168.5512367491166,86.39600931335866,80.29504880156276,3
168.57123808253883,89.55511653316108,82.30875046720557,3
168.59123941596107,88.8804408085255,83.54469779982405,3
168.61124074938328,90.43320737794288,81.06359032392949,3
168.63124208280553,95.59483818551912,87.90370157646235,3
168.65124341622774,94.18103079407841,85.33742942301971,3
168.67124474964996,84.25559795553716,79.20092821620737,3
168.6912460830722,88.43345783012036,81.8684191118119,3
168.71124741649442,81.94794155288278,72.31823542114596,3
168.73124874991666,80.23566020685492,71.44669200387465,3
168.75125008333887,78.06536387206143,69.49250656500453,3
168.77125141676112,74.68437813129479,68.20247556770536,3
168.79125275018333,77.43519996343446,68.94344980495134,3
168.81125408360558,74.81368272634668,69.3964112341659,3
168.8312554170278,77.06331231364136,68.2376275442519,3
168.85125675045003,75.9040909527945,66.09753313712403,3
168.87125808387225,74.3255492639434,63.721226995215765,3
168.8912594172945,73.41803368615788,62.97675177543985,3
168.9112607507167,63.54485486820749,57.61955257951616,3
168.93126208413895,62.60965994871478,52.424281262445376,3
168.95126341756117,59.88019542242518,49.9335971164249,3
168.97126475098338,58.69592263096929,48.458269882244416,3
168.99126608440562,56.32518154236474,49.25946139047313,3
169.01126741782784,57.167541316338834,49.42965221413566,3
169.03126875125008,55.50575028990152,45.09089845600686,3
169.0512700846723,52.72222563333943,43.98125487840373,3
169.07127141809454,54.83598783733621,45.378669163862305,3
169.09127275151675,47.70419314567113,38.82664406923126,3
169.111274084939,44.245193278583784,34.23648087958838,3
169.1312754183612,39.64089333226099,29.037961217125506,3
169.15127675178346,35.910771658703275,27.079452694756366,3
169.17127808520567,38.457408727057164,28.076015758325987,3
169.19127941862791,35.53364283596033,26.336926700874688,3
169.21128075205013,34.9233190253986,25.66428899976448,3
169.23128208547237,34.70871961363973,27.83627124842732,3
169.2512834188946,32.914832620546186,26.248319455769522,3
169.2712847523168,31.14125441436985,23.195382878446686,3
169.29128608573905,33.32398366824342,24.713909179369875,3
169.31128741916126,29.454670028091343,22.1591492141926,3
169.3312887525835,22.53698476090749,14.642704077646169,3
169.35129008600572,25.24673135019738,17.001749287278365,3
169.37129141942796,24.202048392187955,18.10179746548516,3
169.39129275285018,23.30179835389956,16.286588374438665,3
169.41129408627242,25.75667453119598,17.817817986037173,3
169.43129541969464,25.273658143228445,19.81859443604697,3
169.45129675311688,24.951975884797122,17.610617971701345,3
169.4712980865391,25.15373665457115,20.31309791015165,3
169.49129941996134,21.53961257862825,15.559280155691264,3
169.51130075338355,24.68504186904556,22.294882651372035,3
169.5313020868058,19.789161398889142,15.733666089177138,3
169.551303420228,20.764503457368917,16.14449402611574,3
169.57130475365022,17.73596034971453,14.721636179590545,3
169.59130608707247,20.92479471475141,17.207529436462963,3
169.61130742049468,25.461708318417287,21.960385305111622,3
169.63130875391693,30.14377887862523,25.997202941925153,3
169.65131008733914,31.597538987647177,27.43709158452132,3
169.67131142076138,30.858555043201402,27.08088845372931,3
169.6913127541836,31.549029980309335,26.268175012859693,3
169.71131408760584,26.51243999715736,19.67580454191103,3
169.73131542102806,30.00684891500675,27.490596479841447,3
169.7513167544503,28.522007858204173,26.344696484686562,3
169.77131808787252,31.015113470507462,27.494932132793476,3
169.79131942129476,35.79070468680858,31.593248717915817,3
169.81132075471697,40.64631388508246,39.046647422854804,3
169.83132208813922,39.652063464042136,38.07719895494131,3
169.85132342156143,45.47019390508405,43.45268150935361,3
169.87132475498365,45.35382160332246,41.95515055489253,3
169.8913260884059,46.77255057572353,44.63903486503707,3
169.9113274218281,47.86227465588049,46.6030066662487,3
169.93132875525035,46.4335093018495,44.677827086583285,3
169.95133008867256,46.16588915083548,44.65009846593539,3
169.9713314220948,52.702730858970185,48.51378835461747,3
169.99133275551702,55.93130953759214,53.23802709896243,3
170.01133408893926,58.98453582456673,57.43086524374805,3
170.03133542236148,64.64511876060584,61.44818361975305,3
170.05133675578372,70.71370422330395,68.00106977506339,3
170.07133808920594,64.50319137848494,61.17233799209383,3
170.09133942262818,66.7964648803821,63.922823451858115,3
170.1113407560504,71.57407440184801,69.8756353291989,3
170.13134208947264,68.86545726946903,66.12214798708364,3
170.15134342289485,67.90644420080035,63.97142478770857,3
170.17134475631707,75.18870253927739,68.10961422407284,3
170.1913460897393,72.82569274328175,69.67795768181071,3
170.21134742316153,77.51641984799296,74.16737303699327,3
170.23134875658377,79.949259822373,80.46308284926717,3
170.25135009000599,85.08272333913763,82.62731606500762,3
170.27135142342823,86.40738301064737,82.59167097768818,3
170.29135275685044,85.02570038320765,80.03299593559785,3
170.3113540902727,87.48626473371942,81.80409529245598,3
170.3313554236949,84.96804141949548,79.65545653247021,3
170.35135675711714,86.92969346227163,81.14317644461318,3
170.37135809053936,88.64708068719156,83.50680232727841,3
170.3913594239616,89.01502390275934,86.94478432721091,3
170.41136075738382,91.42746367038295,86.2254180771488,3
170.43136209080606,91.2358690390569,87.78778336576677,3
170.45136342422828,93.25407175166606,86.53505839552238,3
170.4713647576505,96.53904147515239,89.52156855443663,3
170.49136609107273,93.97887904101405,89.25258866767257,3
170.51136742449495,90.27311895990833,84.05615994565088,3
170.5313687579172,87.86892905943908,81.6902676391384,3
170.5513700913394,89.14804968943315,82.04766779445862,3
170.57137142476165,87.72984404393281,78.69615995675245,3
170.59137275818387,89.53306106945105,80.83475544487244,3
170.6113740916061,93.49487987909872,85.61883169119028,3
170.63137542502832,92.39043716540137,85.78884978848735,3
170.65137675845057,95.63412864704046,87.71363592946169,3
170.67137809187278,89.87700286806205,80.94909349456577,3
170.69137942529503,85.26505167895631,78.24359170843317,3
170.71138075871724,82.32818716091117,75.07450657906521,3
170.73138209213948,82.32923432125251,74.27606546149697,3
170.7513834255617,79.51059819779482,72.36622251236348,3
170.7713847589839,76.96251291612714,68.68102931367393,3
170.79138609240616,77.17870176124607,70.31162354341035,3
170.81138742582837,80.64764384955554,71.55746426101118,3
170.83138875925061,76.43617921836645,67.8149853567919,3
170.85139009267283,77.6603294648031,68.96596347991233,3
170.87139142609507,71.12404113107497,64.48266366879848,3
170.8913927595173,66.01054225598315,58.53522122228065,3
170.91139409293953,67.61032710045612,58.47593333620903,3
170.93139542636175,59.372951568465396,49.45773152529183,3
170.951396759784,55.67555727701109,46.38476830604599,3
170.9713980932062,61.78370727345916,52.32898835141451,3
170.99139942662845,54.011795615498535,45.46863447360172,3
171.01140076005066,51.83249534833766,42.50028014478154,3
171.0314020934729,57.90071198610879,48.58499720322435,3
171.05140342689512,53.72200600520828,43.68993496480579,3
171.07140476031734,47.723837534682204,37.25200807403389,3
171.09140609373958,50.34359823425814,39.99536706049542,3
171.1114074271618,44.633421348160326,35.37948846465116,3
171.13140876058404,36.81235208784431,27.65419053081901,3
171.15141009400625,36.43050758598725,28.54938545507278,3
171.1714114274285,39.30627061104083,31.933118471260705,3
171.1914127608507,35.50057082956395,27.20871557274684,3
171.21141409427295,38.43750903454516,30.439781062852322,3
171.23141542769517,35.07653718610019,25.97473594446894,3
171.2514167611174,34.58286209837548,26.080079475804467,3
171.27141809453963,34.43138203581299,24.927930316041678,3
171.29141942796187,32.19360977054647,27.597007584441066,3
171.31142076138408,32.64049884029984,26.229965305419597,3
171.33142209480633,26.93856656594991,16.654626998501616,3
171.35142342822854,23.852810011833448,14.99699169437491,3
171.37142476165076,22.1580250822025,17.181753688551066,3
171.391426095073,25.5443405107646,17.975736629681993,3
171.41142742849522,24.35274757267498,16.488905885523604,3
171.43142876191746,28.004207378871627,20.36902725811881,3
171.45143009533967,28.18658269603668,20.231841524586642,3
171.47143142876192,23.596674275449352,16.953714038468984,3
171.49143276218413,20.498997299071934,15.526277471090344,3
171.51143409560638,25.10784227849147,17.830977710937397,3
171.5314354290286,17.289946629205332,13.752604954018608,3
171.55143676245083,17.634662927550835,11.93566752745034,3
171.57143809587305,20.03336631083165,15.05007450739135,3
171.5914394292953,24.782611424320642,19.90915221271407,3
171.6114407627175,25.569932325723354,21.3902388130317,3
171.63144209613975,27.45128297947676,24.588867015587024,3
171.65144342956197,29.571317104343958,25.23824268983559,3
171.67144476298418,28.235750484028923,23.534958255733994,3
171.69144609640642,27.939537673599062,22.579808924924276,3
171.71144742982864,27.675759266614307,26.23436107308483,3
171.73144876325088,31.39358955248092,26.981055957843324,3
171.7514500966731,30.483301995022266,28.6159970604396,3
171.77145143009534,28.877735830867735,28.444107666047437,3
171.79145276351755,33.80788222833625,32.370626186808956,3
171.8114540969398,40.24660781966058,36.443357155545634,3
171.831455430362,43.78083438967311,40.942212447061486,3
171.85145676378426,46.54970207236619,43.45969777744823,3
171.87145809720647,43.725188708242854,41.52507569518941,3
171.89145943062871,46.71229546733166,44.525782658526595,3
171.91146076405093,48.25399999855529,44.36333839324272,3
171.93146209747317,47.253085232495636,43.35708390615424,3
171.9514634308954,46.020249885496455,45.25274209843767,3
171.9714647643176,47.66946714912982,43.760292346827804,3
171.99146609773985,55.47245281801839,53.17840380855023,3
172.01146743116206,55.21471571812134,51.72679466749599,3
172.0314687645843,60.89165031434316,60.39322355514808,3
172.05147009800652,65.37601755526657,63.53797728882114,3
172.07147143142876,63.64987384861473,60.549940077778096,3
172.09147276485098,68.58106207754555,65.84484370847036,3
172.11147409827322,69.39116711576456,68.11443460747844,3
172.13147543169543,68.79606515671296,64.07810851069597,3
172.15147676511768,69.63712709993122,67.54382136346996,3
172.1714780985399,73.37936677004873,68.69202799215142,3
172.19147943196214,74.53467313497667,72.02749150835535,3
172.21148076538435,82.0195137635005,76.76375721539631,3
172.2314820988066,81.58742759697469,77.60371324047615,3
172.2514834322288,84.65889466957672,81.73609565205294,3
172.27148476565102,83.83649255359765,80.10735425075383,3
172.29148609907327,84.06476930069843,79.31296763220656,3
172.31148743249548,86.23622012708374,84.09739918204683,3
172.33148876591773,84.58269826619996,80.8714762372483,3
172.35149009933994,84.27736950242983,82.79242645852902,3
172.37149143276218,89.31581489502926,84.57569847832056,3
172.3914927661844,89.46090367854194,83.41538474139894,3
172.41149409960664,93.52492259770946,87.07441258164236,3
172.43149543302886,89.55186664689826,84.87815134141636,3
172.4514967664511,94.79405384827236,88.95721682966635,3
172.47149809987332,92.64892341163542,85.18623641961875,3
172.49149943329556,91.72190518708086,86.89572552251431,3
172.51150076671777,92.5543967385084,87.60451691890258,3
172.53150210014002,86.19567448853137,79.73991594247921,3
172.55150343356223,88.12052632264589,81.77706967175143,3
172.57150476698445,89.31063467129043,83.21027090281854,3
172.5915061004067,87.418831665744,82.13217089052517,3
172.6115074338289,92.51015119511506,83.780038719854,3
172.63150876725115,88.66378948163104,81.00271356421543,3
172.65151010067336,88.25194031841265,84.62015440064008,3
172.6715114340956,89.9384121669444,81.70616876444493,3
172.69151276751782,89.59552456901956,80.27124641021935,3
172.71151410094006,83.0536956148428,76.0614255612518,3
172.73151543436228,75.28491565845387,67.5903141289663,3
172.75151676778452,78.12036621083499,70.06002106573594,3
172.77151810120674,78.72840645441282,65.92621630892242,3
172.79151943462898,77.54607746793835,68.6300671230066,3
172.8115207680512,79.92198492429183,68.5970153326703,3
172.83152210147344,74.82382669309918,68.5907805471793,3
172.85152343489565,72.8710247815721,62.77125649657079,3
172.87152476831787,78.08753948978261,69.54695887543764,3
172.8915261017401,66.02900479272358,57.73750951821678,3
172.91152743516233,64.47459787847693,57.16903212580711,3
172.93152876858457,61.023942782959395,51.629572164673945,3
172.95153010200679,55.6249041327528,50.5646037994078,3
172.97153143542903,58.056753921278364,50.99427799792186,3
172.99153276885124,60.003452682975784,49.99666321824672,3
173.0115341022735,54.81464267528526,45.823415124044,3
173.0315354356957,55.444294899865504,44.79981156622805,3
173.05153676911794,56.64753840150318,46.08345086273093,3
173.07153810254016,49.046904199787214,39.79686147698491,3
173.0915394359624,47.38385271226214,40.64131373136195,3
173.11154076938462,43.33332308312425,35.48434208174365,3
173.13154210280686,37.49032104815703,31.498541565223938,3
173.15154343622908,37.82460806896975,31.557055652540654,3
173.1715447696513,34.64901701177097,27.496414500991406,3
173.19154610307353,35.46252991667073,27.07152413653344,3
173.21154743649575,38.824749536961264,27.997445789202047,3
173.231548769918,36.38233021636386,25.448015989450333,3
173.2515501033402,36.40905109566487,29.728569679071732,3
173.27155143676245,33.86159811107118,25.335694807482245,3
173.29155277018467,29.871608960080117,22.222347764815886,3
173.3115541036069,24.246681353412647,16.828417522113085,3
173.33155543702912,24.798911459969155,13.405792718742244,3
173.35155677045137,20.460918967236864,13.13269256934315,3
173.37155810387358,20.588376918345073,14.97579000869059,3
173.39155943729583,20.37919299367663,13.44838023615338,3
173.41156077071804,25.569367319575104,18.69963298061724,3
173.43156210414028,25.716647551030558,19.994888023264235,3
173.4515634375625,28.145706454729325,20.88847322693772,3
173.4715647709847,26.32308589037187,19.50143639489153,3
173.49156610440696,20.467319108028683,15.70528261408227,3
173.51156743782917,28.215522511396024,20.58634789978718,3
173.53156877125141,18.946061891837754,14.212344985017623,3
173.55157010467363,15.998537637037442,11.633214722414523,3
173.57157143809587,23.092042679031962,18.553089105883462,3
173.5915727715181,24.79862152666984,19.3565863344709,3
173.61157410494033,27.98094945357391,22.436634884379455,3
173.63157543836255,29.06786149752036,26.352277391940333,3
173.6515767717848,27.39725160672147,23.41483884878229,3
173.671578105207,26.055168679465613,22.532193529905012,3
173.69157943862925,24.817472403504595,24.410195286062624,3
173.71158077205146,29.068923756805447,28.274798856019807,3
173.7315821054737,30.57465710056611,27.21280546477448,3
173.75158343889592,29.986691404390832,25.726157315437245,3
173.77158477231814,26.555717853066106,26.370085807318,3
173.79158610574038,35.11853789616972,30.979510929191058,3
173.8115874391626,36.53462758560086,32.60121178016593,3
173.83158877258484,40.223232047926494,38.985958217307505,3
173.85159010600705,43.5028221753355,40.41271584017749,3
173.8715914394293,44.20101619499201,41.90239007768598,3
173.8915927728515,50.07466593796528,49.872792446913344,3
173.91159410627375,44.39209654125571,43.02489206551396,3
173.93159543969597,48.18714025047516,45.059235253017356,3
173.9515967731182,48.28270648306647,47.602060761212854,3
173.97159810654043,50.68612821363726,48.29248233393026,3
173.99159943996267,57.19064801272907,54.60336985129479,3
174.01160077338488,57.71099264895162,58.43821107991721,3
174.03160210680713,60.4487180415318,60.295432501591485,3
174.05160344022934,65.89287162987408,64.75198286391752,3
174.07160477365156,68.33938628132428,66.62080904631335,3
174.0916061070738,67.82472643281741,64.73304332691917,3
174.11160744049602,67.86668244986093,67.28541216411618,3
174.13160877391826,66.98230046357287,64.82918781120357,3
174.15161010734047,71.50744927359283,70.80378381177398,3
174.17161144076272,75.07828436444795,73.25699777529103,3
174.19161277418493,75.37572687442874,73.01626500971936,3
174.21161410760718,77.63827186381057,77.64974064538801,3
174.2316154410294,85.16783575861625,81.69746324529021,3
174.25161677445163,87.3678692112303,84.58419131800801,3
174.27161810787385,86.13014953756849,82.9384482129431,3
174.2916194412961,88.76971542364694,84.35892364450734,3
174.3116207747183,82.55642759081002,79.85434626945921,3
174.33162210814055,85.8768629428691,81.60459514913586,3
174.35162344156277,82.25088784174366,78.39165747505626,3
174.37162477498498,86.0083800010777,80.54055268331096,3
174.39162610840722,90.86542331002187,86.65111444414823,3
174.41162744182944,90.60024543760964,82.70811199114864,3
174.43162877525168,92.91108237482423,85.3618403870948,3
174.4516301086739,93.99563251699264,87.32726233327662,3
174.47163144209614,92.14503916948162,86.4523317045235,3
174.49163277551835,87.90172323665817,81.83416755696626,3
174.5116341089406,91.90505886017402,82.97359507516173,3
174.5316354423628,88.5295979920161,82.06417461706383,3
174.55163677578506,90.66094866598604,86.05799722080091,3
174.57163810920727,90.3410502017088,82.48911069094166,3
174.5916394426295,88.3787846560648,81.58525243117788,3
174.61164077605173,91.91047454327266,85.20922954171776,3
174.63164210947397,93.7734587851796,88.91587917552026,3
174.6516434428962,95.28306083183324,87.98502965490464,3
174.6716447763184,88.64218483122063,80.39614355747231,3
174.69164610974065,87.21404521121751,77.84354535694163,3
174.71164744316286,84.82034507103056,78.8868885630623,3
174.7316487765851,85.93735408067545,78.37999314465172,3
174.75165011000732,79.93410080480625,71.04455268719846,3
174.77165144342956,80.69845815948395,71.00701498715833,3
174.79165277685178,76.29565948010645,69.6896410788764,3
174.81165411027402,82.18227885768479,73.72338002009984,3
174.83165544369623,76.6859180263023,68.06897709276802,3
174.85165677711848,73.81279199634811,62.18743126828529,3
174.8716581105407,75.1750400263253,68.25347494386706,3
174.89165944396294,69.94091860929286,59.19225520085666,3
174.91166077738515,62.91669333592555,56.68492128676529,3
174.9316621108074,57.70988737678511,50.69673128072176,3
174.9516634442296,60.59291960893908,51.026372541251924,3
174.97166477765182,53.62917953845004,45.442991092794244,3
174.99166611107407,56.26697814468926,47.67995748096001,3
175.01166744449628,57.652312485685094,51.19507499428812,3
175.03166877791853,57.43635693504124,48.20919467968357,3
175.05167011134074,51.76820502459176,44.117450705432354,3
175.07167144476298,49.50286838729713,43.52190836932176,3
175.0916727781852,44.3319258337675,37.33640707254356,3
175.11167411160744,41.775108204087466,32.93758700314645,3
175.13167544502966,44.02798622046878,34.17273556401492,3
175.1516767784519,36.082897127206955,28.186497313908575,3
175.17167811187412,33.58945034869409,22.840596489954283,3
175.19167944529636,35.081916303351285,29.9015363286645,3
175.21168077871857,39.195977846500476,28.386032302315108,3
175.23168211214082,39.91965183204127,29.75834796064028,3
175.25168344556303,36.62800425428143,27.155012989347302,3
175.27168477898525,27.911608014437466,21.82465029617044,3
175.2916861124075,31.920220963952545,21.89330818150118,3
175.3116874458297,26.464443532370964,18.965354362642504,3
175.33168877925195,19.33042829276241,11.94901492246722,3
175.35169011267416,23.14055079999223,15.205137233960235,3
175.3716914460964,20.505685118729208,13.787338894200678,3
175.39169277951862,22.336945901911715,13.942014976112956,3
175.41169411294086,23.685164906967128,17.80136556309863,3
175.43169544636308,27.597894055038637,22.915360376924895,3
175.45169677978532,23.012264280138165,15.00296892491746,3
175.47169811320754,25.924742972179526,20.265114695744145,3
175.49169944662978,20.777350789939998,15.532277363635465,3
175.511700780052,14.61288168991313,8.814109445087082,3
175.53170211347424,21.342255482851538,17.14885091211475,3
175.55170344689645,21.25195355930885,15.333880790692032,3
175.57170478031867,22.235229520871652,21.124854464541155,3
175.5917061137409,18.8118050303369,16.90473710837082,3
175.61170744716313,27.1583837832503,21.066563368555773,3
175.63170878058537,31.074489311826518,25.45749704190578,3
175.65171011400759,28.147581210274545,26.984320655386163,3
175.67171144742983,29.232202730676647,25.29946193335489,3
175.69171278085204,27.75855277936859,22.816021588923153,3
175.7117141142743,29.209540802002106,25.887623381493718,3
175.7317154476965,28.37184606285444,25.47145422631671,3
175.75171678111874,27.457508625650714,25.457677134419928,3
175.77171811454096,28.431036832575863,27.830589066959707,3
175.7917194479632,33.942197901468695,30.579864923167225,3
175.81172078138542,40.02401400028884,38.5545387401522,3
175.83172211480766,45.33977664544456,42.63530103858631,3
175.85172344822988,46.82798429214411,44.78762119139103,3
175.8717247816521,49.41195813437491,44.705542724528804,3
175.89172611507433,45.91896041139676,42.26228129688039,3
175.91172744849655,44.75467467607233,42.262302612405335,3
175.9317287819188,44.638294873711274,43.5708235292783,3
175.951730115341,50.216434542280524,47.2485770782664,3
175.97173144876325,47.29285044606441,45.56708485675731,3
175.99173278218547,58.494714175425734,57.4822806555592,3
176.0117341156077,62.921602861485944,61.66540445470837,3
176.03173544902992,67.54381064242612,63.76131933049026,3
176.05173678245217,65.2171039613558,64.81514705124067,3
176.07173811587438,64.38497709149597,60.299514105150756,3
176.09173944929663,70.26597695343584,67.96239742889665,3
176.11174078271884,67.54027983732624,63.724596232584176,3
176.13174211614108,68.92356071718979,66.70269478949847,3
176.1517434495633,72.06672621906786,67.55842571397149,3
176.1717447829855,71.49926861078967,69.98489463889997,3
176.19174611640776,76.35628851074597,73.32478445659932,3
176.21174744982997,77.91977978055506,77.36819004622559,3
176.23174878325221,87.03430139428684,80.41282272268228,3
176.25175011667443,83.65427049734863,80.23852716350895,3
176.27175145009667,87.73785425012171,83.1593079815152,3
176.2917527835189,86.50829730776347,82.55257210134857,3
176.31175411694113,85.10608947216811,81.1298604692007,3
176.33175545036335,85.59473400514538,81.79087834026436,3
176.3517567837856,85.34303277960895,81.87982941896584,3
176.3717581172078,87.96751919836757,84.45366539621155,3
176.39175945063005,88.19098998706937,82.48618841649039,3
176.41176078405226,88.42834059321153,84.74541862078357,3
176.4317621174745,94.4801239228924,87.80989392335775,3
176.45176345089672,91.49155226126894,88.79855226621252,3
176.47176478431894,96.74769829051301,91.20583115564374,3
176.49176611774118,96.90546191832837,89.35246258615271,3
176.5117674511634,90.82283080073663,85.65775332891567,3
176.53176878458564,91.71322285540879,86.0113791409604,3
176.55177011800785,88.51093579487699,80.23829280622785,3
176.5717714514301,90.85767497720482,81.29895318369991,3
176.5917727848523,91.87068425789059,86.46012613591363,3
176.61177411827455,90.70757062676216,84.96739100007326,3
176.63177545169677,92.12884924101068,83.15712674109842,3
176.651776785119,90.48646002885705,82.38200599035332,3
176.67177811854123,86.44344300612494,79.26871805530888,3
176.69177945196347,82.53812804276664,74.92186158967438,3
176.71178078538568,85.70831143720032,74.6804500657641,3
176.73178211880793,81.5952482392952,74.5891886655933,3
176.75178345223014,76.90684494520283,68.41899887455651,3
176.77178478565236,76.79970700638292,66.97634183906867,3
176.7917861190746,72.42710603036963,65.80629430529874,3
176.81178745249682,75.71226115369937,65.66123979280364,3
176.83178878591906,75.64298734695579,67.37889325870164,3
176.85179011934127,79.25860545817076,70.62235901871063,3
176.87179145276352,76.1570721543556,65.99313457533496,3
176.89179278618573,71.35906067274303,64.70800152089853,3
176.91179411960798,63.42426358558524,56.85878157065205,3
176.9317954530302,59.28793309934213,51.082162002400054,3
176.95179678645243,58.297684977362664,50.76743531341566,3
176.97179811987465,58.52324872256398,49.96440938245021,3
176.9917994532969,56.80260301271087,45.08988319662296,3
177.0118007867191,57.103825192221,47.74923561163677,3
177.03180212014135,55.34710942123968,44.98215339895491,3
177.05180345356356,52.40145623408792,44.667681149722206,3
177.07180478698578,53.64717336136139,43.92189219488232,3
177.09180612040802,47.390109972136095,40.525339658186255,3
177.11180745383024,40.98354712421654,33.50397801010232,3
177.13180878725248,35.3836072838613,28.171272436881164,3
177.1518101206747,34.79198181764083,27.303500001806214,3
177.17181145409694,37.3976234497417,28.350650476386424,3
177.19181278751915,37.806802399379855,28.713780726144975,3
177.2118141209414,35.53285919779026,27.99450463691929,3
177.2318154543636,35.52182184948725,27.154683226787537,3
177.25181678778586,35.835304266444794,26.761206900926993,3
177.27181812120807,31.40819962260359,23.068443943132205,3
177.2918194546303,31.35120675745642,24.31851543046394,3
177.31182078805253,27.930328761808315,22.290091509152717,3
177.33182212147477,25.094548381556002,15.860182510546155,3
177.351823454897,24.461752133122214,16.58876296281593,3
177.3718247883192,25.0766916564696,19.35321186779733,3
177.39182612174145,25.087570382648313,22.196478006940122,3
177.41182745516366,28.194842093218707,19.719329765657267,3
177.4318287885859,26.605387628267444,20.301284934935698,3
177.45183012200812,25.291180533292696,20.49196636311255,3
177.47183145543036,25.73526311288154,22.523295546445823,3
177.49183278885258,24.16165582238865,18.90013933301288,3
177.51183412227482,22.75168894987124,16.43675914219625,3
177.53183545569703,20.29060942463598,15.0228045237202,3
177.55183678911928,20.037999482016428,13.450578065637815,3
177.5718381225415,22.85334590923076,17.145699485854042,3
177.59183945596374,21.069817948787264,18.207876619413707,3
177.61184078938595,26.983812288282817,19.315622515443916,3
177.6318421228082,29.70034121292003,21.453152476988084,3
177.6518434562304,29.708043045581032,26.91098095448158,3
177.67184478965262,30.622845698474716,27.109865088487755,3
177.69184612307487,32.09943535151772,26.060421239758877,3
177.71184745649708,28.511847285746065,26.82753489672686,3
177.73184878991933,28.294457684067712,23.916302516030214,3
177.75185012334154,28.218665662642973,27.547046256552765,3
177.77185145676378,30.889858860826624,30.649095999543206,3
177.791852790186,40.06581682830877,35.03904094751463,3
177.81185412360824,36.47317355799141,32.251728211219664,3
177.83185545703046,41.9333818542825,39.81889079776526,3
177.8518567904527,46.185199328691,42.99981300482293,3
177.87185812387492,48.64556842926777,45.822834354842065,3
177.89185945729716,45.821030540532504,44.721213108145086,3
177.91186079071937,41.619086014870845,39.44934187323908,3
177.93186212414162,48.28711084761076,43.767348281681436,3
177.95186345756383,51.23173773008486,45.483520492362665,3
177.97186479098605,52.21383875427995,50.67259070953895,3
177.9918661244083,54.89583342028157,52.38069328455044,3
178.0118674578305,64.76279094230225,62.36309233376124,3
178.03186879125275,61.19444374912215,56.36843285179665,3
178.05187012467496,65.13368658762653,61.72823357084429,3
178.0718714580972,69.08629838002896,66.85291692225975,3
178.09187279151942,68.88754978827413,66.8714054562052,3
178.11187412494166,67.80372122927211,65.4303208022564,3
178.13187545836388,70.51836503166058,69.29716368363813,3
178.15187679178612,67.30923668103735,63.458388800221655,3
178.17187812520834,69.17471108779213,64.84011476920128,3
178.19187945863058,71.42948379725004,71.25164020333912,3
178.2118807920528,78.98757346182659,75.10267458641312,3
178.23188212547504,82.91097443565789,81.1569659805769,3
178.25188345889725,87.34801245231411,83.55575109147769,3
178.27188479231947,85.43496794520563,81.89036938751293,3
178.2918861257417,85.41609413659569,82.02952281366365,3
178.31188745916393,85.93797491846544,82.02916831694311,3
178.33188879258617,84.01316297697879,79.7465833678257,3
178.35189012600839,80.0714402776947,76.09275188100324,3
178.37189145943063,84.38711651945414,80.13850984417317,3
178.39189279285284,93.9708244267107,89.89902681184569,3
178.4118941262751,91.35035373572556,86.89397295636137,3
178.4318954596973,97.26590154981061,91.50939841401953,3
178.45189679311954,93.66746336045695,89.50682524733519,3
178.47189812654176,96.23380931341113,89.58984292476367,3
178.491899459964,90.53696345967691,86.13709864567905,3
178.51190079338622,94.55827901496141,86.46440202775707,3
178.53190212680846,91.00090627499308,84.34863893862207,3
178.55190346023068,87.60162842415266,81.27875290047234,3
178.5719047936529,90.71171339514031,83.37010022437337,3
178.59190612707513,90.30295380952165,82.37662050525762,3
178.61190746049735,89.98013035388362,84.85066619860817,3
178.6319087939196,93.97498034751284,86.93396870730275,3
178.6519101273418,89.05859671804212,83.91175246575051,3
178.67191146076405,84.8914011583464,78.57640909450521,3
178.69191279418627,88.36230911726271,81.65674337196735,3
178.7119141276085,80.78314519707378,75.24600665181198,3
178.73191546103072,79.70675028168782,71.79628368584781,3
178.75191679445297,78.63417193659552,69.54304427024414,3
178.77191812787518,77.76059988837913,67.53396321405117,3
178.79191946129743,79.68181908767991,70.3762343380107,3
178.81192079471964,77.35816536772126,68.62737070074354,3
178.83192212814188,74.26643740526248,63.77234887817915,3
178.8519234615641,74.42696937285253,65.70070656987555,3
178.8719247949863,73.86316787404871,62.632007131730354,3
178.89192612840856,68.77063951385617,62.74260450608109,3
178.91192746183077,69.1004446564852,60.78501363434068,3
178.93192879525301,65.82568723951807,54.08380504435165,3
178.95193012867523,58.17369581958423,50.90780716601322,3
178.97193146209747,58.83492963521069,50.49993543800299,3
178.9919327955197,57.374079361644775,49.54981834468352,3
179.01193412894193,59.05073814624541,54.02315849178291,3
179.03193546236415,58.64003605817687,50.76027271523581,3
179.0519367957864,54.544112620295245,47.424315823983655,3
179.0719381292086,48.404033267142935,39.37991354382042,3
179.09193946263085,46.71247270835228,36.59361326343467,3
179.11194079605306,44.20632181980318,34.52924205473994,3
179.1319421294753,40.280530625616045,33.48108871120131,3
179.15194346289752,36.39005925391872,25.21402066302974,3
179.17194479631974,36.07217589388555,27.999213162113794,3
179.19194612974198,33.91252144206875,25.388882190220965,3
179.2119474631642,36.697742329625775,26.78319018852291,3
179.23194879658644,34.95487553045634,26.039410637008668,3
179.25195013000865,36.018263238950816,25.43925275851657,3
179.2719514634309,31.95047449831692,26.375959138876155,3
179.2919527968531,31.793567221186844,22.263679629364553,3
179.31195413027535,27.399078498466213,19.22505254612314,3
179.33195546369757,25.12889825896623,16.76074030359427,3
179.3519567971198,23.45491346283044,16.951356513499338,3
179.37195813054203,21.62352810278938,15.677329280960437,3
179.39195946396427,25.673026723241154,14.806707123681807,3
179.41196079738648,26.701163900325472,18.521506039620956,3
179.43196213080873,32.90228248603377,26.02640579474272,3
179.45196346423094,26.808936462593973,21.07655725041223,3
179.47196479765316,29.019941669749503,23.390619551480018,3
179.4919661310754,20.790877256440616,14.259918485647317,3
179.51196746449762,20.902468299031298,17.675984372877075,3
179.53196879791986,25.10574644503734,18.34109186247231,3
179.55197013134207,23.967579225715586,22.021092561083258,3
179.57197146476432,21.424525008071424,18.18975367788159,3
179.59197279818653,17.546172658602842,14.213391507504326,3
179.61197413160878,24.136328138635992,21.6343951379571,3
179.631975465031,27.330597990325934,26.301313187856966,3
179.65197679845323,31.439853279456127,26.803635177780517,3
179.67197813187545,29.765835289824572,25.140690388722884,3
179.6919794652977,30.91619893851357,26.688685314155617,3
179.7119807987199,29.336023260189066,25.229078001951095,3
179.73198213214215,29.025500610282723,27.17252767018133,3
179.75198346556436,30.86648189996995,28.011973304323412,3
179.77198479898658,34.52611460871249,32.09341546161639,3
179.79198613240882,32.48080864807406,29.396408477954537,3
179.81198746583104,42.07258658799247,38.751316382910716,3
179.83198879925328,37.85369930683322,37.42965885121642,3
179.8519901326755,44.006175141997545,42.95424241472967,3
179.87199146609774,44.310576157944645,43.81906270115166,3
179.89199279951995,42.250378411182524,42.03838322863325,3
179.9119941329422,47.541235114018065,43.61272287659637,3
179.9319954663644,42.02837503457898,42.61093995509799,3
179.95199679978666,49.74460122751747,47.22227276202783,3
179.97199813320887,53.258179126686905,51.262589097622524,3
179.9919994666311,56.29502434312633,54.438291084705824,3
180.01200080005333,62.304964557068786,58.77179146374237,3
180.03200213347557,62.0083708046927,59.27300593695095,3
180.0520034668978,64.61394235790854,62.21527561281266,3
180.07200480032,65.19714266052421,64.4893586347144,3
180.09200613374225,69.47260480585685,67.169626938662,3
180.11200746716446,67.092699238751,64.45969932596321,3
180.1320088005867,68.79054648718589,64.88027235535618,3
180.15201013400892,69.21539913721823,65.89125992017016,3
180.17201146743116,70.20217484600322,69.0500469147131,3
180.19201280085338,74.35973992913131,71.91874048498809,3
180.21201413427562,83.23605762190257,78.84529056010012,3
180.23201546769783,79.973555771099,77.382725111741,3
180.25201680112008,85.04585110217742,79.54510801287489,3
180.2720181345423,91.40241786997098,85.23351563476537,3
180.29201946796454,83.52390540574685,80.08969959598006,3
180.31202080138675,87.86076750993888,84.42170021448669,3
180.332022134809,91.76351522499569,86.17215729462262,3
180.3520234682312,83.72831428624274,77.30722250094003,3
180.37202480165342,85.50192684554543,80.8503751083887,3
180.39202613507567,91.97527309210132,87.39898928551456,3
180.41202746849788,89.2657012623228,85.66281476626656,3
180.43202880192013,92.15795950261592,88.08647839058266,3
180.45203013534234,92.7575733507121,88.26217157894835,3
180.47203146876458,92.81894566365402,85.91373921490766,3
180.4920328021868,92.13027956709568,87.73038591536235,3
180.51203413560904,88.90360247481968,83.33525176338844,3
180.53203546903126,91.30714531869344,87.05283643650337,3
180.5520368024535,90.56268678765969,82.19337340792974,3
180.57203813587572,84.98357278707931,81.21712781883022,3
180.59203946929796,88.76153497210204,80.25082179310121,3
180.61204080272017,90.98581727452915,83.78485828405509,3
180.63204213614242,95.11254191182493,86.08658871638204,3
180.65204346956463,92.5113222150027,82.28417667433928,3
180.67204480298685,85.12026689061413,78.55111877552115,3
180.6920461364091,86.6421900612686,77.37693781905813,3
180.7120474698313,79.0511857160529,72.32503351125033,3
180.73204880325355,83.71850829317752,76.97268125198308,3
180.75205013667576,75.9929270910089,67.66354636999414,3
180.772051470098,77.34449232992954,71.6902587860957,3
180.79205280352022,72.73939431149891,66.4760618387932,3
180.81205413694246,74.44456776943146,65.86350680955331,3
180.83205547036468,80.14523545546719,71.782587501951,3
180.85205680378692,76.44677626053395,68.65660180260387,3
180.87205813720914,72.41519880935998,62.25013359066906,3
180.89205947063138,73.43393466070754,65.33698013513487,3
180.9120608040536,65.03224455086193,54.192813045482154,3
180.93206213747584,55.219041106559025,47.5879496066847,3
180.95206347089805,55.68543617896604,47.29653604953884,3
180.97206480432027,60.05896388739654,49.77376768482298,3
180.9920661377425,56.98875365393913,49.22940077628817,3
181.01206747116473,56.902940016370835,47.94881411795246,3
181.03206880458697,57.328053083086495,48.49014584095836,3
181.05207013800919,54.368337113889055,45.842070237406055,3
181.07207147143143,49.556515881178555,42.04339352706696,3
181.09207280485364,50.41374494965707,41.649083815740354,3
181.1120741382759,43.40090411559615,36.5037768532305,3
181.1320754716981,39.869155163626964,31.56034307034197,3
181.15207680512034,41.363787093440926,32.03807053008056,3
181.17207813854256,38.72766679331396,29.456549742085137,3
181.1920794719648,38.192127335350904,30.681914363811156,3
181.21208080538702,38.08212723882272,29.948042863463588,3
181.23208213880926,35.35815697232693,29.678019293351873,3
181.25208347223148,39.331579643647615,30.079265779181657,3
181.2720848056537,33.63017409913746,25.923717643756664,3
181.29208613907593,27.372864649784976,20.34444136637953,3
181.31208747249815,22.17578316177963,15.931776274601416,3
181.3320888059204,23.133506565142632,16.859213501854796,3
181.3520901393426,21.79664353151556,16.59571754269306,3
181.37209147276485,19.155370138857563,12.936347864918174,3
181.39209280618707,22.239076520689,15.771113401592672,3
181.4120941396093,24.924030766768833,20.30537304646772,3
181.43209547303152,24.074785376090677,17.302185785902974,3
181.45209680645377,26.213536614958237,18.217250949822787,3
181.47209813987598,23.594179710170664,17.238049900541718,3
181.49209947329823,18.449701985121713,14.523875321603237,3
181.51210080672044,21.721107944981036,18.274012072958197,3
181.53210214014268,17.807899647562454,10.641377469808045,3
181.5521034735649,21.42867611831402,14.77116083202209,3
181.5721048069871,21.3559062719274,17.14946516728005,3
181.59210614040936,25.574993221383433,20.820338718177688,3
181.61210747383157,28.14468544891909,22.620264832092996,3
181.63210880725381,28.071040830996125,23.409282977816954,3
181.65211014067603,24.31434556086115,20.30536596827758,3
181.67211147409827,31.66294942788804,27.029900697520898,3
181.6921128075205,25.56013032169073,22.616747045791193,3
181.71211414094273,28.852865562921835,25.59089493629068,3
181.73211547436495,29.486186953583566,27.685897064990392,3
181.7521168077872,30.490898498989214,25.511876793470392,3
181.7721181412094,32.84625488846835,31.977448883233755,3
181.79211947463165,38.14247025354847,35.224174234663515,3
181.81212080805386,33.951130690363826,30.45031766628831,3
181.8321221414761,44.16215386128837,40.79357073470223,3
181.85212347489832,47.3803429230089,43.73667181782933,3
181.87212480832054,47.972180950134224,45.24815166418413,3
181.89212614174278,44.85712379982919,43.00173303371566,3
181.912127475165,46.40982827053767,42.050523639654,3
181.93212880858724,47.12329604590931,47.084386385386566,3
181.95213014200945,49.936852616936726,45.37233921362452,3
181.9721314754317,55.0619608198827,51.36935264407952,3
181.9921328088539,57.90248996531619,55.43068300498673,3
182.01213414227615,59.420060679760326,57.38571981635216,3
182.03213547569837,58.4723674523194,57.812185494340305,3
182.0521368091206,67.52310303850625,66.00553621056136,3
182.07213814254283,65.85911096673502,61.479936834522874,3
182.09213947596507,68.6536811794098,65.74685718778892,3
182.11214080938728,68.8440854479388,68.90808113415522,3
182.13214214280953,71.52197236769071,69.45280172483938,3
182.15214347623174,70.55443678326394,68.18469501810026,3
182.17214480965396,70.127857115322,67.40329527130572,3
182.1921461430762,76.20349003161792,74.29552042260275,3
182.21214747649842,80.4151631755772,75.30688408653776,3
182.23214880992066,82.98015416145996,79.20063422823796,3
182.25215014334287,84.72590685110369,81.44624224754556,3
182.27215147676512,90.05179234032737,84.13977735048961,3
182.29215281018733,84.54959426756218,81.8793412448248,3
182.31215414360958,86.59533565486053,80.70630691523526,3
182.3321554770318,85.15852889257002,82.33604166276247,3
182.35215681045403,83.34941882059833,78.53130068762755,3
182.37215814387625,85.04629429717876,80.55880180989293,3
182.3921594772985,91.96804334111752,88.78849987030942,3
182.4121608107207,94.61965918491634,89.27962240819075,3
182.43216214414295,93.93737534023204,87.89181930792058,3
182.45216347756516,92.64669688055092,88.02257905234833,3
182.47216481098738,93.47774947461839,88.3593040899229,3
182.49216614440962,89.89092486957712,84.4452211480203,3
182.51216747783184,92.9627220140925,85.01881318738519,3
182.53216881125408,92.91474865815945,86.58254064609326,3
182.5521701446763,89.44067956509237,81.00717131823016,3
182.57217147809854,86.41588885712859,81.00142671713003,3
182.59217281152075,86.61102160082761,78.69284844734133,3
182.612174144943,87.32135245708236,80.60769712122261,3
182.6321754783652,91.90028641212446,84.34512235069916,3
182.65217681178746,95.24783999875692,84.41132332815675,3
182.67217814520967,88.11275236203247,79.3201843575634,3
182.6921794786319,86.55998865632066,76.97826765803563,3
182.71218081205413,81.13314113592298,75.01916164046973,3
182.73218214547637,78.86480109528067,69.40759652263348,3
182.7521834788986,79.0545164538694,69.28790626588601,3
182.7721848123208,80.24742539235977,72.80444136070888,3
182.79218614574305,80.1860332343128,70.98799036993466,3
182.81218747916526,79.68438082105125,69.66304434162427,3
182.8321888125875,76.3310263065036,69.62307323722852,3
182.85219014600972,75.01886452946266,66.4944138302673,3
182.87219147943196,70.0966765203305,60.881676374263805,3
182.89219281285418,66.0477397854582,54.74740228627307,3
182.91219414627642,68.52575663536442,57.96969700210973,3
182.93219547969863,62.68347228277719,52.45691322148032,3
182.95219681312088,58.636115950555116,48.465891317516075,3
182.9721981465431,56.995757515507144,47.36613213533727,3
182.99219947996534,56.57320994014641,48.27253111486397,3
183.01220081338755,57.40677902974453,47.34733500115439,3
183.0322021468098,55.78688418312574,49.780938950857845,3
183.052203480232,54.43250322296384,43.726914739118236,3
183.07220481365422,54.209421566226666,44.58531316960666,3
183.09220614707647,45.94133174098961,38.048028940125405,3
183.11220748049868,44.55046908106427,35.640366360525725,3
183.13220881392093,40.49375575455907,32.71572110885553,3
183.15221014734314,42.48272562130171,32.519235153409824,3
183.17221148076538,34.861394066137315,27.46435831423479,3
183.1922128141876,39.57735222308272,32.26637814179475,3
183.21221414760984,40.12809965372896,29.368437377924085,3
183.23221548103206,41.00857261085199,30.1473728498653,3
183.2522168144543,34.242445976008106,26.22038693013331,3
183.27221814787652,29.950610201909797,22.67602897319606,3
183.29221948129876,30.151461733122517,22.07561620968651,3
183.31222081472097,26.21710082140612,19.19882986626794,3
183.33222214814322,24.469696403001482,15.140305751230665,3
183.35222348156543,24.29310546216436,15.853601669571738,3
183.37222481498765,24.64871524741195,17.208261863394103,3
183.3922261484099,20.279726340227658,13.763529058601005,3
183.4122274818321,23.372998242941282,17.317223821214064,3
183.43222881525435,26.34504011958416,17.859641351490357,3
183.45223014867656,25.623658565970416,20.432268343334055,3
183.4722314820988,25.09717282702714,18.97399991200877,3
183.49223281552102,18.974472718761977,13.975019438361734,3
183.51223414894326,21.56248133150062,17.32404634155603,3
183.53223548236548,19.002867333168535,12.677175527901849,3
183.55223681578772,18.65724175782357,16.55347840598238,3
183.57223814920994,20.684180459601084,16.15952113087067,3
183.59223948263218,22.03889621351745,15.41427711466168,3
183.6122408160544,23.490190179684436,20.060190322605056,3
183.63224214947664,31.157054530196227,25.39074699724973,3
183.65224348289885,27.65721696055223,22.587209493916973,3
183.67224481632107,27.385794178195464,24.46984545331354,3
183.6922461497433,29.238018088810193,23.672247101998266,3
183.71224748316553,29.62206263873506,24.579835468044884,3
183.73224881658777,27.920336621082317,24.502138125712534,3
183.75225015000998,30.815397811292478,26.609935158238105,3
183.77225148343223,33.25352894254781,31.172530705152244,3
183.79225281685444,37.625703767730364,33.93576812180204,3
183.8122541502767,35.52527192984188,31.44448788480043,3
183.8322554836989,45.99707393942749,41.703283237489174,3
183.85225681712114,46.282599305374994,42.476740893196954,3
183.87225815054336,44.09443261947028,41.71606150641859,3
183.8922594839656,40.21707320476217,37.63125855791615,3
183.91226081738782,44.42619145051163,43.40121535404655,3
183.93226215081006,46.65810184402994,45.59688398314784,3
183.95226348423228,46.67497318031519,45.556875004543166,3
183.9722648176545,56.41851520504105,54.41694726985144,3
183.99226615107673,55.97328291031298,53.855016246773395,3
184.01226748449895,58.893454641523306,57.864777599780396,3
184.0322688179212,63.41718079265219,60.852316238195264,3
184.0522701513434,69.46045793962163,67.18255071774587,3
184.07227148476565,68.09611423817313,62.6683629910185,3
184.09227281818787,66.80900738984609,64.04800490413453,3
184.1122741516101,66.86942355510529,64.14578868540607,3
184.13227548503232,66.58815899861611,62.34543942503982,3
184.15227681845457,69.06923047649434,65.58909662315529,3
184.17227815187678,74.61914951278962,71.21500269334707,3
184.19227948529903,78.98377763754024,76.6941613790303,3
184.21228081872124,80.32657838289055,77.69490418750841,3
184.23228215214348,81.06986739803165,76.50372090718331,3
184.2522834855657,83.50875153432439,78.79337134116884,3
184.2722848189879,83.96999690225664,82.12997170217375,3
184.29228615241016,91.99782178789849,89.35146247727569,3
184.31228748583237,84.27930032776524,80.29032608667393,3
184.33228881925461,80.57801702447361,80.11315905429198,3
184.35229015267683,83.34066080941916,80.60109833572292,3
184.37229148609907,86.74856627511511,82.77572880818991,3
184.3922928195213,91.82584203009296,87.01204497708645,3
184.41229415294353,94.03961274022292,85.78917712334409,3
184.43229548636575,91.69307389045643,87.44248735208639,3
184.452296819788,91.42145784139763,87.69511594234253,3
184.4722981532102,95.33983867180608,90.95354626397213,3
184.49229948663245,90.75401993005377,84.94794688511784,3
184.51230082005466,89.94560830466493,84.51627629717244,3
184.5323021534769,88.15379920528669,83.64182548358178,3
184.55230348689912,88.01933147683806,83.99219438075265,3
184.57230482032134,86.35184823650656,83.35822134486945,3
184.59230615374358,85.84675111405409,79.25691385670854,3
184.6123074871658,89.33744918545909,84.58860667990838,3
184.63230882058804,88.39361114507345,81.81200552025071,3
184.65231015401025,87.93791776373631,81.1622130109503,3
184.6723114874325,90.7448444808142,82.58002277940143,3
184.6923128208547,86.93134742192233,79.60868240346528,3
184.71231415427695,86.9846460865476,80.7841484881577,3
184.73231548769917,83.08594470955921,75.53353713821065,3
184.7523168211214,76.29013113059338,66.59374511702859,3
184.77231815454363,75.99246476994259,65.45304772764193,3
184.79231948796587,74.60505823044048,64.0397952971172,3
184.81232082138808,79.09317358941617,69.90758876931052,3
184.83232215481033,77.26381362814408,67.23071981577213,3
184.85232348823254,77.58152177619048,68.00601288492693,3
184.87232482165476,73.41274723356595,64.38376619181787,3
184.892326155077,70.96783215217026,60.55580531190934,3
184.91232748849922,62.5364361112108,54.22475126498349,3
184.93232882192146,61.88364416958872,53.95788072608256,3
184.95233015534367,58.33469244018792,50.08684045809089,3
184.97233148876592,57.722347388753086,51.01779789348618,3
184.99233282218813,56.94781900806873,46.15667194976521,3
185.01233415561038,61.095669310454554,50.46902342214685,3
185.0323354890326,52.42239837996934,42.551554060990256,3
185.05233682245483,57.587632547468125,48.241828018585096,3
185.07233815587705,51.12032987922354,42.80435300670416,3
185.0923394892993,42.544866373261,32.97525358828211,3
185.1123408227215,43.90558290366543,34.514084128414076,3
185.13234215614375,42.149105851280616,35.17614070790087,3
185.15234348956596,36.956521708069445,27.732588008101246,3
185.17234482298818,40.550302503560665,28.36796004054106,3
185.19234615641042,37.16237277215389,29.636624455000245,3
185.21234748983264,34.836143329545024,26.4184697538781,3
185.23234882325488,35.16989464917339,28.030627106655228,3
185.2523501566771,39.288023835658116,29.4626154782937,3
185.27235149009934,32.94753644257988,24.82366577610337,3
185.29235282352155,30.70782746460027,22.097446210460166,3
185.3123541569438,27.3802837598696,21.737101936191007,3
185.332355490366,22.37592706694353,14.532124864108319,3
185.35235682378826,23.88460727108906,17.356549671902382,3
185.37235815721047,24.3604031606254,16.836620592180058,3
185.3923594906327,24.715044428167083,17.0638304857399,3
185.41236082405493,23.255174546400884,17.23148098002785,3
185.43236215747717,27.28522299711257,21.291128968754137,3
185.4523634908994,28.279464876249104,21.876725003855125,3
185.4723648243216,24.50670743433868,17.231890075417038,3
185.49236615774385,23.748998180960534,17.715851772130645,3
185.51236749116606,18.336950032871805,12.144336958432637,3
185.5323688245883,21.132206103590878,16.149931523990166,3
185.55237015801052,16.894403193941887,12.152401565665127,3
185.57237149143276,17.625122520792775,14.878514686126648,3
185.59237282485498,29.382784943236096,21.90469588531223,3
185.61237415827722,24.056603589584032,18.585801585230087,3
185.63237549169943,29.685200547075898,24.444894669953158,3
185.65237682512168,26.713932522089863,23.086219858562703,3
185.6723781585439,27.75004602244554,24.567708807936096,3
185.69237949196614,23.608790925419104,21.845353303861465,3
185.71238082538835,29.026801975002943,25.371097831134186,3
185.7323821588106,25.888945830985246,21.258635315598017,3
185.7523834922328,28.11536191466576,24.714934951759943,3
185.77238482565502,35.995924331825826,28.805691130898232,3
185.79238615907727,33.58083431299129,30.784153312650155,3
185.81238749249948,41.13365683933225,37.83907101182757,3
185.83238882592173,38.84346159694644,36.22869694439534,3
185.85239015934394,44.515561031584916,43.14714417358724,3
185.87239149276618,41.73495180209081,39.489493440707754,3
185.8923928261884,43.49063164815206,41.34149204815747,3
185.91239415961064,48.54269633982551,47.39034227166512,3
185.93239549303286,49.07688459223077,46.667848314076345,3
185.9523968264551,47.166090288485385,45.23582354103342,3
185.97239815987732,54.64861238044038,53.42959073077247,3
185.99239949329956,56.015942401134986,55.3525742548809,3
186.01240082672177,61.72181136335624,59.41153224469273,3
186.03240216014402,64.55329622680223,60.87767303315496,3
186.05240349356623,62.61588328738626,60.04716593872611,3
186.07240482698845,62.74157220093163,59.628591928883715,3
186.0924061604107,69.06574734817741,67.4428721704522,3
186.1124074938329,66.32370394380798,65.01253148957076,3
186.13240882725515,71.14996982338396,69.60376932432732,3
186.15241016067736,72.0696717528157,68.73167608357531,3
186.1724114940996,68.4678479466712,67.5880863205395,3
186.19241282752182,76.81826906805624,75.37291828358234,3
186.21241416094406,79.1826045899084,76.39590142472336,3
186.23241549436628,83.45776668897663,79.6736872021967,3
186.25241682778852,84.9895069059192,78.77169159880042,3
186.27241816121074,83.58204455075759,80.35143937564307,3
186.29241949463298,87.36402067542245,86.21402276428496,3
186.3124208280552,88.61590392717348,82.18613680199284,3
186.33242216147744,85.99444271248085,80.61314778181898,3
186.35242349489965,87.23622325671968,83.22612410644909,3
186.37242482832187,89.1880200736954,84.04476294422346,3
186.3924261617441,86.35515445392711,83.72185715309797,3
186.41242749516633,89.2445407435996,85.61938106802192,3
186.43242882858857,89.83055111263705,84.41220376702519,3
186.45243016201078,96.24283372440566,90.36877124244096,3
186.47243149543303,97.0844028246802,90.60950797225256,3
186.49243282885524,89.11071137852794,85.84960587248464,3
186.5124341622775,91.36235552900709,85.01302539603034,3
186.5324354956997,87.04165519173016,79.91779879400116,3
186.55243682912194,84.80674646688593,78.19297098313072,3
186.57243816254416,89.7822903972051,81.75086922227054,3
186.5924394959664,86.62615319348508,80.13771056176499,3
186.61244082938862,91.79144966950486,83.31590622536015,3
186.63244216281086,93.78027180879208,83.88219914184154,3
186.65244349623308,91.33370365047229,85.05809134493286,3
186.6724448296553,87.9726883826493,83.11223240064642,3
186.69244616307753,90.61493360392879,80.55115810525159,3
186.71244749649975,84.3171765947906,74.8172707773207,3
186.732448829922,80.17876977448319,69.84439214973023,3
186.7524501633442,80.67913450761957,68.5727016942251,3
186.77245149676645,78.65355554513172,69.03601149369953,3
186.79245283018867,76.29090116758078,68.74018179199575,3
186.8124541636109,78.0212585957572,68.1319686861889,3
186.83245549703312,81.4075706980919,71.04902346016988,3
186.85245683045537,72.61381414526151,65.55532471408792,3
186.87245816387758,72.56746218173963,63.63174274800187,3
186.89245949729982,66.192797461904,57.78336294598961,3
186.91246083072204,68.36395293881097,58.88794505157887,3
186.93246216414428,62.754499704288904,52.65215961586348,3
186.9524634975665,60.28862511941412,48.923292574173985,3
186.9724648309887,59.95851063109932,51.829345027931936,3
186.99246616441096,52.577707530978444,47.73792682136485,3
187.01246749783317,54.50154889000316,45.776395600494645,3
187.03246883125541,56.62611765744915,45.334371917687335,3
187.05247016467763,53.78512653378257,43.54745861874226,3
187.07247149809987,48.93677100750969,41.08244097223853,3
187.0924728315221,48.60010869617125,39.35545404389014,3
187.11247416494433,47.53505482827073,35.74792995226372,3
187.13247549836655,41.23688152637823,30.49775403122447,3
187.1524768317888,41.02176118375663,30.430961327360016,3
187.172478165211,36.112039960711854,25.14710064800042,3
187.19247949863325,39.85907169724445,31.47950275103736,3
187.21248083205546,36.74451704435828,28.94335105820469,3
187.2324821654777,37.86562822749323,29.560411012602135,3
187.25248349889992,35.65084851001313,27.26480002871091,3
187.27248483232214,26.060522078138163,19.414182293507174,3
187.29248616574438,31.673432085756282,21.647371444121937,3
187.3124874991666,27.337701201197994,19.90253016682257,3
187.33248883258884,24.326547119098212,17.14316086883383,3
187.35249016601105,21.079847891706,15.345498039745962,3
187.3724914994333,21.902224127517304,16.011150040556775,3
187.3924928328555,18.813631706156325,11.915364741285691,3
187.41249416627775,24.657968485414358,18.425219503670746,3
187.43249549969997,24.807756809120523,18.908872857133886,3
187.4524968331222,20.929932151238347,16.397293981492137,3
187.47249816654443,22.61403301678057,17.98844507521301,3
187.49249949996667,24.25356317210979,19.139802960172954,3
187.51250083338888,19.868856099011996,16.95268817882087,3
187.53250216681113,19.39701895032728,16.11491292830709,3
187.55250350023334,18.60757585775674,13.730814086228929,3
187.57250483365556,22.697548978249646,19.522056662970495,3
187.5925061670778,20.90676546173609,15.087384526706515,3
187.61250750050002,25.333944075250447,19.217377053811575,3
187.63250883392226,24.12078587907741,22.98484752865854,3
187.65251016734447,30.797737174801654,26.418275581109615,3
187.67251150076672,25.75407497394716,22.43561111924924,3
187.69251283418893,24.457390675430062,22.55704762004515,3
187.71251416761118,25.19052964402402,23.148363250164937,3
187.7325155010334,23.118612921305118,21.425749080841097,3
187.75251683445563,32.83016098184648,26.27210324237878,3
187.77251816787785,28.453363264649138,23.88793066453696,3
187.7925195013001,33.53460219452138,32.29729612874102,3
187.8125208347223,37.13698940758284,34.89211182790171,3
187.83252216814455,43.0667213456458,39.254055583569766,3
187.85252350156676,45.159856611441064,42.590860890839394,3
187.87252483498898,47.06753451735045,42.443493645703434,3
187.89252616841122,49.54918397429491,47.35259274270193,3
187.91252750183344,46.06397752794697,46.99525035014324,3
187.93252883525568,49.7833058984611,47.210067038135506,3
187.9525301686779,47.36428433570529,46.65385637287211,3
187.97253150210014,53.76069484126682,51.96614284179991,3
187.99253283552235,51.74809162528855,51.25220246862171,3
188.0125341689446,58.06303668609526,54.84609798103859,3
188.0325355023668,60.459662464888275,57.038930882831885,3
188.05253683578906,65.82518109110818,64.57669218458294,3
188.07253816921127,70.53736160711755,69.0257025569079,3
188.0925395026335,67.1515589708559,64.98426984275996,3
188.11254083605573,70.03357445993085,66.74656432963435,3
188.13254216947797,69.0304263448725,64.35278359290612,3
188.1525435029002,68.72278085767128,64.44685722007833,3
188.1725448363224,73.81138249712943,71.76382514922122,3
188.19254616974465,73.45120846660875,73.38455373904866,3
188.21254750316686,80.36087289110449,76.28578033436548,3
188.2325488365891,85.2409655837488,81.4888711353062,3
188.25255017001132,86.8836589587278,82.42507192532838,3
188.27255150343356,86.83658072536451,85.849215853649,3
188.29255283685578,91.3811728530103,86.72373686014222,3
188.31255417027802,85.05323976571519,81.68719305456302,3
188.33255550370023,86.95786098113999,82.91268855974705,3
188.35255683712248,88.49319177061844,82.76720851596735,3
188.3725581705447,89.90760794567115,82.14819212356223,3
188.39255950396694,87.02457448020117,83.79541138195967,3
188.41256083738915,94.07942248664467,89.00261076920368,3
188.4325621708114,95.94006718941911,90.01848367334188,3
188.4525635042336,97.13978289105656,90.12585290962694,3
188.47256483765582,93.34192403084887,90.29373427626344,3
188.49256617107807,93.73079617294499,86.00781556274313,3
188.51256750450028,91.34608160608003,86.50123958264035,3
188.53256883792253,85.5435558273657,81.80396125234238,3
188.55257017134474,90.78694887558548,84.2230568139886,3
188.57257150476698,88.60424510635092,82.58662481569056,3
188.5925728381892,92.6905241337215,84.29591097062597,3
188.61257417161144,91.15318321641905,84.60425036868786,3
188.63257550503366,90.3561071911246,81.39871728366712,3
188.6525768384559,87.9039739136122,81.57007065828198,3
188.67257817187811,85.1179877986049,78.75043674788044,3
188.69257950530036,84.02357833280449,77.83208569035175,3
188.71258083872257,77.01238016651601,67.50984451982055,3
188.73258217214482,78.31681978118517,70.96642388746992,3
188.75258350556703,78.64968903666127,72.04699357435183,3
188.77258483898925,74.32472523713078,68.06413694012888,3
188.7925861724115,77.21623856085341,68.73088548804597,3
188.8125875058337,72.77466402644728,65.41552946055016,3
188.83258883925595,76.22995378841362,65.5050441907983,3
188.85259017267816,75.14621274016842,68.4367570742535,3
188.8725915061004,74.10573781847596,66.42196051556367,3
188.89259283952262,69.13766428225381,59.70261068910445,3
188.91259417294486,66.6994734129536,57.530752213070876,3
188.93259550636708,60.976566163769604,52.93502450700039,3
188.95259683978932,57.768349124932215,47.67640948122827,3
188.97259817321154,56.83932034611741,48.82545964429277,3
188.99259950663378,57.842286100067234,48.5826173667836,3
189.012600840056,59.5605005996432,46.709522952096435,3
189.03260217347824,55.202359361696075,48.99871442323092,3
189.05260350690045,55.30948390142618,46.74752005805179,3
189.07260484032267,50.596814188945054,41.40720544216576,3
189.0926061737449,48.95174989357975,40.08992898411874,3
189.11260750716713,46.67507398009676,37.4975813895681,3
189.13260884058937,40.47379561378778,32.67315129318895,3
189.15261017401158,38.950415830508334,29.36181646471523,3
189.17261150743383,36.33207996998795,29.15749581417686,3
189.19261284085604,41.43829086072132,32.7731909271884,3
189.2126141742783,36.137011703067415,27.574041557892077,3
189.2326155077005,34.96622665457757,25.980743463329112,3
189.25261684112274,39.48463477162618,31.18529185843009,3
189.27261817454496,30.314592016036375,21.669067677936756,3
189.2926195079672,31.368358372984975,24.20193908909291,3
189.31262084138942,27.713813978093086,18.749867065565084,3
189.33262217481166,25.479989093088033,18.904482009764834,3
189.35262350823388,21.097882992910886,16.267271449364422,3
189.3726248416561,21.454602319407904,14.042328098650742,3
189.39262617507833,25.790089160396615,19.25590631738325,3
189.41262750850055,22.88056624808371,16.391255270648426,3
189.4326288419228,27.02977837642806,19.51772738368048,3
189.452630175345,23.71218734859484,17.225799311815372,3
189.47263150876725,23.740877548522903,19.73782646913647,3
189.49263284218947,24.274102974511255,21.651034401590028,3
189.5126341756117,19.738708512285942,16.90560148948196,3
189.53263550903392,21.311909941018683,15.025572095571514,3
189.55263684245617,22.377372167537693,16.4765381214751,3
189.57263817587838,20.975053819751903,16.95804260396803,3
189.59263950930062,21.6779731390854,15.822763880783613,3
189.61264084272284,25.897086154284455,22.618910027785116,3
189.63264217614508,32.228607828538685,26.218251378905936,3
189.6526435095673,25.60403084860871,23.997721555949173,3
189.6726448429895,30.858001738219677,30.343562762035976,3
189.69264617641176,28.18692926053689,22.713224408300515,3
189.71264750983397,28.127358710536907,25.409742178373094,3
189.73264884325621,31.982486398005918,26.731557174713092,3
189.75265017667843,27.928779333109368,23.57537949141259,3
189.77265151010067,33.75028663524602,31.381447689474328,3
189.7926528435229,34.02554081071665,31.07427436018543,3
189.81265417694513,39.39970525387021,36.36372445082098,3
189.83265551036735,40.935112365394474,38.31432131098943,3
189.8526568437896,45.51716885371128,43.104188571841334,3
189.8726581772118,44.763939289975454,39.19893256624084,3
189.89265951063405,44.629007539877215,44.2506797421322,3
189.91266084405626,46.22345286041386,45.23455859817302,3
189.9326621774785,51.14407401661465,49.858079971743344,3
189.95266351090072,46.757223869141065,45.90390029951495,3
189.97266484432294,53.287573850618465,50.92931159261616,3
189.99266617774518,58.38885683097822,55.18871367535761,3
190.0126675111674,60.310882325410226,59.015725456186374,3
190.03266884458964,60.014220063944926,59.42276380538127,3
190.05267017801185,65.99490240080571,64.18929295125459,3
190.0726715114341,67.57296085001545,63.917959715773776,3
190.0926728448563,64.52995913051113,63.000376920409366,3
190.11267417827855,69.609612146754,65.06907178134595,3
190.13267551170077,68.65230060510792,65.91988249428395,3
190.152676845123,68.3679557244061,65.01208665422342,3
190.17267817854523,71.91225751187345,73.30889926137355,3
190.19267951196747,73.35386324006609,70.43198720306991,3
190.21268084538968,80.25428538159652,77.09365440843652,3
190.23268217881193,80.59183733564421,78.079978967348,3
190.25268351223414,86.59802831279694,84.79519258824372,3
190.27268484565636,87.60930527021377,83.95237669081826,3
190.2926861790786,84.59854230541188,80.82347056226912,3
190.31268751250082,85.6790548362229,79.49208412937341,3
190.33268884592306,84.35271706955952,80.31730919029239,3
190.35269017934527,83.06585328844783,79.19173437560187,3
190.37269151276752,84.51334882897329,79.9941206186607,3
190.39269284618973,91.36944002716825,85.37920973209896,3
190.41269417961198,91.65731005608514,85.8700063298511,3
190.4326955130342,92.96327195081784,86.62340596375101,3
190.45269684645643,95.21111028804268,91.21820157369784,3
190.47269817987865,93.14308013211479,88.42863211212882,3
190.4926995133009,94.84212833320298,88.46215032964867,3
190.5127008467231,90.52629851352097,84.66657948653423,3
190.53270218014535,86.66513543241251,84.17252451958586,3
190.55270351356756,92.70181157240668,85.13736919362121,3
190.57270484698978,86.4599563763737,82.60553657684797,3
190.59270618041202,91.53942925762829,83.98281816165185,3
190.61270751383424,89.8012831361032,84.41960579324778,3
190.63270884725648,91.84388050774201,84.29163997218906,3
190.6527101806787,90.84024146960502,81.85394903719592,3
190.67271151410094,94.52750368216556,86.68045867786557,3
190.69271284752315,84.37059666998195,76.13814273503152,3
190.7127141809454,86.83520754039444,79.82292535239003,3
190.7327155143676,81.0835959346177,72.3513740538227,3
190.75271684778986,80.46608023631364,71.03808097422394,3
190.77271818121207,79.0740868740122,70.34054000671405,3
190.7927195146343,81.87946906606854,70.20437910564625,3
190.81272084805653,75.69640737127926,68.14797404043185,3
190.83272218147877,77.52081713552613,68.58740050511959,3
190.852723514901,74.2915295410152,65.19339212713909,3
190.8727248483232,70.0593695472434,61.318312611332985,3
190.89272618174545,67.69849950783635,57.819474343532434,3
190.91272751516766,66.64735900248994,56.176943616197285,3
190.9327288485899,65.76963594553392,52.88550687949529,3
190.95273018201212,56.385298944009804,47.64945122782921,3
190.97273151543436,61.32580812953464,49.30113641530024,3
190.99273284885658,56.00503430963116,47.001469792399234,3
191.01273418227882,53.02359610941156,44.3945922336012,3
191.03273551570103,58.02178532624375,48.02197477910761,3
191.05273684912328,55.285921916516024,46.155176718789996,3
191.0727381825455,50.745899019219856,39.82717154831119,3
191.09273951596774,47.51317121273623,38.38682268264638,3
191.11274084938995,41.335136064684015,31.55755563878749,3
191.1327421828122,44.54956527244276,36.01881361096788,3
191.1527435162344,34.897198169633974,26.37426813465438,3
191.17274484965662,36.34561109786734,29.64805806874312,3
191.19274618307887,34.85430807812037,24.873639684485177,3
191.21274751650108,37.7886421612602,27.152392917095902,3
191.23274884992333,31.720883109584527,27.751154186104277,3
191.25275018334554,39.58117535816963,31.693975328409092,3
191.27275151676778,32.215026016805574,26.250434132975528,3
191.29275285019,29.586616664949798,20.18679615062986,3
191.31275418361224,22.97659106479352,17.691845400495115,3
191.33275551703446,25.614259816151996,18.691740863520494,3
191.3527568504567,26.170711792201665,17.14906422868656,3
191.37275818387891,24.70342928891782,17.518183231514964,3
191.39275951730116,21.090437388728258,14.877987125376912,3
191.41276085072337,24.853708206379014,17.343122663624474,3
191.43276218414562,23.30917069205222,16.794193079543987,3
191.45276351756783,23.380616868673382,17.7778993622551,3
191.47276485099005,23.542674996211808,16.863163862366758,3
191.4927661844123,22.530355837519142,15.384974016120827,3
191.5127675178345,23.933305199946556,16.633481753431333,3
191.53276885125675,14.725807661111645,12.010424405333184,3
191.55277018467896,19.833335143234528,14.484254179341727,3
191.5727715181012,21.760512870229054,13.93776753882713,3
191.59277285152342,19.968262773590823,15.959090985099602,3
191.61277418494566,21.991973332493178,16.17244146264953,3
191.63277551836788,27.4159928565327,24.183350479867293,3
191.65277685179012,27.107924959778856,24.746204689608618,3
191.67277818521234,27.25827485025483,23.72248828223914,3
191.69277951863458,30.200453770304662,25.586306750782597,3
191.7127808520568,28.037231696371972,24.26526109762578,3
191.73278218547904,23.364569628456767,19.964285468206857,3
191.75278351890125,29.03345698858788,27.848407895192548,3
191.77278485232347,31.47508422835567,28.937068993085155,3
191.7927861857457,35.53179243063659,33.61589833985474,3
191.81278751916793,36.849674613578095,30.877034292490663,3
191.83278885259017,41.665892316292386,38.859339682460025,3
191.85279018601238,43.449945268542166,40.05433455585435,3
191.87279151943463,51.26618023587923,47.720188590671796,3
191.89279285285684,44.625207996727504,42.59083909784425,3
191.9127941862791,46.90990217811109,44.349248021018255,3
191.9327955197013,46.438918572696544,41.24654757991432,3
191.95279685312354,49.884708760977546,48.87819138242834,3
191.97279818654576,51.515632021501396,48.859933514715856,3
191.992799519968,56.851702409643956,54.7533443555451,3
192.01280085339022,53.99979048931513,53.169302773553554,3
192.03280218681246,63.68277415700593,61.83918705572232,3
192.05280352023468,64.61870610332684,62.69586215653216,3
192.0728048536569,67.27906089710825,63.655320191820095,3
192.09280618707913,67.92459412083741,64.80326356890968,3
192.11280752050135,67.06981444107087,63.62419688671641,3
192.1328088539236,65.33369352110412,63.39139914555555,3
192.1528101873458,73.23926706026056,70.67935080616247,3
192.17281152076805,74.36819957116477,71.35455650471957,3
192.19281285419027,77.15489990463784,75.85945573813376,3
192.2128141876125,81.4908215075994,79.46392369926909,3
192.23281552103472,84.5717001069722,82.14322223285829,3
192.25281685445697,86.96123643560072,82.05470249656977,3
192.27281818787918,86.70132007678212,85.16385679353004,3
192.29281952130142,86.35362433875454,83.68274843963155,3
192.31282085472364,84.44439244618114,80.15263081280528,3
192.33282218814588,83.01946636346638,77.27920817373187,3
192.3528235215681,84.6004161705866,79.60130046431834,3
192.3728248549903,86.59531393173442,82.77906068226478,3
192.39282618841256,90.48484325725528,83.85145228773885,3
192.41282752183477,92.55867978478037,87.336563270736,3
192.43282885525701,90.0710316991213,84.7611641437018,3
192.45283018867923,91.95899935278341,88.14026365360758,3
192.47283152210147,96.7629369219544,91.27010788556639,3
192.4928328555237,94.03432060755573,86.54135157454682,3
192.51283418894593,91.86888678236707,85.8510010393601,3
192.53283552236815,89.2407393887823,83.71940958687401,3
192.5528368557904,86.85294355192795,81.96132597720307,3
192.5728381892126,90.25864636816648,82.84037744880726,3
192.59283952263485,93.87997372488412,85.79714347035238,3
192.61284085605706,92.3066055886857,87.20464049235565,3
192.6328421894793,88.78944166010722,81.31745308086721,3
192.65284352290152,88.39782133384618,81.40433765085605,3
192.67284485632374,91.03221955562931,83.04096316422351,3
192.69284618974598,87.72943731093837,77.1230009501949,3
192.7128475231682,89.10205937089431,80.79796113267551,3
192.73284885659044,80.51235280531793,70.70787266613586,3
192.75285019001265,77.4635256251096,67.69577353496065,3
192.7728515234349,75.43630760497008,67.08354856039409,3
192.7928528568571,81.21973947442164,72.25958027205964,3
192.81285419027935,73.97668315367042,67.26044575765148,3
192.83285552370157,76.39457350165532,67.48882873146944,3
192.8528568571238,82.06102781034072,69.76774815413346,3
192.87285819054603,77.86922697906884,69.84967305609491,3
192.89285952396827,70.31014129071336,62.23231154849766,3
192.91286085739048,66.28018676707094,57.73825597798179,3
192.93286219081273,61.754854621895944,49.362252302301705,3
192.95286352423494,59.5838008973561,47.997508591352364,3
192.97286485765716,57.44973881224707,46.25153160044854,3
192.9928661910794,60.22460081082085,49.60299067782753,3
193.01286752450162,51.7404619052026,42.680327895823574,3
193.03286885792386,50.26609615659894,43.71374971811878,3
193.05287019134607,52.85971449499285,42.80601266126965,3
193.07287152476832,55.560971450879855,44.02044217708624,3
193.09287285819053,45.16513083350619,38.29194449263776,3
193.11287419161278,45.35211076262669,36.7995121986643,3
193.132875525035,43.350766104704455,34.39887423160754,3
193.15287685845723,37.33194381979002,29.232365242694073,3
193.17287819187945,34.734006858673254,26.14227429827493,3
193.1928795253017,34.52653676729489,25.326578607677835,3
193.2128808587239,36.49551129496611,28.807861522065675,3
193.23288219214615,37.46591208991695,28.381335430043706,3
193.25288352556836,35.38597669432697,29.014452388485775,3
193.27288485899058,31.172736633431438,23.247364413982574,3
193.29288619241282,29.886067509692236,23.693018300974956,3
193.31288752583504,28.617838062865143,21.65454011542763,3
193.33288885925728,24.11387262798458,16.79531732060314,3
193.3528901926795,21.456057261949216,14.130981719075688,3
193.37289152610174,24.957478868000322,19.232600566146786,3
193.39289285952395,26.796825931408964,19.061114395715105,3
193.4128941929462,25.203642553908775,16.838976145664155,3
193.4328955263684,26.275575828032267,19.686475316811833,3
193.45289685979066,24.064510193177583,18.885603338859642,3
193.47289819321287,27.8458147749473,18.870296550138352,3
193.4928995266351,23.58954167356903,15.957617082801523,3
193.51290086005733,22.806183300913457,18.562777165760775,3
193.53290219347957,18.56729743291554,14.404115591446564,3
193.5529035269018,18.112909694252778,13.34728703735217,3
193.572904860324,20.91278165798445,14.19616255202602,3
193.59290619374624,19.416306749626262,15.041113232947843,3
193.61290752716846,29.999558729032447,23.02519689040731,3
193.6329088605907,28.521125689462153,24.699708840044956,3
193.65291019401292,27.365445799127567,23.14358863766112,3
193.67291152743516,29.067198526672502,24.519889714282893,3
193.69291286085738,27.970020071099697,23.611046594346835,3
193.71291419427962,26.99046052020619,24.80295491387099,3
193.73291552770183,26.05338961494203,23.453115666985802,3
193.75291686112408,33.763162391490525,30.13918170393314,3
193.7729181945463,34.280442992746444,30.47182727856544,3
193.79291952796854,36.905213192299286,33.71437963250077,3
193.81292086139075,37.82919400051726,35.48036794454496,3
193.832922194813,38.501273536738296,39.318340224372854,3
193.8529235282352,43.10573528572597,39.79229127850852,3
193.87292486165742,48.97537145692474,46.12670118860618,3
193.89292619507967,43.22460079967892,42.13935079463161,3
193.91292752850188,45.37853611847742,44.124993368832,3
193.93292886192413,46.4463155886277,42.68866801316219,3
193.95293019534634,49.880555618774274,48.75333554840584,3
193.97293152876858,50.86333949680672,50.2977858573406,3
193.9929328621908,53.76327457100329,51.69611796863056,3
194.01293419561304,57.85807698505524,55.02760281921556,3
194.03293552903526,63.178638461750445,61.42131085062402,3
194.0529368624575,62.231919772619584,59.43929739918828,3
194.07293819587971,64.07651227551433,64.31607400790429,3
194.09293952930196,66.91671134417645,65.06646707180403,3
194.11294086272417,69.24493005265397,63.308589493096726,3
194.13294219614642,68.17291646646656,66.50497719926943,3
194.15294352956863,71.1149600500819,67.00807918759901,3
194.17294486299085,70.79308406479956,66.45480543818786,3
194.1929461964131,80.36716310340682,75.77987889448187,3
194.2129475298353,77.84106131141412,76.91084686661594,3
194.23294886325755,82.91356675973884,78.24760976489166,3
194.25295019667976,85.76911921131669,81.45165330791711,3
194.272951530102,84.38049339726827,79.44294748824166,3
194.29295286352422,91.07208113969105,85.40898979331719,3
194.31295419694646,85.46411514109762,81.90095930560504,3
194.33295553036868,82.71659254684141,81.79417647548622,3
194.35295686379092,80.91112835033066,79.45207923768281,3
194.37295819721314,83.11295104902717,82.30019600897799,3
194.39295953063538,92.65984947186311,87.06539628671294,3
194.4129608640576,87.60800125468883,81.78817505024121,3
194.43296219747984,92.12663487871825,90.62802327566314,3
194.45296353090205,92.57410292460617,88.02682926226674,3
194.47296486432427,95.75745523330195,91.39690862795216,3
194.4929661977465,96.1284314531713,92.88586132490273,3
194.51296753116873,87.20440589110308,81.85542899649836,3
194.53296886459097,90.73067798725118,84.23723819239721,3
194.55297019801318,87.57260776313221,82.13040462565364,3
194.57297153143543,90.33825206855428,81.23745197642297,3
194.59297286485764,91.89621576828627,83.5048409169459,3
194.6129741982799,93.13851524628092,86.73525374307268,3
194.6329755317021,90.09700572308151,85.13899733943033,3
194.65297686512434,88.41621946492401,82.25439922293145,3
194.67297819854656,87.39003290726966,80.19593893154936,3
194.6929795319688,88.64021657825806,79.89563791178335,3
194.71298086539102,82.81699462463212,73.61303973740442,3
194.73298219881326,74.12425217556492,66.27959671275157,3
194.75298353223548,78.9616834260817,70.41915068191128,3
194.7729848656577,78.4394383719348,69.50933558635134,3
194.79298619907993,75.33945854485572,67.83089886663994,3
194.81298753250215,79.57812694261638,71.24294086862587,3
194.8329888659244,74.07668443305303,66.22447661324296,3
194.8529901993466,71.24571859125751,63.01901457406201,3
194.87299153276885,74.63066110044922,63.84554425230673,3
194.89299286619107,70.5726243038013,58.7129276946759,3
194.9129941996133,59.485665624053176,49.84745668178754,3
194.93299553303552,59.567935643479856,49.15058946761458,3
194.95299686645777,60.38244224570502,50.14746472433152,3
194.97299819987998,56.84779436554832,49.39942371407786,3
194.99299953330222,56.56353688035695,47.060586730006825,3
195.01300086672444,56.026956267133684,47.180202162983605,3
195.03300220014668,50.615672622141226,42.03430130160976,3
195.0530035335689,50.11855558579462,41.85683581422234,3
195.0730048669911,52.73513712740795,43.66038469504174,3
195.09300620041336,52.25860105866455,44.251953721841005,3
195.11300753383557,42.689100459672204,33.10102131992543,3
195.13300886725781,42.291786937237504,34.697986440357774,3
195.15301020068003,38.172706420831645,28.756370817905548,3
195.17301153410227,34.70009298270074,26.953315070229838,3
195.1930128675245,33.40747812987185,22.94411977782656,3
195.21301420094673,41.6507270656665,33.66368704035755,3
195.23301553436895,36.246299279589195,28.81339134844248,3
195.2530168677912,33.15645646609263,24.414049112029126,3
195.2730182012134,33.20663704451577,24.61903974819159,3
195.29301953463565,28.042814111952826,21.14739171696341,3
195.31302086805786,24.212232086072504,16.57768107855078,3
195.3330222014801,24.735705163076478,18.24753195943228,3
195.35302353490232,22.682690097834577,14.451317112637678,3
195.37302486832453,22.313721263928514,15.946645082280888,3
195.39302620174678,22.55742703093088,16.18310069176455,3
195.413027535169,21.415472379162857,17.29693042539693,3
195.43302886859124,25.259488896059615,16.687027100546462,3
195.45303020201345,22.141815444335826,16.45812882259541,3
195.4730315354357,25.131508696709815,19.195292853375708,3
195.4930328688579,21.919048692353115,14.211728068366831,3
195.51303420228015,23.20505259167854,19.649136149350355,3
195.53303553570237,15.666917720830263,11.798656115595813,3
195.5530368691246,16.705221705216765,12.301737782633003,3
195.57303820254683,19.45689892064795,14.163487448504767,3
195.59303953596907,23.924846951359047,20.051833820498157,3
195.61304086939128,25.38425562752159,19.096495154384733,3
195.63304220281353,28.144060668850432,24.764625421552317,3
195.65304353623574,29.302514186197378,23.565292934974327,3
195.67304486965796,27.41603337159352,24.954544726915636,3
195.6930462030802,28.20739431152814,27.310093262879796,3
195.71304753650242,31.18666322757815,27.594915144729377,3
195.73304886992466,27.619853569479318,26.203970490460172,3
195.75305020334687,26.70899522518136,24.655703796884836,3
195.77305153676912,29.90427110761634,27.93838683417813,3
195.79305287019133,37.36790733441745,35.93510207559738,3
195.81305420361358,35.46503974467956,34.29428294204922,3
195.8330555370358,43.05637805207598,40.56253501300436,3
195.85305687045803,41.30132830608841,38.68771689757843,3
195.87305820388025,48.24299343535301,43.566993224445255,3
195.8930595373025,47.494435463276496,45.97222943015871,3
195.9130608707247,46.081216327616076,45.03335889807481,3
195.93306220414695,44.5047643495634,44.03308576370199,3
195.95306353756916,49.86568267119852,49.391192054893835,3
195.97306487099138,53.44475486565934,50.10474587573843,3
195.99306620441362,57.30689937906254,55.98328555095235,3
196.01306753783584,57.07992324234157,55.393266756593306,3
196.03306887125808,59.811551825215204,57.016411329210776,3
196.0530702046803,66.49645613734033,63.69620622773457,3
196.07307153810254,72.49647786819163,69.81071544065034,3
196.09307287152475,68.1249491697545,65.60092033684354,3
196.113074204947,67.95411694106859,64.9177282548828,3
196.1330755383692,70.27633046855505,68.09224047575648,3
196.15307687179146,68.63344469093724,67.92993805223433,3
196.17307820521367,70.59283736491571,65.99904084419587,3
196.1930795386359,77.45196744199568,76.47638744687943,3
196.21308087205813,76.21510154140942,73.5304611270994,3
196.23308220548037,82.76295019077496,77.83733053341776,3
196.2530835389026,83.82688327966721,79.43991865720666,3
196.2730848723248,87.90868531890564,85.85171827827241,3
196.29308620574704,86.51844566429402,82.04438779630154,3
196.31308753916926,86.40659682021915,81.2812500939636,3
196.3330888725915,82.90246262851204,79.72056751022609,3
196.35309020601372,86.69931260950763,81.35584485499795,3
196.37309153943596,89.51051131418541,85.81800883694888,3
196.39309287285818,89.85653094840418,87.70068504669034,3
196.41309420628042,90.4113301531539,85.82324060090063,3
196.43309553970263,96.59927733667399,90.21410911160547,3
196.45309687312488,93.25119510450199,86.58945127704715,3
196.4730982065471,96.06677844064794,90.73142302542742,3
196.49309953996934,96.29706991696135,89.55508449262909,3
196.51310087339155,95.71247063347676,86.94086417369526,3
196.5331022068138,86.58007572775256,83.31398898513797,3
196.553103540236,89.93106564102128,83.77068561981388,3
196.57310487365822,89.0609561052892,81.29589605613573,3
196.59310620708047,87.52396425827335,79.28065036587851,3
196.61310754050268,89.99861507134904,83.83454384170852,3
196.63310887392493,94.1113915813433,85.8860614833024,3
196.65311020734714,89.25193279701601,83.04936185713397,3
196.67311154076938,85.37280063042964,79.5164046037313,3
196.6931128741916,86.36029219487689,79.06271195832949,3
196.71311420761384,82.51816464177165,75.8505903846561,3
196.73311554103606,83.39130925312166,74.31260731309777,3
196.7531168744583,79.50868467289105,70.40276955271763,3
196.77311820788051,77.81630489857514,67.94097436257015,3
196.79311954130276,76.55349581074981,67.94925730704277,3
196.81312087472497,77.21508146875149,67.30034474159315,3
196.83312220814722,75.54311861766978,66.49194573211072,3
196.85312354156943,72.75807645378218,61.430238058136965,3
196.87312487499165,74.70507422155218,66.75351789871031,3
196.8931262084139,67.28181598324323,56.523211532199106,3
196.9131275418361,62.910071312637896,52.44704038435033,3
196.93312887525835,61.69571674509734,54.011159319284396,3
196.95313020868056,56.35785357368209,49.13132171172863,3
196.9731315421028,58.36321349285735,48.054838792220266,3
196.99313287552502,54.71816844479172,46.55038400122763,3
197.01313420894726,60.215440756762796,49.68946343201761,3
197.03313554236948,53.946799208861016,43.57451612484145,3
197.05313687579172,56.043774608795495,46.65946474753063,3
197.07313820921394,52.13134106747859,42.89499783400435,3
197.09313954263618,46.06092160504275,37.09274738740401,3
197.1131408760584,45.96365201952881,37.22660122913569,3
197.13314220948064,43.42389366928146,33.842030825828495,3
197.15314354290285,39.07448495373933,31.316099725919624,3
197.17314487632507,37.19478586345577,28.76303088288799,3
197.1931462097473,36.12822289627252,28.42986528939522,3
197.21314754316953,37.329983403535586,29.762179901102808,3
197.23314887659177,39.56972013515972,31.839766123093053,3
197.25315021001398,33.75230331157962,25.005163193930976,3
197.27315154343623,33.12490328404917,26.398002365308766,3
197.29315287685844,32.37481360369859,25.218565651367015,3
197.3131542102807,21.271004019105906,16.828806019646414,3
197.3331555437029,23.993870263906675,18.356693253181504,3
197.35315687712514,22.059100472326246,14.10187983861102,3
197.37315821054736,24.517753417414863,18.854064160570918,3
197.3931595439696,24.396280613043697,19.650914099979985,3
197.41316087739182,22.75073224174992,16.07234541674012,3
197.43316221081406,23.71193354581814,18.028860852494486,3
197.45316354423628,24.963047873642786,19.279086300294402,3
197.4731648776585,25.411083537816214,17.706110887109425,3
197.49316621108073,23.147893111159664,14.686055014618054,3
197.51316754450295,24.205806922001596,16.567986086999753,3
197.5331688779252,19.678707608390198,15.557253001851173,3
197.5531702113474,21.071968856182487,15.762066958135453,3
197.57317154476965,20.963191602039736,16.818391691223585,3
197.59317287819187,24.100717971138174,20.017718786495877,3
197.6131742116141,20.557957075148778,15.943354506260809,3
197.63317554503632,29.61000563119571,21.007424120999822,3
197.65317687845857,26.45194400044989,22.892084939991904,3
197.67317821188078,26.716510708911734,21.04570000453114,3
197.69317954530302,26.321469694832846,25.322561704208702,3
197.71318087872524,28.88624063951495,23.82331285610777,3
197.73318221214748,29.967953977217274,26.45478315386673,3
197.7531835455697,26.596836644883517,24.451022008124248,3
197.7731848789919,29.18921029178945,28.746179586548774,3
197.79318621241416,34.17576041817948,30.707840153528366,3
197.81318754583637,37.09666380477679,35.88219412880831,3
197.8331888792586,38.57572304721587,37.87021922445908,3
197.85319021268083,42.90099397608646,41.43614860676415,3
197.87319154610307,50.34752020710713,46.17531213346055,3
197.8931928795253,48.22024245516463,46.15149340156996,3
197.91319421294753,48.717183878223025,46.17901270390641,3
197.93319554636975,46.92618443487145,44.52888602784691,3
197.953196879792,50.60152178665418,47.385347442347005,3
197.9731982132142,55.89875561595059,54.907727170878445,3
197.99319954663645,57.16263968896106,54.63104461365993,3
198.01320088005866,58.422370277309255,57.22964807564582,3
198.0332022134809,58.16022670497111,57.95174754929813,3
198.05320354690312,68.09435115329326,66.11544703935448,3
198.07320488032533,66.21728712400959,64.57809025426758,3
198.09320621374758,68.73999701919543,68.02085679763152,3
198.1132075471698,67.77116476216158,64.86825207614356,3
198.13320888059204,69.29512308658015,65.4789818714668,3
198.15321021401425,73.46323577888258,68.89870041243667,3
198.1732115474365,71.12292906631926,65.19003327992229,3
198.1932128808587,78.19127217177306,76.32917966035939,3
198.21321421428095,77.28605969471272,75.65674538457733,3
198.23321554770317,83.63615568461991,79.99634782362772,3
198.2532168811254,78.94783903887004,75.9085205655393,3
198.27321821454763,83.58662181760414,79.26822454330426,3
198.29321954796987,86.9107778569143,82.302999054619,3
198.31322088139208,85.61143972958877,79.57106438295145,3
198.33322221481433,87.74421351413976,83.69403639134767,3
198.35322354823654,87.62372629470507,83.90209102841,3
198.37322488165876,88.04358732981449,81.09110872428919,3
198.393226215081,89.8110307654096,85.36529582541401,3
198.41322754850322,91.8145003681918,87.48193766423084,3
198.43322888192546,97.93579599303541,90.16530519568822,3
198.45323021534767,93.93871950048147,90.1054165625874,3
198.47323154876992,92.28022754290454,85.64297312914509,3
198.49323288219213,88.53312098430442,84.28092046821793,3
198.51323421561437,88.58270477074423,81.05126506887741,3
198.5332355490366,86.48561411801379,80.3175573309615,3
198.55323688245883,86.57092011798301,78.8715613279493,3
198.57323821588105,87.86988701223905,79.35933924311013,3
198.5932395493033,93.35899813191682,85.93458153127509,3
198.6132408827255,90.18513386127708,84.3801468268777,3
198.63324221614775,92.72523032609509,86.8320169373688,3
198.65324354956996,92.38251138872987,85.37393262139234,3
198.67324488299218,82.7492127937868,76.94762484751348,3
198.69324621641442,89.42721545791004,80.85123133233009,3
198.71324754983664,84.51774491470012,75.94080625035372,3
198.73324888325888,78.323581488399,71.96664855558807,3
198.7532502166811,80.60305385721772,71.09822099936457,3
198.77325155010334,75.15941308568769,67.1177465583061,3
198.79325288352555,78.37722300643875,69.86607949162185,3
198.8132542169478,81.6859127020907,71.93423428006732,3
198.83325555037,76.73502424624468,68.54137128865116,3
198.85325688379226,79.79060257975662,69.2429843918168,3
198.87325821721447,75.01537970465039,64.19953658236747,3
198.8932595506367,65.93516968473273,57.843322760530526,3
198.91326088405893,64.37456503151887,56.67924005968064,3
198.93326221748117,62.04793293369164,52.46268378864525,3
198.9532635509034,59.35046849479487,50.89285584161792,3
198.9732648843256,55.82255818299254,47.06122323056808,3
198.99326621774784,58.43660926868567,50.52976542661366,3
199.01326755117006,59.17415263544743,48.81538622714754,3
199.0332688845923,57.02015694560937,49.32035472480437,3
199.05327021801452,52.4082446680289,43.68591445742742,3
199.07327155143676,49.88212233373253,41.96748062937084,3
199.09327288485898,49.769413245737674,37.95959350334106,3
199.11327421828122,43.79643060984733,34.92868298522917,3
199.13327555170343,39.48835494416358,32.08621086637574,3
199.15327688512568,35.874507180575655,28.989252264264245,3
199.1732782185479,37.96778214632121,27.252958253726657,3
199.19327955197014,38.813903600967755,29.869942908858935,3
199.21328088539235,33.107820755648895,26.58096448530702,3
199.2332822188146,40.519418134463585,31.882280687002613,3
199.2532835522368,32.696704282236226,26.034616687948137,3
199.27328488565902,34.96123257530203,25.890136702236223,3
199.29328621908127,32.01007708974311,25.059795661897635,3
199.31328755250348,24.21625538077225,17.93277092275958,3
199.33328888592573,24.356333129912365,20.006372044714748,3
199.35329021934794,22.523159670739062,12.237665030850593,3
199.37329155277018,23.93793213804919,16.580225432837427,3
199.3932928861924,22.523185148253276,18.06943176382663,3
199.41329421961464,23.60598353494891,16.224080927299013,3
199.43329555303686,24.790521174829294,19.330386886327716,3
199.4532968864591,24.937758121705162,19.529109426759227,3
199.47329821988131,25.264238090171478,19.00417792029629,3
199.49329955330356,22.430469639318297,13.381497149952528,3
199.51330088672577,22.676329955759964,14.72376617996965,3
199.53330222014802,21.509606708465206,14.868163788251973,3
199.55330355357023,20.93231248569325,14.021717478159488,3
199.57330488699245,22.70293471154472,16.600397652130297,3
199.5933062204147,22.42709841182723,21.65901394023469,3
199.6133075538369,25.60219719214083,19.908249018899383,3
199.63330888725915,27.500775322329087,22.413605885980136,3
199.65331022068136,26.39553678912298,22.28605333481631,3
199.6733115541036,25.871704125143225,22.032185253935825,3
199.69331288752582,30.205705200975878,25.78986915033348,3
199.71331422094806,28.40314526469349,22.443331874021066,3
199.73331555437028,33.89029313499047,30.28568691756457,3
199.75331688779252,29.36218546763584,23.718864057558477,3
199.77331822121474,32.97852421743445,31.775205521097277,3
199.79331955463698,38.76513036423712,34.83006418699982,3
199.8133208880592,40.52866373338334,34.29325643905545,3
199.83332222148144,43.025897384900226,40.2700104300502,3
199.85332355490365,43.69406343252407,39.88670041125386,3
199.87332488832587,46.91950982287869,41.14972002437463,3
199.8933262217481,42.11563595990631,40.24542267518241,3
199.91332755517033,49.21354568435244,45.588032280291856,3
199.93332888859257,46.75299498719515,44.63381362368228,3
199.95333022201478,49.45398084681358,47.863395057675774,3
199.97333155543703,50.596577550854924,46.786555721882195,3
199.99333288885924,55.28000493939062,51.764371540894686,3
200.0133342222815,61.25301315664153,58.194154680929806,3
200.0333355557037,62.81902615354134,61.62274166948822,3
200.05333688912594,64.3499196043107,62.19957349926313,3
200.07333822254816,70.00776056658763,66.49757275760125,3
200.0933395559704,65.16312087298853,63.203138383086376,3
200.11334088939262,67.57520633316958,62.81052693491494,3
200.13334222281486,67.71482754823604,64.54798402959224,3
200.15334355623708,68.91201515787037,63.64068373683938,3
200.1733448896593,72.68183758029654,71.15122674326274,3
200.19334622308153,78.42759596171733,73.98076093015649,3
200.21334755650375,78.30768928696483,74.26782249577127,3
200.233348889926,83.14142825985513,82.21352876640817,3
200.2533502233482,83.74520825496367,79.98569502619212,3
200.27335155677045,89.15572906358868,84.8737973260951,3
200.29335289019266,84.12498497166885,82.10216585772882,3
200.3133542236149,82.8057139652722,76.6882792368139,3
200.33335555703712,85.98042422878989,78.76838339844255,3
200.35335689045937,86.0089924267529,81.0040276341205,3
200.37335822388158,87.6088706777163,84.32695586565049,3
200.39335955730382,89.16372246044007,86.72629541249208,3
200.41336089072604,91.4585294266696,88.43803882758922,3
200.43336222414828,92.75019382687265,87.12544853592445,3
200.4533635575705,91.53898287708472,86.92367810305228,3
200.4733648909927,96.72270866014664,87.14608952962897,3
200.49336622441496,91.07054669609708,85.63336732683373,3
200.51336755783717,92.21809074939121,85.85865853112978,3
200.5333688912594,87.00272683757521,79.4969256955532,3
200.55337022468163,86.1029975540056,79.57868151996638,3
200.57337155810387,86.38959010071913,79.96830982327177,3
200.5933728915261,85.98543890145558,80.34642740759726,3
200.61337422494833,93.06287357087011,85.67634319078248,3
200.63337555837055,90.41446069747981,85.60295103840546,3
200.6533768917928,93.92998052846094,86.36423277230082,3
200.673378225215,88.262917612059,79.53756083480461,3
200.69337955863725,82.78560896113838,75.53561465034136,3
200.71338089205946,81.19867922316699,72.21129386016128,3
200.7333822254817,80.8657571595719,70.91156502319681,3
200.75338355890392,78.43160364604796,70.31488981136371,3
200.77338489232613,77.11696781030143,64.32702178521905,3
200.79338622574838,73.03522816669458,64.41414510016364,3
200.8133875591706,75.1863781232737,67.27233396420591,3
200.83338889259284,79.56470507643876,72.69118873038889,3
200.85339022601505,74.01550053929265,66.11476777933676,3
200.8733915594373,72.0475831581557,63.41129715716699,3
200.8933928928595,72.0590393874359,59.45599249961764,3
200.91339422628175,64.85667522384385,55.85037528012564,3
200.93339555970397,62.16956701355079,52.40790634017941,3
200.9533968931262,59.77375284361068,51.57400734410447,3
200.97339822654843,57.16776180008545,48.017085359309846,3
200.99339955997067,56.59122762493538,45.43150936364527,3
201.01340089339288,55.397505408168975,45.3859711243451,3
201.03340222681513,54.18003493720882,46.92833595060897,3
201.05340356023734,52.17004124810232,44.82165598083066,3
201.07340489365956,51.66606665117898,41.41826426577085,3
201.0934062270818,47.537878249795334,36.95255744466453,3
201.11340756050402,45.498676241750346,37.076137262138175,3
201.13340889392626,39.8008819928324,30.54867468564098,3
201.15341022734847,38.711177948326664,30.651712845587657,3
201.17341156077072,37.34051812108925,28.018163167528797,3
201.19341289419293,31.098726695663615,23.577171891710233,3
201.21341422761517,37.2337198474401,28.082643848332886,3
201.2334155610374,40.38228638169078,30.574274258409183,3
201.25341689445963,38.10719148946036,30.814511442130225,3
201.27341822788185,29.567647994516282,21.446508184825397,3
201.2934195613041,29.812639216943225,22.82303465137867,3
201.3134208947263,22.592962610906305,16.284811740124876,3
201.33342222814855,26.295268592579944,18.302165707283336,3
201.35342356157076,25.06308035355837,16.047369942126746,3
201.37342489499298,22.708933569704282,16.670935785019037,3
201.39342622841522,21.431918415234282,13.85381684482379,3
201.41342756183744,23.242596895704803,16.7289087918067,3
201.43342889525968,25.16755233267045,19.47200652077756,3
201.4534302286819,26.228313693765678,21.074427192681817,3
201.47343156210414,23.95434630052432,18.333849697149944,3
201.49343289552635,23.293768776466514,17.438563497849568,3
201.5134342289486,20.57891000373691,14.912947391001529,3
201.5334355623708,19.59728815061718,15.348538596653169,3
201.55343689579306,19.455334421687652,14.932946812707838,3
201.57343822921527,19.69403767358371,16.324508045503006,3
201.5934395626375,26.164102866297373,21.502182658545234,3
201.61344089605973,26.13161947147577,18.299186780579458,3
201.63344222948197,23.3624061763201,20.40740540885711,3
201.6534435629042,33.60930568490086,29.049436777796327,3
201.6734448963264,32.720641615791905,27.680506213899438,3
201.69344622974864,28.451472745560473,26.149464367107715,3
201.71344756317086,24.927526350124676,22.52415568098071,3
201.7334488965931,25.080044515157965,21.969677158649194,3
201.75345023001532,30.650198071747894,27.867317268511968,3
201.77345156343756,34.51151295656761,30.985071750403154,3
201.79345289685978,32.75085724832276,29.417698418534236,3
201.81345423028202,36.5418498377464,32.420616130093634,3
201.83345556370423,45.837151075074615,42.4328719730863,3
201.85345689712648,42.64765601811191,39.59282512875808,3
201.8734582305487,48.289704106364574,44.22683674681896,3
201.89345956397094,46.29155791728851,42.51667986212669,3
201.91346089739315,48.896528031397104,48.658957813434576,3
201.9334622308154,45.177123411028084,41.07038032808844,3
201.9534635642376,46.45334466138173,44.08424799238198,3
201.97346489765982,56.358892924518706,53.98378343321334,3
201.99346623108207,56.46578697107115,54.651963383415136,3
202.01346756450428,57.261072064777906,55.847310776807234,3
202.03346889792653,61.64889818364613,59.095716397196455,3
202.05347023134874,66.83485303224842,64.81811360835447,3
202.07347156477098,66.50204714841645,64.0087633210573,3
202.0934728981932,65.85229526783127,64.94807285477154,3
202.11347423161544,60.60090373398181,60.1335570942123,3
202.13347556503766,73.89545765295239,72.73753410206955,3
202.1534768984599,71.45563053649862,70.48346194326308,3
202.17347823188211,73.59257242537792,70.5604901124875,3
202.19347956530436,76.26105699618635,75.0224103895679,3
202.21348089872657,77.86912387803838,76.6704868491776,3
202.23348223214882,81.43703549475657,78.5374088137349,3
202.25348356557103,82.6055501282946,80.22300187742202,3
202.27348489899325,89.55285953089431,82.68563696555329,3
202.2934862324155,86.13251532079282,79.42682771551023,3
202.3134875658377,78.75941545231076,75.4853629468393,3
202.33348889925995,85.36761946077164,79.85918348130059,3
202.35349023268216,84.33966057737251,78.2708594330577,3
202.3734915661044,87.85983116251255,84.16750219819146,3
202.39349289952662,90.42284935273116,85.73331902482114,3
202.41349423294886,87.3529887779152,85.14523578864512,3
202.43349556637108,91.44884330440274,86.30029310713863,3
202.45349689979332,92.01957728493952,87.95943149480155,3
202.47349823321554,91.35054707781299,85.33697705357,3
202.49349956663778,96.98280825153603,88.88593278868727,3
202.51350090006,87.43949069757879,82.82261163163406,3
202.53350223348224,86.50639930395532,80.19540413216463,3
202.55350356690445,86.45411229259864,79.50732846206056,3
202.57350490032667,87.20440871239911,80.45740718814108,3
202.5935062337489,89.99954936459366,82.4369620634035,3
202.61350756717113,87.05054362873751,78.01860445602489,3
202.63350890059337,87.67778405378554,80.11095810406935,3
202.65351023401558,94.21077967917127,88.09777515186366,3
202.67351156743783,90.35407299121216,81.8484874143807,3
202.69351290086004,84.67757113153053,75.63570273487244,3
202.7135142342823,85.98852074279102,77.66801398449726,3
202.7335155677045,81.41303132044878,76.1183569441837,3
202.75351690112674,79.89287947976781,70.70777507170156,3
202.77351823454896,75.32521220019063,67.16006660925062,3
202.7935195679712,78.4042862822925,68.46184851250511,3
202.81352090139342,76.48345679616976,69.20218433419237,3
202.83352223481566,77.28303394501765,69.39404820671962,3
202.85352356823788,72.49114896311744,64.51893905845138,3
202.8735249016601,72.18041557971794,64.14910154853348,3
202.89352623508233,67.19601921429322,57.483092643922305,3
202.91352756850455,66.96485032206188,61.00887361960179,3
202.9335289019268,63.723810902175295,55.468120738403535,3
202.953530235349,57.59888976892754,50.241035072862985,3
202.97353156877125,60.655234015383044,51.61150105551232,3
202.99353290219346,54.693485783562714,44.49145363139922,3
203.0135342356157,60.0266485197789,49.416844832600226,3
203.03353556903792,57.56787798761503,47.354976432903634,3
203.05353690246017,54.184388957677285,45.90937255319767,3
203.07353823588238,55.10167472801791,46.097102610002786,3
203.09353956930462,51.896501156146954,42.21214410861103,3
203.11354090272684,44.42288230365875,35.88985672612189,3
203.13354223614908,39.935809204191834,33.319358028613784,3
203.1535435695713,38.92814497148791,29.25299679531331,3
203.1735449029935,33.29262739471745,27.125762001814586,3
203.19354623641576,35.244602275381325,27.334246506850956,3
203.21354756983797,36.111750374782865,28.03875916307734,3
203.2335489032602,39.22808602806869,30.92178605862504,3
203.25355023668243,40.03406179661812,31.06836626720834,3
203.27355157010467,32.064739417016426,24.25582734176434,3
203.2935529035269,29.715791893903322,22.007905802926462,3
203.31355423694913,26.797269165875278,18.770589910736774,3
203.33355557037135,24.108720913263667,16.32209716591892,3
203.3535569037936,23.5816318160754,14.964801130635802,3
203.3735582372158,22.995325441587372,16.22616341341667,3
203.39355957063805,19.391863108424793,11.931390244205293,3
203.41356090406026,24.879956927984054,18.136892198911358,3
203.4335622374825,26.92480675320566,21.404638124654483,3
203.45356357090472,26.576401667493577,19.02962159531876,3
203.47356490432693,22.919475744242508,19.159268765027715,3
203.49356623774918,21.585275285190868,16.301753391849996,3
203.5135675711714,22.72979105036281,14.615564688529474,3
203.53356890459364,16.056736232777663,13.964306600784552,3
203.55357023801585,22.207265766335613,16.86304944850209,3
203.5735715714381,18.481260019280587,13.562403154200727,3
203.5935729048603,19.53731466159445,16.00342663002338,3
203.61357423828255,24.840265162436566,21.95594672689473,3
203.63357557170477,27.48822731649867,21.129405921258492,3
203.653576905127,31.575962140607913,25.97289071883099,3
203.67357823854923,25.69707363252928,22.975547042141766,3
203.69357957197147,29.139442680005864,25.329175128920873,3
203.71358090539368,29.613553019680637,25.518467232013734,3
203.73358223881593,26.08377582755678,23.040815321319663,3
203.75358357223814,30.434469496242382,29.478621309343627,3
203.77358490566036,30.103441486108025,28.57192267532112,3
203.7935862390826,33.06047173640793,33.53169946205924,3
203.81358757250482,35.11312279930352,34.34487447740415,3
203.83358890592706,46.491367787453484,42.91439105376155,3
203.85359023934927,45.81020147337639,41.411275969912644,3
203.87359157277152,50.19500806986065,47.41933558418295,3
203.89359290619373,45.470563148332744,42.51716030798507,3
203.91359423961597,45.35692828354187,42.75325562959788,3
203.9335955730382,43.214113344577356,41.135511944659385,3
203.95359690646043,50.60706539426275,49.103118031156164,3
203.97359823988265,54.08664957281612,50.50529316462512,3
203.9935995733049,51.49082806754702,48.83495760640707,3
204.0136009067271,55.01018853615757,54.54201393425851,3
204.03360224014935,61.811059152802855,59.92885298236664,3
204.05360357357156,63.569167371438766,61.49735101837009,3
204.07360490699378,69.11058033431864,67.71579766106672,3
204.09360624041602,68.13733998929746,63.7331762125016,3
204.11360757383824,67.82136906016095,63.3441367065884,3
204.13360890726048,69.89079735101527,65.38580699752652,3
204.1536102406827,70.48213697709507,67.1949475467185,3
204.17361157410494,71.95028285678478,68.1231180966419,3
204.19361290752715,77.34616045302249,74.04984048493027,3
204.2136142409494,81.69356684854138,79.61319411270553,3
204.2336155743716,83.37615947134607,81.12668729958446,3
204.25361690779386,83.06016389761982,79.80233519270075,3
204.27361824121607,83.15564414732293,80.17361612472055,3
204.2936195746383,86.57655069516086,81.04066654365253,3
204.31362090806053,78.75155748528971,74.76361565179495,3
204.33362224148277,87.68417013243,82.18943212385295,3
204.353623574905,84.38303732822186,81.59202951215072,3
204.3736249083272,87.82084685061626,82.17457621270036,3
204.39362624174944,88.39495088466175,82.73017285957972,3
204.41362757517166,91.03451224505642,86.8581234518415,3
204.4336289085939,94.72051434616246,90.40124139424105,3
204.45363024201612,90.09954951886985,87.75095303062665,3
204.47363157543836,98.29794627037784,91.98093144772687,3
204.49363290886058,92.39808985978331,86.6869452765795,3
204.51363424228282,89.45363878363771,82.73683342392471,3
204.53363557570503,87.38448267393886,82.37096995769295,3
204.55363690912728,90.33650567110453,85.87117598282255,3
204.5736382425495,91.3760883293311,85.09783511912582,3
204.59363957597174,90.92909335643155,83.6176951036182,3
204.61364090939395,93.13402825400865,86.67239799950524,3
204.6336422428162,91.51431726511672,85.56293961711435,3
204.6536435762384,86.09710844571305,80.60946070596812,3
204.67364490966062,88.74665139476129,83.02949943865735,3
204.69364624308287,86.39334037845204,78.18561709633194,3
204.71364757650508,83.98682860590844,76.06066164416293,3
204.73364890992733,81.31305955811615,73.22559658108165,3
204.75365024334954,80.6605346101284,69.64154399227782,3
204.77365157677178,77.28129120216647,67.20942993526407,3
204.793652910194,79.6322652052085,71.37981384309936,3
204.81365424361624,79.89966366635784,69.2165301386081,3
204.83365557703846,72.79237557643637,64.87069876674727,3
204.8536569104607,71.72343946813196,63.16216646689507,3
204.87365824388291,72.29879574059161,62.71756379269235,3
204.89365957730516,68.71092844608877,59.924994863127644,3
204.91366091072737,64.0520448635575,52.80646050438016,3
204.93366224414962,58.45710070655082,54.380381254496754,3
204.95366357757183,60.78808612906589,53.03646095860429,3
204.97366491099405,53.53301079511763,45.941645512312974,3
204.9936662444163,53.79348105882905,46.09998554384774,3
205.0136675778385,56.17074231795707,46.602582869006206,3
205.03366891126075,56.05847507162216,47.33982625040992,3
205.05367024468296,53.55564440530407,44.62394769583749,3
205.0736715781052,48.6905869251536,38.87819027333731,3
205.09367291152742,52.02434246822552,41.1713928836826,3
205.11367424494966,45.79129295211665,39.04635483184569,3
205.13367557837188,40.18111855424545,32.904229521489825,3
205.15367691179412,37.603127489096785,27.82787556992649,3
205.17367824521634,38.910970931859275,32.59677019973794,3
205.19367957863858,35.19298204955369,26.63648926925345,3
205.2136809120608,35.36901333598651,28.239354375895,3
205.23368224548304,33.96474515949797,27.79160244830553,3
205.25368357890525,37.380449886386934,28.148286655093997,3
205.27368491232747,33.82431600482319,24.775257142945062,3
205.2936862457497,26.078607798002544,20.27524898633313,3
205.31368757917193,25.817425498094376,18.312533303971136,3
205.33368891259417,22.515764246179593,16.552033084853925,3
205.35369024601638,26.659158934660365,19.846843395857437,3
205.37369157943863,23.618438775614532,14.962483675493544,3
205.39369291286084,20.7400479730151,16.142777474225557,3
205.4136942462831,21.890790824890647,14.059925356775764,3
205.4336955797053,27.322984222246866,20.678697608828333,3
205.45369691312754,24.914741254505664,20.115739418811835,3
205.47369824654976,19.932603631432606,15.89329668761862,3
205.493699579972,24.38975931283822,19.143190525289516,3
205.51370091339422,19.006951244527468,15.627622971793851,3
205.53370224681646,22.753944470295078,14.04288795724759,3
205.55370358023868,18.26495894648332,14.806541007334868,3
205.5737049136609,23.606735106610156,19.539624886394435,3
205.59370624708313,23.74290731976469,18.9759299460742,3
205.61370758050535,24.852940660259513,21.79426712300589,3
205.6337089139276,24.01796433241923,20.321602872505782,3
205.6537102473498,29.247614364656393,24.31598708387314,3
205.67371158077205,28.568837426013925,24.862426640672513,3
205.69371291419426,29.70222338703791,26.05254505147329,3
205.7137142476165,30.414414231287193,28.5561439132817,3
205.73371558103872,27.042595060319297,25.140297673537265,3
205.75371691446097,24.260545297346283,22.383116908592534,3
205.77371824788318,29.891820510692163,26.13825810914769,3
205.79371958130542,33.71717003310641,32.08970904773386,3
205.81372091472764,35.907109799737256,33.685534839087076,3
205.83372224814988,38.98757395832014,35.98934776002423,3
205.8537235815721,49.45085400163147,44.14777126814348,3
205.8737249149943,48.50909435656447,46.79445415693623,3
205.89372624841656,48.27285527213342,46.472017212407415,3
205.91372758183877,46.64440995481949,44.70856497853102,3
205.933728915261,52.3452953832579,47.81734827763808,3
205.95373024868323,49.61768823509154,44.339775420384186,3
205.97373158210547,54.65022689193643,53.37905662936578,3
205.9937329155277,56.716681699610916,56.21536200665611,3
206.01373424894993,62.17249309015496,57.64263290779115,3
206.03373558237215,62.42939224111175,59.09545498506999,3
206.0537369157944,69.79860291726793,64.70529818536805,3
206.0737382492166,68.25557179929021,66.21198965728505,3
206.09373958263885,68.90344916212791,64.67462966350139,3
206.11374091606106,68.76735216907277,66.98921581477424,3
206.1337422494833,69.94970318628997,67.19732653954397,3
206.15374358290552,68.15617166496206,64.61079219484465,3
206.17374491632773,75.00188300370756,73.1564125443666,3
206.19374624974998,76.68604215774819,75.08853870451202,3
206.2137475831722,80.81826816878988,76.7910746608657,3
206.23374891659444,82.72920819364039,78.270549556459,3
206.25375025001665,84.56245898888994,78.96455540844491,3
206.2737515834389,87.0969204731757,83.29239367604194,3
206.2937529168611,85.68450368826888,84.30808825285722,3
206.31375425028335,85.73769378111702,80.4605973835241,3
206.33375558370557,82.92033330773735,77.93176726393979,3
206.3537569171278,86.02024343531129,81.34236900370117,3
206.37375825055003,86.25312406569164,82.41629375217313,3
206.39375958397227,91.7566059770932,87.0504032760394,3
206.41376091739448,93.55443738988437,88.96364907598243,3
206.43376225081673,94.42165616559382,88.66522762778372,3
206.45376358423894,94.33974121313918,90.50085001097717,3
206.47376491766116,94.79525948679294,90.00772345309193,3
206.4937662510834,90.53808724131709,86.49702605737758,3
206.51376758450562,90.9163482981032,84.94853523438728,3
206.53376891792786,88.26907224727414,82.70844067624222,3
206.55377025135007,86.97838505806568,79.48911476721561,3
206.57377158477232,88.49265368113846,82.91835492027498,3
206.59377291819453,89.44643245401855,84.93943496933498,3
206.61377425161677,91.42963066815946,84.94323247636565,3
206.633775585039,93.45342974049878,85.71153339945653,3
206.65377691846123,94.72051020367137,87.87047895097717,3
206.67377825188345,89.76480560236013,81.19470608694428,3
206.6937795853057,84.93252180893825,77.06639145554801,3
206.7137809187279,84.15380313445003,78.6145498728511,3
206.73378225215015,79.85749234820047,71.53068452716951,3
206.75378358557236,79.66340069645933,71.01231734359432,3
206.77378491899458,82.13149241351955,72.02060765096509,3
206.79378625241682,76.60943390785414,69.83427014578733,3
206.81378758583904,79.07490157645555,68.44459066680972,3
206.83378891926128,74.881689471291,66.11829663032927,3
206.8537902526835,74.8841047980215,65.51781292543376,3
206.87379158610574,72.21688615860077,64.91634030237684,3
206.89379291952795,67.1608774872879,56.605406751423814,3
206.9137942529502,70.45258920511233,60.362488855545244,3
206.9337955863724,62.146231136013235,52.00236004911726,3
206.95379691979466,56.969373207714995,46.140332859375306,3
206.97379825321687,57.91678173196278,48.972041556448424,3
206.9937995866391,57.80547549742812,46.7561141255959,3
207.01380092006133,55.74885481943685,47.22275896674171,3
207.03380225348357,57.16966203667442,46.60747140150402,3
207.0538035869058,53.93517723823516,46.159087512058655,3
207.073804920328,53.676305012956554,44.49971298878714,3
207.09380625375024,46.23213017986727,38.185126565266,3
207.11380758717246,43.63884246259549,35.773729455206414,3
207.1338089205947,39.841324210504574,29.896810726046994,3
207.15381025401692,38.418444106379724,27.707898769846828,3
207.17381158743916,37.68969390551384,28.62278724795024,3
207.19381292086138,37.2519723607698,27.5152270298226,3
207.21381425428362,35.912892477180506,26.96404312641018,3
207.23381558770583,32.08756028211472,27.070940187009473,3
207.25381692112808,35.01851401302049,28.096557243034553,3
207.2738182545503,34.19345393194827,26.778873579926678,3
207.29381958797254,26.485135998403027,20.08892688470145,3
207.31382092139475,29.277608994791986,21.321427462174636,3
207.333822254817,23.290273452983214,17.67180493075823,3
207.3538235882392,19.446331127975427,12.477088734467513,3
207.37382492166142,22.27531811032546,15.682370338213417,3
207.39382625508367,24.877764999037034,19.0152195724817,3
207.41382758850588,24.070233507794413,15.025631413297443,3
207.43382892192813,23.569552883517876,17.882589479104254,3
207.45383025535034,25.657058798460184,19.715992455779084,3
207.47383158877258,23.164123583705763,17.94861798081375,3
207.4938329221948,20.862437830761607,16.47474438773772,3
207.51383425561704,19.268500181877236,12.27186189294909,3
207.53383558903926,17.181132981481078,8.720518691508591,3
207.5538369224615,19.691684502354388,17.921484071010138,3
207.57383825588371,19.377344951673038,16.285594907111363,3
207.59383958930596,24.35619417749778,19.172603730228353,3
207.61384092272817,22.007413862136726,17.986262598935326,3
207.63384225615042,26.651363212569766,23.795270287927476,3
207.65384358957263,27.465339141960104,22.16176794978304,3
207.67384492299485,27.42698893914792,28.235768984351775,3
207.6938462564171,23.813704998292796,17.702704911248635,3
207.7138475898393,27.7985996048557,25.2252948195965,3
207.73384892326155,32.397360597669795,31.11994333843654,3
207.75385025668376,23.490188665242304,22.019885645785752,3
207.773851590106,33.738540158929545,31.15446319917671,3
207.79385292352822,37.08023556742128,35.360949959167584,3
207.81385425695046,36.74947485764543,35.95113718662295,3
207.83385559037268,40.9414851847425,39.15058672369629,3
207.85385692379492,42.687666921926755,40.73661206944834,3
207.87385825721714,46.444144686859005,44.31330657557238,3
207.89385959063938,45.210355415421404,43.78943386737738,3
207.9138609240616,44.11276477809868,41.314265240707556,3
207.93386225748384,48.455008944672244,46.4533339152628,3
207.95386359090605,50.017929811623105,48.06791350104949,3
207.97386492432827,52.67270123526265,51.12551681127537,3
207.9938662577505,58.51990959319352,56.54751729048904,3
208.01386759117273,54.5808590439631,53.21072049440617,3
208.03386892459497,63.915315568430756,60.36431679202069,3
208.05387025801718,67.02724888972011,66.10345692725237,3
208.07387159143943,70.19191617723553,66.8144194623237,3
208.09387292486164,65.42966756043039,64.59885660111279,3
208.1138742582839,70.39383173483355,66.09199434336128,3
208.1338755917061,72.52760454492561,68.85950155691151,3
208.15387692512834,69.03191203155993,65.58056656736818,3
208.17387825855056,72.14754524155867,68.61032565321896,3
208.1938795919728,74.63002200063097,71.92721266299766,3
208.21388092539502,77.99023438228285,74.86899712264122,3
208.23388225881726,82.98989902109636,83.42963170491853,3
208.25388359223948,83.69484903271555,80.7674790644291,3
208.2738849256617,85.87942845566748,81.57840628118872,3
208.29388625908393,83.35850024041939,79.31322843036246,3
208.31388759250615,86.17525525743517,81.97663973686609,3
208.3338889259284,81.32348794931472,79.39924008127345,3
208.3538902593506,85.16646051992043,80.4228678118619,3
208.37389159277285,86.78850113038081,80.95436578335061,3
208.39389292619506,87.8473847973227,84.08487427677255,3
208.4138942596173,92.48388385003034,88.76374929475288,3
208.43389559303952,95.30857417535587,90.73534664798875,3
208.45389692646177,93.40656563988935,86.8052288336262,3
208.47389825988398,95.83442768535002,89.08173905171927,3
208.49389959330622,94.74541083858048,87.90167115296246,3
208.51390092672844,93.6735528399564,88.88408198494629,3
208.53390226015068,88.96697229404468,86.65622980529892,3
208.5539035935729,88.673504493268,82.27521229874512,3
208.5739049269951,92.14942232412933,85.11676538056341,3
208.59390626041736,91.89810888166676,85.04862282341409,3
208.61390759383957,90.62346450511127,84.30159931364547,3
208.6339089272618,92.93978588554266,86.88213275408782,3
208.65391026068403,89.71159212993295,83.61920666974947,3
208.67391159410627,93.73936440442704,83.88394223958984,3
208.6939129275285,88.42440745028009,80.64646273195694,3
208.71391426095073,82.97095791636562,75.71041069188038,3
208.73391559437295,78.40373918231678,72.80168953253862,3
208.7539169277952,79.24278289547846,71.95919447575815,3
208.7739182612174,77.60537970052924,71.72550304584146,3
208.79391959463965,78.36502715204526,69.0583548931434,3
208.81392092806186,75.79158420769978,67.5989486106984,3
208.8339222614841,77.3948497842255,68.5482416839467,3
208.85392359490632,76.89216522003804,67.41484925669097,3
208.87392492832853,75.3728853537237,63.94572049193457,3
208.89392626175078,65.33719913292506,57.44897159837018,3
208.913927595173,64.65677981308492,55.983650643728005,3
208.93392892859524,62.93387956708934,53.47253928788372,3
208.95393026201745,61.55413782630932,51.939211805113636,3
208.9739315954397,61.08767648761756,51.03257495731049,3
208.9939329288619,60.14835399844705,50.23174969801472,3
209.01393426228415,56.8159636516448,48.76396056350346,3
209.03393559570637,58.59379739719175,49.51400201117234,3
209.0539369291286,51.336413952076235,42.711845186116214,3
209.07393826255083,50.519743211525046,42.49171075075705,3
209.09393959597307,45.88197322932169,38.16076956649044,3
209.11394092939528,42.54796201985838,32.33244901038863,3
209.13394226281753,36.41842594925409,27.10777999768576,3
209.15394359623974,40.158453415231,31.892164592205184,3
209.17394492966196,38.81167222974356,30.51601535365498,3
209.1939462630842,39.60766920385282,29.237052590939502,3
209.21394759650642,34.941863316907074,28.17670493631573,3
209.23394892992866,33.949087358638366,25.75186480408909,3
209.25395026335087,36.70872776630633,28.447844373463145,3
209.27395159677312,33.95321265397696,28.06981883705333,3
209.29395293019533,27.568840048417346,19.876289701872743,3
209.31395426361757,31.40648814736684,23.286820297630783,3
209.3339555970398,25.860810006645124,20.20191934692374,3
209.35395693046203,27.085576773456584,18.69278621359327,3
209.37395826388425,20.58156874381404,11.778551993836482,3
209.3939595973065,27.268372945348407,19.198986967936847,3
209.4139609307287,23.61306783254232,19.272640171339507,3
209.43396226415095,21.99871239492608,20.181920771761025,3
209.45396359757316,24.13029337880639,17.806670248970004,3
209.47396493099538,22.10409187864602,18.52131505032179,3
209.49396626441762,20.956518007053653,15.752603341792067,3
209.51396759783984,20.42119138326487,13.84816937417397,3
209.53396893126208,19.637105529899742,15.232725914512098,3
209.5539702646843,20.40775226818962,16.08396240047098,3
209.57397159810654,21.82387404430983,16.705402473560717,3
209.59397293152875,24.44565375440524,18.40316183682072,3
209.613974264951,24.513157716410092,18.83727613674484,3
209.6339755983732,32.30436605152062,28.147722202070575,3
209.65397693179546,27.729829151084363,23.362339787236586,3
209.67397826521767,30.822954777676063,27.536157654044274,3
209.6939795986399,29.895330861540838,25.534249690223486,3
209.71398093206213,30.37189213174894,26.065918254104535,3
209.73398226548437,30.32471495535744,25.661414880689588,3
209.7539835989066,29.482281798663053,26.196881999000453,3
209.7739849323288,25.312822431912863,24.13836489282792,3
209.79398626575104,34.13369458935555,30.69909046444952,3
209.81398759917326,35.14717927137411,32.43296256869095,3
209.8339889325955,43.90776737852266,42.237952658375804,3
209.85399026601772,47.79764647552029,46.935410621775176,3
209.87399159943996,47.35718418481125,43.68305516449656,3
209.89399293286218,45.46386502690232,42.65455932167462,3
209.91399426628442,45.33043481512544,44.13013276638412,3
209.93399559970663,45.044034372712666,44.99043828765761,3
209.95399693312888,50.76168109344073,47.231611477259136,3
209.9739982665511,55.40955736412552,52.617289023260525,3
209.99399959997334,54.53189614818486,52.7064875281962,3
210.01400093339555,62.530957064487076,59.65295901705962,3
210.0340022668178,62.738246358162804,60.907082892003935,3
210.05400360024,64.92927082102588,62.779658389249995,3
210.07400493366222,68.6980687040572,67.07939832931616,3
210.09400626708447,68.32218828208269,64.86066370273863,3
210.11400760050668,65.25864864196049,59.4831919622898,3
210.13400893392892,68.09093049005837,64.70626413778699,3
210.15401026735114,74.17302757714089,71.69527057460577,3
210.17401160077338,72.57372756687893,68.61903241012139,3
210.1940129341956,77.53870775104346,74.19114603286242,3
210.21401426761784,78.9447726307236,77.1898994817162,3
210.23401560104006,83.6478148424564,81.70607770331371,3
210.2540169344623,81.74771540787461,77.46689753230014,3
210.27401826788451,83.62545834147467,80.17236087617118,3
210.29401960130676,89.20784636888597,83.78485521969604,3
210.31402093472897,85.01613096328785,78.78089800821694,3
210.33402226815122,84.61062473753697,81.38130836422552,3
210.35402360157343,85.57850607494485,79.00014177417268,3
210.37402493499565,84.6609298128862,81.77207932566502,3
210.3940262684179,91.99940009561254,86.4370573066613,3
210.4140276018401,90.7191486972406,85.99697822539899,3
210.43402893526235,99.00235835610516,92.35616738466256,3
210.45403026868456,94.27758550342043,89.55515889606163,3
210.4740316021068,94.28388842553946,87.32620796905574,3
210.49403293552902,94.08262010955468,89.05557062256983,3
210.51403426895126,88.91342978743272,81.24613341927682,3
210.53403560237348,94.44319351121544,88.4638786530826,3
210.55403693579572,89.95304953308415,83.81760084198541,3
210.57403826921794,90.10796091350738,82.42544346523574,3
210.59403960264018,88.29524383625788,81.60068718776552,3
210.6140409360624,88.61255015032337,80.17036918125932,3
210.63404226948464,92.3084672682189,84.06467495737323,3
210.65404360290685,88.38661080857233,82.21383211835939,3
210.67404493632907,91.17836641547137,84.11165326708895,3
210.6940462697513,91.47891759476276,83.50849810400562,3
210.71404760317353,88.31671761241412,77.43431911398301,3
210.73404893659577,79.17640043229811,70.79502356820207,3
210.75405027001798,77.54916375376732,71.33817691860328,3
210.77405160344023,78.87354261298994,71.28470428403614,3
210.79405293686244,78.28351771204551,72.00210341226537,3
210.8140542702847,71.66930270695319,63.685144936930314,3
210.8340556037069,75.90863426084015,66.05457316836699,3
210.85405693712914,73.08074444160712,64.21934844704165,3
210.87405827055136,73.67856784331127,62.53842963232249,3
210.8940596039736,70.14648910657338,60.32031009985402,3
210.91406093739582,66.53203682063676,58.50250780092379,3
210.93406227081806,57.93525985136105,49.82328378926068,3
210.95406360424028,56.586640713343925,48.171959875009875,3
210.9740649376625,60.107814816083966,51.107122522758814,3
210.99406627108473,57.66031561786946,49.83024899235672,3
211.01406760450695,55.17429733780409,45.731178590018956,3
211.0340689379292,57.59596992378923,49.260294141105845,3
211.0540702713514,53.50342189551166,44.30558475390108,3
211.07407160477365,53.34829103948155,42.31820174329032,3
211.09407293819586,48.07979347478578,42.039831165339386,3
211.1140742716181,44.388613116835245,34.434510846607274,3
211.13407560504032,41.72142247886702,34.62836886060164,3
211.15407693846257,38.964461121475445,31.35596794405338,3
211.17407827188478,34.14373446764883,25.946805543416083,3
211.19407960530702,35.117259009106135,27.994145444490556,3
211.21408093872924,39.96752291042126,29.823366425947896,3
211.23408227215148,38.10069218174184,31.61444548150846,3
211.2540836055737,35.199037526022515,27.271615127467275,3
211.2740849389959,32.57311820403249,23.94823188785061,3
211.29408627241816,32.631318540990904,24.37178005012943,3
211.31408760584037,26.7549081979837,20.568642474700848,3
211.3340889392626,24.231912502039737,16.389808091679036,3
211.35409027268483,25.439972987225445,17.877020231426975,3
211.37409160610707,18.823833532178096,12.167312738078568,3
211.3940929395293,28.31684594842102,20.276914120822838,3
211.41409427295153,21.808192969162217,16.56163397355992,3
211.43409560637375,25.495667414957,19.35374710916906,3
211.454096939796,24.736035705195434,17.430034636391902,3
211.4740982732182,24.622722348256726,16.974543957080286,3
211.49409960664045,20.55856179568387,12.413661504827628,3
211.51410094006266,21.94733962607654,15.969627797009073,3
211.5341022734849,22.05982272131942,16.388701789277608,3
211.55410360690712,20.700654084763872,15.509698652099408,3
211.57410494032933,18.593302548808182,14.549979935961447,3
211.59410627375158,23.506955017954475,18.22296919801775,3
211.6141076071738,26.4669743602209,23.016618212871197,3
211.63410894059604,27.190511018635657,21.907580425226055,3
211.65411027401825,24.922937787078762,22.33760137429751,3
211.6741116074405,31.66564521811429,28.220252611251826,3
211.6941129408627,31.68656195897384,25.866140247138688,3
211.71411427428495,31.54741580292485,27.796412277711365,3
211.73411560770717,29.675458096851546,24.20194410851896,3
211.7541169411294,28.729794819398744,24.876622442375343,3
211.77411827455163,33.79097808399456,32.842251330486,3
211.79411960797387,36.08076702093779,34.424830736235585,3
211.81412094139608,40.851617578210664,38.47099605362867,3
211.83412227481833,44.11381177759528,41.4814932353115,3
211.85412360824054,40.6205831546222,37.13786081252427,3
211.87412494166276,44.6927610590092,43.816172095784594,3
211.894126275085,46.301763523845686,45.09931633816203,3
211.91412760850721,46.423722322489326,44.68997343856678,3
211.93412894192946,46.40703079945801,43.93444643474311,3
211.95413027535167,44.53536276106456,43.30256752857304,3
211.97413160877392,53.65444120086518,50.69937678511692,3
211.99413294219613,52.99282246435155,50.32145736583713,3
212.01413427561837,64.6828386862164,63.50280400789909,3
212.0341356090406,67.16401952191892,63.91623047211035,3
212.05413694246283,63.78637628865583,62.11256380132439,3
212.07413827588505,66.52930433422314,64.24508167628487,3
212.0941396093073,69.38758475730315,66.67373688106844,3
212.1141409427295,69.44859114241558,68.82753859222761,3
212.13414227615175,71.05905785907144,66.36331230183691,3
212.15414360957396,68.1693625668433,65.50418107946741,3
212.17414494299618,71.73442661237623,68.469575565825,3
212.19414627641842,76.81895101497983,75.6547844866495,3
212.21414760984064,78.24878170352319,76.3223376825912,3
212.23414894326288,81.04939583601285,78.63210667090995,3
212.2541502766851,89.31846009442374,85.45974167516624,3
212.27415161010734,87.23827057978576,84.27730807436335,3
212.29415294352955,82.66380400639402,79.38805903342978,3
212.3141542769518,81.7953016664376,81.03510337040322,3
212.334155610374,84.00866159368269,78.63650531174375,3
212.35415694379626,84.15928496758829,83.16354227771643,3
212.37415827721847,84.2463130099369,82.13883053274556,3
212.3941596106407,88.75791215156329,84.29018458693379,3
212.41416094406293,88.47265147832366,85.5466993497498,3
212.43416227748517,92.23153412431756,90.18204254783714,3
212.4541636109074,95.17697731293948,91.23155851071333,3
212.4741649443296,89.50033401761651,84.57745716098273,3
212.49416627775184,93.26697872772492,86.9760856943273,3
212.51416761117406,88.93042010656397,85.08797099445417,3
212.5341689445963,86.95906037202253,81.7937724415163,3
212.55417027801852,91.11382521003188,86.71672053310918,3
212.57417161144076,90.63039179620017,83.5019139576492,3
212.59417294486298,91.85660768159238,83.05194289872776,3
212.61417427828522,92.3895606869293,85.31958025737387,3
212.63417561170743,88.9119931519217,83.57476066930028,3
212.65417694512968,91.33411436092132,84.16355381185137,3
212.6741782785519,86.46126413165294,79.125320398424,3
212.69417961197414,84.62768123124692,77.9873603646737,3
212.71418094539635,82.73546611533757,72.0508817606291,3
212.7341822788186,78.89505544929874,70.21502562408537,3
212.7541836122408,76.97809167598145,69.09351655541955,3
212.77418494566302,78.98957428454503,72.17299214059328,3
212.79418627908527,77.81243196195658,68.44203621328367,3
212.81418761250748,78.28594878381232,67.53286653802822,3
212.83418894592972,79.07970159174663,71.40626626614475,3
212.85419027935194,73.25637090678495,64.71834041226346,3
212.87419161277418,72.32686434703137,62.70382805823551,3
212.8941929461964,68.01889084295357,57.877297446552305,3
212.91419427961864,63.00746183153683,55.6796440511237,3
212.93419561304086,61.69802565971409,51.51934442665025,3
212.9541969464631,62.656943845493146,51.64226290601015,3
212.97419827988531,56.84491175863284,49.9125233536806,3
212.99419961330756,55.06427457859377,46.18677550125396,3
213.01420094672977,55.97475128650579,45.13766829091623,3
213.03420228015202,54.414162745499695,46.960274914065366,3
213.05420361357423,56.71460181128124,45.754117380469474,3
213.07420494699645,49.24385338074539,39.97286833062331,3
213.0942062804187,47.50318125033963,39.561321545211634,3
213.1142076138409,46.64344249200264,34.62120285844978,3
213.13420894726315,42.075131751099555,33.167534934395455,3
213.15421028068536,37.325231234592856,26.947791230769017,3
213.1742116141076,32.758408552026886,25.394013110494985,3
213.19421294752982,35.47265420161982,29.00260722728514,3
213.21421428095206,36.41747937837835,27.376470034770005,3
213.23421561437428,35.86719711636662,28.044287939810335,3
213.25421694779652,32.67740597451895,25.372687305552997,3
213.27421828121874,35.004688849081035,26.51960624955147,3
213.29421961464098,27.608222977579665,18.74202303919412,3
213.3142209480632,25.85572661874202,19.11405542742773,3
213.33422228148544,23.28476762511428,15.89610850315671,3
213.35422361490765,20.982279221326465,14.053972786649242,3
213.37422494832987,18.950532255477373,14.476759140010056,3
213.3942262817521,25.363771379593274,18.93645724906368,3
213.41422761517433,20.264995921100372,16.750388163478412,3
213.43422894859657,27.664081434497906,19.18763932918269,3
213.45423028201878,26.2331559929394,17.503552798001177,3
213.47423161544103,24.49882754396336,19.43225237812676,3
213.49423294886324,25.77268863457621,21.913609212019526,3
213.51423428228549,23.852669490992405,17.86931150785419,3
213.5342356157077,17.885329056764636,13.208102360373573,3
213.55423694912994,28.020228794301183,21.49947827958681,3
213.57423828255216,20.729562938520758,16.791743392482974,3
213.5942396159744,23.034771961294542,18.970075545094435,3
213.61424094939662,23.00833187316134,20.551837088345874,3
213.63424228281886,27.145149483146206,23.79360289207029,3
213.65424361624108,30.554442144579717,26.428503943675437,3
213.6742449496633,31.763794726315602,27.056210212638305,3
213.69424628308553,26.337907101068602,24.521505981604594,3
213.71424761650775,27.58127244078762,26.25317963539503,3
213.73424894993,27.437684907690702,25.283686265886544,3
213.7542502833522,29.99751666192905,26.498102506705155,3
213.77425161677445,33.42233186916321,32.662654818398444,3
213.79425295019666,38.297615288395605,33.75686750512854,3
213.8142542836189,37.444240589204654,36.03678659110418,3
213.83425561704112,39.344544023204506,35.25289916150015,3
213.85425695046337,48.928814501077476,44.34567634069411,3
213.87425828388558,46.09296794699557,41.605198276573134,3
213.89425961730782,46.75079598229884,44.90417084163832,3
213.91426095073004,45.39881131179949,43.54537390567016,3
213.93426228415228,46.25330954161521,44.171922638032804,3
213.9542636175745,49.93330812685052,49.17304662937327,3
213.9742649509967,47.54036453919282,45.82175374437022,3
213.99426628441896,56.199439573362774,53.22478386699643,3
214.01426761784117,58.78908518753023,56.062960657413136,3
214.0342689512634,62.58231831915529,60.321649218849956,3
214.05427028468563,68.68541820004157,67.10046368785397,3
214.07427161810787,66.7195208875284,64.00004973378036,3
214.0942729515301,68.58444483017949,66.20267752491098,3
214.11427428495233,68.26731415226217,65.15829207202232,3
214.13427561837455,71.40120447074797,67.300763316252,3
214.1542769517968,66.12961046149405,66.38979759168252,3
214.174278285219,75.08124246698787,72.12689300065443,3
214.19427961864125,75.97393657748086,71.853222447432,3
214.21428095206346,78.89234041869996,74.53235523171496,3
214.2342822854857,80.5296376744575,76.05859353742025,3
214.25428361890792,85.93219311271528,82.55600431098567,3
214.27428495233013,84.97905686573634,80.6585276125301,3
214.29428628575238,90.3598662467926,84.94390342152718,3
214.3142876191746,87.18472147809292,82.50823259258556,3
214.33428895259684,86.37274285310508,81.86195677447164,3
214.35429028601905,90.00190583281281,85.3779328778407,3
214.3742916194413,87.71926601668484,83.90951692730452,3
214.3942929528635,86.29367287403859,82.34091660790166,3
214.41429428628575,92.21426951496008,88.27818599539034,3
214.43429561970797,93.8251349744949,89.74604179835075,3
214.4542969531302,94.30216050559346,89.28455661892215,3
214.47429828655243,94.86866361229177,88.91689129780077,3
214.49429961997467,91.61462366012691,86.58401970227061,3
214.51430095339688,91.4520838190179,86.02485823142014,3
214.53430228681913,89.21286874383732,82.74783804984071,3
214.55430362024134,89.4765231260001,81.80331497206991,3
214.57430495366356,88.99452755584339,81.88807500802373,3
214.5943062870858,85.81327575162415,78.88463575832168,3
214.61430762050801,93.16507822548492,86.6974811718389,3
214.63430895393026,94.28686409805371,85.00667140600841,3
214.65431028735247,90.03729490812299,84.66433379829583,3
214.67431162077472,90.21309545772291,83.6881545279355,3
214.69431295419693,85.81451328779947,77.36358329645333,3
214.71431428761917,83.10363651368588,75.20478381446836,3
214.7343156210414,81.19619038516788,73.53612719134708,3
214.75431695446363,78.56174961696932,70.409791655938,3
214.77431828788585,77.28465086046467,70.14514924172923,3
214.7943196213081,81.00752124076658,70.17776775508331,3
214.8143209547303,77.88012539135066,69.81636824256603,3
214.83432228815255,76.3611683399872,67.27155977436955,3
214.85432362157476,75.29002925685622,66.07446464037271,3
214.87432495499698,69.44436341057181,60.11714613398476,3
214.89432628841922,70.70703679609309,62.99336647164715,3
214.91432762184144,65.14728908321602,55.61410956577814,3
214.93432895526368,61.47278701610178,51.28115391964369,3
214.9543302886859,57.660087666569645,45.227793522712474,3
214.97433162210814,62.36199134116625,53.95915295669116,3
214.99433295553035,53.926027236834024,43.31282890669098,3
215.0143342889526,55.7533530032916,46.24262207295712,3
215.0343356223748,52.735794266619315,44.288164881114355,3
215.05433695579705,55.30633692134734,46.84692172906461,3
215.07433828921927,51.635476241760706,45.93901640296976,3
215.0943396226415,48.990759073815596,39.783987445866,3
215.11434095606373,40.81688919051823,33.063614302500135,3
215.13434228948597,38.70139364083296,32.14989507144568,3
215.1543436229082,35.60960738908481,28.185962952282676,3
215.1743449563304,34.7932995963843,25.827725694881625,3
215.19434628975264,38.52181098795783,28.761393572238052,3
215.21434762317486,35.51505112515434,26.974728431913384,3
215.2343489565971,35.42623544493826,27.73921168776832,3
215.25435029001932,37.07148959421655,27.61246975154471,3
215.27435162344156,31.196952680892988,24.261950901175204,3
215.29435295686378,27.780304160632,19.722395585953453,3
215.31435429028602,28.461653424229937,20.623208325090747,3
215.33435562370823,24.559854747745558,18.85990507201435,3
215.35435695713048,17.782746348956454,9.865639180444807,3
215.3743582905527,24.573617080692124,16.97676559930797,3
215.39435962397494,23.967955059074253,15.907279257052735,3
215.41436095739715,21.898749329652535,14.687774339320315,3
215.4343622908194,25.05539757243069,16.74740991382976,3
215.4543636242416,27.469921915722296,19.83108872996701,3
215.47436495766382,23.163821996559513,18.19805412881722,3
215.49436629108607,24.374288223518548,18.980695845189654,3
215.51436762450828,19.42001267826748,13.277521383059039,3
215.53436895793052,19.676237594068166,15.189408149937071,3
215.55437029135274,19.24698975543011,13.665305588718114,3
215.57437162477498,20.135403417341088,15.9781690143397,3
215.5943729581972,27.04141167953404,20.774909993035486,3
215.61437429161944,27.491868275845693,24.70298485785732,3
215.63437562504166,28.77602420975621,25.802753885116058,3
215.6543769584639,25.958146022255292,23.73559844360394,3
215.67437829188611,27.816626563936605,23.735790144029163,3
215.69437962530836,29.654104247045602,27.679458862068007,3
215.71438095873057,27.325087042036625,22.07795938488927,3
215.73438229215282,29.3308151027075,23.781724898489724,3
215.75438362557503,26.201794447693118,22.681609174015943,3
215.77438495899725,30.793539661782617,27.875407591767633,3
215.7943862924195,29.3615961281673,25.06509013199017,3
215.8143876258417,40.83647503317378,39.50524516256379,3
215.83438895926395,41.25609366699873,39.995303599542304,3
215.85439029268616,44.84076213117495,42.773027703161034,3
215.8743916261084,45.20534040164112,40.892608953975014,3
215.89439295953062,48.63388978621913,46.12850093960404,3
215.91439429295286,47.33125316720554,46.330058684945904,3
215.93439562637508,46.67541840777568,47.20077253149455,3
215.95439695979732,52.055018635697245,48.517178187905785,3
215.97439829321954,48.59927725891265,47.99709753050006,3
215.99439962664178,48.465693492858364,49.605065037906655,3
216.014400960064,59.998188058008566,58.45219761366067,3
216.03440229348624,61.65277504970701,58.661566779109634,3
216.05440362690845,64.19573321804212,61.66759150370881,3
216.07440496033067,66.80260587275436,64.69413465638728,3
216.0944062937529,70.83317670964345,67.44782764632843,3
216.11440762717513,66.39675151414335,63.3123680158127,3
216.13440896059737,73.71088537476906,69.90704559553845,3
216.15441029401958,70.96407028884104,69.30274803937702,3
216.17441162744183,70.68346240814716,66.98075260933435,3
216.19441296086404,74.72215468286132,71.97335524346737,3
216.21441429428629,75.96784513066291,74.61974681912079,3
216.2344156277085,82.86325794789411,77.97435762494952,3
216.25441696113074,87.13049386595593,85.04668111329715,3
216.27441829455296,85.35426248951214,82.71282400615529,3
216.2944196279752,83.63131957991202,81.60182895433401,3
216.31442096139742,86.60485508589713,82.09046203788937,3
216.33442229481966,81.91018046654062,78.67299694533968,3
216.35442362824188,81.39827693446593,79.99373202223842,3
216.3744249616641,90.37753879888322,84.97091937878913,3
216.39442629508633,87.58138649805504,83.38865896407806,3
216.41442762850855,97.72202465261785,92.43696805824806,3
216.4344289619308,93.44078271847741,91.19896714779112,3
216.454430295353,95.36403302815407,86.92635502681681,3
216.47443162877525,95.3771208629396,88.53199034931416,3
216.49443296219746,93.44122087871493,86.75386241254313,3
216.5144342956197,89.11900540213946,83.10710248288308,3
216.53443562904192,89.68949754719293,85.13256709402494,3
216.55443696246417,86.08325185031363,79.10718948901768,3
216.57443829588638,87.7745676205412,86.13689852935835,3
216.59443962930862,88.2451964648775,82.10855954944054,3
216.61444096273084,90.81132310948568,81.63958429101525,3
216.63444229615308,89.52213866268802,85.31729789849317,3
216.6544436295753,84.71570496291922,78.06885326000284,3
216.6744449629975,87.46486831193663,82.2099375771566,3
216.69444629641976,82.23092898298091,76.4036288467742,3
216.71444762984197,82.02214088968817,74.32780965000089,3
216.7344489632642,81.35301803942886,71.83597019520056,3
216.75445029668643,77.24996457738904,69.36779585333478,3
216.77445163010867,74.5557058544683,67.1628119582085,3
216.7944529635309,79.87311565533791,68.81362220070625,3
216.81445429695313,77.19693928306923,67.49603102795524,3
216.83445563037534,80.96209216847102,71.37964404755489,3
216.8544569637976,74.27589552430202,63.82999547129647,3
216.8744582972198,70.07349887971705,62.334216794486785,3
216.89445963064205,68.15685414519984,60.27451232637575,3
216.91446096406426,61.1872166347023,50.70554376352112,3
216.9344622974865,63.058366529629566,53.57465733677827,3
216.95446363090872,58.03378897028517,49.48251552259195,3
216.97446496433093,56.702348841094796,46.418174885965456,3
216.99446629775318,58.36591797716415,47.88464605897273,3
217.0144676311754,53.640961622129076,45.651007520379025,3
217.03446896459764,58.82349932891844,49.3106232588053,3
217.05447029801985,52.27970771023531,44.52509081830257,3
217.0744716314421,53.218268017197786,43.96346649380446,3
217.0944729648643,50.049694462148075,42.008100352110645,3
217.11447429828655,41.71528942435165,31.90511291219316,3
217.13447563170877,38.29132039537468,30.076486215645197,3
217.154476965131,35.599301422062766,25.480187172179015,3
217.17447829855323,36.65970988519538,27.640245229513265,3
217.19447963197547,36.65104107364819,27.317966082550264,3
217.21448096539768,35.644328375500784,26.389893299208932,3
217.23448229881993,33.82136191031317,25.560352078617363,3
217.25448363224214,36.006343544346954,28.289752856225498,3
217.27448496566436,32.488220421234594,21.728526482439644,3
217.2944862990866,31.49320470707584,25.34016932356578,3
217.31448763250881,23.767294412596172,18.024295896671177,3
217.33448896593106,23.680047869548275,17.367226867679815,3
217.35449029935327,23.935079284395634,16.30944108276486,3
217.37449163277552,22.21016491131165,13.400754049472779,3
217.39449296619773,25.250121242557352,15.383479813791762,3
217.41449429961997,24.545896223255347,19.11667858177306,3
217.4344956330422,26.976304465063347,19.427716256402697,3
217.45449696646443,28.505576920000472,23.015381926924615,3
217.47449829988665,23.068547661833325,18.667707138988717,3
217.4944996333089,21.231358812958174,16.102908775083606,3
217.5145009667311,25.66743328191226,19.000444208867382,3
217.53450230015335,18.581319281626122,15.21339295946678,3
217.55450363357556,18.36941498762116,13.967900772471344,3
217.57450496699778,21.646096152861375,17.199002498494817,3
217.59450630042002,22.846428177204096,20.318178981302708,3
217.61450763384224,25.844594701123103,20.78986287458695,3
217.63450896726448,26.57336754265457,22.356625476959724,3
217.6545103006867,29.051744162964074,21.788222950684048,3
217.67451163410894,29.442256200294352,24.700755771466415,3
217.69451296753115,32.84992267733177,29.360319590905036,3
217.7145143009534,29.60647823186328,27.015694229637504,3
217.7345156343756,28.738598309128736,26.38110070030049,3
217.75451696779785,27.781308683946097,26.188123011997,3
217.77451830122007,34.25560303242939,31.17594044528256,3
217.7945196346423,32.84204175901235,30.66019991387235,3
217.81452096806453,37.48479776772596,34.497599870747436,3
217.83452230148677,38.15426106949562,35.557025512932384,3
217.854523634909,43.16101912401014,40.643944052547695,3
217.8745249683312,41.91874662800261,42.48318502547669,3
217.89452630175344,45.93039133753931,42.99124549611085,3
217.91452763517566,42.02599319899827,39.94631254554439,3
217.9345289685979,46.98119854555903,45.71362813396484,3
217.95453030202012,47.53595060772361,45.99863896738687,3
217.97453163544236,54.463304733124524,54.0064182597322,3
217.99453296886458,51.2872397371708,49.544058497306075,3
218.01453430228682,61.09022359067401,58.774018195899544,3
218.03453563570903,61.37502222780441,58.95141122490436,3
218.05453696913128,66.54450487238309,63.58909631066547,3
218.0745383025535,67.5330863923918,65.57708714420087,3
218.09453963597574,64.5805396495751,62.36908470696663,3
218.11454096939795,76.43462179385627,73.19961269676695,3
218.1345423028202,71.5912908766663,66.67723028929149,3
218.1545436362424,69.68525581278406,69.46309717115348,3
218.17454496966462,71.09569092163602,68.74427709926556,3
218.19454630308687,78.98989628964868,77.34750665767186,3
218.21454763650908,83.105072918772,79.55645977895252,3
218.23454896993132,81.30203453006534,79.08507311171591,3
218.25455030335354,82.86507322772857,79.76863610545237,3
218.27455163677578,86.91350818287727,81.74551972035599,3
218.294552970198,84.14896202855533,81.83404674610922,3
218.31455430362024,82.46172727307453,78.26186023905156,3
218.33455563704246,87.00148633065716,82.82647237434203,3
218.3545569704647,85.06212091493045,83.67698339992155,3
218.37455830388691,87.90044258040696,81.95476910741684,3
218.39455963730916,93.97727845043057,89.78949344883773,3
218.41456097073137,95.0349054821448,90.76086459892389,3
218.43456230415362,94.24439764038794,90.32618401708072,3
218.45456363757583,94.43285634213109,88.37187709732778,3
218.47456497099805,95.27127005447204,89.49573438036644,3
218.4945663044203,92.48106887999475,88.497480327869,3
218.5145676378425,88.97653541274587,83.05561873355944,3
218.53456897126475,89.70020830384318,81.65671111814767,3
218.55457030468696,90.91400956960861,84.97733668402603,3
218.5745716381092,87.38427742849734,81.25914142289899,3
218.59457297153142,87.82746348545885,81.14809919835945,3
218.61457430495366,90.48121248711423,82.39608059973376,3
218.63457563837588,92.56858601076428,84.63153201740464,3
218.65457697179812,89.2818334115943,83.26626646122253,3
218.67457830522034,89.67639439434933,84.46401089869074,3
218.69457963864258,86.64034308172046,77.85767292118632,3
218.7145809720648,83.629076324635,74.77821863957807,3
218.73458230548704,77.45574110829116,69.9182354386705,3
218.75458363890925,75.7758523521203,70.1257276550681,3
218.77458497233147,77.1778978267016,66.58909822840053,3
218.7945863057537,75.56295971837277,68.51906060122073,3
218.81458763917593,74.91970294336669,64.79845050583262,3
218.83458897259817,77.25973042054201,70.2250686257239,3
218.85459030602038,73.3802405749476,65.04401493412861,3
218.87459163944263,71.52773490788447,62.97117289634497,3
218.89459297286484,69.72356530811486,59.406419813358184,3
218.91459430628709,62.950842454304954,55.367257854537144,3
218.9345956397093,61.74148607247725,49.89344894928047,3
218.95459697313154,59.476795840096536,49.7641736995637,3
218.97459830655376,56.436543311615544,44.31470756845669,3
218.994599639976,58.434530073215385,46.56998157894846,3
219.01460097339822,54.29723929273109,43.93315372492812,3
219.03460230682046,56.626367941906906,46.67496022417359,3
219.05460364024268,53.48154882749898,43.85551104652802,3
219.0746049736649,50.67060955081758,40.68032090203802,3
219.09460630708713,49.100116238913664,40.70557457367622,3
219.11460764050935,41.80781309279105,29.200284184592732,3
219.1346089739316,40.37699859538833,31.056349188952083,3
219.1546103073538,35.33913591311259,27.257259225675465,3
219.17461164077605,34.377441075352344,24.914672108505123,3
219.19461297419826,35.5525208432267,27.460464862907784,3
219.2146143076205,36.31909561213607,31.298351342038387,3
219.23461564104272,30.574267466088717,26.97555911398629,3
219.25461697446497,35.185836939326556,28.33256389808047,3
219.27461830788718,29.703220318888974,21.306960863490914,3
219.29461964130942,28.69272516613958,19.355348521899046,3
219.31462097473164,29.93718157033461,21.941098034660147,3
219.33462230815388,22.233721138481428,12.787337120115987,3
219.3546236415761,23.52219232422384,15.166094562704705,3
219.3746249749983,23.577961355323048,18.515352992349026,3
219.39462630842056,21.033989794302926,13.829554143092045,3
219.41462764184277,23.145791943721594,16.80387797615092,3
219.434628975265,29.190045957837526,23.3848729099508,3
219.45463030868723,23.68240642420836,18.255630608543985,3
219.47463164210947,25.82040994422646,20.245523989850703,3
219.4946329755317,25.69484031504717,17.392195708877754,3
219.51463430895393,24.281228899155465,18.982312943711875,3
219.53463564237614,20.75893902341746,16.080662947329767,3
219.5546369757984,19.159910996630988,14.453192252031362,3
219.5746383092206,20.49728905624097,15.198607841690016,3
219.59463964264285,24.648127147333955,20.635111768017193,3
219.61464097606506,24.58362722015663,18.760249245526545,3
219.6346423094873,28.726256388500968,24.679074516069452,3
219.65464364290952,32.42926064800702,23.81630674423653,3
219.67464497633173,31.412278151130437,26.34534531990848,3
219.69464630975398,30.554881110205713,25.289301778576885,3
219.7146476431762,24.202192606520292,21.061506569977475,3
219.73464897659844,30.51873374748137,26.479950105837965,3
219.75465031002065,28.328275912379528,24.702868829944734,3
219.7746516434429,31.964428207130602,28.485134355899262,3
219.7946529768651,35.319774920273765,34.367231713027984,3
219.81465431028735,38.330278351631485,37.331909455808216,3
219.83465564370957,46.37597394846102,43.96694843105353,3
219.8546569771318,49.31858729372283,47.80830356349793,3
219.87465831055403,43.70758302678251,43.81160975143152,3
219.89465964397627,44.60346690394176,41.22547443753001,3
219.91466097739848,45.826682667561755,42.734701747405516,3
219.93466231082073,43.77343473194005,41.82927426831336,3
219.95466364424294,50.68556929368543,47.525605312397325,3
219.97466497766516,50.91607418521219,49.46605080574509,3
219.9946663110874,54.633921477790416,53.70485992849146,3
220.01466764450961,57.292576294167944,55.17087357098082,3
220.03466897793186,64.52421846019605,61.64882990411497,3
220.05467031135407,63.75582964604834,63.10637674993265,3
220.07467164477632,68.11570686769011,64.31358854300964,3
220.09467297819853,66.4837481068547,63.09814864917676,3
220.11467431162077,65.39445996285488,62.834957087639914,3
220.134675645043,66.03834313853812,65.35831973681982,3
220.15467697846523,71.12010326216831,67.76556696679081,3
220.17467831188745,74.29078233241496,74.01207077209432,3
220.1946796453097,76.97686960524628,72.8939597742229,3
220.2146809787319,83.45056787090363,81.36643905039915,3
220.23468231215415,81.00002742002154,77.62403227312326,3
220.25468364557636,81.31962358721262,79.58037284761724,3
220.27468497899858,85.44074717586881,82.23933230723854,3
220.29468631242082,84.97338577592437,80.10355586865069,3
220.31468764584304,85.52673671094776,77.9197682608439,3
220.33468897926528,81.38682289071012,78.73697866764236,3
220.3546903126875,82.5360472354095,78.17717617991947,3
220.37469164610974,88.51302055387988,86.85402604291873,3
220.39469297953195,84.99246114432785,82.67841041162832,3
220.4146943129542,94.09824012825442,88.5868588886834,3
220.4346956463764,93.15694660436368,88.92193731490231,3
220.45469697979865,99.28928725156639,93.0233353043806,3
220.47469831322087,93.03895220983182,88.90110988892495,3
220.4946996466431,88.36350836057294,83.53336788181366,3
220.51470098006533,89.47277714928278,83.7835575154963,3
220.53470231348757,87.91584893739714,81.72524724397668,3
220.5547036469098,86.41827113286142,81.71978260603441,3
220.574704980332,88.68017345532517,79.50200004892926,3
220.59470631375424,85.79872278802185,80.44982649940688,3
220.61470764717646,95.73072795987902,89.05314561003063,3
220.6347089805987,91.57153655248176,83.59084609458299,3
220.65471031402092,90.41438592169608,84.23028368729807,3
220.67471164744316,87.21726697250439,79.32228790459136,3
220.69471298086538,89.99509021701316,81.01692951679571,3
220.71471431428762,85.63831922237775,77.21903097083054,3
220.73471564770983,82.7177175647274,74.70494708209719,3
220.75471698113208,81.71924148398936,71.82903392702612,3
220.7747183145543,76.62145386744177,65.04845833234614,3
220.79471964797654,73.80990064811834,63.10000909140767,3
220.81472098139875,79.50785769262144,68.80542899503646,3
220.834722314821,81.04452462063087,74.05149294568072,3
220.8547236482432,78.23597940024167,70.14581689753537,3
220.87472498166542,70.24607385915921,61.229728919748155,3
220.89472631508767,68.55348610033822,58.236642131403606,3
220.91472764850988,65.92615369949733,55.53684704644488,3
220.93472898193212,59.895935108037435,49.68973883386103,3
220.95473031535434,61.69289669008629,53.0999667755766,3
220.97473164877658,54.96248160825884,46.57757838574374,3
220.9947329821988,52.121944857049,44.86679660885628,3
221.01473431562104,55.97549902279988,45.53618221328826,3
221.03473564904326,56.16637532585051,49.97231222559485,3
221.0547369824655,52.83235371966178,41.494380798822725,3
221.0747383158877,54.75279293641188,45.54996152160096,3
221.09473964930996,50.317224602783,39.766414516536905,3
221.11474098273217,47.033734806387635,38.05492183939544,3
221.13474231615442,35.90752391316268,27.116037403969322,3
221.15474364957663,34.82444788046124,27.831487770380726,3
221.17474498299885,37.363417395950805,29.36346530480916,3
221.1947463164211,35.75343536253205,24.87041916629727,3
221.2147476498433,35.09429663899308,25.403748069466353,3
221.23474898326555,34.082219296760904,23.32619831337905,3
221.25475031668776,31.070649578183087,21.71609274980911,3
221.27475165011,36.10445935424015,26.429420465796312,3
221.29475298353222,30.46759149714566,22.617162905842225,3
221.31475431695446,25.984294952753025,16.557133457629263,3
221.33475565037668,24.83738248621321,17.196637702153755,3
221.35475698379892,20.330844939971552,12.676275059103776,3
221.37475831722114,22.571543154951822,18.125258556192314,3
221.39475965064338,20.061649027445856,13.830063987640516,3
221.4147609840656,24.007888600013867,20.916048741685657,3
221.43476231748784,26.433504443112867,18.916830061981404,3
221.45476365091005,25.45053902892198,19.044705153482887,3
221.47476498433227,22.87624343297618,17.348075372164292,3
221.4947663177545,26.79584262326077,20.636177705429503,3
221.51476765117673,23.621806477648818,17.456846341964436,3
221.53476898459897,21.43754564793053,16.82880098506918,3
221.55477031802118,19.329829564523205,13.712442809134389,3
221.57477165144343,19.96825448465627,17.762067533947224,3
221.59477298486564,23.501435564940316,19.940568628492844,3
221.61477431828789,26.64104622525678,20.23836077781442,3
221.6347756517101,25.726016216886784,20.595538467844015,3
221.65477698513234,30.756074222673966,25.030023553045723,3
221.67477831855456,29.03015018199168,22.98087572195466,3
221.6947796519768,30.08722227662083,25.770521301957896,3
221.71478098539902,22.015854447529186,21.113238397474742,3
221.73478231882126,28.36493586921429,25.890826555114003,3
221.75478365224347,30.920259990842666,29.19332977531986,3
221.7747849856657,31.270408646867903,29.421759536753562,3
221.79478631908793,33.646380837457,31.761684548417765,3
221.81478765251015,39.92432187307824,37.05062345709484,3
221.8347889859324,42.54464162843261,38.9341596718698,3
221.8547903193546,41.78657230346973,39.52693933422965,3
221.87479165277685,44.90578085925434,43.57004840198318,3
221.89479298619906,45.52695376426345,42.62683408656244,3
221.9147943196213,46.62774087859133,44.292583885297034,3
221.93479565304352,41.1061959122768,39.75170022438907,3
221.95479698646577,46.23297878310127,48.06646675397819,3
221.97479831988798,52.932551735548394,52.15818326676567,3
221.99479965331022,53.68508084444738,52.573437230761115,3
222.01480098673244,60.12690112667452,60.17147911579258,3
222.03480232015468,60.42187005219747,58.88158164112559,3
222.0548036535769,62.65034971435298,59.964587385169004,3
222.0748049869991,72.37249110511486,70.0438297870105,3
222.09480632042136,68.05587196615431,63.30418315559709,3
222.11480765384357,65.56055393446898,64.71837958628103,3
222.1348089872658,65.37098151924903,64.50155805133315,3
222.15481032068803,69.68305832405993,67.52243249172321,3
222.17481165411027,73.83481868863893,69.6485876642728,3
222.1948129875325,75.45048681740327,73.41092670264622,3
222.21481432095473,82.21236725772131,76.54567200167827,3
222.23481565437694,86.55135628534693,84.00494129129112,3
222.2548169877992,85.322886058017,83.24745609188437,3
222.2748183212214,83.37376253672805,80.08152888710622,3
222.29481965464365,85.90968479180272,83.45685174165183,3
222.31482098806586,85.32100417262589,80.33802766765979,3
222.3348223214881,84.79738121335112,78.67541719416276,3
222.35482365491032,84.88201444085124,81.30213822601185,3
222.37482498833253,80.56480018046017,78.07418450320151,3
222.39482632175478,89.91098159497683,86.26801221551091,3
222.414827655177,93.47028423253339,87.43875944065537,3
222.43482898859924,93.93982922084206,86.59340515350975,3
222.45483032202145,92.7453139784039,85.9065302026559,3
222.4748316554437,89.43061839359517,86.61682835128157,3
222.4948329888659,92.61989023785948,87.22901973223541,3
222.51483432228815,94.8228988253794,90.27032429950803,3
222.53483565571037,86.60375186232889,83.2356609794136,3
222.5548369891326,89.0770088287206,82.05723162037198,3
222.57483832255483,90.538060839824,83.27916545584824,3
222.59483965597707,89.6350140870949,80.48930516089841,3
222.61484098939928,91.24855149625076,86.11499525628827,3
222.63484232282153,88.56986343358231,83.45473802319252,3
222.65484365624374,87.21309980741951,80.69507848176153,3
222.67484498966596,88.9183004473586,80.41475312855947,3
222.6948463230882,87.83530712984565,78.59551052742516,3
222.71484765651041,83.84020061594941,75.4098118403401,3
222.73484898993266,77.89793832509925,70.20517329345607,3
222.75485032335487,78.31556199988377,68.26636638191887,3
222.77485165677712,78.00865517273763,69.21088500233247,3
222.79485299019933,75.27236835450752,65.85540905556613,3
222.81485432362157,76.06552255413568,69.4220422724808,3
222.8348556570438,74.89134098474955,64.9300018684115,3
222.85485699046603,75.17398500034238,68.36969430745386,3
222.87485832388825,72.91837223194551,63.36849986515703,3
222.8948596573105,67.50152372015783,58.95573765796437,3
222.9148609907327,69.76904173077493,59.11208322225739,3
222.93486232415495,62.58540556061803,54.25887009483952,3
222.95486365757716,55.37258077438514,48.349839637156904,3
222.97486499099938,60.19403714478968,50.0467325557119,3
222.99486632442162,57.89904506585214,47.88302524159818,3
223.01486765784384,53.69666450639261,47.47508847035058,3
223.03486899126608,56.88743213901342,47.68595227846144,3
223.0548703246883,54.32016774730422,42.961280346426705,3
223.07487165811054,52.86553320861958,42.31839679959549,3
223.09487299153275,45.19109205847629,33.858219491622556,3
223.114874324955,44.51180712771297,35.289375577468384,3
223.1348756583772,39.445734590175405,33.40246459100496,3
223.15487699179945,36.262515861048186,29.587779752876767,3
223.17487832522167,39.76087917964705,30.69855845879592,3
223.1948796586439,40.42982645352883,30.971551620584364,3
223.21488099206613,35.2622779192419,28.65600654014159,3
223.23488232548837,35.58205155789752,28.37064060480011,3
223.2548836589106,33.32809293471693,24.19951875784356,3
223.2748849923328,31.417301192875794,23.129122962741654,3
223.29488632575504,34.79840243369387,27.07795798554045,3
223.31488765917726,25.878889442853282,17.39866336553816,3
223.3348889925995,23.694346836746845,15.072512896849343,3
223.35489032602172,26.66063629464432,15.554225911475667,3
223.37489165944396,22.66128914140743,14.632595617335602,3
223.39489299286618,23.3462737017329,15.221599574260846,3
223.41489432628842,22.36354126047499,16.68703861791959,3
223.43489565971063,22.87261343875219,19.73016146634959,3
223.45489699313288,29.430443364322382,21.066081168958785,3
223.4748983265551,22.65001774016203,17.699186856805827,3
223.49489965997734,23.05048918708095,20.56496364057006,3
223.51490099339955,16.185671540500447,10.962052078071912,3
223.5349023268218,19.013694503676216,15.113780824636725,3
223.554903660244,18.287812742831978,14.066176795765672,3
223.57490499366622,17.939439479045358,15.138310739411326,3
223.59490632708847,23.446822660239004,19.05123589792888,3
223.61490766051068,25.54440866868674,24.0488938735315,3
223.63490899393292,20.164428818914768,19.1281512284454,3
223.65491032735514,29.811010819335426,27.65623350024506,3
223.67491166077738,27.40179653773109,25.306014199705928,3
223.6949129941996,29.846671464234284,25.033340953936737,3
223.71491432762184,23.99990022246146,21.530723236850267,3
223.73491566104406,31.17103784896841,26.777587498734302,3
223.7549169944663,29.675684637199105,27.78504877138947,3
223.7749183278885,32.547360921955075,29.66778826433351,3
223.79491966131076,34.270146806905906,30.899987845207747,3
223.81492099473297,40.07145965474855,37.62429265635434,3
223.83492232815522,39.71759859377084,34.05577868946485,3
223.85492366157743,44.91772293940902,41.38064714752148,3
223.87492499499965,45.83571474373763,43.932150916733626,3
223.8949263284219,46.60471264802644,43.0089969199493,3
223.9149276618441,48.87909119745241,47.51190610682046,3
223.93492899526635,50.55200097958546,47.39778853992092,3
223.95493032868856,52.21198529775892,47.81336799318257,3
223.9749316621108,51.789535350736244,48.334844111598215,3
223.99493299553302,55.1265005761424,53.62597587677965,3
224.01493432895526,62.65526715876109,58.17884551083088,3
224.03493566237748,60.947776617402035,57.30142930241186,3
224.05493699579972,62.3949447564281,60.98453848206126,3
224.07493832922194,64.9278005012586,64.63190974531761,3
224.09493966264418,72.66826242436808,68.19119018169113,3
224.1149409960664,68.10531880562435,64.72555321062997,3
224.13494232948864,71.28146497362509,67.7553450173712,3
224.15494366291085,73.56470561455268,69.88152186808296,3
224.17494499633307,76.98222073533069,74.53746542911207,3
224.1949463297553,77.53763348709391,75.2678315506414,3
224.21494766317753,79.21005283412987,73.37702173222036,3
224.23494899659977,86.306782181608,82.83256012709279,3
224.25495033002198,86.62490982450902,83.31975520137243,3
224.27495166344423,86.63304384860713,83.50711008052758,3
224.29495299686644,87.24469438758202,82.23925425691672,3
224.31495433028869,83.31639947203786,80.00288949164762,3
224.3349556637109,81.1271493748991,76.89160669952774,3
224.35495699713314,92.93287765383967,85.82539694473611,3
224.37495833055536,84.81194716632115,83.8665914225889,3
224.3949596639776,90.77163942426361,83.21109605212925,3
224.41496099739982,89.80891118556343,85.80969040380297,3
224.43496233082206,91.44529782089813,83.81115632498835,3
224.45496366424427,97.18532795295896,91.97372134535829,3
224.4749649976665,96.91319217440468,90.35142104450821,3
224.49496633108873,90.21507463728393,86.34085304546375,3
224.51496766451095,92.36105439482937,85.54849108543873,3
224.5349689979332,92.16914403272368,88.26372755480199,3
224.5549703313554,92.48988948076021,84.21211023293868,3
224.57497166477765,86.69025225708609,81.53837791797518,3
224.59497299819986,89.79295402680027,81.88423760144387,3
224.6149743316221,94.01434290456092,85.39636381319963,3
224.63497566504432,93.4118600463719,84.5621189047231,3
224.65497699846657,89.82166081042895,81.25494625274958,3
224.67497833188878,91.35107719999513,81.69512211593104,3
224.69497966531102,83.19772727048512,76.36965888200132,3
224.71498099873324,78.5854222670942,70.93351596272574,3
224.73498233215548,77.99513444500334,70.14314499147645,3
224.7549836655777,78.23200145869178,70.68066544718403,3
224.7749849989999,78.53324559913852,69.46949527199364,3
224.79498633242216,77.62099225152436,68.03726097410525,3
224.81498766584437,77.25442241145687,65.97527215522544,3
224.8349889992666,78.72498519057912,66.56286350338442,3
224.85499033268883,81.1183393046077,72.34128717045878,3
224.87499166611107,72.44547475603653,66.13076105610008,3
224.8949929995333,64.93251040374184,56.19926025025057,3
224.91499433295553,68.27682231025233,59.07476413374177,3
224.93499566637774,58.08714684588803,52.359733590312906,3
224.9549969998,60.549277091709676,52.2839620173361,3
224.9749983332222,56.30092307826153,50.401205111834514,3
224.99499966664445,57.93208871375826,47.42451597324752,3
225.01500100006666,56.81977543960762,46.89642267724846,3
225.0350023334889,53.79700933288442,44.43084039154402,3
225.05500366691112,53.634831302344274,46.04381406408221,3
225.07500500033333,55.05966583521665,44.53086412442908,3
225.09500633375558,48.79016107830369,40.516522294468466,3
225.1150076671778,44.549660452156544,36.58493890880943,3
225.13500900060004,39.57880007116625,32.27325683667102,3
225.15501033402225,34.287119762038735,29.598812665521102,3
225.1750116674445,37.03919727517163,30.551625311025475,3
225.1950130008667,35.91446293722262,28.860085406889297,3
225.21501433428895,35.91064335275474,27.83581781586658,3
225.23501566771117,36.499477741088555,27.436974920099807,3
225.2550170011334,35.688075926329304,26.17135630980154,3
225.27501833455563,34.43064148467872,23.763279253350102,3
225.29501966797787,29.050240711497604,21.122537776274985,3
225.31502100140008,23.06039885951143,16.02317013321071,3
225.33502233482233,27.10029494631443,19.224015200333312,3
225.35502366824454,21.723150781816166,17.007408616400937,3
225.37502500166676,22.790317836277325,14.507776908022121,3
225.395026335089,20.46304330089643,13.511414909390071,3
225.41502766851121,25.581199281240753,17.469111113579682,3
225.43502900193346,25.68977997761948,19.00999784810834,3
225.45503033535567,21.457163926210992,14.486763554007556,3
225.47503166877792,25.163672837467583,19.4098394887323,3
225.49503300220013,22.10251421625156,15.815337787156484,3
225.51503433562237,20.95996866753621,13.757784864003316,3
225.5350356690446,19.21580432816422,15.526699269902092,3
225.55503700246683,18.248416460241835,11.843497052533339,3
225.57503833588905,20.641320285539884,11.60341034717385,3
225.5950396693113,21.44293249977504,17.559576858195385,3
225.6150410027335,25.1933117173345,21.39356179488989,3
225.63504233615575,28.303795504776435,21.788212337402044,3
225.65504366957796,31.85609351072361,26.877131375589595,3
225.67504500300018,29.8256841958162,26.00926661058796,3
225.69504633642242,26.775452321486213,22.24715990241776,3
225.71504766984464,26.28324876506459,23.30864899632153,3
225.73504900326688,25.997523544178613,22.95944935214479,3
225.7550503366891,28.562791214393172,24.453922326199887,3
225.77505167011134,32.53540471360885,29.216585828716955,3
225.79505300353355,34.93041230328819,30.019767995138583,3
225.8150543369558,40.60121700334706,39.19486276021952,3
225.835055670378,44.71032801059995,40.733181230832365,3
225.85505700380025,45.33919107361543,42.82802783479777,3
225.87505833722247,46.28070177691719,43.907475156780265,3
225.8950596706447,43.76220919638831,40.520847666941975,3
225.91506100406693,44.6362133977882,43.4117248832058,3
225.93506233748917,48.260200270010756,48.075754931149746,3
225.9550636709114,50.09638034746527,47.08654374896934,3
225.9750650043336,53.70980284610307,49.502367272827016,3
225.99506633775584,53.28858273404171,52.74870766696656,3
226.01506767117806,58.098705646323616,57.55039832282178,3
226.0350690046003,63.09489458270979,59.616135437041514,3
226.05507033802252,67.96949308670641,67.8144568016671,3
226.07507167144476,69.90032631229853,65.94545735397413,3
226.09507300486698,69.65593501751991,68.06746099303983,3
226.11507433828922,67.50160127030999,66.21479612437982,3
226.13507567171143,67.90559963641448,66.17232853802282,3
226.15507700513368,68.38259637332901,66.47338570745802,3
226.1750783385559,72.99755284750447,67.84149212408653,3
226.19507967197814,75.40286771884462,73.93175939129371,3
226.21508100540035,77.40627040225476,75.55896723405527,3
226.2350823388226,84.46839427250333,80.78072100321403,3
226.2550836722448,82.3197287332715,77.59870698203848,3
226.27508500566702,87.47803527800288,84.24771317726064,3
226.29508633908927,85.42740341781197,79.44758801553357,3
226.31508767251148,87.86053932118125,84.47715885836966,3
226.33508900593372,87.14405681912815,83.29935040518664,3
226.35509033935594,86.3833025361132,82.4733870896493,3
226.37509167277818,87.95730769261023,80.75342392375795,3
226.3950930062004,88.05856969980461,86.04325664354,3
226.41509433962264,95.01903769812681,89.57538793881999,3
226.43509567304486,93.26493839689788,87.5882508367924,3
226.4550970064671,96.26815152129332,88.84678903788523,3
226.4750983398893,89.58064010489942,84.65062512306224,3
226.49509967331156,88.16442627112407,83.08675399480607,3
226.51510100673377,92.41715661823713,86.34146820779011,3
226.53510234015602,92.09542041200544,86.28463219429842,3
226.55510367357823,90.5447241215731,83.88895875847757,3
226.57510500700045,89.18466624280049,80.01780821644452,3
226.5951063404227,84.66705466771754,80.12191734557852,3
226.6151076738449,92.41554758511896,84.61935855765383,3
226.63510900726715,92.35359768052125,85.8744727176567,3
226.65511034068936,92.269199994519,83.2785606942395,3
226.6751116741116,86.93829011218376,81.60796908429413,3
226.69511300753382,87.70989659314247,78.60336407582218,3
226.71511434095606,81.09727995493351,73.70532617720455,3
226.73511567437828,79.57097201511291,71.95237154528094,3
226.75511700780052,80.52924817976663,70.36995971285737,3
226.77511834122274,75.52876812000746,65.66119181641493,3
226.79511967464498,79.89588837414253,71.29548621919352,3
226.8151210080672,78.9773654759013,70.4556356013678,3
226.83512234148944,76.11301873952038,65.22390005674323,3
226.85512367491165,80.15685964968758,70.72676202243397,3
226.87512500833387,74.47132032847358,66.39985571500428,3
226.8951263417561,68.91741274112151,58.96080362296712,3
226.91512767517833,64.27729694908156,54.75786827621219,3
226.93512900860057,63.47209992132131,53.47179591985846,3
226.95513034202278,62.529504659566236,51.62499088960435,3
226.97513167544503,55.51188856790997,46.68012739706407,3
226.99513300886724,55.72230222433836,46.31000009958989,3
227.01513434228949,54.307973298128914,43.09463590936889,3
227.0351356757117,58.38178065639137,48.985193386195526,3
227.05513700913394,51.70308323648419,45.04102612659883,3
227.07513834255616,51.8410146960861,42.69230404394726,3
227.0951396759784,47.54027227033256,37.91244290081998,3
227.11514100940062,42.8129723274158,32.82581728640469,3
227.13514234282286,42.291123303432954,34.47092030886687,3
227.15514367624507,37.64776925480433,30.19771117588092,3
227.1751450096673,40.66062819394859,32.42862135258171,3
227.19514634308953,37.90717039424381,28.482239768611837,3
227.21514767651175,37.664526793690804,28.60315326328505,3
227.235149009934,34.5884945621489,25.354939900970557,3
227.2551503433562,34.93127777990109,26.790189528653794,3
227.27515167677845,34.50338559962267,26.189011242936633,3
227.29515301020066,26.131003924994783,18.07026857310103,3
227.3151543436229,24.946034288367805,15.963441547251222,3
227.33515567704512,24.956381195441047,14.137407885589065,3
227.35515701046737,24.53922617076977,16.605067285375302,3
227.37515834388958,20.709660016116214,11.704326729599787,3
227.39515967731182,21.163578121140475,16.406239279101946,3
227.41516101073404,25.834361850306756,20.037230691531857,3
227.43516234415628,24.14459197266375,21.50176788719208,3
227.4551636775785,22.872720158246032,18.56906364170275,3
227.4751650110007,22.675332565984107,18.25863973119083,3
227.49516634442296,21.764439201838613,15.741660757717675,3
227.51516767784517,21.039863259582933,15.27986520190431,3
227.5351690112674,19.375903059369435,15.09946545326011,3
227.55517034468963,17.891085188383116,12.858675621179277,3
227.57517167811187,23.296480697584556,14.893040878441958,3
227.5951730115341,26.29996846923138,21.068062327702897,3
227.61517434495633,27.341058393887735,22.535110873253647,3
227.63517567837854,31.842672588102808,29.03390591039738,3
227.6551770118008,30.882717694920846,27.658183657510822,3
227.675178345223,31.371668841994552,27.927899322416696,3
227.69517967864525,28.570453326157114,25.02070409929225,3
227.71518101206746,30.283525306009295,27.826960347756778,3
227.7351823454897,29.596840627029874,26.362924678382097,3
227.75518367891192,27.96853116375447,25.432622975206314,3
227.77518501233413,31.082633398162212,30.24874593546167,3
227.79518634575638,37.83074965350536,34.00919531105801,3
227.8151876791786,40.184343617084124,38.93807949404244,3
227.83518901260084,39.67379267110356,36.43881142987587,3
227.85519034602305,45.755351421367166,41.47075411206071,3
227.8751916794453,44.058985896085055,42.59952652296539,3
227.8951930128675,48.21243139648553,45.52438860441033,3
227.91519434628975,44.30571369839212,42.62874750684464,3
227.93519567971197,48.30796790039879,44.94429835435595,3
227.9551970131342,49.25244802222637,47.3265570911956,3
227.97519834655643,49.84035138215305,48.65925460946428,3
227.99519967997867,54.905826276125346,54.422537356479204,3
228.01520101340088,59.49855699622345,58.67350460548309,3
228.03520234682313,63.253740950471524,61.62334299419117,3
228.05520368024534,68.4441120671074,66.12239274828801,3
228.07520501366756,67.01147018570802,63.51398662919452,3
228.0952063470898,68.41398203126705,66.02499489963122,3
228.11520768051201,67.3349459651866,67.43542693088692,3
228.13520901393426,61.25635574009982,58.52722291328041,3
228.15521034735647,69.66962584985326,66.46246613023091,3
228.17521168077872,75.05652304061631,69.58205087185071,3
228.19521301420093,71.33301398192813,69.14349626659518,3
228.21521434762317,73.68356636582423,70.60440547086677,3
228.2352156810454,83.78922046119433,80.32889011757429,3
228.25521701446763,84.85701422583195,79.73510857233487,3
228.27521834788985,84.67414652255431,80.36324994055508,3
228.2952196813121,85.83727206889058,82.37224674241705,3
228.3152210147343,81.51173215594036,76.27041794319246,3
228.33522234815655,86.18060656212737,82.60104851593962,3
228.35522368157876,88.96545572936348,85.03417845450707,3
228.37522501500098,88.40988197949606,83.50491544889341,3
228.39522634842322,88.89263739407049,84.68883141486236,3
228.41522768184544,92.52788041508295,87.75588934639973,3
228.43522901526768,95.12338973143677,89.0785170394406,3
228.4552303486899,94.00241753753798,89.43223469938341,3
228.47523168211214,97.35990770912463,90.13222043226897,3
228.49523301553435,90.2983165471008,86.54477793254672,3
228.5152343489566,91.92125017928012,86.39886422340538,3
228.5352356823788,90.27349294241162,83.09572483352878,3
228.55523701580105,86.88275359170106,79.84932008090176,3
228.57523834922327,89.48136764578564,82.67973907621742,3
228.5952396826455,92.46500225580428,83.36537037056172,3
228.61524101606773,94.31085223431808,84.83790565864146,3
228.63524234948997,94.68605659871942,87.31680696708514,3
228.6552436829122,91.32680026788158,83.46868455118249,3
228.6752450163344,86.14801414817413,77.27719851907936,3
228.69524634975664,86.61112626746346,79.49238822706587,3
228.71524768317886,78.98269025104204,69.71573260149542,3
228.7352490166011,80.40537815118151,72.67441957385878,3
228.75525035002332,76.49604358747285,67.04026132889942,3
228.77525168344556,74.11460831076278,68.71198834050614,3
228.79525301686778,74.9831355956939,66.21087680767947,3
228.81525435029002,76.6021266070328,69.23313580004421,3
228.83525568371223,79.9512127407661,68.97573310850524,3
228.85525701713448,78.05971629349072,68.77661966251306,3
228.8752583505567,70.55762323713577,61.61787641558078,3
228.89525968397894,66.34202788086664,57.85689898987607,3
228.91526101740115,63.343862205707666,55.261576827020264,3
228.9352623508234,61.7106187051949,52.76977580402884,3
228.9552636842456,55.79614316998622,47.44618865365293,3
228.97526501766782,62.1728235867607,52.64003334298443,3
228.99526635109007,60.33274095382257,48.25872265286834,3
229.01526768451228,56.63263132455045,47.84480300434802,3
229.03526901793452,56.25688179766465,46.00240663333181,3
229.05527035135674,54.322880911738125,47.337879758600984,3
229.07527168477898,51.20405906881522,41.79467089719155,3
229.0952730182012,48.29104779301383,40.03111195848283,3
229.11527435162344,43.17210561456474,33.36985565304846,3
229.13527568504566,37.68421091494841,27.839704017730565,3
229.1552770184679,37.36212754510909,29.582895036971006,3
229.1752783518901,38.1784133149921,29.673460121115422,3
229.19527968531236,37.50034512528462,30.08166529635134,3
229.21528101873457,38.10217955937058,29.906893069310087,3
229.23528235215682,34.70835778329349,27.41711422568064,3
229.25528368557903,36.86308798789724,28.448125186754982,3
229.27528501900125,32.88328514148391,25.460294652818497,3
229.2952863524235,28.393429903750175,20.327842962984953,3
229.3152876858457,27.05605387517948,18.443561061592852,3
229.33528901926795,24.311216463196104,19.317609729837564,3
229.35529035269016,20.35504255860529,15.281979625326894,3
229.3752916861124,20.81604578359741,13.185800086925003,3
229.39529301953462,23.048248850214012,18.536282702898628,3
229.41529435295686,24.937261000631555,16.781555498920532,3
229.43529568637908,22.7400086069635,17.782813815471748,3
229.45529701980132,26.570543843709988,19.126419213786374,3
229.47529835322354,23.52966411469143,14.095107333188107,3
229.49529968664578,22.684215235228578,17.851357546251652,3
229.515301020068,20.10585994966608,13.840085326086381,3
229.53530235349024,18.855704199456166,13.559295062086447,3
229.55530368691245,23.1489000654181,19.80553946502108,3
229.57530502033467,19.30470314336168,15.663269512417532,3
229.5953063537569,20.36747672823391,18.894560377571658,3
229.61530768717913,23.94076343858321,20.662030450746954,3
229.63530902060137,31.859633358234145,25.358833862588465,3
229.65531035402358,29.823221445076847,26.37049921886289,3
229.67531168744583,26.211642463659725,23.385872958857277,3
229.69531302086804,23.415550257961602,20.189372211991646,3
229.71531435429029,27.38731487502105,24.898366549952165,3
229.7353156877125,30.080762588549188,26.68514408687767,3
229.75531702113474,27.007884198144637,23.830389152636766,3
229.77531835455696,27.574375828099246,26.46167834587655,3
229.7953196879792,37.54036970824864,36.22607132328845,3
229.81532102140142,38.35669435216724,36.74339626605632,3
229.83532235482366,42.70246440234805,38.432342869806526,3
229.85532368824587,45.19397191494765,42.847991896043226,3
229.8753250216681,44.45262140986078,43.53226670110526,3
229.89532635509033,52.355823559349844,49.341073186614906,3
229.91532768851255,46.32383185518304,44.50083857234616,3
229.9353290219348,46.9672799568014,44.131913751143465,3
229.955330355357,47.12609956848533,46.82688315407492,3
229.97533168877925,50.720019480532066,48.223347968625,3
229.99533302220146,53.96057313251296,52.24000803760486,3
230.0153343556237,61.72166783207864,57.74233126818406,3
230.03533568904592,65.4693345626782,63.793345067270586,3
230.05533702246817,64.75708848135027,61.67872011794096,3
230.07533835589038,66.56602623462015,65.23560233574159,3
230.09533968931262,70.01599945210197,67.8169687697653,3
230.11534102273484,69.31390745544877,68.63136391192324,3
230.13534235615708,71.82615668045167,70.504262220081,3
230.1553436895793,72.45818736894496,67.97169246998257,3
230.1753450230015,69.8633256739163,67.0032319319136,3
230.19534635642376,80.95582371451405,78.77980521114061,3
230.21534768984597,78.6404748368231,73.52145030171708,3
230.2353490232682,81.20977974994899,79.30537259023066,3
230.25535035669043,84.03291452291381,82.30905843289163,3
230.27535169011267,85.09174797934189,81.33714881280501,3
230.2953530235349,86.17502261622862,83.2808317720025,3
230.31535435695713,83.19550688415123,79.2109567299937,3
230.33535569037934,82.76414231744774,81.11863837742824,3
230.3553570238016,83.29235910645578,80.23803906812297,3
230.3753583572238,86.02452477000233,81.81752941195897,3
230.39535969064605,89.63732998672705,85.99599698839053,3
230.41536102406826,91.12970182594975,84.71399711190358,3
230.4353623574905,96.49950817899281,93.62221888906298,3
230.45536369091272,96.67744181712659,88.9838969862071,3
230.47536502433493,94.93124901436542,89.05367713662966,3
230.49536635775718,92.7423691393037,84.85541620477686,3
230.5153676911794,89.30586181087709,83.35353468350348,3
230.53536902460164,90.13714955425172,84.55427056234555,3
230.55537035802385,85.06722106980344,78.06526617984562,3
230.5753716914461,87.64947653440501,80.93172590012426,3
230.5953730248683,91.15667564219498,83.7341225080858,3
230.61537435829055,90.09687580418016,81.63682453435284,3
230.63537569171277,92.23739772213673,86.82145479154019,3
230.655377025135,88.85902358214432,81.95985487200902,3
230.67537835855723,89.04392636567103,83.39354752332386,3
230.69537969197947,85.63229994168232,76.85948964023143,3
230.71538102540168,79.18958141659103,70.3543746054914,3
230.73538235882393,80.14483627756596,72.52548641733715,3
230.75538369224614,81.4688966456659,71.54905547456336,3
230.77538502566836,77.27355636262574,68.25184270927357,3
230.7953863590906,78.59211138710562,69.44406633696873,3
230.81538769251281,77.84118190681475,69.4078995656466,3
230.83538902593506,79.82441066646281,70.7652463000092,3
230.85539035935727,72.52607826182269,63.998455738846,3
230.87539169277952,73.20727020547578,63.62088600257882,3
230.89539302620173,68.0307205587815,58.0059724370414,3
230.91539435962397,62.5243725445172,54.226797753483396,3
230.9353956930462,59.476604672854506,50.714499106680734,3
230.95539702646843,57.9205950187993,48.5056067546511,3
230.97539835989065,57.496079870091634,48.11451404804868,3
230.9953996933129,58.17949923445162,47.23112059926965,3
231.0154010267351,54.87724426894457,44.68859213136455,3
231.03540236015735,56.15473012949497,51.392975490462455,3
231.05540369357956,54.95457896636341,45.140037002006814,3
231.07540502700178,52.00471369129783,45.25238827069292,3
231.09540636042402,48.666477924050405,38.64700823904306,3
231.11540769384624,39.84172282218086,33.661228821277035,3
231.13540902726848,40.94429653634928,32.929447363432615,3
231.1554103606907,36.9051617831579,26.709225763466822,3
231.17541169411294,36.361902632862375,26.64687220268373,3
231.19541302753515,37.28622724675339,29.206420416609866,3
231.2154143609574,36.65985556953663,29.30283205859692,3
231.2354156943796,37.3578433531216,27.094791440014205,3
231.25541702780185,34.52425123736886,27.856003254276228,3
231.27541836122407,33.23690530295533,25.42084605031083,3
231.2954196946463,31.18230494449345,23.002085631767727,3
231.31542102806853,26.577936417642494,17.621130554980528,3
231.33542236149077,20.250790992348698,15.358051306682839,3
231.355423694913,22.364437450273705,13.518224420035958,3
231.3754250283352,25.149704943229235,18.10566969069998,3
231.39542636175744,22.543757386984307,17.678319219980867,3
231.41542769517966,22.384252451253047,19.32500116341353,3
231.4354290286019,24.112186092974675,18.34405084609176,3
231.45543036202412,20.53605258919982,14.980407596156024,3
231.47543169544636,20.80350769965641,16.39399287991039,3
231.49543302886858,20.086211293050912,16.073205331511623,3
231.51543436229082,21.878645983528326,15.538565422426112,3
231.53543569571303,24.15898313041465,18.897671610670777,3
231.55543702913528,22.99466831538216,17.842401130807037,3
231.5754383625575,19.872743798465667,13.957199171944323,3
231.59543969597974,24.020496219274342,21.71844151808179,3
231.61544102940195,28.09719162760123,22.120606214415538,3
231.6354423628242,24.646004365281282,21.248068108028896,3
231.6554436962464,28.756997928115045,24.747751349608034,3
231.67544502966862,27.796586191285453,24.348904809109555,3
231.69544636309087,26.584376967384344,24.517717706316358,3
231.71544769651308,31.34415657927687,27.11358687698323,3
231.73544902993532,28.990599501883253,25.541808041653862,3
231.75545036335754,33.46148431204409,27.90615681686112,3
231.77545169677978,34.74341499718338,31.74103875925746,3
231.795453030202,38.78483046890811,35.639882923317096,3
231.81545436362424,37.4665494450629,37.70823956654997,3
231.83545569704646,39.314820492652835,37.93249930613057,3
231.8554570304687,43.558681000405656,39.05690713429563,3
231.8754583638909,46.3429416851082,44.07862684011558,3
231.89545969731316,49.47615873371505,46.91610028552038,3
231.91546103073537,45.83525147162337,41.73275920729725,3
231.93546236415762,47.02214543018221,45.01954617348821,3
231.95546369757983,50.446849780417864,46.87624303321174,3
231.97546503100205,52.513047966174895,49.47714930172552,3
231.9954663644243,57.31983252179119,55.06194173929879,3
232.0154676978465,60.19719453632218,58.1198369523729,3
232.03546903126875,67.45635683866854,65.12803106886753,3
232.05547036469096,70.65596232531041,67.25161873957299,3
232.0754716981132,68.2472739465541,63.78922384149882,3
232.09547303153542,66.33552227108657,63.54786547745996,3
232.11547436495766,63.7920656758172,62.63842779314961,3
232.13547569837988,70.26144343120802,67.6791162171811,3
232.15547703180212,68.43176431257689,65.26670156987804,3
232.17547836522434,75.1012619565511,69.31850502755766,3
232.19547969864658,75.93705246291839,75.21098916562502,3
232.2154810320688,81.17036787571524,76.65126243699201,3
232.23548236549104,83.42074198188041,81.33520600734619,3
232.25548369891325,85.4621864240581,79.0598055762648,3
232.27548503233547,87.8363644668781,85.72380699178943,3
232.2954863657577,84.18233029651475,78.63998380772567,3
232.31548769917993,82.41953477586794,78.79236233666461,3
232.33548903260217,81.83540945236074,79.50746719298711,3
232.35549036602438,86.34335919545349,79.29285058425135,3
232.37549169944663,88.02760538840883,81.89577500071269,3
232.39549303286884,89.13434016926729,84.82500476246372,3
232.41549436629109,92.15687043921079,87.34984364847483,3
232.4354956997133,93.27105509123892,88.10146018234799,3
232.45549703313554,96.93602741794994,88.74963960163893,3
232.47549836655776,92.28989872605945,87.99136617624983,3
232.49549969998,91.12654085519665,87.76479290322185,3
232.51550103340222,90.75267700090362,83.01625140810515,3
232.53550236682446,84.59830544213915,77.86899088883638,3
232.55550370024667,89.73800355795633,81.5317085286726,3
232.5755050336689,89.93693377260384,80.57867938959838,3
232.59550636709113,90.6822216703455,82.55452367735602,3
232.61550770051335,85.0489602191956,79.01442707456772,3
232.6355090339356,94.06468261237437,85.97712140129012,3
232.6555103673578,89.20987304463091,82.6112649803662,3
232.67551170078005,87.61120043179265,82.03620771852118,3
232.69551303420226,84.41178624697949,75.33932683548299,3
232.7155143676245,82.52534817956429,75.31547065294276,3
232.73551570104672,77.5366470114061,70.93568429110215,3
232.75551703446897,79.07688210382166,71.28756668899834,3
232.77551836789118,77.48941214731558,70.30468463046903,3
232.79551970131342,78.28793748352813,70.30598835839157,3
232.81552103473564,78.93115945809257,69.67746048855979,3
232.83552236815788,76.4894538955785,68.02712779854602,3
232.8555237015801,79.11943017624493,70.60856763799735,3
232.8755250350023,75.13887728486549,67.02890375702047,3
232.89552636842456,70.31957680342693,60.80409764156015,3
232.91552770184677,63.02411481577899,51.9848653495334,3
232.935529035269,62.07553470176673,54.08793251471146,3
232.95553036869123,54.97991602919051,44.47784850957336,3
232.97553170211347,57.13046481498389,49.09658720838567,3
232.9955330355357,55.01004247453146,46.70608460821382,3
233.01553436895793,56.13566960775534,48.29894043453947,3
233.03553570238014,53.205920556138786,43.23850640596932,3
233.0555370358024,55.237396360111894,43.58286113331412,3
233.0755383692246,49.09982416207189,38.926624900511165,3
233.09553970264685,46.79148349386902,38.11483673960081,3
233.11554103606906,43.907647974832905,32.56474487383771,3
233.1355423694913,40.77941633393198,32.85617741746251,3
233.15554370291352,37.66988092992152,30.35373378354472,3
233.17554503633573,38.31473929027021,28.399020551871345,3
233.19554636975798,37.38900705235679,28.758331800080555,3
233.2155477031802,35.481905381736276,27.231833913072034,3
233.23554903660244,36.86552285115574,26.878002862690376,3
233.25555037002465,34.17523557516752,26.026386578799045,3
233.2755517034469,30.834498061784917,23.687815784537474,3
233.2955530368691,31.702971832149107,23.698246722979846,3
233.31555437029135,25.242039853796776,17.882781270920983,3
233.33555570371357,24.479947098238714,14.715685061108738,3
233.3555570371358,25.43979395808961,20.840682727018258,3
233.37555837055802,22.516757667444622,17.238725902131932,3
233.39555970398027,26.148676299371683,18.53867157315829,3
233.41556103740248,24.132731298509732,19.285526984492986,3
233.43556237082473,21.45811670726578,16.570287810000416,3
233.45556370424694,25.02818310144276,18.80199875610839,3
233.47556503766916,26.141656748101063,19.376120677242156,3
233.4955663710914,23.3399509062459,15.530540961902808,3
233.51556770451361,23.094253582989143,20.8590467028311,3
233.53556903793586,20.258608969288744,13.186153096198746,3
233.55557037135807,19.840005111560114,16.12929619855534,3
233.57557170478032,20.293383485872788,15.437358493725242,3
233.59557303820253,23.18913186391757,17.555679049896963,3
233.61557437162477,22.380824398614855,19.049391159756592,3
233.635575705047,27.26302552433671,22.308554018880663,3
233.65557703846923,29.627114530308233,23.84755279800368,3
233.67557837189145,33.21821920221276,29.0369063538324,3
233.6955797053137,29.35055155247535,23.21715890541854,3
233.7155810387359,27.162760557154982,24.153612785760178,3
233.73558237215815,28.167606784000796,22.6484863181413,3
233.75558370558036,26.765859452787108,25.29455455865255,3
233.77558503900258,32.97736483071825,30.374405743067353,3
233.79558637242482,35.51541965948965,30.720824487593077,3
233.81558770584704,42.49597412980183,38.746132846725416,3
233.83558903926928,46.52910993989775,42.23815565925833,3
233.8555903726915,45.30747633023245,42.84426469897427,3
233.87559170611374,51.34577710982305,49.55081800813649,3
233.89559303953595,43.31705810970994,40.05742671557615,3
233.9155943729582,45.90906123436742,44.37457693357859,3
233.9355957063804,46.17752815371592,41.83815949436691,3
233.95559703980265,51.97126782395394,48.53910618016168,3
233.97559837322487,52.11320131829977,49.95309007910394,3
233.9955997066471,53.90419660745816,50.93481218537344,3
234.01560104006933,62.93630849996363,58.877678637801864,3
234.03560237349157,66.34580142212353,64.36951574863946,3
234.0556037069138,71.58961056186116,69.64657713569375,3
234.075605040336,68.68700857015922,66.2728126308913,3
234.09560637375824,72.94383083357846,70.97705889868995,3
234.11560770718046,67.12785448648789,68.13927518998716,3
234.1356090406027,70.74022708224174,65.3223804436158,3
234.15561037402492,69.76629727547162,66.13964703640961,3
234.17561170744716,71.15918559499536,69.25245225368279,3
234.19561304086938,77.23391402864695,74.72266692048592,3
234.21561437429162,80.34492985260933,76.3406781866033,3
234.23561570771383,81.99678241730128,80.09230926511523,3
234.25561704113608,85.11470181277862,82.19148897781984,3
234.2756183745583,83.31605036761545,81.24143151421266,3
234.29561970798053,87.33443314618445,83.52314004433117,3
234.31562104140275,86.28820675428176,82.11513906006864,3
234.335622374825,83.67261109822977,81.09699632513846,3
234.3556237082472,84.51767122349924,82.05901256089211,3
234.37562504166942,84.44647232524096,80.32280470152645,3
234.39562637509167,87.98958691381955,84.32023555043097,3
234.41562770851388,93.04923779083737,86.55689741947064,3
234.43562904193612,92.8644018746806,90.05334795885808,3
234.45563037535834,96.05524383606718,91.43460477347463,3
234.47563170878058,96.91141657622732,92.49653437260372,3
234.4956330422028,96.3011845593939,88.68719070447122,3
234.51563437562504,93.78730538085142,88.10170954664031,3
234.53563570904726,90.50064816928683,82.54943589554742,3
234.5556370424695,90.73235348506068,85.10881632201529,3
234.5756383758917,90.36952390480687,84.17870862264054,3
234.59563970931396,88.30243667549912,81.95812778762628,3
234.61564104273617,90.79875541466596,83.31120282042326,3
234.63564237615842,88.88420764952777,81.0155040042313,3
234.65564370958063,91.4414448433195,82.42223736461153,3
234.67564504300285,89.63533382429908,81.74324204417553,3
234.6956463764251,86.99356747527403,78.95868784689243,3
234.7156477098473,85.90010760021748,77.74889317355169,3
234.73564904326955,79.888303322354,73.6026736490345,3
234.75565037669176,79.23626615657308,71.84897845488827,3
234.775651710114,79.08554931887406,70.63047458580769,3
234.79565304353622,76.93158162530267,70.82056569078328,3
234.81565437695846,75.17540946238105,67.65317713942889,3
234.83565571038068,77.19058313930255,68.88922472706577,3
234.85565704380292,74.89135315807621,64.57733687850244,3
234.87565837722514,72.888223495986,62.98550025941353,3
234.89565971064738,68.71900159037351,59.94267505953745,3
234.9156610440696,66.35696447311325,57.27330418154823,3
234.93566237749184,62.58731521390175,52.77179653332526,3
234.95566371091405,54.427232985821504,47.119061419227215,3
234.97566504433627,55.42932838972722,46.844913382742604,3
234.9956663777585,55.92797403273413,47.33018377761191,3
235.01566771118073,54.66480428296718,48.46365132130475,3
235.03566904460297,58.85211922786619,49.51099049036431,3
235.05567037802518,56.19866763348653,47.31307816628806,3
235.07567171144743,52.8084376983849,43.678323360556504,3
235.09567304486964,44.673906580993474,34.056214003369554,3
235.11567437829189,46.74108442434881,35.993291799425485,3
235.1356757117141,40.5728430614764,31.7712892608976,3
235.15567704513634,39.842659986615764,32.69755123302352,3
235.17567837855856,37.62393151974257,29.187116139282235,3
235.1956797119808,41.80612513124784,30.647653489608967,3
235.21568104540302,35.65371883395686,26.4106942189444,3
235.23568237882526,33.377766909307454,26.352188081053544,3
235.25568371224747,33.60982530084158,23.81708297526133,3
235.2756850456697,30.25975640841954,20.824083361690075,3
235.29568637909193,32.4962942109783,23.857590055685872,3
235.31568771251415,26.17509390901461,18.448803205667364,3
235.3356890459364,21.860122407822228,13.570104371452237,3
235.3556903793586,19.11398881135669,16.2160653542663,3
235.37569171278085,22.976229646446356,15.648225295377548,3
235.39569304620306,23.926712275628343,17.827763819204723,3
235.4156943796253,22.780730829318685,16.588586209677906,3
235.43569571304752,25.008088643414386,18.384213293476677,3
235.45569704646977,25.516229599622417,20.451214871495917,3
235.47569837989198,21.969252910596826,17.50102718596957,3
235.49569971331422,22.578574513522646,16.157527298677326,3
235.51570104673644,20.094323325978582,14.091500734319506,3
235.53570238015868,18.33499183637975,12.443391110905377,3
235.5557037135809,24.096006421788335,17.963773851408853,3
235.5757050470031,25.110909844277526,21.48498692709357,3
235.59570638042536,20.677523511429957,17.21710095907165,3
235.61570771384757,25.056455461776,18.353948299799676,3
235.6357090472698,26.69588407919023,24.028937553127857,3
235.65571038069203,29.252299659288052,23.290338725946526,3
235.67571171411427,29.624874820964877,26.04680851191147,3
235.6957130475365,25.927924958869387,24.832966292825454,3
235.71571438095873,29.650203453679087,23.970868715278836,3
235.73571571438094,30.237965330174113,26.048279298958565,3
235.7557170478032,32.912021090416665,29.979399374807006,3
235.7757183812254,33.752701752054016,29.809535351483245,3
235.79571971464765,36.28522848523513,34.79702573840572,3
235.81572104806986,39.408589081449406,38.0878700739383,3
235.8357223814921,39.07193103006876,36.41575904987624,3
235.85572371491432,45.30697921201099,42.882615943509975,3
235.87572504833653,44.88239929179936,45.2207392072557,3
235.89572638175878,48.4209054507166,44.67429750115385,3
235.915727715181,44.7144175548838,43.254275467571816,3
235.93572904860324,45.05957808357732,42.669287613530166,3
235.95573038202545,50.211169717718775,47.61365508796088,3
235.9757317154477,49.63025631715503,47.79450424380421,3
235.9957330488699,54.1616148583952,54.18550959422602,3
236.01573438229215,59.21970332499689,56.638564453410524,3
236.03573571571437,67.3483728821473,64.26546099007122,3
236.0557370491366,67.00836453436449,63.77148448891255,3
236.07573838255882,68.44134218122122,66.44110789450899,3
236.09573971598107,66.56427938153064,64.19773822620503,3
236.11574104940328,69.34886199419539,65.57337708145074,3
236.13574238282553,68.21818025967123,67.022570394231,3
236.15574371624774,73.1753142121963,70.35515045280596,3
236.17574504966996,73.22939667172082,70.78590727988349,3
236.1957463830922,80.29871298132413,75.2186430033257,3
236.21574771651441,83.56328348131552,78.87620820175133,3
236.23574904993666,85.19345088447787,82.55278106451898,3
236.25575038335887,85.0188075266137,79.7423539208657,3
236.27575171678112,84.262819350063,82.50627763189927,3
236.29575305020333,83.42025337187032,79.20702554328822,3
236.31575438362557,78.8334928417159,77.24178503677963,3
236.3357557170478,81.89564858244648,77.22384809321787,3
236.35575705047003,82.03259036326187,75.51262842577873,3
236.37575838389225,89.02079489621646,84.57891886635808,3
236.3957597173145,93.60709572919733,88.72977868065462,3
236.4157610507367,96.37571879471663,88.72243401569955,3
236.43576238415895,95.62164675099669,91.70129564206593,3
236.45576371758116,93.57993010210635,87.25401370998253,3
236.47576505100338,95.20305714258781,91.92439216667984,3
236.49576638442562,91.92432887083127,87.5642512577772,3
236.51576771784784,89.7614385388559,80.00795301250541,3
236.53576905127008,89.01471448952805,82.90500190126161,3
236.5557703846923,89.3777579721685,81.49827432374857,3
236.57577171811454,88.72588425929729,82.09076778399964,3
236.59577305153675,91.63224529386292,83.78290409186117,3
236.615774384959,88.75815537177809,82.52660563668218,3
236.6357757183812,93.55435751289488,85.92277796371268,3
236.65577705180345,85.99681890759031,79.69015598627028,3
236.67577838522567,83.23315648663889,77.65830844469131,3
236.6957797186479,82.94516797665312,75.54949150734572,3
236.71578105207013,81.37298681077166,75.059125595084,3
236.73578238549237,83.99327965488976,74.90560857149657,3
236.75578371891459,78.61481602664577,69.46442913824247,3
236.7757850523368,79.58513825770568,70.09221909741972,3
236.79578638575904,75.90003790807079,67.7819287351335,3
236.81578771918126,78.86854436261694,69.54345360031263,3
236.8357890526035,78.57041935731469,69.69995157864975,3
236.85579038602572,74.12322170597504,65.81087022101033,3
236.87579171944796,67.85684220782151,57.71177445432913,3
236.89579305287018,74.04140620713174,63.38250045420772,3
236.91579438629242,63.88108132808071,53.91010538438932,3
236.93579571971463,59.99592723062949,48.96727809704464,3
236.95579705313688,64.73421120280874,55.571184745815714,3
236.9757983865591,60.58416222211179,49.38010424750444,3
236.99579971998133,56.68436280518186,47.91434765254434,3
237.01580105340355,56.709731337728556,47.04093158847449,3
237.0358023868258,55.69149862682676,46.4745070347053,3
237.055803720248,53.56243691236731,43.7604250004918,3
237.07580505367022,50.835818072304285,42.699019999627666,3
237.09580638709247,45.075811950757895,37.27669520023025,3
237.11580772051468,45.17506906948275,35.84376237828401,3
237.13580905393692,38.422584960952875,31.34699436357934,3
237.15581038735914,40.570275500194455,29.93212713257387,3
237.17581172078138,36.15804539794317,25.379084244711713,3
237.1958130542036,37.85973686333271,28.3563967156735,3
237.21581438762584,33.02002801391476,25.508321510811456,3
237.23581572104806,34.81929390541161,24.891442191529194,3
237.2558170544703,31.886982687308745,24.151367215993858,3
237.2758183878925,33.19364682804091,27.510000774298977,3
237.29581972131476,30.597621893245027,24.31782973584085,3
237.31582105473697,26.670500863923547,17.434079922668882,3
237.33582238815922,22.683053979838732,13.9887110336415,3
237.35582372158143,18.698605557204637,11.984607698298088,3
237.37582505500365,24.034425784208416,19.11151977282977,3
237.3958263884259,24.868099981545946,18.253779778586956,3
237.4158277218481,26.692096808428666,19.231423333048422,3
237.43582905527035,25.28928043869436,19.479525323871734,3
237.45583038869256,27.14325254147806,20.660317504341318,3
237.4758317221148,24.579916730447316,20.20921824620674,3
237.49583305553702,20.215166716198368,14.523196717028451,3
237.51583438895926,16.400250860367787,10.439610462564772,3
237.53583572238148,24.838225120658848,17.68958293047024,3
237.55583705580372,18.49536995728073,10.910058704736207,3
237.57583838922594,22.604859570130664,19.7300684484239,3
237.59583972264818,21.83234951155307,19.029122568980053,3
237.6158410560704,26.056265589835853,21.322461919779197,3
237.63584238949264,30.10519246773548,26.919644506836438,3
237.65584372291485,28.46337597779152,24.87456129335247,3
237.67584505633707,26.52978498254457,21.776237599491843,3
237.6958463897593,29.262313315870877,23.67468313651966,3
237.71584772318153,25.915896567140074,25.38333807076829,3
237.73584905660377,29.887268200793898,25.76062468542438,3
237.75585039002598,34.34120122094921,32.69728808579715,3
237.77585172344823,35.59329718739316,31.716967838120627,3
237.79585305687044,32.14873855083435,30.718649884222152,3
237.81585439029269,37.448005844716754,33.1281247633294,3
237.8358557237149,43.27043672255565,41.15992102266609,3
237.85585705713714,45.552082755521965,40.84518010716266,3
237.87585839055936,43.716873592087886,41.6113359561181,3
237.8958597239816,51.71316860041746,48.364479575576205,3
237.91586105740382,45.14406326890319,43.29558158040885,3
237.93586239082606,48.94123024705906,46.97969029304386,3
237.95586372424827,53.32031085782769,49.796440657266466,3
237.9758650576705,49.37166196733367,48.345014572609934,3
237.99586639109273,57.28718417965529,54.537421320117,3
238.01586772451495,60.76535585534066,57.39804179637354,3
238.0358690579372,66.06666981370923,63.373139166956506,3
238.0558703913594,61.03254174233369,60.05851754520172,3
238.07587172478165,66.75165198236637,63.89844758715602,3
238.09587305820386,68.70529086214806,66.62766213168311,3
238.1158743916261,68.24759515999037,65.72829399106573,3
238.13587572504832,69.38212635405945,67.419021223722,3
238.15587705847057,69.78961377146966,66.9902616654604,3
238.17587839189278,72.64474518775593,72.72622116257203,3
238.19587972531502,74.04503436479062,69.70360155843731,3
238.21588105873724,78.14430168364613,75.12560769838068,3
238.23588239215948,82.38974986231644,84.67002891651067,3
238.2558837255817,84.77916151679824,80.44987358069612,3
238.2758850590039,86.84770657243138,84.76016381390869,3
238.29588639242615,87.78269896359058,86.14265482631232,3
238.31588772584837,87.10460968014057,80.11257845186589,3
238.3358890592706,84.48452556436844,79.27809824812664,3
238.35589039269283,88.39742346291068,85.15691257765425,3
238.37589172611507,87.88881624740175,85.51172751936649,3
238.3958930595373,89.5055661529468,83.41039421123608,3
238.41589439295953,92.82265649081005,86.73360100525558,3
238.43589572638174,90.90612268326002,86.6059154907592,3
238.455897059804,91.67084673853422,85.27552722213873,3
238.4758983932262,94.21186420849295,89.09547545691296,3
238.49589972664845,89.5576638091322,85.84466046455651,3
238.51590106007066,91.67129589978667,83.30402844086721,3
238.5359023934929,89.95660556233881,83.56230797040499,3
238.55590372691512,90.6897775103933,83.7369624945786,3
238.57590506033733,90.02608848883521,82.82547481821909,3
238.59590639375958,90.53649468350378,83.60360520744304,3
238.6159077271818,88.57720480734436,81.78484789878252,3
238.63590906060404,91.75379067999657,84.85923203075552,3
238.65591039402625,95.08625740133083,89.95208505055598,3
238.6759117274485,92.32972124733135,84.43793315664057,3
238.6959130608707,83.98906358066982,77.2985343638257,3
238.71591439429295,84.40216008488208,75.01742560356051,3
238.73591572771517,77.1530252502441,70.26458906725836,3
238.7559170611374,79.16608870050328,68.8949018172282,3
238.77591839455962,80.25185315257598,72.29645981474332,3
238.79591972798187,77.31084254779488,68.2562292077032,3
238.81592106140408,74.04803704969045,67.97800473608928,3
238.83592239482633,74.28592191154357,64.75474003627912,3
238.85592372824854,74.68126382768484,68.49275076638914,3
238.87592506167076,72.4780968258067,62.5187065722927,3
238.895926395093,72.03783500220187,64.11576170717468,3
238.91592772851521,66.66507308701004,58.30625804342163,3
238.93592906193746,63.61188008016819,55.719242454301316,3
238.95593039535967,57.251445174595275,49.121598093172835,3
238.97593172878192,57.44597264038276,48.09089803589786,3
238.99593306220413,56.866168335355155,47.73767737846823,3
239.01593439562637,58.3438681078911,50.95040875500385,3
239.0359357290486,51.81969966048676,42.39248650608083,3
239.05593706247083,53.814404929844144,44.148521085688664,3
239.07593839589305,49.97184973424465,40.76641159222718,3
239.0959397293153,47.16252852093306,38.58271390696375,3
239.1159410627375,43.72413830343586,35.813097470304555,3
239.13594239615975,40.589469474577,30.25978074873687,3
239.15594372958196,35.97822845663887,26.88277466893035,3
239.17594506300418,36.68727663087558,27.347777651337488,3
239.19594639642642,32.39938445756323,25.272141884512926,3
239.21594772984864,38.56454835466914,30.524358197578383,3
239.23594906327088,38.5515229314094,30.8308532684141,3
239.2559503966931,35.05234282129278,25.715523014570103,3
239.27595173011534,33.53676469049435,24.862493127780272,3
239.29595306353755,34.25159513608319,28.53844635017578,3
239.3159543969598,24.712135670707518,18.268359894134576,3
239.335955730382,22.502529809883384,13.696665493227169,3
239.35595706380425,26.29169749185828,18.57806579623651,3
239.37595839722647,23.09256295271994,17.588254868385576,3
239.3959597306487,20.83296651457637,15.073632967729855,3
239.41596106407093,23.435286237706105,18.616920505319047,3
239.43596239749317,26.86718429309949,20.31339770421969,3
239.45596373091539,28.36089536683496,23.90828079877902,3
239.4759650643376,25.686252285853435,18.202108324447497,3
239.49596639775984,21.747488372802245,16.391946119810545,3
239.51596773118206,19.766905695730316,13.177108049610357,3
239.5359690646043,17.618487560049264,15.784302374980012,3
239.55597039802652,22.495345887922888,19.115038206068736,3
239.57597173144876,16.634095391448348,13.189751138629424,3
239.59597306487098,20.600345532110197,17.555675080987026,3
239.61597439829322,25.851094896942037,20.405735177488424,3
239.63597573171543,29.30721119142101,24.725338115637594,3
239.65597706513768,26.138697797248692,22.01209796037109,3
239.6759783985599,30.006162483229154,27.40602081183431,3
239.69597973198213,31.401470092915353,27.544116678336902,3
239.71598106540435,32.80949440669967,27.56237932780733,3
239.7359823988266,24.399603120108953,21.985659309603648,3
239.7559837322488,30.972118717970602,27.762072282750307,3
239.77598506567102,32.20181426497725,29.489163657058764,3
239.79598639909327,34.51460247013876,27.293266804457254,3
239.81598773251548,39.91768573104172,36.10819369865298,3
239.83598906593772,41.72269473173812,38.32738428441894,3
239.85599039935994,42.36254721693665,38.9771890378064,3
239.87599173278218,51.18927271323203,46.591485633127924,3
239.8959930662044,47.65694560966202,44.97971170034287,3
239.91599439962664,46.968512703342846,45.80174332171654,3
239.93599573304886,52.15191176612668,49.439281318271064,3
239.9559970664711,49.87836552966479,46.80122958437724,3
239.9759983998933,47.16862514543477,45.1110993004502,3
239.99599973331556,55.71355943877676,52.2895499814708,3
240.01600106673777,62.09594282953645,61.935030381533274,3
240.03600240016002,61.713341348429495,58.94831624023276,3
240.05600373358223,65.48147627088495,61.77178906687301,3
240.07600506700444,65.7764719033857,65.46280319713271,3
240.0960064004267,66.93613883572033,65.32448106181626,3
240.1160077338489,65.76850458389896,65.1891257618645,3
240.13600906727115,70.89835171196286,65.47905639599426,3
240.15601040069336,70.4543330837392,66.42543665490408,3
240.1760117341156,73.89506322466396,71.1614506963892,3
240.19601306753782,79.51235010443851,76.78116248921987,3
240.21601440096006,81.529025319426,77.96508286077992,3
240.23601573438228,81.94346074123695,78.74710074864879,3
240.25601706780452,87.9125130965099,84.11895740311535,3
240.27601840122674,85.02647273512306,80.28064780755513,3
240.29601973464898,84.6203876063715,80.470798511378,3
240.3160210680712,84.37105825422572,77.46527642105379,3
240.33602240149344,80.72948093180891,78.40945278050174,3
240.35602373491565,88.2259258211181,82.80693391518828,3
240.37602506833787,85.3140253402574,81.72230245186425,3
240.3960264017601,91.29747106811912,83.36172413991572,3
240.41602773518233,93.16619262722628,89.00284186017159,3
240.43602906860457,94.5708005761494,87.13243818348154,3
240.45603040202678,95.2148039146098,89.7725179855086,3
240.47603173544903,94.23228125866827,86.18334984330451,3
240.49603306887124,91.13059922635705,86.63736674541215,3
240.51603440229349,91.3546883669656,86.41094917193637,3
240.5360357357157,86.6888582278975,79.19248154574528,3
240.55603706913794,83.19349371478916,78.60342198459678,3
240.57603840256016,91.48430091286676,85.72631181527191,3
240.5960397359824,87.73971897486275,81.08155937558654,3
240.61604106940462,89.96072562055983,83.13985322141912,3
240.63604240282686,93.96098471942753,83.87047633508297,3
240.65604373624907,87.02388128565633,78.95187935464762,3
240.6760450696713,87.21429747876573,80.07927794986126,3
240.69604640309353,89.91425057916348,80.41636699509833,3
240.71604773651575,84.80790171462358,76.00194068960252,3
240.736049069938,79.9877786983654,72.04322355855686,3
240.7560504033602,78.7680984860736,71.24351664342973,3
240.77605173678245,79.33999457014141,73.22785191227608,3
240.79605307020466,77.13915047628241,67.90657282074444,3
240.8160544036269,77.30905516016608,65.62165123232587,3
240.83605573704912,75.06274686220402,64.58569002407035,3
240.85605707047137,77.47330878232019,70.42705524143045,3
240.87605840389358,76.89794272079229,68.5726752894421,3
240.89605973731582,65.97279485854551,59.52801037289378,3
240.91606107073804,64.09624024802342,53.44185955704626,3
240.93606240416028,62.16103589748778,50.348094950983814,3
240.9560637375825,56.55854009078598,49.45434125179472,3
240.9760650710047,58.62497579479692,50.8352726019539,3
240.99606640442695,57.986050457247956,50.28550047704834,3
241.01606773784917,57.47710902785115,50.4111106579517,3
241.0360690712714,56.64472819855278,45.97329012476458,3
241.05607040469363,54.92602868516519,47.00097132762099,3
241.07607173811587,49.706674511500026,39.821020747001164,3
241.0960730715381,48.092270964522186,37.724602265160705,3
241.11607440496033,43.738672079974066,31.836807891464087,3
241.13607573838254,40.308700017736165,29.274793261561843,3
241.1560770718048,35.149929878171,26.45663374822818,3
241.176078405227,41.131229141003864,30.58405264546148,3
241.19607973864925,36.099422484179826,27.768606756811934,3
241.21608107207146,37.20717057282318,28.217193363472365,3
241.2360824054937,33.61029813986037,27.74958709760303,3
241.25608373891592,37.144284790388994,27.602743409254614,3
241.27608507233813,33.48644796675785,26.48309878029575,3
241.29608640576038,25.91329164138152,19.048154751648205,3
241.3160877391826,26.7436937143829,17.783734908816726,3
241.33608907260484,23.177116240041677,16.938307631097654,3
241.35609040602705,25.658451527544468,16.462682384511833,3
241.3760917394493,21.422738206931143,14.123354993826219,3
241.3960930728715,25.916929802470474,18.215131179758405,3
241.41609440629375,26.352146462606502,18.976679359164518,3
241.43609573971597,24.52624073264621,18.303622747395213,3
241.4560970731382,22.863142818360114,18.665410380709645,3
241.47609840656042,23.941624483714808,19.838867452730604,3
241.49609973998267,16.0413452794266,11.073668599147648,3
241.51610107340488,18.934030334736523,14.225755900297292,3
241.53610240682713,19.025635700646646,11.695101975847303,3
241.55610374024934,20.463253184938125,16.02522530888685,3
241.57610507367156,21.101654886756446,14.560572958081265,3
241.5961064070938,21.505800507034515,16.123837339112082,3
241.61610774051601,27.165292282072276,21.918781900136636,3
241.63610907393826,26.863028192447015,25.76050273599798,3
241.65611040736047,23.98539179027191,22.176074935560365,3
241.67611174078272,29.87023284953509,25.342054616886188,3
241.69611307420493,25.258217100440593,20.770226963125364,3
241.71611440762717,32.59773544604541,30.34720851709529,3
241.7361157410494,26.569276294562453,22.33616602902825,3
241.75611707447163,27.167620419625976,24.67625486331736,3
241.77611840789385,32.03460092654496,29.77144678786395,3
241.7961197413161,37.400835835318304,34.122811132754634,3
241.8161210747383,37.42265090001861,36.14071346056162,3
241.83612240816055,40.18367603859158,39.198943963102444,3
241.85612374158276,41.68310558128051,40.956568163022965,3
241.87612507500498,44.026253317977684,43.89347687728219,3
241.89612640842722,39.12675362016487,40.06513222055588,3
241.91612774184944,44.95189799604399,42.3886799931195,3
241.93612907527168,47.73286698614091,46.14747070038171,3
241.9561304086939,51.38821088621127,49.5163403253572,3
241.97613174211614,55.440797182475855,51.92764640230102,3
241.99613307553835,59.10769893391363,57.08686449415479,3
242.0161344089606,60.64896542398682,57.868228587074015,3
242.0361357423828,61.73791682180729,59.94168750039534,3
242.05613707580505,69.39997648397154,64.63071389061494,3
242.07613840922727,65.6973749596118,60.85879267794948,3
242.0961397426495,66.89046169698287,66.5889405644157,3
242.11614107607173,69.08473496570087,67.59487477391006,3
242.13614240949397,64.61515503076545,62.20992651714001,3
242.15614374291619,71.9939930748328,70.34586009132848,3
242.1761450763384,72.80794851662068,68.795171711158,3
242.19614640976064,78.63138227789135,76.12316524499983,3
242.21614774318286,81.61939764453498,80.43171136123425,3
242.2361490766051,81.78428210934946,78.35692871420798,3
242.25615041002732,84.90890484221353,82.32314543731664,3
242.27615174344956,87.28998191008387,84.26954007221107,3
242.29615307687178,88.92266477971316,83.73902363678957,3
242.31615441029402,82.28670136652543,79.92963265983578,3
242.33615574371623,83.69594205727826,81.87626688332703,3
242.35615707713848,84.20650511483497,80.22889362537073,3
242.3761584105607,83.88099951048419,80.51283855256678,3
242.39615974398293,90.11759136346215,85.52870553973085,3
242.41616107740515,90.89560616460244,86.41281880750554,3
242.4361624108274,96.18136370604671,90.1224560474227,3
242.4561637442496,94.3771213327409,88.63352559171152,3
242.47616507767182,97.7088961746086,93.47987404852398,3
242.49616641109407,93.475456732844,87.27729818699521,3
242.51616774451628,90.95319623954013,85.98841083290093,3
242.53616907793852,87.66650749020422,81.02501873607972,3
242.55617041136074,83.880575745057,79.90143349270714,3
242.57617174478298,86.21399204185744,81.60885620728631,3
242.5961730782052,91.58560493333658,86.81504795927403,3
242.61617441162744,90.04971536245634,86.33140265884639,3
242.63617574504966,94.75756210644822,86.12765006698226,3
242.6561770784719,89.06583959464098,82.4916054872635,3
242.6761784118941,87.01446104053967,77.88504286344813,3
242.69617974531636,85.1432337147199,77.1936749351265,3
242.71618107873857,81.78780665672235,74.41372390938318,3
242.73618241216082,76.84563608095158,68.59931609497328,3
242.75618374558303,82.82554270025696,72.33469608351184,3
242.77618507900524,79.80071494775281,71.19927170574861,3
242.7961864124275,80.10561839567926,70.53056091219429,3
242.8161877458497,78.16162750372895,69.73083703641834,3
242.83618907927195,72.83778183989793,65.8248496541462,3
242.85619041269416,74.78215143611072,66.54148844311689,3
242.8761917461164,72.42154079522342,65.48917597424413,3
242.89619307953862,67.03656001115554,57.971915881037745,3
242.91619441296086,63.91269576332417,54.618805170306096,3
242.93619574638308,61.50310455119242,53.60377404039078,3
242.95619707980532,60.1871052364156,49.80534766076947,3
242.97619841322754,60.891091005940226,53.0805733215152,3
242.99619974664978,57.07024903488996,47.255589380378716,3
243.016201080072,60.003408660108796,49.34230624597391,3
243.03620241349424,57.91612075333255,47.78871030004749,3
243.05620374691645,55.349934210198185,45.05867797019106,3
243.07620508033867,46.58051652478383,38.576917153863086,3
243.0962064137609,44.859490896428035,37.077362441324645,3
243.11620774718313,45.48283253823773,37.75570240814543,3
243.13620908060537,39.775362399070886,29.471378924263625,3
243.15621041402758,35.854208982605556,26.613068626415807,3
243.17621174744983,35.77567725639828,28.56268606910091,3
243.19621308087204,35.44050598049173,27.419852885320147,3
243.21621441429429,37.90376331914756,30.394735129977136,3
243.2362157477165,34.09881282249636,24.75955577174137,3
243.25621708113874,31.579673599162057,24.787442945845527,3
243.27621841456096,33.02406645327254,25.071452245021646,3
243.2962197479832,25.12315429147565,17.350458756549674,3
243.31622108140542,26.297944229346637,16.56142512509108,3
243.33622241482766,25.762171859184416,16.429391078328624,3
243.35622374824987,23.689971966011687,15.786379660907045,3
243.3762250816721,25.01317220475555,17.859390029479595,3
243.39622641509433,27.066039001551463,19.766593639597446,3
243.41622774851655,23.462305404923107,20.674380601018708,3
243.4362290819388,25.11440958485996,18.50223380691484,3
243.456230415361,24.196536716501452,19.768317854434464,3
243.47623174878325,22.86403486773834,16.535617599067134,3
243.49623308220546,19.975600377895578,15.448221733397363,3
243.5162344156277,15.968625253000535,11.813729251721274,3
243.53623574904992,21.406799496325327,15.502055330005406,3
243.55623708247217,20.762433647294074,15.422968386443198,3
243.57623841589438,18.434485858669,14.176073401671987,3
243.59623974931662,26.057728828151436,21.552191922825173,3
243.61624108273884,22.54442607403371,20.64312083948913,3
243.63624241616108,28.951811914677283,23.81840629443992,3
243.6562437495833,29.266172167877766,24.736245273631408,3
243.6762450830055,29.122480439730886,25.470296563852596,3
243.69624641642775,28.445851805853074,24.366343353160264,3
243.71624774984997,26.25734469441245,23.28176777353753,3
243.7362490832722,24.160945260605686,21.736560657823105,3
243.75625041669443,26.478748686064684,26.373975850112817,3
243.77625175011667,30.05977827242046,30.85717632341433,3
243.7962530835389,36.75877642902183,33.047096287987216,3
243.81625441696113,34.66132664041215,33.914967772537146,3
243.83625575038334,40.813401847755365,39.65023977002502,3
243.8562570838056,45.24525841272241,42.50465317181766,3
243.8762584172278,45.3816647052453,43.821882256715305,3
243.89625975065005,49.24818423815055,48.666770623863364,3
243.91626108407226,43.127317413398345,41.23960645799358,3
243.9362624174945,47.208037239985224,46.06998187095041,3
243.95626375091672,44.75303150687814,42.77227822423549,3
243.97626508433893,52.75767019072287,49.19867542634101,3
243.99626641776118,57.78500996011889,56.51144628687127,3
244.0162677511834,60.157257855506735,55.19033344717338,3
244.03626908460564,58.51820797881172,57.59590637309742,3
244.05627041802785,64.37603913869403,59.75001769031751,3
244.0762717514501,66.7648995651497,64.92796103670287,3
244.0962730848723,69.3047606481035,67.4112454972776,3
244.11627441829455,66.81542952567253,67.12482606104838,3
244.13627575171677,65.50004194983208,63.6563855091528,3
244.156277085139,68.31042215082832,66.35564088188907,3
244.17627841856122,74.78083708632089,72.89142873109064,3
244.19627975198347,78.06649831343138,75.67793662153363,3
244.21628108540568,79.9435532524609,77.66813519104313,3
244.23628241882793,82.33468988866191,76.79521158965554,3
244.25628375225014,84.38548038514122,79.45451774195726,3
244.27628508567236,84.02050417823784,79.51391949326867,3
244.2962864190946,89.14472938536782,85.17607680164004,3
244.3162877525168,88.15843360089136,82.35672145812775,3
244.33628908593906,89.21121108202364,84.2492288782643,3
244.35629041936127,86.37736547082258,81.53820213306658,3
244.37629175278352,84.20144061397598,81.66001889282853,3
244.39629308620573,91.50583573794991,86.2921768958893,3
244.41629441962797,95.99588967930627,90.85245484965009,3
244.4362957530502,90.87375399751727,84.56363671976898,3
244.45629708647243,95.13097872001067,91.43190393754945,3
244.47629841989465,93.67155049488639,88.45499260988026,3
244.4962997533169,91.62950044049288,84.18312192377547,3
244.5163010867391,91.51532563175442,86.09768667561643,3
244.53630242016135,84.35600076610064,80.11197213061607,3
244.55630375358356,86.80272225526106,80.96737052904629,3
244.57630508700578,86.52644244137544,78.12568846244558,3
244.59630642042802,94.6538900394244,86.58285300590755,3
244.61630775385024,90.79455434080973,83.87606138467358,3
244.63630908727248,90.44210959797425,84.06360919624576,3
244.6563104206947,91.69076535998512,84.76798673647745,3
244.67631175411694,91.61894825760947,83.99536220504885,3
244.69631308753915,91.18875767485349,81.6692454787103,3
244.7163144209614,80.61087104488769,71.55322805194307,3
244.7363157543836,80.67769928299609,71.0718623401806,3
244.75631708780585,80.40386921298501,72.89514175599602,3
244.77631842122807,74.8286976109173,65.61917218710674,3
244.7963197546503,76.1487509302696,68.39697583038935,3
244.81632108807253,76.16059487137485,66.74575075730567,3
244.83632242149477,74.48122668808506,65.48368862207086,3
244.85632375491699,76.38357851673541,65.9745290058478,3
244.8763250883392,75.994746401491,65.45731221730745,3
244.89632642176144,68.96215801616246,62.95164809942782,3
244.91632775518366,60.97991368330141,53.163486019236586,3
244.9363290886059,61.52190859626523,53.93629305649871,3
244.95633042202812,60.614693215653034,51.14366474371474,3
244.97633175545036,60.0065770055738,51.728102259589065,3
244.99633308887257,60.59245292673747,51.05512987520194,3
245.01633442229482,58.03492996618899,47.01751857578004,3
245.03633575571703,58.84291315125347,50.00154793683722,3
245.05633708913928,52.418724113072486,44.354640936494874,3
245.0763384225615,54.88529669641328,45.51846037322312,3
245.09633975598373,46.3819995403528,36.026832203781176,3
245.11634108940595,44.34597073443653,35.09176681926544,3
245.1363424228282,37.61377395074857,30.182340578450365,3
245.1563437562504,35.76667446337205,25.512586606088345,3
245.17634508967262,36.583527076655905,26.437035172749006,3
245.19634642309487,36.38851802316789,26.969508573318883,3
245.21634775651708,34.239149626923776,26.97195404740006,3
245.23634908993932,37.075122207675456,29.162742737668005,3
245.25635042336154,36.9723034605083,28.772663507938958,3
245.27635175678378,25.534089678497086,23.065869621548835,3
245.296353090206,24.387394028219056,15.660705755066553,3
245.31635442362824,25.84031193418095,17.569741839800084,3
245.33635575705046,23.556217423107185,17.06294567159817,3
245.3563570904727,19.903994167753137,14.295516511284772,3
245.3763584238949,21.96850033322691,15.49425631339523,3
245.39635975731716,25.672672581463942,18.652414651104763,3
245.41636109073937,25.75842225833415,21.433338302330966,3
245.43636242416162,27.12541678901302,21.897199005874494,3
245.45636375758383,26.47366015858291,20.88764899405671,3
245.47636509100604,24.265362244450564,16.958327330979667,3
245.4963664244283,20.39457264937397,16.429814604057075,3
245.5163677578505,16.207137213356358,11.998055867092546,3
245.53636909127275,19.873040811229323,12.577263859443825,3
245.55637042469496,23.278693972166383,17.37800963729532,3
245.5763717581172,18.909035918585896,12.410746854698251,3
245.59637309153942,25.819361963539496,22.13754403253057,3
245.61637442496166,24.34996308000709,20.709541451529187,3
245.63637575838388,29.724088541213543,24.628829032209072,3
245.65637709180612,29.635581317094413,25.17007777213065,3
245.67637842522834,29.336632554603813,28.387755114162648,3
245.69637975865058,31.504588614105,26.5435595660603,3
245.7163810920728,27.42332850099852,25.231975392639036,3
245.73638242549504,32.74407318518331,28.55872301089436,3
245.75638375891725,27.473967488636685,22.39213653588863,3
245.77638509233947,31.51584521168421,27.412259533847077,3
245.7963864257617,34.95450917546214,31.87574451313692,3
245.81638775918393,40.152695024124746,38.55859102673518,3
245.83638909260617,42.793419495462366,37.06649787035739,3
245.85639042602838,47.37899958673489,44.945398552857505,3
245.87639175945063,49.27530603011689,46.01226325389672,3
245.89639309287284,47.31538941602395,46.01874643831168,3
245.91639442629508,44.26141754388275,43.55758085602017,3
245.9363957597173,48.92811764007255,46.898648919405204,3
245.95639709313954,49.94796521231527,46.01359227201784,3
245.97639842656176,49.58083833222256,48.38114283471441,3
245.996399759984,61.829733447023486,57.832211334441524,3
246.01640109340622,61.039644031815875,58.64853614959316,3
246.03640242682846,62.1007445550726,61.00361705011929,3
246.05640376025067,64.65651859466192,61.82203793133019,3
246.07640509367292,69.7028360451577,67.71850700941538,3
246.09640642709513,69.40832228854558,65.24464709375549,3
246.11640776051735,73.82030421065001,70.18790568101463,3
246.1364090939396,65.48172307814744,63.170375102336536,3
246.1564104273618,70.06976716599355,65.67500194681736,3
246.17641176078405,73.26227994319484,70.83445568880938,3
246.19641309420626,73.50014424639333,71.29893083294522,3
246.2164144276285,80.09928321481719,76.71449795355691,3
246.23641576105072,79.6623073870292,78.32614311551329,3
246.25641709447297,79.32025106098932,76.53381434938406,3
246.27641842789518,87.33711245467194,83.05256653197466,3
246.29641976131742,82.99441278788359,81.08559477027065,3
246.31642109473964,85.14951681947693,81.30114030160227,3
246.33642242816188,86.48571909350424,81.58102194758466,3
246.3564237615841,82.83648363637673,79.69009971449148,3
246.37642509500634,86.59254951477449,84.43258512397938,3
246.39642642842855,91.79345517170762,86.23402894243665,3
246.41642776185077,92.58262536900128,89.029788548277,3
246.436429095273,92.97860195793963,89.13855894597812,3
246.45643042869523,95.8046236426317,89.37004085529628,3
246.47643176211747,95.55955704260923,89.97749469617162,3
246.4964330955397,92.50688881899237,90.60009207652597,3
246.51643442896193,86.43469007421237,80.56637776942397,3
246.53643576238414,92.79164477006726,82.38539471706345,3
246.5564370958064,88.11040059654097,81.54239898234772,3
246.5764384292286,84.65904722890926,77.6363148901155,3
246.59643976265085,91.36999723817104,85.5726170999595,3
246.61644109607306,89.53342511534889,83.28540771299227,3
246.6364424294953,93.6656773756315,86.15505682006778,3
246.65644376291752,89.23280880208085,84.01436366048385,3
246.67644509633976,84.78511874505092,78.5726699944237,3
246.69644642976198,90.3862567339333,82.40469784954033,3
246.7164477631842,78.47490295741551,71.02024398944312,3
246.73644909660644,81.32036411421069,74.04816822969804,3
246.75645043002865,77.73843269789676,69.11054706358608,3
246.7764517634509,80.14398861358112,72.83665879746228,3
246.7964530968731,79.10000500530441,73.64852103415573,3
246.81645443029535,78.93493600743982,71.46375718042465,3
246.83645576371757,77.22798759988002,66.5563485322968,3
246.8564570971398,71.417917776565,62.75380094954166,3
246.87645843056202,73.5263556508038,64.69261774227154,3
246.89645976398427,68.76493920768311,59.167841595916045,3
246.91646109740648,66.45761148937302,55.96486789601972,3
246.93646243082873,57.27351421694059,48.58687630475295,3
246.95646376425094,57.07373171695077,46.85904870164394,3
246.97646509767318,57.754310712990396,48.61342034537755,3
246.9964664310954,57.3567922705543,48.39808803450261,3
247.0164677645176,54.14082223328279,45.95200866540899,3
247.03646909793986,52.30520322219562,42.922989428008364,3
247.05647043136207,53.23403542001418,45.13583677901313,3
247.07647176478432,51.39952229240593,43.36294490346364,3
247.09647309820653,48.89497198991461,39.437346818913504,3
247.11647443162877,41.34259254996069,33.18905649299828,3
247.136475765051,34.778260515095496,27.321467317215685,3
247.15647709847323,35.81312732060737,27.005963264059776,3
247.17647843189545,38.85160759911842,30.642708148991513,3
247.1964797653177,33.74069814720164,24.680121256074205,3
247.2164810987399,37.64525687584399,30.297007486244638,3
247.23648243216215,38.857511150706245,28.69848751600784,3
247.25648376558436,32.32214895105469,25.86197652285364,3
247.2764850990066,32.55096048966648,24.564027820248125,3
247.29648643242882,30.748583755539723,23.94230582590915,3
247.31648776585104,26.003457304885266,18.2534401099245,3
247.33648909927328,22.264718972937892,14.227589469512118,3
247.3564904326955,21.23088136719114,14.335341031827696,3
247.37649176611774,18.610962287163478,14.262412000739642,3
247.39649309953995,21.670680770111012,13.971172301822145,3
247.4164944329622,23.10298872857491,18.526977908387813,3
247.4364957663844,24.580390646412607,17.9681039095022,3
247.45649709980665,25.76307025287527,20.136960319556227,3
247.47649843322887,23.43820870349049,17.416934656203125,3
247.4964997666511,21.518523109248807,15.057780672320451,3
247.51650110007333,19.483047012001208,13.11231888847882,3
247.53650243349557,21.728009063978778,14.680364937067324,3
247.55650376691779,20.66430635392938,16.156216523655093,3
247.57650510034003,25.86892896140602,19.589544841221663,3
247.59650643376224,24.049555430563974,16.14563072088354,3
247.61650776718446,27.400943128646546,21.509427219968547,3
247.6365091006067,29.118716019540752,22.535256639295817,3
247.65651043402892,29.29287638393256,24.396721233499118,3
247.67651176745116,28.05654841189096,24.938428011203907,3
247.69651310087337,28.797038351163575,25.326149600544316,3
247.71651443429562,30.533508666204945,24.921673215990285,3
247.73651576771783,28.35402841947884,24.326762513040972,3
247.75651710114008,30.647979021193887,28.215030883726598,3
247.7765184345623,34.34159083930889,31.290245965669534,3
247.79651976798453,40.41231076109522,36.071633649901244,3
247.81652110140675,34.936248934784665,34.137926397636384,3
247.836522434829,40.46309278656044,38.19705143710586,3
247.8565237682512,47.03242680382045,43.6444667797453,3
247.87652510167345,47.38105279113973,45.9602888455516,3
247.89652643509567,48.44852171973411,44.834419056793585,3
247.91652776851788,43.50015589865076,40.49402872298322,3
247.93652910194012,43.519312733987235,38.888796884350484,3
247.95653043536234,44.62570222001448,44.798098267545434,3
247.97653176878458,48.79283464249555,47.779953610924466,3
247.9965331022068,56.18942290803769,55.35123990777866,3
248.01653443562904,56.20843428039029,54.596043791567205,3
248.03653576905126,62.883597409132285,60.910332517716306,3
248.0565371024735,64.89577091043179,61.626771630051394,3
248.0765384358957,66.68704583017748,65.27973365895063,3
248.09653976931796,63.590720917717526,63.40055594306536,3
248.11654110274017,66.12137456041694,67.27263198904286,3
248.13654243616242,69.46705580446033,68.42796293585462,3
248.15654376958463,69.86353847344806,70.2015945843382,3
248.17654510300687,70.4182258384307,70.6523539315059,3
248.1965464364291,76.4103973065865,74.9098374836051,3
248.2165477698513,80.46326058797649,77.0931384537891,3
248.23654910327355,81.58470301117175,79.2944909763846,3
248.25655043669576,87.69513255957173,82.4496298378365,3
248.276551770118,86.29864450750533,85.21082245022939,3
248.29655310354022,84.83969939670817,83.07934788788326,3
248.31655443696246,85.16793473773718,80.07000988727937,3
248.33655577038468,80.8804817771135,77.45381957624464,3
248.35655710380692,87.68656090906826,83.44175681588361,3
248.37655843722914,87.52950534657195,80.10285074699033,3
248.39655977065138,92.97164226450383,88.0485536966373,3
248.4165611040736,90.50598816635696,88.34540423323972,3
248.43656243749584,92.26920535485648,87.79313615094853,3
248.45656377091805,94.6068506271475,90.45419605018014,3
248.4765651043403,96.61483602407078,90.87475575528559,3
248.4965664377625,93.6633396192316,87.1249108284122,3
248.51656777118473,92.45410133960746,86.42096158238465,3
248.53656910460697,85.7485747500399,79.59019798701006,3
248.55657043802918,85.83800226935892,81.2040691479242,3
248.57657177145143,89.51048255563848,83.13445953964599,3
248.59657310487364,87.4721924560596,81.39348421953125,3
248.61657443829588,92.8595770943689,83.46773854767207,3
248.6365757717181,89.07223117598902,81.24503054876284,3
248.65657710514034,89.36618181432652,80.25713656821704,3
248.67657843856256,85.33203395200236,77.44904351069887,3
248.6965797719848,80.86889603756528,73.19810882567667,3
248.71658110540702,81.48131013026703,73.48367210334199,3
248.73658243882926,78.85691656089453,69.00936314710863,3
248.75658377225147,77.41011027125259,69.13143361992806,3
248.77658510567372,74.09994140305298,67.32860688048363,3
248.79658643909593,74.213364059812,66.9622956535709,3
248.81658777251815,78.84327222570718,72.32290076930343,3
248.8365891059404,77.00076631794134,70.63398993244726,3
248.8565904393626,76.44016501090046,66.32280591264106,3
248.87659177278485,70.53802334341242,62.767893049375125,3
248.89659310620706,70.25061547647996,61.69810131451779,3
248.9165944396293,64.29058080430471,57.0115939066249,3
248.93659577305152,66.36999657136,58.729949029972175,3
248.95659710647377,61.46508947281986,52.205505069593386,3
248.97659843989598,58.38648924753204,48.79584313688764,3
248.99659977331822,54.891930751658606,43.46569509449231,3
249.01660110674044,56.080501017487,46.97196669738899,3
249.03660244016268,54.14667137917934,45.07464201318994,3
249.0566037735849,53.18268561144672,44.00847363612264,3
249.07660510700714,51.39665018789432,42.24177857431935,3
249.09660644042935,48.1247627585221,40.31516706238095,3
249.11660777385157,43.50217013414004,35.82477819128984,3
249.1366091072738,38.27204798609889,30.801038980633496,3
249.15661044069603,39.81483951084342,33.34002004279189,3
249.17661177411827,35.34657167646679,26.637869070669062,3
249.1966131075405,31.9210582167339,25.236039472005917,3
249.21661444096273,37.099786391859695,28.986112333939754,3
249.23661577438494,40.0301916053665,32.69861995994525,3
249.2566171078072,38.5041946969951,27.920104003485545,3
249.2766184412294,36.48940315208619,25.664552740287778,3
249.29661977465165,25.74668740429934,18.810523338668084,3
249.31662110807386,22.997010405896027,16.53010960235851,3
249.3366224414961,21.84783738716432,13.973772840939937,3
249.35662377491832,21.13999389730333,14.15076102072959,3
249.37662510834056,21.367976074725064,14.940485247179856,3
249.39662644176278,23.565687857066752,16.771635201760684,3
249.416627775185,23.36455376303177,17.647452951048017,3
249.43662910860724,23.637436711463074,20.62205620154056,3
249.45663044202945,24.470074044593172,17.570487704516076,3
249.4766317754517,21.927221966862938,17.227253361247044,3
249.4966331088739,19.3796684519056,15.896702171801625,3
249.51663444229615,22.188863271009403,16.871633421803224,3
249.53663577571837,15.86005013284612,11.978576294878328,3
249.5566371091406,16.973487304711824,11.054534181576484,3
249.57663844256282,22.436938829932703,16.85686951775658,3
249.59663977598507,22.68770978102736,18.917492566159034,3
249.61664110940728,27.97922947473765,22.657416819521377,3
249.63664244282953,26.433512113427767,21.53463913295242,3
249.65664377625174,31.21694510108106,26.599140947010806,3
249.67664510967398,27.899616127218913,23.717557493484133,3
249.6966464430962,25.617330932775754,22.483842084872936,3
249.7166477765184,27.28579385847894,23.136849734672907,3
249.73664910994066,26.294815098118704,22.453162647807545,3
249.75665044336287,33.45801850352378,29.327866473565948,3
249.77665177678512,33.18149545311516,31.336164834716037,3
249.79665311020733,33.73534718323611,31.38313625448973,3
249.81665444362957,42.13708881610205,39.73960845779666,3
249.8366557770518,41.48019453479589,42.981553959940406,3
249.85665711047403,46.49748387807949,43.3676243349627,3
249.87665844389625,50.98170143290479,48.49308819884037,3
249.8966597773185,44.283737938922705,42.35688720621644,3
249.9166611107407,50.765298662190574,46.94244171827599,3
249.93666244416295,49.43243210695439,48.09277388432017,3
249.95666377758516,50.30482800392412,48.47719325338485,3
249.9766651110074,49.21278382406896,47.91857149120067,3
249.99666644442962,54.9488599253702,51.98246507896864,3
250.01666777785184,63.85947013669422,60.50633260400121,3
250.03666911127408,64.58906817570643,61.73726817103786,3
250.0566704446963,64.47304660959088,62.549042135553066,3
250.07667177811854,67.20883584279369,64.91671348814309,3
250.09667311154075,67.05621275578083,64.20819780308419,3
250.116674444963,70.29057357760756,69.32638906385588,3
250.1366757783852,69.00013857980206,63.94987974987363,3
250.15667711180745,68.26111072004063,63.18597384112922,3
250.17667844522967,68.50204148291999,63.72346364371974,3
250.1966797786519,79.6492215901873,74.89317514940889,3
250.21668111207413,80.11187891847355,75.62508112678918,3
250.23668244549637,79.36281157658397,80.89897364121217,3
250.25668377891859,85.12123082308523,83.11788658743168,3
250.27668511234083,87.67410517942966,85.95633870362121,3
250.29668644576304,83.66169189658574,78.42546906595526,3
250.31668777918526,85.8015804067667,81.7037635817754,3
250.3366891126075,82.55595772232437,81.11302122425877,3
250.35669044602972,84.90679944930491,80.73338136144858,3
250.37669177945196,85.64110900349151,82.12041769047602,3
250.39669311287417,91.96010829318938,88.30339945932843,3
250.41669444629642,90.53245989623514,87.56161475525056,3
250.43669577971863,91.17783088044622,86.98724562722538,3
250.45669711314088,97.12846459539912,91.5675073006378,3
250.4766984465631,92.01877706095765,87.11115027070097,3
250.49669977998533,98.13206896927872,92.08007716208778,3
250.51670111340755,92.42131880561357,86.5070999696226,3
250.5367024468298,91.29527790761239,85.28107979769963,3
250.556703780252,88.94385573240369,83.96326310002145,3
250.57670511367425,87.69315282611753,78.89549186134454,3
250.59670644709647,92.45439601616917,86.57948995262143,3
250.61670778051868,91.66650518761995,83.43066604006535,3
250.63670911394092,96.5921267357999,88.65208802433655,3
250.65671044736314,87.21386430821565,81.29197444667706,3
250.67671178078538,92.63379333397829,84.95972912397401,3
250.6967131142076,88.21864399443366,81.02882413057826,3
250.71671444762984,84.81924361988096,78.28715992573233,3
250.73671578105206,77.90922259584819,73.44781877856336,3
250.7567171144743,81.03426414679954,72.25667196861554,3
250.7767184478965,75.84218533426149,68.11516178728029,3
250.79671978131876,78.46064383226786,69.82562597098705,3
250.81672111474097,75.38698436799986,67.2765008415068,3
250.83672244816321,76.66894995148063,68.08057417467157,3
250.85672378158543,75.77464648728314,66.12624671828574,3
250.87672511500767,74.40220843356069,66.77195990024838,3
250.8967264484299,69.0925087568286,58.706401187323436,3
250.9167277818521,62.75278963891934,52.63938862505919,3
250.93672911527435,59.92459197376505,49.90938247296654,3
250.95673044869656,55.156149706984216,47.81132330097464,3
250.9767317821188,61.73065101468619,50.2298391047647,3
250.99673311554102,62.03052615687645,53.01781605576809,3
251.01673444896326,58.97307631710739,48.52999406175913,3
251.03673578238548,55.3247420064917,45.65453707440985,3
251.05673711580772,56.17069236511972,47.205804875375385,3
251.07673844922994,46.155603388621024,40.59354717982224,3
251.09673978265218,46.33643011822521,37.35408227898376,3
251.1167411160744,42.271075709972685,32.08714498055829,3
251.13674244949664,42.12964967893729,32.18092836384425,3
251.15674378291885,36.868655026865255,29.760484081669972,3
251.1767451163411,35.989814694757385,27.934457874213457,3
251.1967464497633,35.49225831411951,26.370851205012936,3
251.21674778318553,36.28610833697101,28.883449310504517,3
251.23674911660777,38.787481863915865,31.035756299153636,3
251.25675045002998,38.20829577177286,27.904962788704566,3
251.27675178345223,26.016309780285553,20.41063413680533,3
251.29675311687444,32.11815664118855,24.389835494970356,3
251.31675445029668,27.432546441028776,19.793710433605103,3
251.3367557837189,24.19770692259191,19.112650613835463,3
251.35675711714114,24.098955572396623,17.545182039795517,3
251.37675845056336,22.201686122155003,15.879590130037379,3
251.3967597839856,19.618592738853575,14.493912079952901,3
251.41676111740782,27.755514661574367,20.99049260487281,3
251.43676245083006,25.596045829676374,19.357149425100907,3
251.45676378425227,24.696709881000725,22.95961551208279,3
251.47676511767452,26.46895661949003,18.771333200765586,3
251.49676645109673,27.08465681852052,21.84428585089818,3
251.51676778451895,19.641629641760495,14.41517797676347,3
251.5367691179412,17.388568693437623,11.02834077877819,3
251.5567704513634,18.893847718438153,13.110352654705585,3
251.57677178478565,20.456694276527916,17.512782888200235,3
251.59677311820786,19.481990315866234,15.676213767549307,3
251.6167744516301,24.70398660666166,21.13591824503694,3
251.63677578505232,30.725963592693116,25.31329690211339,3
251.65677711847457,29.261747535693456,24.977156269178227,3
251.67677845189678,34.51956213414288,32.99315406461536,3
251.69677978531902,28.68463590592547,23.470036671889474,3
251.71678111874124,31.0746061016817,25.80701004085302,3
251.73678245216348,31.26495275026129,28.296571960150455,3
251.7567837855857,32.53054370284451,29.793989744374226,3
251.77678511900794,36.847925928198705,31.734080512266328,3
251.79678645243015,36.50016488681312,31.773509822781243,3
251.81678778585237,37.44511429069143,36.98410520875551,3
251.8367891192746,44.20350721306137,41.56850253500173,3
251.85679045269683,43.10098068328371,42.25760231968278,3
251.87679178611907,39.831430688366346,40.78322164662639,3
251.8967931195413,44.97771129847026,43.6903578654349,3
251.91679445296353,44.44612827689895,44.08541505178223,3
251.93679578638574,46.77166044893638,44.38615121034768,3
251.956797119808,53.60447690360587,51.54281795743391,3
251.9767984532302,54.9454014934678,52.161318689013484,3
251.99679978665245,59.791115261524,54.652821661133196,3
252.01680112007466,61.30616366760757,59.983492353345625,3
252.0368024534969,64.85481345610803,63.38451033302787,3
252.05680378691912,67.43055904696642,62.53378609345201,3
252.07680512034136,68.25629881417235,64.35527069065809,3
252.09680645376358,67.16918711057143,65.70897290408296,3
252.1168077871858,66.20112888418346,62.398998637583425,3
252.13680912060804,66.81371682933533,62.871113539095774,3
252.15681045403025,70.954597098717,66.74552063030089,3
252.1768117874525,77.81852024805625,76.68264731357038,3
252.1968131208747,78.1232759484934,74.68332732115144,3
252.21681445429695,81.5707476212781,76.81343347650211,3
252.23681578771917,84.03159063679946,79.9267274571737,3
252.2568171211414,82.61238103663354,80.36297200968546,3
252.27681845456362,85.25913170416698,79.5762617741678,3
252.29681978798587,84.5892402301877,81.22587744491213,3
252.31682112140808,87.31641243053616,82.70812530432728,3
252.33682245483033,87.06230130487856,82.224845196514,3
252.35682378825254,83.69591913690499,77.32774063660449,3
252.37682512167478,83.70003632145978,79.25916846064148,3
252.396826455097,86.18052800666268,79.84359666065842,3
252.4168277885192,92.15988105448255,89.11050406358532,3
252.43682912194146,92.65482182943262,86.42435607168406,3
252.45683045536367,96.14547880490873,91.15275529012868,3
252.47683178878592,94.41884647221082,87.9391086200731,3
252.49683312220813,94.89271690941743,89.42499020912256,3
252.51683445563037,91.83899743734406,84.84951868072517,3
252.5368357890526,91.48602253777909,83.61242570353052,3
252.55683712247483,87.0353327015116,84.77275758457654,3
252.57683845589705,90.9485434764646,85.02721353401928,3
252.5968397893193,91.49107577829739,83.20115875805521,3
252.6168411227415,89.33952211809498,81.13748040140158,3
252.63684245616375,90.58329573172364,82.53112497324166,3
252.65684378958596,87.82942955541301,80.76190518592564,3
252.6768451230082,90.2428074876316,82.68242315512435,3
252.69684645643042,87.29288331421247,81.72796973574472,3
252.71684778985264,85.25616649575551,77.06840194347112,3
252.73684912327488,85.19228899620185,73.07110653401696,3
252.7568504566971,80.20115393873579,72.5995839831373,3
252.77685179011934,77.64720975317368,70.0731296445028,3
252.79685312354155,83.01150611260232,70.42561636064339,3
252.8168544569638,73.64394576826601,62.88973398540506,3
252.836855790386,79.15032798512374,72.0989706078078,3
252.85685712380825,78.79763511084884,68.52877149553274,3
252.87685845723047,70.74839452260176,61.895301141682,3
252.8968597906527,68.7501751673241,61.50285379911536,3
252.91686112407493,63.071848143093554,54.89729477389148,3
252.93686245749717,60.85800208800476,51.73834655991085,3
252.95686379091939,61.07602084570008,51.15285637036621,3
252.97686512434163,57.04727425747789,49.26377011626275,3
252.99686645776384,56.446175863357034,46.83662187473954,3
253.01686779118606,56.585966332283306,47.07378965524957,3
253.0368691246083,54.73622498902337,44.424082355958234,3
253.05687045803052,52.684355772052506,42.04385771164751,3
253.07687179145276,48.71875223276719,42.97925321106043,3
253.09687312487497,43.64086384769555,34.960477201542005,3
253.11687445829722,41.35104268111729,33.02864633749928,3
253.13687579171943,37.14444359910743,29.426033674320845,3
253.15687712514168,34.88498016825368,24.279754618398606,3
253.1768784585639,34.62268996287252,24.956399898227367,3
253.19687979198613,37.05756828540995,29.181638529052794,3
253.21688112540835,34.97344557221809,25.37783672498961,3
253.2368824588306,36.897568864932914,29.784913056488076,3
253.2568837922528,35.32162176230559,28.025418645516012,3
253.27688512567505,29.384037429077434,21.5104782506044,3
253.29688645909727,26.519920526758956,19.263198772207243,3
253.31688779251948,24.714039959106728,19.87920355745332,3
253.33688912594172,22.8432649076767,15.630870587173627,3
253.35689045936394,25.040083742201144,16.004340442756494,3
253.37689179278618,23.57824422682549,16.56845294926722,3
253.3968931262084,21.280354323960054,13.877538282037474,3
253.41689445963064,23.677465417322985,17.122258124391788,3
253.43689579305286,27.530667169123547,21.06015200167182,3
253.4568971264751,24.711055051716766,15.489227280291788,3
253.4768984598973,26.088132442484373,19.285705424664048,3
253.49689979331956,23.990415454166516,16.08900716510749,3
253.51690112674177,19.745263184805477,15.847651472289247,3
253.53690246016401,20.715735385553664,14.585177480366637,3
253.55690379358623,20.189452151140184,15.117354288845892,3
253.57690512700847,20.75894527544515,16.15632186518322,3
253.5969064604307,19.119617830367986,16.891037885248384,3
253.6169077938529,24.922894919679063,20.013747795143413,3
253.63690912727515,27.90662230725892,22.68175858845029,3
253.65691046069736,29.586262180855073,24.68491482635474,3
253.6769117941196,28.179308881497096,28.74344427684978,3
253.69691312754182,28.244169638611748,21.851390145874383,3
253.71691446096406,28.495162051639692,24.39028211171777,3
253.73691579438628,30.11581983888302,25.55198559081575,3
253.75691712780852,28.116548870430584,22.693416440891845,3
253.77691846123074,32.39816410843411,30.88772111876492,3
253.79691979465298,33.21284157973559,29.202634997058027,3
253.8169211280752,37.235009576780975,35.90429068424812,3
253.83692246149744,42.677002246324,40.23548588042026,3
253.85692379491965,43.53383686348669,42.80908880885423,3
253.8769251283419,48.589948803786996,46.236582024713485,3
253.8969264617641,48.135910081264704,44.20176011789004,3
253.91692779518633,47.24697343637744,44.01628325795845,3
253.93692912860857,49.60169998794306,48.29343188909638,3
253.95693046203078,51.8406712487539,49.90823569189484,3
253.97693179545303,51.38188141914787,46.8434762394249,3
253.99693312887524,54.17591737797871,52.904729810925836,3
254.01693446229748,57.678608662338924,55.97833452190297,3
254.0369357957197,64.62126788942783,62.249555027609524,3
254.05693712914194,62.91243693106555,60.51063591119812,3
254.07693846256416,70.65462528519876,67.52846029650586,3
254.0969397959864,64.23121336798499,60.1583048359135,3
254.11694112940862,69.60246248593525,66.7727828759832,3
254.13694246283086,66.68680936040944,64.49454455288274,3
254.15694379625307,70.89343356357556,68.48742391820768,3
254.17694512967532,73.46312390992549,69.34590046862567,3
254.19694646309753,76.29904554258786,72.9892961895031,3
254.21694779651975,78.90581509324954,74.06259588852254,3
254.236949129942,84.347745510199,80.208960919449,3
254.2569504633642,84.56725168612448,79.80294648814316,3
254.27695179678645,86.16773667435488,81.1498858486718,3
254.29695313020866,85.93054072236448,80.89470393818489,3
254.3169544636309,82.41743114451029,75.99835438219411,3
254.33695579705312,86.99606240702218,82.64996961965532,3
254.35695713047537,85.15849765407374,82.83074174586234,3
254.37695846389758,89.65460278360207,83.80045434450169,3
254.39695979731982,90.21406455056128,86.77558272507832,3
254.41696113074204,91.43550081568567,87.91497390737732,3
254.43696246416428,94.40376647513693,90.0892781276774,3
254.4569637975865,96.34098669483521,89.26582342712138,3
254.47696513100874,94.09295069459696,89.36002043631639,3
254.49696646443095,89.4683450958581,84.58058543177277,3
254.51696779785317,89.72314102122269,83.78495619088108,3
254.5369691312754,86.96789299818275,81.71705296647096,3
254.55697046469763,83.84836093900982,77.06601910513328,3
254.57697179811987,88.51045515552138,78.52024357621858,3
254.5969731315421,88.80435156150361,83.71458435914455,3
254.61697446496433,90.9134371259137,84.37759141835114,3
254.63697579838654,92.63937288818647,84.2881247253276,3
254.6569771318088,90.81590331179613,82.23258868095023,3
254.676978465231,88.71703168478693,80.95232794155356,3
254.69697979865325,88.84396157488219,80.6517190528658,3
254.71698113207546,82.09891423641918,74.58442841998435,3
254.7369824654977,75.52920898055794,69.96815391041282,3
254.75698379891992,78.31053771283992,68.39467283777888,3
254.77698513234216,75.26762302382083,67.7439284968427,3
254.79698646576438,75.40639127064334,66.16766852956832,3
254.8169877991866,75.3825517505536,67.64856324817269,3
254.83698913260884,79.94837027110599,67.91741414870083,3
254.85699046603105,77.95433635799341,70.94907311473987,3
254.8769917994533,69.85072227312504,58.796142980908954,3
254.8969931328755,68.438244114822,59.159950052702676,3
254.91699446629775,67.22420449490814,57.28560396647695,3
254.93699579971997,56.97885357418347,48.18946951193569,3
254.9569971331422,57.563290121095356,48.63752915662075,3
254.97699846656442,56.34838091909187,48.18805910320149,3
254.99699979998667,57.62192019518772,49.21361245636319,3
255.01700113340888,54.69073035591565,44.1860394451815,3
255.03700246683113,56.36304097299661,47.839073896070396,3
255.05700380025334,52.52479321938157,43.36412640862166,3
255.07700513367558,47.25307270541662,36.791835256046994,3
255.0970064670978,47.61912982565531,38.06783316648148,3
255.11700780052,43.90613930061464,35.12404441333764,3
255.13700913394226,38.41786422551836,29.890467695403704,3
255.15701046736447,35.81773626481,25.86652181408342,3
255.17701180078672,34.55390940444516,27.381968913798534,3
255.19701313420893,38.507788616354354,29.195213550879025,3
255.21701446763117,37.084844476368936,28.47324406920882,3
255.2370158010534,34.82865629983296,27.127788176468158,3
255.25701713447563,34.630752501263814,25.260517182516082,3
255.27701846789785,31.861299132948233,22.88684839577331,3
255.2970198013201,31.327184059865175,21.844933680662017,3
255.3170211347423,25.77271361914485,19.997004785331637,3
255.33702246816455,21.29580493150892,15.321413861852186,3
255.35702380158676,25.568448363306878,16.68280079924609,3
255.377025135009,26.803746002620738,18.841082977353587,3
255.39702646843122,26.047636567158122,18.475721065762006,3
255.41702780185344,24.880217314363875,16.687689203611313,3
255.43702913527568,24.70759909470643,16.921988878243052,3
255.4570304686979,22.751505224394613,17.80717973369487,3
255.47703180212014,29.36922220462242,21.11285392912657,3
255.49703313554235,22.93834267010615,16.34850431106148,3
255.5170344689646,24.918035161319768,18.797677320795938,3
255.5370358023868,20.399131343484058,15.131263461651923,3
255.55703713580905,21.54218482979337,16.325743136863416,3
255.57703846923127,20.401552032831525,15.34510855607128,3
255.5970398026535,23.436230018019558,18.624725111226557,3
255.61704113607573,26.363338648773876,24.014623837973865,3
255.63704246949797,32.329217742982266,29.172959233662432,3
255.65704380292019,30.37319658932286,24.07431246802543,3
255.67704513634243,28.770229050401685,22.850006478280545,3
255.69704646976464,27.08183504841327,24.24484960853787,3
255.71704780318686,27.167693061221375,26.267234525184627,3
255.7370491366091,27.81307629425463,23.650083325877734,3
255.75705047003132,31.040650959136347,27.09689418031046,3
255.77705180345356,31.513628231274875,29.611140604910098,3
255.79705313687577,33.958074345305796,32.73234387189496,3
255.81705447029802,40.11373233525446,36.205520991361354,3
255.83705580372023,39.971836179482366,37.27844215400247,3
255.85705713714248,43.51236421080372,41.37556778932722,3
255.8770584705647,44.69075307433094,40.62793206420643,3
255.89705980398693,39.8008776225577,37.89311964826044,3
255.91706113740915,48.196779594747646,44.89796578265609,3
255.9370624708314,51.978243994669974,48.14238557774302,3
255.9570638042536,49.73513768449199,48.36930067831054,3
255.97706513767585,53.83118101148949,49.968527775112385,3
255.99706647109807,54.81682836953893,53.357798563185376,3
256.0170678045203,58.06522409229911,56.02275181233337,3
256.0370691379425,67.15872569186229,66.77480847712367,3
256.05707047136474,64.65035387783651,60.18388883864611,3
256.07707180478695,68.7255009935779,66.42943363825376,3
256.0970731382092,65.59009056907506,62.36970727222388,3
256.11707447163144,69.59584161204417,65.51061938430549,3
256.13707580505366,72.76825048210517,67.97364647027534,3
256.15707713847587,73.75782987563238,68.50056022736925,3
256.17707847189814,67.5992403352924,66.97405976852322,3
256.19707980532036,78.6707470719939,77.71661370614999,3
256.21708113874257,81.91422416174817,76.52120930070201,3
256.2370824721648,85.69434769701411,83.0618605659824,3
256.25708380558706,83.7492010076657,83.13123789513574,3
256.2770851390093,86.86072860237573,84.12639235061883,3
256.2970864724315,83.71933151511493,81.78364674263429,3
256.3170878058537,81.66080425103002,78.31340859885478,3
256.3370891392759,84.08071917293631,79.57810189617844,3
256.3570904726982,86.12931043657926,83.62191379691127,3
256.3770918061204,84.37282424815074,80.23347773726292,3
256.3970931395426,90.01425258658085,84.64803449489985,3
256.41709447296483,94.12658133423143,90.3488158952848,3
256.4370958063871,94.02392288030818,88.88542728480273,3
256.4570971398093,92.66781967125112,87.44429914593918,3
256.47709847323154,96.25457136113923,90.49181035540862,3
256.49709980665375,92.46790584955606,86.45864703564487,3
256.517101140076,88.44223852066723,81.71669110095448,3
256.53710247349824,86.01740262092876,79.49495270246145,3
256.55710380692045,86.54492182387516,78.70635011059274,3
256.57710514034267,89.63458981360631,82.45216372636173,3
256.5971064737649,87.01382457166294,77.75947542998,3
256.61710780718715,90.427811641649,84.59461399171535,3
256.63710914060937,89.48849516742884,82.22970272663387,3
256.6571104740316,92.50572103811186,84.86363455308285,3
256.6771118074538,87.082596371744,78.97116532500534,3
256.69711314087607,85.23789111891443,78.05924841617423,3
256.7171144742983,85.60687922210158,77.67331688374648,3
256.7371158077205,80.45834040770718,72.45999216280512,3
256.7571171411427,77.69136234629701,70.56197264615675,3
256.777118474565,82.27984763769823,72.16531931404273,3
256.7971198079872,76.52187824004574,69.00048909412509,3
256.8171211414094,75.1444074338456,67.24806569754557,3
256.83712247483163,75.81249978807007,68.90380686517518,3
256.8571238082539,73.22641227287615,65.52533539666418,3
256.8771251416761,75.33936940799471,67.68999694001795,3
256.89712647509833,67.90075003134699,59.83202158854629,3
256.91712780852055,63.936407610653674,56.00453667285484,3
256.93712914194276,61.59582762245175,53.13645537781083,3
256.95713047536503,54.654889698741066,45.23766944243233,3
256.97713180878725,57.22787205959014,48.278232339014075,3
256.99713314220946,57.480394089426845,48.31673959621342,3
257.0171344756317,55.98081491927746,45.97238449513787,3
257.03713580905395,56.36761686532022,48.93945515091197,3
257.05713714247617,56.00134061386831,44.24054138135004,3
257.0771384758984,50.33135345210395,42.13007166050452,3
257.0971398093206,48.524958183531886,38.077377042038506,3
257.11714114274287,44.11692905228175,36.77018992679116,3
257.1371424761651,40.96596888342761,32.57937320068903,3
257.1571438095873,41.92791762582828,33.630857383179645,3
257.1771451430095,36.12557108420545,28.25002329018934,3
257.1971464764317,37.50712615115816,27.594486055470334,3
257.217147809854,35.47093574868481,28.855085394245254,3
257.2371491432762,36.044373782465044,28.329289451994637,3
257.2571504766984,33.11032374714901,23.769205627778135,3
257.27715181012064,33.55757048654078,26.14525236702723,3
257.2971531435429,29.324805277053414,21.521275917766967,3
257.31715447696513,23.185054183180345,16.990161481261893,3
257.33715581038734,25.422844196715477,18.201874723980172,3
257.35715714380956,21.827739651076026,13.335362814953434,3
257.37715847723183,24.394314242477463,16.013876865089955,3
257.39715981065405,22.721370309269833,17.044081762845163,3
257.41716114407626,25.716947979769962,16.844214922351803,3
257.4371624774985,24.84689195118148,19.222806381088734,3
257.45716381092075,22.340614788505572,15.722760318823745,3
257.47716514434296,24.032661264851978,21.03891542065064,3
257.4971664777652,19.612679283440155,14.924859013572553,3
257.5171678111874,19.6770133379482,13.812670525505247,3
257.5371691446096,23.715439208505583,17.650149351473,3
257.5571704780319,17.34910805061119,12.71672074943519,3
257.5771718114541,20.584240754571887,12.814822011557457,3
257.5971731448763,24.636055889610105,20.899194309205786,3
257.6171744782985,24.150269614254963,17.994100824802754,3
257.6371758117208,29.5505683229059,22.642676269480603,3
257.657177145143,25.444109138034584,23.80895193740539,3
257.6771784785652,24.84994307554772,19.667533465991276,3
257.69717981198744,27.758073403322996,25.205478464277324,3
257.7171811454097,26.911838292456657,25.02808323426528,3
257.7371824788319,31.057592094380986,29.288319041143893,3
257.75718381225414,29.55279500208238,27.57888256996145,3
257.77718514567636,32.78562702479866,30.459385141865496,3
257.79718647909857,36.47347982656498,33.113402238068396,3
257.81718781252084,40.762346046189194,39.238728650138476,3
257.83718914594306,41.7983380012061,38.89088546497506,3
257.8571904793653,44.67957570470296,42.92169433163677,3
257.8771918127875,46.545170366781704,44.16585490312688,3
257.89719314620976,49.264589326747675,46.80499792572892,3
257.917194479632,46.8460688267731,46.749343362887366,3
257.9371958130542,48.935803013266295,46.110264738478975,3
257.9571971464764,47.00756009478844,44.088700624593756,3
257.9771984798987,52.19407739237654,49.67837124400206,3
257.9971998133209,54.71285369195139,52.44212339554008,3
258.0172011467431,58.79919784935867,57.34128543692925,3
258.0372024801653,66.41596960837651,64.41987060678116,3
258.0572038135876,62.412999157137556,61.90138980740725,3
258.0772051470098,65.49352516182968,66.49987089871777,3
258.097206480432,76.59039268783599,72.01091320132853,3
258.11720781385424,68.79228506646592,65.27593714769559,3
258.13720914727645,71.72614561208395,68.65871994249409,3
258.1572104806987,73.88394860728687,69.09925827570603,3
258.17721181412094,71.56609696873845,69.7288971844873,3
258.19721314754315,77.21679444037123,71.5291430805856,3
258.21721448096537,83.20726452911049,80.55644620807654,3
258.23721581438764,84.93681361538923,81.0402043902748,3
258.25721714780985,85.3481232232929,81.06931908484441,3
258.27721848123207,86.04712935257209,83.89644009759877,3
258.2972198146543,89.9819169144133,87.66087571212728,3
258.31722114807656,86.06607245290455,78.09801889864998,3
258.33722248149877,84.08443807540577,78.38036567666593,3
258.357223814921,87.14418217424722,80.66084452439941,3
258.3772251483432,89.13332979230165,83.77636860170813,3
258.3972264817654,91.35234978497263,87.76677385884342,3
258.4172278151877,94.33392709479675,86.40671529869478,3
258.4372291486099,98.28173741725982,93.19613628670137,3
258.4572304820321,95.3469924062679,91.18274462990686,3
258.47723181545433,96.96845561233735,91.0275754399354,3
258.4972331488766,89.41962551772016,84.5843719556243,3
258.5172344822988,93.95643444920135,87.54794562783005,3
258.53723581572103,87.99328885280683,82.94382740370226,3
258.55723714914325,94.47390757443098,84.42926724500838,3
258.5772384825655,86.94023815564444,79.89006959161384,3
258.59723981598773,92.45997026923636,83.84962118619369,3
258.61724114940995,93.13466832346805,86.57981750888094,3
258.63724248283216,91.43971450804358,83.23613812886929,3
258.65724381625444,89.71842063030245,84.1462068516765,3
258.67724514967665,89.12507840716317,81.04225268856584,3
258.69724648309887,87.13244263951401,79.76559249366194,3
258.7172478165211,82.76500726556546,74.40276848901907,3
258.7372491499433,83.51851823700497,76.39280080468296,3
258.75725048336557,74.51355524114638,66.85277346756598,3
258.7772518167878,79.65813404991648,71.49653060864371,3
258.79725315021,74.04206321979996,63.38833073564041,3
258.8172544836322,76.20466340705705,67.72604411101352,3
258.8372558170545,75.4809721160705,66.26724472614261,3
258.8572571504767,76.2930707187156,67.434975978365,3
258.8772584838989,72.98322676475289,63.26076359893218,3
258.8972598173211,67.64685801663927,59.291550623386804,3
258.9172611507434,62.838184024621114,54.385840402969684,3
258.9372624841656,62.94660401419848,52.84127428502652,3
258.95726381758783,53.60280837423963,46.16567349870092,3
258.97726515101004,58.5562820529248,48.86117006891513,3
258.99726648443226,56.82847856615845,49.25901361387431,3
259.01726781785453,56.93223315450957,43.61612667685688,3
259.03726915127675,59.200196313112805,48.876204187990666,3
259.05727048469896,54.09360306576289,46.20746019053023,3
259.0772718181212,50.338469273098475,41.12783962604204,3
259.09727315154345,46.46064978078724,37.054250179181075,3
259.11727448496566,42.72192912967984,35.22112361203014,3
259.1372758183879,38.857021310985964,30.437079575270154,3
259.1572771518101,40.50733155476327,34.025380181236805,3
259.17727848523236,37.957123999946994,30.744521310383053,3
259.1972798186546,34.85408685611186,27.950063392161095,3
259.2172811520768,38.39971519272561,30.85551033394872,3
259.237282485499,36.70308849339869,27.39841504220813,3
259.2572838189213,37.202049491423786,29.245172120187004,3
259.2772851523435,31.534430341654556,23.86385434786838,3
259.2972864857657,30.838857949758662,23.37052398744505,3
259.3172878191879,28.0758849333983,17.558541218027774,3
259.33728915261014,26.184903946545806,20.01539195117774,3
259.3572904860324,21.428383041503476,15.557367393627112,3
259.3772918194546,25.489319850074633,17.081828505870224,3
259.39729315287684,27.859653194418495,18.133173229668767,3
259.41729448629906,23.06127162854823,15.041291759369326,3
259.4372958197213,24.225173958883836,15.9446613009252,3
259.45729715314354,28.803329165847266,23.260708392993457,3
259.47729848656576,26.23665066823591,16.291493611628326,3
259.497299819988,22.293380784929482,17.401746455223304,3
259.51730115341024,24.739950320030125,17.637821724402592,3
259.53730248683246,15.336508158398301,12.013234159081358,3
259.5573038202547,21.65984404448344,17.17021260999371,3
259.5773051536769,18.792020643424795,14.858172122475075,3
259.5973064870991,25.075630877101315,20.400313766823217,3
259.6173078205214,22.488385164020933,19.224943189753546,3
259.6373091539436,27.69532958980987,24.66282107964353,3
259.6573104873658,27.15478969319029,23.906401746480537,3
259.677311820788,30.311028674552908,27.230804845907507,3
259.6973131542103,26.511255473420466,23.895008210230017,3
259.7173144876325,28.27104808528888,26.18109766482461,3
259.7373158210547,27.754821783662184,26.253257853238807,3
259.75731715447694,30.106760345884396,28.72597306448779,3
259.7773184878992,31.882165455715793,30.140112880661903,3
259.7973198213214,35.56546625247302,33.06691738478535,3
259.81732115474364,39.245710938478844,37.5726788216539,3
259.83732248816585,45.85357947339781,44.18431083928381,3
259.8573238215881,39.3146300708528,37.5946385667061,3
259.87732515501034,43.17996598877501,40.596273777143814,3
259.89732648843255,42.96380746353092,40.733762414624266,3
259.91732782185477,47.67241607032501,46.12574757936017,3
259.937329155277,48.6811680934969,44.36378830269942,3
259.95733048869926,52.14845765656504,47.89927129157054,3
259.97733182212147,52.243887824316126,49.526618832267786,3
259.9973331555437,54.5270620010247,52.52228959662547,3
260.0173344889659,60.7300196329565,59.41441424461419,3
260.0373358223882,63.60986348626817,63.4029088607428,3
260.0573371558104,64.5696226426715,61.87468819729144,3
260.0773384892326,69.2437836113038,65.80926400611644,3
260.0973398226548,70.61623015323845,67.25418360137253,3
260.1173411560771,66.69709168950098,67.30708863524445,3
260.1373424894993,69.27587016532209,69.41962041669969,3
260.1573438229215,71.42835331439429,69.21735351627235,3
260.17734515634373,69.79187314217616,69.00542844638211,3
260.19734648976595,81.93278321113273,78.28739422183294,3
260.2173478231882,81.62788340981204,77.69672830127152,3
260.23734915661043,83.01071553052536,80.84630603361916,3
260.25735049003265,84.0293762061891,81.01804064674059,3
260.27735182345486,85.42072655694706,81.10274592408622,3
260.29735315687714,89.17914331904896,87.48729693575439,3
260.31735449029935,81.18082580459208,76.16738993046695,3
260.33735582372157,83.58476524475502,80.68577717351317,3
260.3573571571438,83.63956624748046,81.52492328356644,3
260.37735849056605,86.41156409037814,81.60632947616631,3
260.39735982398827,91.2291667329276,85.49779820774553,3
260.4173611574105,95.08654733106333,89.83607241999992,3
260.4373624908327,93.34643966738115,89.97478313256785,3
260.45736382425497,97.01411018369892,93.65629710884187,3
260.4773651576772,93.76821580716637,86.49199107049118,3
260.4973664910994,90.81823020986032,84.76177766360858,3
260.5173678245216,88.90935582678993,81.64239660283124,3
260.53736915794383,89.35541883969039,83.61745652243364,3
260.5573704913661,82.62557786420315,78.25630148206345,3
260.5773718247883,87.89289249427166,82.17367003820918,3
260.59737315821053,88.29520175227202,81.41778669051567,3
260.61737449163275,90.96553334391061,82.89592890246718,3
260.637375825055,92.74451950614966,85.02164423983125,3
260.65737715847723,91.00275710721117,84.6374938512318,3
260.67737849189945,90.10106467406672,79.66834585998569,3
260.69737982532166,84.835604085781,78.66173898216255,3
260.71738115874393,82.93039928107197,75.05708398283669,3
260.73738249216615,81.82565428463461,73.16157930531035,3
260.75738382558836,79.27380848203087,69.76633647125557,3
260.7773851590106,78.67385379299843,71.48455297103831,3
260.7973864924328,76.46054361246738,65.50928751340982,3
260.81738782585506,77.57836430495672,68.7751629310291,3
260.8373891592773,76.6280917067994,69.24089366822777,3
260.8573904926995,75.94770288158998,68.90984680831244,3
260.8773918261217,73.26512350479952,64.56547093287769,3
260.897393159544,69.34760395651952,59.76013231981362,3
260.9173944929662,68.03566922400051,60.730057829657966,3
260.9373958263884,62.992023767042305,55.3612561373955,3
260.9573971598106,56.13640532050277,46.85038153071512,3
260.9773984932329,56.94805916185653,46.45121945160439,3
260.9973998266551,59.28129888034294,50.1879109784394,3
261.0174011600773,55.85534923856833,47.87348129281824,3
261.03740249349954,59.22141898860579,50.77322216555872,3
261.0574038269218,52.67720585505015,44.24708066798774,3
261.07740516034403,46.73682897172118,39.090683733765765,3
261.09740649376624,48.40451423827364,39.1247434287336,3
261.11740782718846,46.23210494771259,37.934586127971826,3
261.1374091606107,38.21928406633227,29.503658121860234,3
261.15741049403294,39.616008654800034,31.105634773058252,3
261.17741182745516,37.93424277252714,27.220557910888513,3
261.1974131608774,36.38488822260642,27.929877648835983,3
261.2174144942996,35.206948069144644,24.832551376936596,3
261.23741582772186,36.38561376233317,29.517051847287725,3
261.2574171611441,35.666479683242784,28.848844809484895,3
261.2774184945663,34.45007283890417,25.314060090035895,3
261.2974198279885,27.270876497217515,19.970789371858867,3
261.3174211614108,26.98609349818368,19.85752573842588,3
261.337422494833,25.816558519974116,18.18989441540618,3
261.3574238282552,19.34269813944243,13.65277416322013,3
261.3774251616774,21.4795530355343,15.797622806250851,3
261.39742649509964,23.248077921716323,15.319940707835599,3
261.4174278285219,29.070596987921274,20.33884020021756,3
261.4374291619441,25.250437737643256,18.78731927878147,3
261.45743049536634,23.96934840674838,17.79839194389354,3
261.47743182878855,23.233297864882253,16.514395061965217,3
261.4974331622108,22.19090918312055,16.248204768292354,3
261.51743449563304,21.306713476927044,13.14865953136946,3
261.53743582905525,17.78115177754598,12.304877525510982,3
261.55743716247747,17.930802495683096,10.97539464113391,3
261.57743849589974,20.223593764336076,15.368639829545097,3
261.59743982932196,22.117366243210725,20.19965408375666,3
261.61744116274417,26.625750841977908,23.929411673981047,3
261.6374424961664,31.38836758372223,29.36061369264592,3
261.65744382958866,26.43524459432427,22.96430015893239,3
261.6774451630109,32.05106843516927,28.255280747778237,3
261.6974464964331,27.620491991982394,24.236679993042525,3
261.7174478298553,27.611072200615226,23.31263885585801,3
261.7374491632775,30.975547460507716,28.515133498546046,3
261.7574504966998,31.053473870548117,27.343837502642668,3
261.777451830122,35.530801735888254,33.42023151978519,3
261.7974531635442,33.16587143255124,29.081750283186388,3
261.81745449696643,41.282541075048144,38.8868386003591,3
261.8374558303887,41.13728980490564,39.9441861511761,3
261.8574571638109,42.90438864181588,40.51549300750337,3
261.87745849723314,42.44280599816708,40.82109207548019,3
261.89745983065535,45.58025167222914,43.10054225614549,3
261.9174611640776,50.84078767276779,51.073023960186376,3
261.93746249749984,48.19372920924753,43.45663504355851,3
261.95746383092205,48.78843754365679,47.04271618081908,3
261.97746516434427,52.3833468720712,49.26700873033816,3
261.9974664977665,55.56353287982447,54.126568308943966,3
262.01746783118875,64.0319852459111,59.74091558009403,3
262.03746916461097,65.45119506752133,64.46650038937833,3
262.0574704980332,70.56336614411781,68.10204417303731,3
262.0774718314554,65.9732541694213,64.62199434434855,3
262.09747316487767,70.18460271348107,68.68098600258972,3
262.1174744982999,69.80329846166039,68.2996700924038,3
262.1374758317221,69.88975059115172,65.44808567780575,3
262.1574771651443,70.43703283756983,67.66144187390852,3
262.1774784985666,70.21391069730684,66.87402849713986,3
262.1974798319888,79.83133181016377,75.87975506468004,3
262.217481165411,80.92962632992187,76.45875596425375,3
262.23748249883323,80.80244936636603,77.63118253985068,3
262.2574838322555,84.88353399566289,81.49802651465714,3
262.2774851656777,86.99036115034792,82.45048540672438,3
262.29748649909993,83.19421929845072,80.137425302253,3
262.31748783252215,87.13712196938869,82.35458176389182,3
262.33748916594436,85.12909649848199,79.93431617487322,3
262.35749049936663,85.94176211735423,82.1077142909195,3
262.37749183278885,87.46228668726434,84.29260616881102,3
262.39749316621106,88.39758293884529,84.37927591109928,3
262.4174944996333,89.93793043838699,87.75423803215094,3
262.43749583305555,90.89259560644966,86.05109192692551,3
262.45749716647776,97.48495466522668,90.92914647689852,3
262.4774984999,97.33197842299933,91.90054021202141,3
262.4974998333222,95.09199115003348,88.74105403339699,3
262.51750116674447,89.44865636141974,84.58173475239431,3
262.5375025001667,87.01968285126974,84.03222414881414,3
262.5575038335889,85.98276184640471,81.22644352357088,3
262.5775051670111,89.31473218953333,83.07221323539008,3
262.5975065004333,90.24770124650324,82.42411409759703,3
262.6175078338556,95.17975503390926,89.3260684195213,3
262.6375091672778,88.18277061817004,81.73759440687128,3
262.6575105007,92.33074445906435,84.56187321538798,3
262.67751183412224,85.59419140889896,78.42857064088683,3
262.6975131675445,91.8425578648442,82.33096173484118,3
262.71751450096673,81.65522463768306,73.72541763934487,3
262.73751583438894,80.84156293341681,69.62353931198699,3
262.75751716781116,79.90594451416814,70.46929969226763,3
262.77751850123343,79.68248787538245,70.58495272186136,3
262.79751983465565,77.31996651089406,68.88364510952498,3
262.81752116807786,78.36202597979883,68.52442518056148,3
262.8375225015001,77.7883250465068,71.022974617935,3
262.85752383492235,75.21661034483228,64.0404995977611,3
262.87752516834456,70.67378117048945,63.483647231799644,3
262.8975265017668,66.62378466542286,58.70353777116872,3
262.917527835189,63.68427663912658,55.502987662514904,3
262.9375291686112,62.151298119491344,51.6986937499468,3
262.9575305020335,56.71961251905572,46.11293875430034,3
262.9775318354557,59.88917441716399,46.49913741969276,3
262.9975331688779,57.45599403500752,47.54057163102987,3
263.0175345023001,56.93425623911967,48.538076853023384,3
263.0375358357224,51.70876788834251,44.49210488975797,3
263.0575371691446,54.32758836141171,45.81672762935926,3
263.0775385025668,47.65809963231058,38.36465953386882,3
263.09753983598904,47.826577587460285,38.06888521116179,3
263.1175411694113,44.78932180265694,37.32918164520761,3
263.1375425028335,36.32530002164043,27.975199637801776,3
263.15754383625574,38.92909535761124,29.95736227112401,3
263.17754516967796,36.59360472223184,27.544190518173476,3
263.19754650310017,33.96064465230384,27.675033782955424,3
263.21754783652244,35.25737765425909,27.249201695319524,3
263.23754916994466,35.07202109497742,27.295640325610805,3
263.2575505033669,34.030047740231296,25.407217142208072,3
263.2775518367891,37.98423804038733,30.908636527550442,3
263.29755317021136,28.556238811057426,20.05096006954321,3
263.3175545036336,29.81220472248334,21.205710931260594,3
263.3375558370558,20.90236137833416,12.84310687654363,3
263.357557170478,21.09447218853238,14.842884061759007,3
263.3775585039003,23.78420568676415,16.00977087844932,3
263.3975598373225,22.323814740857124,15.858822758847674,3
263.4175611707447,23.592822213429088,18.104169857299034,3
263.4375625041669,27.22418203150096,20.922831877806253,3
263.4575638375892,30.091832005343505,24.113565382784177,3
263.4775651710114,21.345206339043962,19.14770333367037,3
263.4975665044336,23.041515373264787,17.03732959875783,3
263.51756783785584,20.348578805396436,13.896623708653095,3
263.53756917127805,17.208549677164363,12.590144030477278,3
263.5575705047003,21.463396483473506,19.041562261731826,3
263.57757183812254,22.34499067415874,17.39349203041244,3
263.59757317154475,27.6765760086634,23.8775286717174,3
263.61757450496697,26.794168597253773,19.341681982140326,3
263.63757583838924,27.888482288477046,24.12502740087429,3
263.65757717181145,27.612486192454206,23.885273680275105,3
263.67757850523367,29.27175502158449,23.360480212803594,3
263.6975798386559,29.66661254995466,27.80512241287104,3
263.71758117207816,28.341552608949833,26.257190447093553,3
263.73758250550037,28.388749161603744,26.044536360975936,3
263.7575838389226,28.690765793438217,26.89882579529693,3
263.7775851723448,31.52327822690914,26.34591381826623,3
263.797586505767,34.23574965315065,31.47655392877355,3
263.8175878391893,36.01386755642519,34.332360920514894,3
263.8375891726115,47.766859213383825,43.85271992612741,3
263.8575905060337,44.19383958334883,40.64703977201658,3
263.87759183945593,47.18722927843969,43.25790631087967,3
263.8975931728782,47.9876562065939,44.836531814244324,3
263.9175945063004,46.17941765252837,43.57653006766427,3
263.93759583972263,49.37475910899798,47.6363949969671,3
263.95759717314485,50.69706332705025,48.01087405133594,3
263.9775985065671,52.36872283152293,49.69314448614616,3
263.99759983998933,58.86262787751781,54.28583710959331,3
264.01760117341155,61.2826901326822,57.732889257644516,3
264.03760250683376,65.7909172260303,61.02400930974303,3
264.05760384025604,63.741127720994065,59.6657397469731,3
264.07760517367825,65.56307111552402,64.99129684510044,3
264.09760650710047,64.85437592777994,63.61449256741268,3
264.1176078405227,67.07973024472213,66.16013571900137,3
264.1376091739449,64.23866067856405,63.077391341428296,3
264.15761050736717,70.92973382455882,68.27973385066288,3
264.1776118407894,74.62845667922097,71.33876087952068,3
264.1976131742116,73.58411773905416,72.95324591123918,3
264.2176145076338,77.06560067470035,73.12674527844072,3
264.2376158410561,82.78578908767136,79.88968716905542,3
264.2576171744783,82.21541285762062,80.13234952801007,3
264.2776185079005,85.04322301420393,81.11374535007447,3
264.2976198413227,85.69030665420257,80.03345559623634,3
264.317621174745,84.87874207203788,78.80770537104313,3
264.3376225081672,79.29193089218819,76.34727881055719,3
264.35762384158943,87.00668855949368,82.32244832392551,3
264.37762517501164,88.60124191123039,85.73996665577691,3
264.39762650843386,92.0398555619219,87.45265511945522,3
264.41762784185613,91.38975921987874,84.87504330089655,3
264.43762917527835,90.95216525737196,85.61237108451976,3
264.45763050870056,91.61855047720371,87.33647444568915,3
264.4776318421228,94.27234436211485,89.35734647482876,3
264.49763317554505,93.21300397962258,89.42625239142752,3
264.51763450896726,88.80633060275797,81.76664541807304,3
264.5376358423895,89.89376126651267,84.81687356223479,3
264.5576371758117,86.10789190935316,78.92626413283516,3
264.57763850923396,88.17434266017999,79.37988183211368,3
264.5976398426562,88.030484316061,82.52052233504679,3
264.6176411760784,91.30464441110378,83.72252003973989,3
264.6376425095006,91.19625744979713,84.89804171356954,3
264.6576438429229,92.42529537913002,85.52454708408332,3
264.6776451763451,87.22133226996924,82.59449225592867,3
264.6976465097673,87.54934817202209,79.65030227393892,3
264.7176478431895,80.6081702513668,72.88261873741028,3
264.73764917661174,82.21561809375545,72.3994321570784,3
264.757650510034,82.12997599199882,71.71603139899612,3
264.7776518434562,76.38976448843016,67.45812162018788,3
264.79765317687844,76.23460815082308,67.09578731939018,3
264.81765451030066,78.37262900261969,70.14417852728661,3
264.8376558437229,78.6046773371769,69.02770844948502,3
264.85765717714514,76.31491806437148,67.01525821707376,3
264.87765851056736,71.55674954995935,65.94045075744347,3
264.8976598439896,66.57151508653988,57.14922722183877,3
264.91766117741184,59.64502909677434,50.25291723491833,3
264.93766251083406,59.32720825821577,52.17131427447052,3
264.9576638442563,57.03699167345222,45.96231981792863,3
264.9776651776785,54.39449675131391,47.14944149769093,3
264.9976665111007,57.93725591634873,49.044500325393756,3
265.017667844523,63.467270454536084,54.13075806030607,3
265.0376691779452,61.02618845547443,50.059079763605986,3
265.0576705113674,53.59717063039596,45.61439475706231,3
265.0776718447896,54.04809318777842,48.12298313544415,3
265.0976731782119,46.734117917074265,38.40973107904888,3
265.1176745116341,42.219813114527675,33.228443246350835,3
265.1376758450563,40.29202906836479,32.54256844119299,3
265.15767717847854,40.54490084819807,32.81611913730993,3
265.1776785119008,35.37672804913038,29.027993764751358,3
265.197679845323,38.62553746519017,30.87256393384983,3
265.21768117874524,38.830600523653914,30.20380579142922,3
265.23768251216745,32.28487765977546,24.05946010353644,3
265.2576838455897,39.02508947231841,30.685564798640762,3
265.27768517901194,30.45305246672116,24.7230446062597,3
265.29768651243415,30.123722927788748,22.76955159533628,3
265.31768784585637,23.995966099731884,18.1251163301077,3
265.3376891792786,22.050922502715565,13.247876103336985,3
265.35769051270086,19.70102661911536,12.649826733439678,3
265.37769184612307,22.948486974418113,14.512863743551636,3
265.3976931795453,21.638814286999107,14.031763218999393,3
265.4176945129675,26.938326148216763,22.404777746737764,3
265.4376958463898,25.118109708085317,16.498045828677725,3
265.457697179812,27.034086536849575,22.34380785013221,3
265.4776985132342,24.577227290202398,18.541775303142483,3
265.4976998466564,24.41832587367301,20.178721228512774,3
265.5177011800787,19.41617285240299,13.074315162382756,3
265.5377025135009,14.106514914755298,7.717733340671764,3
265.5577038469231,22.911861511970752,15.225151530247336,3
265.57770518034533,21.434926150345017,19.479739114423996,3
265.59770651376755,22.11750311509027,14.975734372072157,3
265.6177078471898,27.406139607512745,22.44358666123004,3
265.63770918061203,26.487221794675378,24.30009963790925,3
265.65771051403425,30.459207263183785,26.61671015467254,3
265.67771184745646,27.06856371492112,25.304572833596726,3
265.69771318087874,31.224935438102865,26.599754463066613,3
265.71771451430095,30.314952180087072,26.454684698110594,3
265.73771584772317,30.54915529350125,26.995558367907485,3
265.7577171811454,25.620828843029958,22.32435882523633,3
265.77771851456765,31.80212086745949,29.906767270200294,3
265.79771984798987,35.50778122569719,35.09555505081941,3
265.8177211814121,36.25872564368955,31.281695188981143,3
265.8377225148343,42.76773146695625,40.743592439158476,3
265.85772384825657,46.204169641846995,43.036796787421835,3
265.8777251816788,43.11172259673256,40.28848259117883,3
265.897726515101,42.423831620604126,41.70317301930485,3
265.9177278485232,43.50630324149216,42.14366520121127,3
265.93772918194543,46.35245530810688,44.886317855655285,3
265.9577305153677,48.667328807057636,44.72728355428893,3
265.9777318487899,51.75435042886757,46.87813033851214,3
265.99773318221213,54.889126695623325,52.72421767042963,3
266.01773451563434,64.46635993749743,59.98568787517698,3
266.0377358490566,61.07254998784554,62.360286282072224,3
266.05773718247883,65.61035374855891,62.351231603706175,3
266.07773851590105,68.68224347903688,65.27441016644703,3
266.09773984932326,67.00945839193122,64.13302958635742,3
266.11774118274553,68.59731809995678,65.89667048723662,3
266.13774251616775,68.73767393694826,65.88386520266602,3
266.15774384958996,71.37506826543294,68.40053893663861,3
266.1777451830122,72.71880431344381,70.74747772831222,3
266.1977465164344,79.21056207280046,76.00185258408352,3
266.21774784985666,84.36245849341228,79.48477694694971,3
266.2377491832789,82.99668807819563,82.24319748576319,3
266.2577505167011,82.93349916090267,77.97439734174097,3
266.2777518501233,84.91028583201845,83.40180291849244,3
266.2977531835456,80.1122205831987,77.28821591449699,3
266.3177545169678,88.14907094160766,86.33251132137379,3
266.33775585039,85.9274433489846,82.60939749690995,3
266.3577571838122,87.5666881530441,83.4992843475542,3
266.3777585172345,85.3172037102369,82.54887663314818,3
266.3977598506567,87.5972177811659,82.41343133033638,3
266.4177611840789,94.59199032277817,89.88024095763558,3
266.43776251750114,88.38178060143021,86.02009598468159,3
266.4577638509234,98.28112700603386,88.42304149634904,3
266.4777651843456,95.14795122535601,90.5237457994362,3
266.49776651776784,92.21711476882824,87.65572287752732,3
266.51776785119006,87.77730106170412,82.11848991353322,3
266.5377691846123,89.82170749638384,86.36932626580987,3
266.55777051803454,85.18740909402753,77.97147864590423,3
266.57777185145676,85.46616145883372,81.38032922825862,3
266.597773184879,89.6705296728805,82.19051194195261,3
266.6177745183012,92.99397480639021,85.3617474499288,3
266.63777585172346,95.02485963215706,88.52585823290926,3
266.6577771851457,89.47136107505553,80.43397506100445,3
266.6777785185679,91.83754841808627,83.34855183409465,3
266.6977798519901,84.14250458693213,75.39835486045827,3
266.7177811854124,80.75425680291589,71.20991569815995,3
266.7377825188346,81.89535142913302,72.46817471470312,3
266.7577838522568,81.62721698998014,73.11367540327905,3
266.777785185679,81.2130525316273,69.60099499650582,3
266.79778651910124,76.97227949415486,69.1811988542319,3
266.8177878525235,78.2799165120492,69.0862284817103,3
266.8377891859457,75.80433757251316,66.44738162207184,3
266.85779051936794,74.59327092408141,65.81479188237275,3
266.87779185279015,70.36612892763313,59.50932457787459,3
266.8977931862124,71.69861045266688,64.65295399873268,3
266.91779451963464,64.3791913481779,55.980868166017785,3
266.93779585305685,64.04048097541882,53.700076049287034,3
266.95779718647907,59.66633503809334,51.824337441727515,3
266.97779851990134,55.47655674870888,46.486034931439164,3
266.99779985332356,59.407248415660554,48.21082624805473,3
267.01780118674577,55.385882453287536,46.20628245892522,3
267.037802520168,59.29402330303083,47.528055813703524,3
267.05780385359026,52.34298548984767,43.17755283991104,3
267.0778051870125,48.14286708119101,38.61216966057852,3
267.0978065204347,42.99421208869722,32.91528090687733,3
267.1178078538569,42.37171365071386,33.27972916506333,3
267.1378091872791,35.789802257638584,27.098684389080947,3
267.1578105207014,37.86705802671549,28.024835458568326,3
267.1778118541236,36.62526618239141,27.335476101532063,3
267.1978131875458,34.194249910618296,24.94559254650224,3
267.21781452096803,37.83533553197968,27.74325924104181,3
267.2378158543903,33.60887283118282,27.40947051170117,3
267.2578171878125,34.921406156084664,25.981111836930012,3
267.27781852123474,33.28313357855264,25.04772437258391,3
267.29781985465695,24.840139170911886,17.104152171991835,3
267.3178211880792,25.442805911500614,17.7502343561389,3
267.33782252150144,25.865912432790168,19.77069721994274,3
267.35782385492365,23.40293120324975,15.310786810045638,3
267.37782518834587,22.358287228695634,13.62412298175035,3
267.3978265217681,21.876982658400948,16.24881802034631,3
267.41782785519035,18.201378670045372,14.107647341356843,3
267.43782918861257,29.894182247880288,21.84025028742001,3
267.4578305220348,26.20586237939513,19.792863342651476,3
267.477831855457,23.281086582482757,15.823254214021386,3
267.49783318887927,20.96936939065816,16.476640853043165,3
267.5178345223015,20.40422074983429,17.747797465482435,3
267.5378358557237,18.8630401760512,13.528889790783024,3
267.5578371891459,19.999813135857984,13.809523445695174,3
267.5778385225682,16.58550120835638,13.566301107057528,3
267.5978398559904,25.60054118486675,20.594969646432887,3
267.6178411894126,24.749426064318687,19.929176341931463,3
267.63784252283483,31.11034827285763,25.350660838780367,3
267.6578438562571,28.57987067931238,25.96215850883151,3
267.6778451896793,24.75643924296751,25.381184917500907,3
267.69784652310153,29.222159978418137,23.45127874358354,3
267.71784785652375,24.690161645081144,22.596667844639708,3
267.73784918994596,26.293958007773977,23.942611494208847,3
267.75785052336823,31.47524480992094,32.66499481763943,3
267.77785185679045,29.72431893141287,26.21765289007048,3
267.79785319021266,36.26784713706037,33.26848449232285,3
267.8178545236349,42.39036614140368,40.54854001114468,3
267.83785585705715,43.7786910817624,39.46585407334793,3
267.85785719047936,49.56047743011871,45.534525936736316,3
267.8778585239016,47.497206398752965,45.03904112963385,3
267.8978598573238,47.62302421837654,46.246535177601174,3
267.91786119074607,47.04377210233471,44.04720338402852,3
267.9378625241683,48.432035031262316,46.83306686340301,3
267.9578638575905,50.1563947311314,47.36026874066157,3
267.9778651910127,49.40076045830027,46.59319272758995,3
267.9978665244349,57.739308997009275,54.917282194326695,3
268.0178678578572,59.15439741196404,57.97505056565837,3
268.0378691912794,64.52705470699375,61.67505322880203,3
268.0578705247016,68.71140054907028,66.63297518813751,3
268.07787185812384,69.57307073032932,66.14640928656934,3
268.0978731915461,65.42519748943586,62.45673452098639,3
268.11787452496833,65.34854235550023,62.226241769740255,3
268.13787585839054,69.65805936099119,66.21213399159646,3
268.15787719181276,71.53468492180724,66.76092605199084,3
268.17787852523503,74.72656541028202,72.34900289262912,3
268.19787985865725,78.49224496625568,76.0973032815232,3
268.21788119207946,79.2936276481907,76.58554254310215,3
268.2378825255017,85.20186009781327,81.40902931721699,3
268.25788385892395,86.61645391260538,82.93030056690289,3
268.27788519234616,91.274308560622,86.56652845574345,3
268.2978865257684,83.35098736775068,81.2397678995886,3
268.3178878591906,88.44941178297002,84.18235064253507,3
268.3378891926128,85.29525374538098,81.65162252357547,3
268.3578905260351,86.16142167625324,83.88362716622571,3
268.3778918594573,89.10832150985101,83.54205813926008,3
268.3978931928795,91.61121843301525,88.00935042550881,3
268.4178945263017,92.5784639820592,86.68011466849148,3
268.437895859724,92.82950191494058,90.29260863329576,3
268.4578971931462,94.8299070105674,91.41575788014529,3
268.4778985265684,95.65273850148414,88.53862264758227,3
268.49789985999064,92.87161846263353,87.95859775357577,3
268.5179011934129,95.00117593432456,88.70478529803711,3
268.5379025268351,88.34079217565252,81.76467720835156,3
268.55790386025734,88.76052912447301,81.91834528915413,3
268.57790519367956,89.33264044959921,83.69600831426115,3
268.59790652710177,88.6513217011901,82.49546538341083,3
268.61790786052404,90.08340545671001,81.6067816117141,3
268.63790919394626,94.59074136632013,87.14910790651857,3
268.6579105273685,92.56114113451225,85.64675537990642,3
268.6779118607907,85.60813777812265,80.1112178493497,3
268.69791319421296,85.9742851269178,78.463842038779,3
268.7179145276352,79.84609031603897,74.98228551983627,3
268.7379158610574,82.23062629607624,75.63613158594141,3
268.7579171944796,77.52612346853255,67.33779871929667,3
268.7779185279019,74.49733516908053,67.53887902929486,3
268.7979198613241,75.74127219786347,69.20189094517882,3
268.8179211947463,74.96367500343206,66.91871605694007,3
268.8379225281685,75.73028180097889,66.68923648985749,3
268.8579238615908,71.78953120603795,62.96735748066727,3
268.877925195013,71.09530891816677,61.50208236709228,3
268.8979265284352,66.96125083274494,58.79516136478593,3
268.91792786185744,65.09359035734197,55.265066640864696,3
268.93792919527965,60.16609823178504,53.18808909588247,3
268.9579305287019,56.64540294582934,47.89134851875446,3
268.97793186212414,51.357253699350906,42.00269317335416,3
268.99793319554635,58.64358356847491,49.19540431336042,3
269.01793452896857,56.951342418444476,48.690624290290486,3
269.03793586239084,50.30501845507433,44.02723974975365,3
269.05793719581305,52.34443642454339,43.77052987001069,3
269.07793852923527,50.166924631497736,39.76005596819725,3
269.0979398626575,43.38569153776159,32.88694595204399,3
269.11794119607976,41.258284591504086,35.69290669969807,3
269.13794252950197,39.587969155174875,30.544790538438036,3
269.1579438629242,35.5509975143692,27.77621228917459,3
269.1779451963464,36.24755908644862,27.08005998831777,3
269.1979465297686,38.02023152383511,30.658189554768622,3
269.2179478631909,37.804905845285425,29.03180708702019,3
269.2379491966131,36.96724139394256,26.831077271285093,3
269.2579505300353,38.784996168312524,30.09006776426557,3
269.27795186345753,32.488539705866074,27.100916506553723,3
269.2979531968798,28.321158945955162,20.923484791349388,3
269.317954530302,25.091532986982457,17.541643372579713,3
269.33795586372423,23.52618529839393,15.769567639334106,3
269.35795719714645,23.64050565449647,17.779041582035873,3
269.3779585305687,23.858181297597326,19.262770144579186,3
269.39795986399093,23.705247366433362,17.09944593056039,3
269.41796119741315,24.425860970916446,16.221152119363598,3
269.43796253083536,27.727155173814275,21.247723111313018,3
269.45796386425764,20.622209323578623,14.659118530600294,3
269.47796519767985,26.371812599762098,16.551516488319105,3
269.49796653110207,27.8866245598251,19.876707257713687,3
269.5179678645243,18.847619645624405,14.549882109016032,3
269.5379691979465,20.381755616792358,18.700178370533024,3
269.55797053136877,20.0083928715613,14.865235824918251,3
269.577971864791,22.522775047072603,18.364141890636574,3
269.5979731982132,23.149046288629908,17.820494410321935,3
269.6179745316354,23.46397197842608,21.749563164854823,3
269.6379758650577,29.50176307446114,25.628984642052004,3
269.6579771984799,29.76630547503182,27.419302386031795,3
269.6779785319021,29.69715768282996,23.850764566796276,3
269.6979798653243,31.606570020552187,24.894415956198504,3
269.7179811987466,28.427038222066905,26.608350341949347,3
269.7379825321688,26.1873418454763,23.006629684740503,3
269.75798386559103,34.378218946361564,30.06656303404586,3
269.77798519901324,31.541286340906893,27.14924694140138,3
269.79798653243546,39.03807290093586,35.74221206159095,3
269.81798786585773,36.72388796526921,32.807583549438824,3
269.83798919927995,42.704237800392136,40.76260339695099,3
269.85799053270216,42.10519558535331,40.736490886878514,3
269.8779918661244,45.40397738644496,42.47434194537177,3
269.89799319954665,47.779493832084945,44.44073625044188,3
269.91799453296886,48.053923992988246,45.32260414301052,3
269.9379958663911,48.207391373834135,43.69541029282101,3
269.9579971998133,48.831890014395526,45.63248136132149,3
269.97799853323556,53.84256860214794,49.826569523806256,3
269.9979998666578,55.0175151964929,51.95012118613568,3
270.01800120008,58.75916351078585,56.60466530892663,3
270.0380025335022,63.82995245750901,61.870537970917326,3
270.0580038669245,60.014641711389565,61.334585598065736,3
270.0780052003467,70.84842498465915,65.99605616216904,3
270.0980065337689,67.92253369865912,69.06542635017736,3
270.1180078671911,69.02700602182072,68.25507567611501,3
270.13800920061334,68.04611995941184,64.2328442347008,3
270.1580105340356,72.9854257301312,69.31862169050328,3
270.1780118674578,71.02280946281884,70.40562765661537,3
270.19801320088004,76.0912431126994,73.0650866157812,3
270.21801453430226,82.69364146334392,78.94742019121247,3
270.2380158677245,84.3641267759318,79.935478164682,3
270.25801720114674,89.08439987932157,84.69867235654756,3
270.27801853456896,83.90260903940266,79.71598216712397,3
270.2980198679912,83.94493823708248,80.91579081363834,3
270.31802120141344,86.15067947210609,83.21009298909985,3
270.33802253483566,82.60566108889387,78.55173651919702,3
270.3580238682579,86.43451630154554,83.96688926163259,3
270.3780252016801,87.59656757094007,83.16943338842277,3
270.3980265351023,88.96350406822675,84.20445631915499,3
270.4180278685246,91.81378007817746,86.8739025161914,3
270.4380292019468,90.92569965380588,84.59272474494087,3
270.458030535369,93.63711132743953,89.85128947252355,3
270.4780318687912,97.55111173569142,92.6437854413477,3
270.4980332022135,91.46373768760051,85.23332453040345,3
270.5180345356357,88.07495039577228,84.3314723789218,3
270.5380358690579,90.47895041634759,81.55818487860095,3
270.55803720248014,91.55803274572912,84.67828849822519,3
270.5780385359024,89.40654111082063,81.20167958139243,3
270.5980398693246,86.55036021858407,79.16540057350458,3
270.61804120274684,91.02930015707989,85.42392931873943,3
270.63804253616905,89.74307602210156,81.48536225742164,3
270.6580438695913,93.2885476280022,83.83224252700796,3
270.67804520301354,89.44403981891959,82.5634607996503,3
270.69804653643575,90.59703211160156,78.91121878038697,3
270.71804786985797,80.76048576025823,72.73637805302614,3
270.7380492032802,77.40732339452283,69.36222284128468,3
270.75805053670246,79.63615891361331,71.65811693583655,3
270.77805187012467,75.41885499464938,66.3421862640948,3
270.7980532035469,75.06483573024474,67.41385478009353,3
270.8180545369691,76.08448717892573,68.06782104647198,3
270.8380558703914,75.8099884043946,66.22784049441606,3
270.8580572038136,76.15628776826706,66.61311398812767,3
270.8780585372358,72.1693002377505,61.12282297175349,3
270.898059870658,69.75402801261313,58.953639640315465,3
270.9180612040803,67.01774153821806,57.978985011255574,3
270.9380625375025,63.977630357010504,53.927336200552325,3
270.9580638709247,55.392293384455805,47.15109640833663,3
270.97806520434693,57.81894673575336,47.670118441122014,3
270.99806653776915,55.69047607039727,47.49859055307716,3
271.0180678711914,58.148495350674644,47.74670934371995,3
271.03806920461363,57.84239391729525,48.50699274652439,3
271.05807053803585,51.08443917932825,40.40619119903629,3
271.07807187145806,52.40733544581018,44.2230643350693,3
271.09807320488034,46.671107754751866,35.36784312456251,3
271.11807453830255,44.83080597685331,36.61476044653689,3
271.13807587172477,36.2360940197474,30.008201742597816,3
271.158077205147,37.137416398190965,27.891192817931252,3
271.17807853856925,36.31972637418574,26.893326021897394,3
271.19807987199147,38.25796055609101,31.777088492523973,3
271.2180812054137,35.09073329048196,27.566850761969725,3
271.2380825388359,34.96950117305353,27.319223907097488,3
271.25808387225817,35.6191926202638,26.75994095061148,3
271.2780852056804,34.45318016609601,26.103654840206893,3
271.2980865391026,26.82433883853149,18.08204705228327,3
271.3180878725248,25.50244725068117,16.650386429997358,3
271.338089205947,22.679605840508863,16.190622361860804,3
271.3580905393693,20.828011076371027,14.235134312950702,3
271.3780918727915,22.15260439615694,17.19061102148579,3
271.39809320621373,23.3504252881277,16.866791842419673,3
271.41809453963594,27.113676080860962,22.122696956576604,3
271.4380958730582,24.923671589567537,20.56544984128946,3
271.45809720648043,25.602102205454543,18.50669427619058,3
271.47809853990265,25.57159230339344,17.41542959804295,3
271.49809987332486,19.23188140482665,16.323943630585536,3
271.51810120674713,22.026933972282798,16.17406423874582,3
271.53810254016935,18.64021710821766,12.904803178004268,3
271.55810387359156,21.482780887041717,16.19566962008143,3
271.5781052070138,21.012573038892246,13.797012508007848,3
271.598106540436,24.062524720904907,21.719480087620017,3
271.61810787385826,23.041552329429347,16.81090262578054,3
271.6381092072805,27.94511549822985,22.870029978041426,3
271.6581105407027,31.319853708284153,27.024459591716827,3
271.6781118741249,29.625695235527303,26.411572976591945,3
271.6981132075472,29.5326393381809,26.956850063750093,3
271.7181145409694,31.105792092014614,25.661118205760797,3
271.7381158743916,30.895966021271136,27.31408360842681,3
271.7581172078138,29.257266225950552,26.77233571252271,3
271.7781185412361,31.985331286361557,28.94790402744431,3
271.7981198746583,37.999403058604116,35.40686612709938,3
271.8181212080805,40.015788134075045,37.443156949892774,3
271.83812254150274,44.36599313408084,39.28491547261465,3
271.858123874925,44.585415891381246,42.51858425557546,3
271.8781252083472,45.58494919028653,40.89277741106349,3
271.89812654176944,43.8119841530183,40.68031754855253,3
271.91812787519166,48.409281158976555,46.42945379843754,3
271.9381292086139,47.84634530651439,45.00738527518052,3
271.95813054203614,54.36995382420505,49.0098108231198,3
271.97813187545836,53.443067375103546,50.38182152948831,3
271.9981332088806,57.616446699902745,54.95545990708495,3
272.0181345423028,61.355962864461745,57.84116758536881,3
272.03813587572506,64.44187065439738,61.84971813777372,3
272.0581372091473,67.75399831758808,65.85652650333604,3
272.0781385425695,68.34757602339049,66.34126560333081,3
272.0981398759917,64.20019172243755,62.10261415193951,3
272.118141209414,69.65549396087263,67.57835759034167,3
272.1381425428362,70.27812189683708,68.19773020003683,3
272.1581438762584,73.50714681768574,70.33506865132286,3
272.1781452096806,76.10653509761035,73.03568846179587,3
272.19814654310284,76.00555202379576,74.42590479068747,3
272.2181478765251,81.18548698837404,77.95602260289306,3
272.2381492099473,85.0546468886085,80.92241537469677,3
272.25815054336954,87.80302081289086,83.0817248069232,3
272.27815187679175,82.8477512578907,78.6898206706685,3
272.298153210214,85.78069633759971,81.05287155402327,3
272.31815454363624,83.53208856269413,80.94749074241119,3
272.33815587705845,86.414420552803,83.25874424431736,3
272.35815721048067,91.8378542158188,85.0088301156259,3
272.37815854390294,87.78584659076544,83.70229536146266,3
272.39815987732516,87.2479107931873,85.96895311336793,3
272.41816121074737,92.70668903863046,87.30576742673016,3
272.4381625441696,96.99085178023974,91.28621189401659,3
272.45816387759186,92.79991211327052,87.26893734913261,3
272.4781652110141,94.00875016862656,88.97890484436067,3
272.4981665444363,94.69032671247511,88.28618706503667,3
272.5181678778585,88.56464716696784,82.1600474137066,3
272.5381692112807,85.85931432079013,80.22725155981827,3
272.558170544703,86.10955760581963,79.85295744604103,3
272.5781718781252,90.69924822540891,82.68174088101144,3
272.5981732115474,85.73002387810462,79.81318400846405,3
272.61817454496963,94.7036276592321,86.85971368045723,3
272.6381758783919,91.32465088336502,83.96631535954766,3
272.6581772118141,92.28983013108761,84.26896390603295,3
272.67817854523634,87.87434877362129,80.46316114941332,3
272.69817987865855,85.02309133962312,77.82903481829328,3
272.7181812120808,83.10785373678306,74.26291667361217,3
272.73818254550304,79.82078693384537,70.98708092464088,3
272.75818387892525,79.40849586286029,70.13980108572831,3
272.77818521234747,78.27648631288564,69.30838711130812,3
272.7981865457697,77.61153775832094,71.07219260599908,3
272.81818787919195,74.34349186739628,63.20523994508679,3
272.83818921261417,76.86898786020284,67.7147299526817,3
272.8581905460364,75.91033954231739,68.11976769306315,3
272.8781918794586,68.05521083990864,58.81937728588618,3
272.89819321288087,69.58500861741233,57.58225782526514,3
272.9181945463031,64.00155001478896,55.84552713494923,3
272.9381958797253,61.1020265138246,52.755469662150084,3
272.9581972131475,57.08936660054509,48.84419077706726,3
272.9781985465698,57.252337907540785,46.11241972056917,3
272.998199879992,54.198337063938304,45.04316227535249,3
273.0182012134142,55.92706299280827,44.256274778905436,3
273.03820254683643,54.13651444515814,44.7284914881627,3
273.0582038802587,54.3581382562635,42.43568351269905,3
273.0782052136809,47.438108453998716,38.3836630216859,3
273.09820654710313,47.6859736327427,36.41146070394777,3
273.11820788052535,43.43806358245124,34.756897066457164,3
273.13820921394756,39.3027759939904,30.107044544740624,3
273.15821054736983,39.86925707410625,30.46143528901677,3
273.17821188079205,36.24643517677385,28.606591792195093,3
273.19821321421426,35.094055573505706,23.59978466024542,3
273.2182145476365,33.688919922685045,27.105001734352047,3
273.23821588105875,35.25957507287487,28.062092551038663,3
273.25821721448096,33.65560298009299,27.150269935483497,3
273.2782185479032,32.457066074414705,24.75155241744007,3
273.2982198813254,25.27329803722781,15.878595331494553,3
273.31822121474767,27.92317207727239,19.74728517970723,3
273.3382225481699,21.425497576899296,16.37025629153419,3
273.3582238815921,25.881295104208117,18.445357730426185,3
273.3782252150143,21.86816667744424,15.736817303240395,3
273.3982265484365,22.14347182142423,17.26936606490243,3
273.4182278818588,22.47047938742557,17.34132952705844,3
273.438229215281,22.342219515291866,16.654269875740116,3
273.4582305487032,24.87110104621065,18.591096492552804,3
273.47823188212544,21.561409903950317,17.238998143135966,3
273.4982332155477,21.252543966882943,13.643192269667132,3
273.51823454896993,22.988968055981925,18.11583347871163,3
273.53823588239214,21.618650839149712,17.061312626955075,3
273.55823721581436,20.00723402682313,16.971936497126432,3
273.57823854923663,19.51612067381229,14.373949045172854,3
273.59823988265885,23.504429469671344,18.520579332060212,3
273.61824121608106,25.593922890564276,19.45528196557757,3
273.6382425495033,30.51618607293446,26.91235439749939,3
273.65824388292555,24.017149762782694,20.55512271679901,3
273.67824521634776,28.078629144496798,24.6190983742536,3
273.69824654977,26.672711905302325,24.063184030930373,3
273.7182478831922,26.69305069275664,21.43197308389603,3
273.7382492166144,29.596359489457907,27.54419994177756,3
273.7582505500367,29.38437810709472,28.352709420812918,3
273.7782518834589,33.44467954323278,29.287920420634578,3
273.7982532168811,35.31263666636737,31.968684480871833,3
273.8182545503033,37.48710161928267,35.29943762974708,3
273.8382558837256,41.99212932133424,39.8550298689765,3
273.8582572171478,47.6437154004693,44.07407936359893,3
273.87825855057,43.37038553644651,43.54563335201183,3
273.89825988399224,46.207179570944504,43.701966394142005,3
273.9182612174145,46.07456146707376,43.56025679050085,3
273.9382625508367,47.84349459418537,47.0975304073601,3
273.95826388425894,49.528063125219276,44.947313121128275,3
273.97826521768116,54.64541131058607,48.672714396165304,3
273.99826655110337,58.69552633242151,57.156845614881206,3
274.01826788452564,57.445871694518,53.46483999748573,3
274.03826921794786,61.282648267439896,60.36854648687425,3
274.0582705513701,62.92228760675849,62.19378206080153,3
274.0782718847923,66.19147193071996,62.57292394100177,3
274.09827321821456,68.30044062151633,66.97298556577003,3
274.1182745516368,65.90989098904419,59.80812858294746,3
274.138275885059,72.78955659849811,70.08167829550351,3
274.1582772184812,73.36502623797907,68.85328105204013,3
274.1782785519035,72.25781749979325,68.66660048307496,3
274.1982798853257,78.77284577528943,76.08509302176499,3
274.2182812187479,77.28996306098735,74.58673854223211,3
274.2382825521701,81.28395107011222,77.1819891108949,3
274.2582838855924,85.17822051527271,80.7160130695868,3
274.2782852190146,84.82459150123225,81.10723924329793,3
274.2982865524368,85.54037980377878,84.13407278194387,3
274.31828788585904,85.48814773192125,82.43115905725098,3
274.33828921928125,86.30659527459845,80.96719265947188,3
274.3582905527035,82.1833364738527,78.73012725077464,3
274.37829188612574,88.25469856436862,85.71220364500695,3
274.39829321954795,91.07806215633339,88.64747295291565,3
274.41829455297017,89.69293022186686,85.26987025836874,3
274.43829588639244,93.46254333209454,88.43915049882514,3
274.45829721981465,96.48396827243019,90.99546155920373,3
274.47829855323687,97.69811974616526,90.66693258460508,3
274.4982998866591,93.39586378658272,88.26088372943805,3
274.51830122008136,91.56454091330717,88.98853668938716,3
274.53830255350357,86.79653285076402,80.26710967577499,3
274.5583038869258,93.20800903300575,87.82293666897063,3
274.578305220348,89.46432351761513,81.68083036228965,3
274.5983065537702,89.9306736357084,82.19454402764369,3
274.6183078871925,91.83580845099792,83.21710006853199,3
274.6383092206147,93.22886148286396,83.86583117724616,3
274.6583105540369,91.20917266023143,83.95014891643338,3
274.67831188745913,87.16263314103551,81.13478369166056,3
274.6983132208814,90.02258453055276,80.30705075350286,3
274.7183145543036,83.45350644448438,76.35294377200277,3
274.73831588772583,81.56337718423381,73.78690080944885,3
274.75831722114805,83.27025298966713,74.70306646139828,3
274.7783185545703,75.6167686814454,64.86417831680153,3
274.79831988799253,79.26544381555372,69.15343722972949,3
274.81832122141475,76.20522470866291,66.7826567011919,3
274.83832255483696,79.85793141407346,70.16522518081693,3
274.85832388825924,69.85732694352131,61.92470938279461,3
274.87832522168145,72.76840301246493,62.87069301831526,3
274.89832655510367,70.01642221391936,60.999390783644046,3
274.9183278885259,61.80497096180291,53.28731874248167,3
274.9383292219481,62.34335521931876,53.279711731879246,3
274.95833055537037,57.10056615071739,47.39500038443748,3
274.9783318887926,55.94244570990972,47.24392428933816,3
274.9983332222148,56.95604359722778,46.09354577891474,3
275.018334555637,56.41385067341807,46.271218195244906,3
275.0383358890593,54.66581509059368,47.50086454493214,3
275.0583372224815,56.92951510743881,46.59093802160705,3
275.0783385559037,50.63073672016352,39.69843522785181,3
275.0983398893259,44.978913900568,36.72065069726458,3
275.1183412227482,39.76499852833019,30.524744048699215,3
275.1383425561704,40.368961323134315,29.786205515606206,3
275.15834388959263,37.665955884156126,31.523665391569537,3
275.17834522301484,34.15610418154169,23.703706024814245,3
275.19834655643706,37.3966398696957,27.765455785690882,3
275.21834788985933,34.13950965805549,28.60974461616878,3
275.23834922328155,35.01701018017564,28.04137775010265,3
275.25835055670376,34.57870708613876,26.6990783201499,3
275.278351890126,30.311716578115597,22.81562771004071,3
275.29835322354825,29.750008803680167,21.7194515775929,3
275.31835455697046,25.868490053527466,17.223899221328388,3
275.3383558903927,24.805750243572792,18.279652736988886,3
275.3583572238149,24.192481139575555,15.094548427965993,3
275.37835855723716,23.105977767022935,16.276327203920484,3
275.3983598906594,24.35948198797298,20.41816832271202,3
275.4183612240816,22.244533247155545,17.597153950872375,3
275.4383625575038,24.450712927707066,17.72328638679625,3
275.4583638909261,22.030088303135567,15.49744887368544,3
275.4783652243483,23.13581278395229,16.724049449291915,3
275.4983665577705,17.18643455161299,13.737059066361892,3
275.5183678911927,25.185544469686693,18.371372841748997,3
275.53836922461494,21.375667603436085,15.619352460129289,3
275.5583705580372,20.036308741913015,15.588288553146876,3
275.5783718914594,20.350422097516653,16.7958077399312,3
275.59837322488164,25.593249496455503,20.67654917913672,3
275.61837455830386,28.22904145737388,24.58985091824812,3
275.6383758917261,29.376854776054113,22.816941007878356,3
275.65837722514834,32.71220091077336,28.162252529531397,3
275.67837855857056,28.971703018112464,24.757895001893804,3
275.6983798919928,28.177602776793776,23.484516793657978,3
275.71838122541504,26.98754057650358,21.99585563352849,3
275.73838255883726,31.024706360969354,28.932890834950015,3
275.7583838922595,30.45670276287288,27.488337030757123,3
275.7783852256817,33.44761759937435,31.49007024859532,3
275.7983865591039,33.91555107424343,32.1861972759223,3
275.8183878925262,33.31982310112226,31.089972203873362,3
275.8383892259484,41.11016254018762,38.427038119296945,3
275.8583905593706,42.479196881773156,43.23032506990961,3
275.8783918927928,46.5796076005267,45.51769573670123,3
275.8983932262151,45.30391169549364,42.421908249678204,3
275.9183945596373,46.730747843809105,43.55794805675946,3
275.9383958930595,50.907705172464446,48.936880533790045,3
275.95839722648174,44.00673117180876,43.36210316954704,3
275.978398559904,54.20684840412895,50.29518648162776,3
275.9983998933262,57.242317022889814,54.50405983459346,3
276.01840122674844,62.99225099610364,60.41442961691553,3
276.03840256017065,61.935440978059894,58.53789460743636,3
276.0584038935929,68.51843511784972,64.30170212706015,3
276.07840522701514,68.64698103200116,66.1898717332767,3
276.09840656043735,67.12709501394147,63.68077112794372,3
276.11840789385957,64.41535622930937,62.03870432736072,3
276.1384092272818,66.83571704721587,65.1077412319135,3
276.15841056070406,68.93040823118723,64.28223936144676,3
276.17841189412627,74.36912355683874,70.53821051848162,3
276.1984132275485,79.8258000631007,78.82310341855238,3
276.2184145609707,79.85210644927692,77.5136796585224,3
276.238415894393,82.15624843970805,79.40069363329113,3
276.2584172278152,87.3251974043515,81.516742999721,3
276.2784185612374,85.547144561148,81.24644769714712,3
276.2984198946596,78.79361154730634,76.59094031511503,3
276.3184212280819,85.76010329868502,81.33144704311121,3
276.3384225615041,84.96684239553556,81.27727271513095,3
276.3584238949263,89.01098189454883,84.79281092993995,3
276.37842522834853,89.09440949142183,85.259211383193,3
276.39842656177075,90.0673509876913,84.68340804211631,3
276.418427895193,92.49103002541612,88.65417560654437,3
276.43842922861523,91.20102543280188,87.22872018907162,3
276.45843056203745,96.40982181544624,88.70268707130288,3
276.47843189545966,94.0086718613257,85.97487061617254,3
276.49843322888194,93.89039710382903,86.8781970617261,3
276.51843456230415,91.26614418702864,86.72830046683322,3
276.53843589572637,88.54708590040093,81.45333813303127,3
276.5584372291486,85.78244811965237,79.81427073649951,3
276.57843856257085,91.21541941243379,86.13768311662366,3
276.59843989599307,90.08776930707243,83.24984681206533,3
276.6184412294153,96.62331312173099,87.09482920726029,3
276.6384425628375,88.99604304979394,82.811148995701,3
276.65844389625977,89.37250524790812,80.60281678147659,3
276.678445229682,90.9261123486938,81.94652325169741,3
276.6984465631042,86.6948411164352,77.5085149530569,3
276.7184478965264,82.98576800945708,76.07135974800586,3
276.7384492299486,76.24900577030083,68.21488306370051,3
276.7584505633709,79.82230687893986,74.21310193467487,3
276.7784518967931,75.82179863331282,68.19046846866644,3
276.79845323021533,79.51193406660256,70.82051633350244,3
276.81845456363754,75.38906823833375,69.51350187920404,3
276.8384558970598,75.56023082069169,67.82430728209756,3
276.85845723048203,75.21469547526497,66.53269801762448,3
276.87845856390425,68.41316894974563,61.077553340546594,3
276.89845989732646,69.20578162173332,60.84172363449213,3
276.91846123074873,59.07654569804296,51.44329243806046,3
276.93846256417095,58.13008650337026,51.025400762828774,3
276.95846389759316,60.338171900465234,50.394238978088865,3
276.9784652310154,57.636305254411106,48.27221747854116,3
276.9984665644376,52.212188763423576,45.329204691369576,3
277.01846789785986,53.7278842666954,45.07916356221466,3
277.0384692312821,55.22416084450437,43.92085261868201,3
277.0584705647043,51.99312073032023,42.497074787871334,3
277.0784718981265,48.343440007407565,40.43388515718652,3
277.0984732315488,46.0120901027053,35.279044303045836,3
277.118474564971,39.666230354854704,31.98169111647363,3
277.1384758983932,39.75695728868304,32.47800819223757,3
277.1584772318154,38.84616887683678,30.097766913297587,3
277.1784785652377,39.80796980702235,31.49261896027753,3
277.1984798986599,32.89009452751001,23.91034851096466,3
277.2184812320821,36.75820070430169,32.24203242567749,3
277.23848256550434,33.5179298223192,25.858931928974904,3
277.2584838989266,32.25662659349517,26.255111578111404,3
277.2784852323488,27.937921871479833,18.444170420212558,3
277.29848656577104,29.536794512834675,22.771958354619905,3
277.31848789919326,26.041636189481487,18.568184871631832,3
277.3384892326155,21.91390089402293,15.98458989055212,3
277.35849056603774,19.1481096550916,11.76463957107162,3
277.37849189945996,21.79736047691568,14.886271003752514,3
277.3984932328822,23.842351711110616,19.43370635600243,3
277.4184945663044,22.53693445679926,16.488579309550637,3
277.43849589972666,30.370527192920807,23.0674506849773,3
277.4584972331489,23.61870646533617,21.036013923022015,3
277.4784985665711,21.83186192273003,17.856607001754867,3
277.4984998999933,21.624106866824516,16.936356886807417,3
277.5185012334156,20.119176941291116,13.895930387351374,3
277.5385025668378,18.352541696068485,14.401013629382058,3
277.55850390026,21.564926223505687,15.558697068918262,3
277.5785052336822,22.455578995042174,15.684513675228514,3
277.59850656710444,23.720106726833208,21.014244132813065,3
277.6185079005267,31.51637457556472,27.655989067709253,3
277.6385092339489,29.124644179563642,25.288950222088424,3
277.65851056737114,30.353391216959754,26.009231617217306,3
277.67851190079335,28.152383143121757,24.685374404185897,3
277.6985132342156,31.19718385087785,26.95775675913291,3
277.71851456763784,25.76539399570386,19.933211533788693,3
277.73851590106005,29.40802104561431,24.481327425452584,3
277.75851723448227,29.477455548663084,25.16561462891272,3
277.77851856790454,30.705313512689855,31.17979105638032,3
277.79851990132676,38.09390313086181,34.682169042986615,3
277.81852123474897,36.12943619009002,32.67923029470416,3
277.8385225681712,41.55183632384842,39.13352004330288,3
277.85852390159346,44.10466376223738,42.68869058765228,3
277.8785252350157,47.89329097073597,45.24975670919694,3
277.8985265684379,45.44933319658941,42.3462672314896,3
277.9185279018601,45.66609221115434,42.988248234809674,3
277.9385292352823,46.624489873095285,48.08776107088562,3
277.9585305687046,49.44572526275331,47.01134649862437,3
277.9785319021268,51.69520254035088,49.39916563008362,3
277.998533235549,57.67833974051481,55.13580436921997,3
278.01853456897123,64.37259379819994,63.40474698591185,3
278.0385359023935,65.82936393101947,63.00953824780828,3
278.0585372358157,62.9322746173466,61.94916424217801,3
278.07853856923794,66.75003803972857,66.36272212332098,3
278.09853990266015,65.09985327300463,63.14163303727914,3
278.1185412360824,64.97190625678759,62.37864962770944,3
278.13854256950464,70.41302746887038,66.29528610653799,3
278.15854390292685,71.9337995200926,66.47126132540177,3
278.17854523634907,75.86152141699553,73.40560732670184,3
278.1985465697713,79.11378472046502,74.39323697090026,3
278.21854790319355,81.93245554828985,80.10501107855154,3
278.23854923661577,84.54603149711761,82.82246997427504,3
278.258550570038,88.15606031856726,84.08037435251526,3
278.2785519034602,87.89350181168997,82.19558807062876,3
278.29855323688247,80.83863310662215,76.65956888857559,3
278.3185545703047,81.15215390207217,77.82413290650105,3
278.3385559037269,83.23814707095845,81.69089051628585,3
278.3585572371491,83.46158513929306,79.97554231647361,3
278.3785585705714,88.9540178486502,82.9064351466727,3
278.3985599039936,86.76253746475078,83.71042802230268,3
278.4185612374158,90.97545380412834,85.35419953901176,3
278.43856257083803,96.1575114808768,91.63545450392431,3
278.4585639042603,93.12333688870616,84.98627412319428,3
278.4785652376825,89.79000175220808,85.01332854728017,3
278.49856657110473,94.00666644851154,89.73238519841325,3
278.51856790452695,92.17013168759382,83.56497134272652,3
278.53856923794916,86.8616896805179,80.6811650093778,3
278.55857057137143,90.23132511781061,82.94225150039475,3
278.57857190479365,87.57520797817808,81.88327086857163,3
278.59857323821586,88.8891795706386,81.71706902415072,3
278.6185745716381,91.4351708992495,84.79781656574013,3
278.63857590506035,93.94618705964778,85.29006132947103,3
278.65857723848256,91.68562849538544,83.33336551830143,3
278.6785785719048,90.83614651495283,80.8173519187858,3
278.698579905327,85.2249933753292,78.18683074319942,3
278.71858123874927,86.15500965782267,78.35323327671097,3
278.7385825721715,80.75790678440124,70.29362998315987,3
278.7585839055937,78.27616430102218,70.55399822743142,3
278.7785852390159,77.60778115903054,68.52495051744862,3
278.7985865724381,78.17452507061095,69.99904947419058,3
278.8185879058604,78.70974703262088,68.72929315040771,3
278.8385892392826,74.99437784279249,65.8218261330934,3
278.8585905727048,74.99488903938538,64.02822793766624,3
278.87859190612704,72.06131328853539,62.52907320411799,3
278.8985932395493,65.2152517306777,57.804573010714705,3
278.91859457297153,63.54238026274441,54.828475603358974,3
278.93859590639374,57.84159903456772,48.327243797878836,3
278.95859723981596,59.22390722856814,49.86641790899723,3
278.97859857323823,54.559906061318244,44.89869796241865,3
278.99859990666044,54.38581363191885,45.86450557381697,3
279.01860124008266,58.892841043273684,50.28863572326864,3
279.0386025735049,55.24679828718235,44.41191515429,3
279.05860390692715,55.00802474084637,44.913071404002984,3
279.07860524034936,52.73309131377795,42.20520636738229,3
279.0986065737716,43.24541447028415,35.36825199063402,3
279.1186079071938,41.67243704095106,33.81685084619008,3
279.138609240616,38.76969598061634,30.80910065868915,3
279.1586105740383,37.44584374148844,29.324764160138884,3
279.1786119074605,38.03832491036136,30.793187168935436,3
279.1986132408827,39.20486794797367,30.806452713589213,3
279.2186145743049,34.91952987430825,25.385534868930407,3
279.2386159077272,34.605115853738155,28.762245604394153,3
279.2586172411494,32.956335190231286,25.45785450179465,3
279.2786185745716,35.55786226414,28.070009151982443,3
279.29861990799384,29.694062173130543,23.38579229021304,3
279.3186212414161,25.519384091536057,18.004911126951434,3
279.3386225748383,20.492389004960195,13.69205456012786,3
279.35862390826054,21.931039183786908,16.75801549835035,3
279.37862524168276,20.83792100905759,13.147399473924258,3
279.39862657510497,21.583713556777006,14.742190174143872,3
279.41862790852724,26.53433389397897,18.907333433576454,3
279.43862924194946,23.705903633472083,20.564136750283502,3
279.45863057537167,24.264329210589786,20.62440901932825,3
279.4786319087939,24.442785153989814,17.55165818903195,3
279.49863324221616,20.614701499812625,18.467449222723065,3
279.5186345756384,19.56879060433469,13.190296691124308,3
279.5386359090606,20.166637818709905,12.5674904774595,3
279.5586372424828,17.17370241849465,12.356225146293065,3
279.5786385759051,24.1677086743945,18.409537754929016,3
279.5986399093273,27.282822656568793,21.42336762581688,3
279.6186412427495,24.456685328005,20.24914567407707,3
279.6386425761717,29.295287201903836,27.745360742589313,3
279.658643909594,30.077605669534734,25.15701002810694,3
279.6786452430162,29.345347472613614,26.632710998404853,3
279.6986465764384,30.84078306512884,29.361072853030365,3
279.71864790986064,30.231154722759438,24.347552318990704,3
279.73864924328285,28.675477401283473,26.230556591852437,3
279.7586505767051,24.535041613933508,23.63017383187956,3
279.77865191012734,28.39237656118211,25.11006357782066,3
279.79865324354955,36.764978024815704,33.58195192759615,3
279.81865457697177,43.360074353833,40.287204956348255,3
279.83865591039404,41.16493702925721,38.888565833261765,3
279.85865724381625,45.45507175956289,42.804432328739736,3
279.87865857723847,49.37655116859929,46.24354820062747,3
279.8986599106607,47.601412491136266,45.50192950519799,3
279.91866124408295,43.9128095158101,40.32957303925274,3
279.93866257750517,50.94713865195804,48.645373684420946,3
279.9586639109274,50.84154836222104,50.01930011958876,3
279.9786652443496,55.881230137410434,51.56833354559822,3
279.9986665777718,60.32633779267312,59.04355697865585,3
280.0186679111941,58.3672256255494,57.69909635944452,3
280.0386692446163,67.68043097345166,64.3330389718032,3
280.0586705780385,68.63341256460008,64.84521474080228,3
280.07867191146073,66.83708515076707,63.85190200968668,3
280.098673244883,66.81009991240022,63.90649624388136,3
280.1186745783052,68.64884578547021,65.66554475430719,3
280.13867591172743,67.02087379509716,65.50356076851472,3
280.15867724514965,69.8507839147093,67.23435629842156,3
280.1786785785719,75.08558024743327,74.25380021645925,3
280.19867991199413,80.37169901133848,73.65956090923584,3
280.21868124541635,78.61221384621682,75.92040024726238,3
280.23868257883856,88.18096028046831,85.10626791646993,3
280.25868391226084,85.02254171746188,79.17422359026551,3
280.27868524568305,89.33289175261358,86.48413537444254,3
280.29868657910527,87.7509589598926,83.51470714910762,3
280.3186879125275,83.62821922869925,77.91794860789946,3
280.3386892459497,82.67602456758055,78.91703805188682,3
280.35869057937197,88.60633524957936,83.0097951604071,3
280.3786919127942,89.57540538303222,84.23753784352682,3
280.3986932462164,95.34832278751365,91.34910931902826,3
280.4186945796386,89.36853534811804,85.49660628388082,3
280.4386959130609,97.94224948203254,88.25995817038878,3
280.4586972464831,93.98915619373962,88.66930474401047,3
280.4786985799053,92.66940530593395,87.8527625965345,3
280.4986999133275,86.28553528514202,79.18450657718662,3
280.5187012467498,93.91292441064299,86.0929739679561,3
280.538702580172,95.19834890030023,86.83164678280679,3
280.55870391359423,91.56635965513546,82.13528966379917,3
280.57870524701644,90.78459732863357,84.82131879133146,3
280.59870658043866,88.62170289692412,82.74082728178561,3
280.61870791386093,93.6837093276861,85.82974192509607,3
280.63870924728315,88.73510086975793,82.18166230663572,3
280.65871058070536,89.55402395144542,81.31379047412459,3
280.6787119141276,89.1706329323209,81.68163777881483,3
280.69871324754985,88.4220911763418,79.46624198890247,3
280.71871458097206,80.69621167723467,73.42729261197952,3
280.7387159143943,75.85059425110185,68.30627955300498,3
280.7587172478165,78.98799394803207,67.47089334123197,3
280.77871858123876,76.00330870915512,66.31495713335985,3
280.798719914661,80.3603624691819,70.88643733123418,3
280.8187212480832,79.15988418441022,72.7543999676382,3
280.8387225815054,78.10874444617305,68.24715174274999,3
280.8587239149277,71.48307685468802,63.120089565014176,3
280.8787252483499,71.77536137136823,61.2257159680104,3
280.8987265817721,62.844716172730195,53.70119296232743,3
280.9187279151943,62.40820815219363,52.58362159847099,3
280.93872924861654,59.27804260175882,50.49900332794377,3
280.9587305820388,54.80239438948139,46.365999464710356,3
280.978731915461,57.83565827390522,51.009483833320424,3
280.99873324888324,54.84405520831892,46.86055698029356,3
281.01873458230546,58.42855482628857,47.276752448306176,3
281.0387359157277,56.12135428041242,47.48350372939576,3
281.05873724914994,56.218485765147705,46.79384161999381,3
281.07873858257216,56.361021117670646,44.78694242850911,3
281.0987399159944,43.10932017772671,35.10515042460983,3
281.11874124941664,40.784635102035644,33.58457609594689,3
281.13874258283886,41.07630970485082,33.692876928251934,3
281.1587439162611,38.89647062502467,30.35936468980776,3
281.1787452496833,41.02701833681062,32.237166734190005,3
281.1987465831055,34.69896771664633,27.172973803995582,3
281.2187479165278,34.77940906143674,28.033454977081917,3
281.23874924995,35.96198158382904,30.259177746791096,3
281.2587505833722,33.23862672140623,24.12699385585269,3
281.2787519167944,32.198940441771654,25.278740916565482,3
281.2987532502167,27.712475277533635,19.711606744112213,3
281.3187545836389,28.081550030731982,21.877042206675426,3
281.3387559170611,22.6962800978864,15.496750876855721,3
281.35875725048334,23.55104137146762,15.726648252574435,3
281.3787585839056,21.87885822523027,16.98508260155985,3
281.3987599173278,26.04792274485954,18.919452763606312,3
281.41876125075004,24.64911582117124,17.31338376543793,3
281.43876258417225,24.114109658975366,18.32865075065248,3
281.4587639175945,23.67970412039506,17.555609060821975,3
281.47876525101674,22.98972266552086,15.794709936733982,3
281.49876658443895,21.436069211466688,14.13822364552319,3
281.51876791786117,22.535967821854822,16.097388956695436,3
281.5387692512834,22.03006106952405,16.52278345419902,3
281.55877058470566,17.871243943625768,12.884902215396517,3
281.57877191812787,22.612822134813324,16.36509285482765,3
281.5987732515501,20.453172392244586,17.886839400715676,3
281.6187745849723,25.62973716789087,21.685965657722395,3
281.6387759183946,31.83286711517202,26.100488762961028,3
281.6587772518168,27.808360580541372,22.25830578575975,3
281.678778585239,30.424296055563993,27.074168526805085,3
281.6987799186612,32.218293796967835,26.390299995587213,3
281.7187812520835,29.12157728625129,27.592713989871285,3
281.7387825855057,27.414197155486377,25.642769132678524,3
281.7587839189279,31.916623285617856,27.823797100326225,3
281.77878525235013,33.73649907227314,29.955278272541232,3
281.79878658577235,37.17367745154288,34.338523131601754,3
281.8187879191946,42.730311619561164,37.877758954580905,3
281.83878925261683,48.92920386136899,46.20610331762237,3
281.85879058603905,40.406722356511004,40.81524157256552,3
281.87879191946126,41.50702350514847,37.994611924769345,3
281.89879325288354,51.36654309299755,48.79210901456888,3
281.91879458630575,46.64926561610823,42.82910330308782,3
281.93879591972797,46.64500095970775,44.61301073057832,3
281.9587972531502,48.19745109201495,47.34369287617402,3
281.97879858657245,52.590913542271,51.34503616662137,3
281.99879991999467,58.69966529752668,55.854957982497275,3
282.0188012534169,60.1794585114911,58.70685699716976,3
282.0388025868391,60.7981851257471,56.11636054734933,3
282.05880392026137,68.81265997185781,64.25411348290267,3
282.0788052536836,66.1993729632621,63.75050479191228,3
282.0988065871058,71.52959194582581,67.92128149992226,3
282.118807920528,71.55060962765891,66.65406529444014,3
282.1388092539502,69.0175106900245,65.83590693266449,3
282.1588105873725,71.08658680374691,66.26591528567975,3
282.1788119207947,74.56339667913271,69.04264516537962,3
282.19881325421693,74.08017461835745,70.00403760589627,3
282.21881458763914,78.92559406880018,77.30136744497712,3
282.2388159210614,86.24152633243135,84.46523326594227,3
282.25881725448363,82.87706152852262,79.07038337499641,3
282.27881858790585,80.09629200659695,75.73117172068694,3
282.29881992132806,85.62520838085659,81.83351456177714,3
282.31882125475033,86.0179809580007,83.51882761374729,3
282.33882258817255,87.01849111061273,82.59056699523993,3
282.35882392159476,81.87905321118349,78.09933042848832,3
282.378825255017,84.37739087446784,81.75404166036063,3
282.3988265884392,88.17338419197709,83.84864362137039,3
282.41882792186146,90.59930347932749,84.44570980709794,3
282.4388292552837,91.15832170595766,87.1843218400898,3
282.4588305887059,95.37431857106995,93.21084294928613,3
282.4788319221281,95.80063006629584,89.85195902020371,3
282.4988332555504,90.91374849273788,85.81679832693018,3
282.5188345889726,90.83548471102038,82.8358806253959,3
282.5388359223948,88.856173771035,80.67010656515573,3
282.558837255817,88.20679484135427,80.29327631167429,3
282.5788385892393,89.18862070768745,80.77632588124823,3
282.5988399226615,93.18308332980693,87.85963340189299,3
282.6188412560837,93.30070669816023,86.81253636785489,3
282.63884258950594,91.25274258716843,83.66747135732153,3
282.6588439229282,91.12933455042399,84.95593171452761,3
282.6788452563504,88.03510566804424,81.35761821120397,3
282.69884658977264,84.83292121053779,76.68294160290004,3
282.71884792319486,80.80808966042575,73.07101774939329,3
282.7388492566171,82.09459065371512,71.36064670620954,3
282.75885059003934,76.80863687901316,67.37487886820861,3
282.77885192346156,80.03369028679545,69.4495603545673,3
282.7988532568838,76.94698820365772,67.03222447327302,3
282.818854590306,77.049759020684,67.16469029841616,3
282.83885592372826,76.91935107607526,69.50121590981972,3
282.8588572571505,70.93594432354692,62.150759481464156,3
282.8788585905727,71.32462093702249,63.22972196528501,3
282.8988599239949,65.93937361861394,55.74489890619504,3
282.9188612574172,64.9850221992929,53.14172390394522,3
282.9388625908394,59.082317341617696,51.07343489794271,3
282.9588639242616,58.62555561224119,50.356482355709886,3
282.9788652576838,58.08220098846102,49.38978110140593,3
282.99886659110604,56.201215621267565,45.64518015879128,3
283.0188679245283,56.74263144437347,48.37036304829982,3
283.0388692579505,49.48206326605309,41.248950291528814,3
283.05887059137274,50.79294248197803,42.664524409491754,3
283.07887192479495,47.63019397651159,37.72716857304387,3
283.0988732582172,46.125955714156916,36.612389834775264,3
283.11887459163944,44.43629054720497,34.848876361200986,3
283.13887592506165,37.98584923468196,30.007763234125353,3
283.15887725848387,36.868673491979045,27.67323049971696,3
283.17887859190614,40.938502936564625,30.73852222916395,3
283.19887992532836,36.60066710216809,30.16415370438093,3
283.21888125875057,39.10106615923187,28.636696345983054,3
283.2388825921728,36.04317987842606,28.531191355780205,3
283.25888392559506,38.480109265819536,28.93303932370162,3
283.2788852590173,30.279189631200556,20.318631136231705,3
283.2988865924395,27.504619908633313,20.502678838246425,3
283.3188879258617,25.151474563063754,19.76824291602592,3
283.3388892592839,24.22784325048562,16.124562339925788,3
283.3588905927062,23.134220005407613,18.19818657931209,3
283.3788919261284,26.822037713389477,17.794584137631045,3
283.3988932595506,24.037017045099173,15.838779821659086,3
283.41889459297283,26.62411316666339,20.990766943624795,3
283.4388959263951,26.8326669615751,20.403296184570927,3
283.4588972598173,25.5074124350545,21.03360584462457,3
283.47889859323953,22.682450852027554,16.355573599283197,3
283.49889992666175,24.28332094394468,16.18177194509416,3
283.518901260084,21.79450963839027,16.379052575776974,3
283.53890259350624,22.80192063535715,18.252336339287623,3
283.55890392692845,18.87211725807498,14.242629810345619,3
283.57890526035067,23.562825243859784,17.612568374439263,3
283.5989065937729,25.311577003240163,21.1950719952651,3
283.61890792719515,23.831942157864873,17.37402810094946,3
283.63890926061737,26.44411971948907,22.55685610159794,3
283.6589105940396,28.688848587414835,22.808380550042468,3
283.6789119274618,24.685681663941327,22.040841815560242,3
283.69891326088407,33.86505582053543,30.17552960644445,3
283.7189145943063,30.835706095505493,28.892757188841404,3
283.7389159277285,29.74594922875643,26.431571968198757,3
283.7589172611507,33.30303363000481,31.602553901877904,3
283.778918594573,36.83385082665683,32.72648740005363,3
283.7989199279952,37.423160548908186,34.911925663416035,3
283.8189212614174,38.13084961733064,33.096973411522285,3
283.83892259483963,40.634772681743335,36.79609328977852,3
283.8589239282619,45.78916486519257,42.656579526886446,3
283.8789252616841,43.192622421228435,40.15456281141402,3
283.89892659510633,47.94369224185253,47.308411807966195,3
283.91892792852855,47.97524308133209,44.44228098470611,3
283.93892926195076,50.99144615905231,50.19211934841518,3
283.95893059537303,49.33081676571197,46.156948957520775,3
283.97893192879525,54.19225326414218,50.648296402116124,3
283.99893326221746,56.46191693299012,52.50448121566178,3
284.0189345956397,63.28643012134644,60.3528823111085,3
284.03893592906195,64.80130914066523,63.91095993205376,3
284.05893726248416,66.73648137566211,64.93993447525396,3
284.0789385959064,64.46899749142135,62.943790724557495,3
284.0989399293286,64.26782655442724,61.62793159225553,3
284.11894126275087,70.38708286776826,64.57069925978814,3
284.1389425961731,72.3197539610549,69.18208497987776,3
284.1589439295953,66.31857746797225,66.10361146417597,3
284.1789452630175,74.14336931513877,69.01087213219708,3
284.1989465964397,78.83087691312218,75.16066436015197,3
284.218947929862,79.42819189183359,78.91120577321566,3
284.2389492632842,81.89879937844796,78.2408038049291,3
284.2589505967064,87.34659203771949,83.09940248925218,3
284.27895193012864,86.40063094447702,82.46821316739513,3
284.2989532635509,85.23137382882742,81.74420049290858,3
284.31895459697313,86.94316941662855,82.33975517095105,3
284.33895593039534,85.42296986544271,78.08109679407022,3
284.35895726381756,84.23408726786232,80.98842365318694,3
284.37895859723983,92.01421634786891,85.39947629486252,3
284.39895993066204,91.35878694973847,85.32292662569304,3
284.41896126408426,94.76660208979263,91.23554092738556,3
284.4389625975065,96.67542162000699,93.2974206105941,3
284.45896393092875,94.82241582764293,88.72645559117754,3
284.47896526435096,94.05931278275142,90.9708774487213,3
284.4989665977732,92.82475521602359,85.60572538866576,3
284.5189679311954,93.08915280051838,87.45451060117479,3
284.5389692646176,89.7974113263206,83.21216910737509,3
284.5589705980399,85.40932790294717,80.67608184902534,3
284.5789719314621,89.36391277247331,82.62431767435262,3
284.5989732648843,88.75995036857199,80.15971502246477,3
284.6189745983065,92.8072313584821,85.86629080139079,3
284.6389759317288,94.5102218592855,84.17761132469246,3
284.658977265151,90.88521692573819,84.9914110128554,3
284.6789785985732,87.0531965014095,78.63373933243551,3
284.69897993199544,84.55606030763377,78.27402890763763,3
284.7189812654177,84.91361318422638,74.769469217623,3
284.7389825988399,82.57210072108221,75.08831695759535,3
284.75898393226214,76.2889414562563,68.45245938487078,3
284.77898526568435,79.18730794068762,69.10518081277287,3
284.79898659910657,78.31071780297758,69.10549551688459,3
284.81898793252884,72.80777661176283,66.55069767295541,3
284.83898926595106,77.42576695096481,67.94151827646107,3
284.85899059937327,77.66783994711876,68.80096029293094,3
284.8789919327955,73.2519835175382,64.08824571339534,3
284.89899326621776,71.50368068876827,61.12921943021024,3
284.91899459964,64.50010862413184,54.98486652284717,3
284.9389959330622,59.542611891887226,47.52729874936161,3
284.9589972664844,59.71614843948411,52.204110931218665,3
284.9789985999067,58.38924586950596,49.86361732093734,3
284.9989999333289,59.03460878605585,48.8748502361962,3
285.0190012667511,57.33125261568837,47.22234486308279,3
285.0390026001733,52.9414270248957,43.77147341221922,3
285.0590039335956,55.38013774881336,45.63872109518655,3
285.0790052670178,47.60450182465812,38.8618875501912,3
285.09900660044,47.35578141631371,38.52292036127976,3
285.11900793386224,40.322623195674396,32.4021005965857,3
285.13900926728445,40.012076285477406,31.211696312978344,3
285.1590106007067,39.77956811232242,30.04423607534468,3
285.17901193412894,35.64541110267752,27.823150370744962,3
285.19901326755115,38.55817206057105,27.761981746984816,3
285.21901460097337,41.64633589657031,35.328815786682604,3
285.23901593439564,34.51298467453003,27.12916435290318,3
285.25901726781785,33.890888991174485,24.834585623821344,3
285.27901860124007,29.24921763867387,20.356472601916348,3
285.2990199346623,28.935038997294363,22.09045886996586,3
285.31902126808455,20.60796243817046,16.786102870385644,3
285.33902260150677,23.557339650031494,15.43709977540001,3
285.359023934929,22.497482616893524,13.659348368602156,3
285.3790252683512,19.19525159759956,13.980262245647133,3
285.3990266017734,23.80128584643588,18.68275413436034,3
285.4190279351957,20.30552816057169,13.828550728161447,3
285.4390292686179,22.560104475565634,18.14822064386797,3
285.4590306020401,25.766815708405893,17.215785011819356,3
285.47903193546233,23.544831902664797,19.516796961123937,3
285.4990332688846,20.793674346912287,14.52009186481721,3
285.5190346023068,21.347836677006683,13.460827786615317,3
285.53903593572903,19.889464261539885,15.228744737872333,3
285.55903726915125,20.25910755498728,13.768691212106056,3
285.5790386025735,20.895405900155783,15.353081892235643,3
285.59903993599573,22.83194098300947,18.174658276017045,3
285.61904126941795,28.16534656869439,23.7020008216474,3
285.63904260284016,26.33790012182649,21.616209224568465,3
285.65904393626244,26.422640316730547,22.11824195277152,3
285.67904526968465,34.084986706050266,30.130059621432288,3
285.69904660310686,31.172656346869363,27.678741409520548,3
285.7190479365291,24.326060069462255,22.577607676187334,3
285.7390492699513,25.240423010203127,21.76802687186869,3
285.75905060337357,31.178794595464915,28.668974142908205,3
285.7790519367958,31.449132692785074,28.47964762117813,3
285.799053270218,37.05291349314887,34.32002203998671,3
285.8190546036402,38.80725629713719,36.12094064329221,3
285.8390559370625,45.62298732975925,41.68459282580296,3
285.8590572704847,47.42851786446096,46.95628191050969,3
285.8790586039069,43.192288922370075,40.91999031259682,3
285.8990599373291,48.07894245412388,44.83055405937077,3
285.9190612707514,46.75096986269771,42.913015368332395,3
285.9390626041736,43.923209509288796,43.35319131446581,3
285.95906393759583,50.38215700179167,47.85888466027055,3
285.97906527101804,53.81658667516448,51.04392556691121,3
285.99906660444026,54.21322284719255,52.82703420223751,3
286.01906793786253,61.51077918357113,59.503272157800275,3
286.03906927128475,67.39716520539997,65.34518509301415,3
286.05907060470696,67.85404760226126,68.5395499690394,3
286.0790719381292,67.93423961055231,65.33983463099305,3
286.09907327155145,69.11587161559203,65.6682018662656,3
286.11907460497366,67.240181616923,65.17669876693968,3
286.1390759383959,66.33473978417511,62.70580263294342,3
286.1590772718181,67.02065753463991,64.23027387025644,3
286.17907860524036,74.7810467377417,73.59679691231376,3
286.1990799386626,76.82087974644926,73.79760949816513,3
286.2190812720848,86.9051811196071,81.32325738816809,3
286.239082605507,83.90055232327403,79.60547743737594,3
286.2590839389293,89.76612881986695,85.25559462418519,3
286.2790852723515,89.2573404691018,85.37061015844661,3
286.2990866057737,85.2624886140682,79.19263969220658,3
286.3190879391959,86.75800108000684,81.51112286111311,3
286.33908927261814,82.33535993631908,77.49189010594857,3
286.3590906060404,88.11733152733954,85.1902785514434,3
286.3790919394626,93.07843830877727,86.6001328914204,3
286.39909327288484,86.47081332090478,81.71890286905834,3
286.41909460630706,91.1873675113961,88.1803280680798,3
286.4390959397293,97.64961312303325,90.64505245508543,3
286.45909727315154,98.55461557056756,90.81257332703439,3
286.47909860657376,92.28196465815321,88.17288317243768,3
286.499099939996,93.59771639940203,88.19371171660973,3
286.51910127341824,86.24726340460398,79.17279902086072,3
286.53910260684046,93.08704466522987,86.82569471701832,3
286.5591039402627,90.29989195631056,82.49942664254479,3
286.5791052736849,89.26624357273283,82.39478969070778,3
286.5991066071071,92.91645340051568,85.75102336778045,3
286.6191079405294,89.936478774287,85.63433296072219,3
286.6391092739516,92.53663342063473,85.79824956073854,3
286.6591106073738,87.33786386879366,79.93642273471228,3
286.679111940796,89.41207725395269,80.64114204199701,3
286.6991132742183,83.41640684033698,75.57174908477843,3
286.7191146076405,81.96723448798315,74.03136639561475,3
286.7391159410627,80.15646293534668,72.34397584180739,3
286.75911727448494,79.5977812529477,71.33587677438173,3
286.7791186079072,78.81953729755715,71.83163340607028,3
286.7991199413294,79.38421543519475,68.69866501068557,3
286.81912127475164,75.76548004867466,67.25433993582638,3
286.83912260817385,72.8459018942399,64.69166100038136,3
286.8591239415961,73.46434161580781,65.13490978251073,3
286.87912527501834,70.52049370718146,60.13940554742411,3
286.89912660844055,70.40039012141952,60.47077533690165,3
286.91912794186277,64.50464396445005,54.17636250912804,3
286.939129275285,59.04675607817844,49.67493952222976,3
286.95913060870726,58.393505796691656,48.96211862237619,3
286.97913194212947,59.5438878443296,48.10932770721396,3
286.9991332755517,59.47688319116295,47.10247711899936,3
287.0191346089739,57.249781193209444,46.28102472156268,3
287.0391359423962,56.43871991673455,48.20271457127226,3
287.0591372758184,54.1666240454258,46.786198697793125,3
287.0791386092406,51.706760152364055,41.94364533978143,3
287.0991399426628,44.86470860595242,37.28430439921741,3
287.1191412760851,49.529287946704216,37.710918222381345,3
287.1391426095073,37.93273814599546,29.2663593202686,3
287.1591439429295,36.969767635489326,26.718824073954153,3
287.17914527635173,38.63433212053076,30.370971650878975,3
287.19914660977395,38.8423777022389,30.832657191421575,3
287.2191479431962,36.9815163845843,27.47191126205205,3
287.23914927661843,32.99823020337612,24.244115746334526,3
287.25915061004065,37.395816913719024,29.63396421998756,3
287.27915194346286,31.931680520117265,25.42832362712609,3
287.29915327688514,27.133974081153397,20.306050105776237,3
287.31915461030735,24.105780659612126,18.618407048920616,3
287.33915594372957,22.812088055765685,15.117320434348365,3
287.3591572771518,21.59864979774842,14.450379766142028,3
287.37915861057405,21.877772444540692,14.771820640787414,3
287.39915994399627,23.965060785481313,20.004661437564415,3
287.4191612774185,26.18776939017125,20.553204999131875,3
287.4391626108407,27.24874430846229,16.134205597188362,3
287.45916394426297,25.802405221712586,19.69011567954131,3
287.4791652776852,22.357476312953686,14.9138342853985,3
287.4991666111074,22.252353396868543,15.266798676054583,3
287.5191679445296,21.728090463228177,15.459991253824132,3
287.5391692779518,16.29019855022305,15.682087132559724,3
287.5591706113741,19.119681429751108,15.248280344318399,3
287.5791719447963,22.481906248948704,16.325600480587934,3
287.59917327821853,24.02844686757289,19.45498628312417,3
287.61917461164074,26.536348963746995,22.05533938153003,3
287.639175945063,27.043408100101374,23.12462619706261,3
287.65917727848523,30.374072043748477,24.82022363880041,3
287.67917861190745,28.810347631042983,23.73982214772141,3
287.69917994532966,27.230185355057326,23.11263918683664,3
287.71918127875193,27.7754185290645,23.775950959578065,3
287.73918261217415,30.96677841678808,28.90707721334118,3
287.75918394559636,29.41808382958981,26.992637336047782,3
287.7791852790186,31.519100581426105,27.82182966928009,3
287.7991866124408,34.22159056387676,29.697711526786534,3
287.81918794586306,40.6723173219608,37.684944476616785,3
287.8391892792853,41.224406786521364,38.76319041015451,3
287.8591906127075,45.17992632066803,43.13223815835642,3
287.8791919461297,44.007604108765456,40.512733840705096,3
287.899193279552,44.94089931167204,42.25660211307408,3
287.9191946129742,49.162079642243704,46.94650494451677,3
287.9391959463964,42.992679611385306,42.0851606022764,3
287.9591972798186,48.02099573843834,45.862636900131086,3
287.9791986132409,52.65936484611166,53.56341777326164,3
287.9991999466631,58.452377275720835,54.30857393167591,3
288.0192012800853,59.46213284284662,60.39966939819272,3
288.03920261350754,63.369397013843866,63.301464789703374,3
288.0592039469298,67.93352573804971,63.74247701001776,3
288.079205280352,68.64899064068652,65.26922019088948,3
288.09920661377424,67.68704417076958,64.3523676104374,3
288.11920794719646,67.20975084191964,64.65324775134825,3
288.1392092806187,68.73849282373567,63.67763047423009,3
288.15921061404094,73.17910446343053,72.19393452203242,3
288.17921194746316,73.24095537440206,70.44308074593792,3
288.1992132808854,80.98585367835001,78.5384110495488,3
288.2192146143076,78.6118552554072,75.91190461138841,3
288.23921594772986,82.18888052644486,79.39735480307755,3
288.2592172811521,85.19368247410473,80.66852162517188,3
288.2792186145743,85.96551525000855,82.73141593309833,3
288.2992199479965,84.41564219158298,81.57160002229254,3
288.3192212814188,83.56300764223104,79.52951642669343,3
288.339222614841,85.01584957202664,81.22104156561522,3
288.3592239482632,85.18245217796405,79.57429981844149,3
288.3792252816854,88.93132850918002,85.6989847505567,3
288.39922661510764,90.28119046020169,84.04608988474084,3
288.4192279485299,93.5722913723987,88.0363270912621,3
288.4392292819521,99.3608699744332,94.23255076137603,3
288.45923061537434,94.71208689716569,90.01408956721883,3
288.47923194879655,94.46902880256302,88.85858917317427,3
288.4992332822188,91.07670947618321,85.43607631101612,3
288.51923461564104,86.5434868290395,80.39850343161943,3
288.53923594906325,88.41919225573595,80.29256773453201,3
288.55923728248547,89.49153101993747,83.40375539239962,3
288.57923861590774,88.9671249198865,82.7496837038744,3
288.59923994932996,88.82256541789877,82.25912573708827,3
288.61924128275217,87.4644594226864,80.72055727452391,3
288.6392426161744,90.53283343675577,85.76182716894903,3
288.65924394959666,94.35398710676237,87.38957422013353,3
288.6792452830189,93.77982885169418,83.48241300208069,3
288.6992466164411,89.00046529849882,81.04935853937293,3
288.7192479498633,78.22190456630851,72.52309785903151,3
288.7392492832855,77.88844054567076,70.68231644457452,3
288.7592506167078,77.70219602937179,66.69628318055024,3
288.77925195013,76.05748847293009,67.03500666193645,3
288.7992532835522,73.9620511927088,65.59064550400196,3
288.81925461697443,78.46150602263974,69.3577289025593,3
288.8392559503967,76.29384497310866,69.30387771363476,3
288.8592572838189,74.9843049082717,67.40079612082454,3
288.87925861724113,72.08524487510513,61.56788077072673,3
288.89925995066335,69.13426089786245,57.56547625764268,3
288.9192612840856,65.02947945570904,53.28188640280707,3
288.93926261750784,60.61934600890555,53.02173265282655,3
288.95926395093005,59.01481380969481,52.31960643596562,3
288.97926528435227,59.303889166759404,49.41868113515041,3
288.9992666177745,61.75761435413663,51.51633052987041,3
289.01926795119675,56.8395072574231,44.72041668349799,3
289.03926928461897,54.79075776072992,46.54048010566505,3
289.0592706180412,55.7895392658167,46.3820234568713,3
289.0792719514634,51.8403217745634,40.992463300094464,3
289.09927328488567,51.744638266413595,45.7937784737814,3
289.1192746183079,42.082067215910286,32.35307835772605,3
289.1392759517301,38.49821365447451,30.250611304499213,3
289.1592772851523,39.73525221888282,30.896797203717362,3
289.1792786185746,33.43486013610783,24.40312658032692,3
289.1992799519968,37.04756093638413,28.14753372607597,3
289.219281285419,36.743620126601286,27.875191656304843,3
289.23928261884123,34.915168225975975,28.380672336894772,3
289.2592839522635,35.19514197635085,26.093108609015715,3
289.2792852856857,29.74131009882769,21.397998448891936,3
289.29928661910793,32.78193559232552,22.92811140844945,3
289.31928795253015,23.131789403584506,14.35096214467838,3
289.33928928595236,22.35183789471377,16.43963960810608,3
289.35929061937463,22.40148886887134,13.847791480976168,3
289.37929195279685,25.595681127133908,17.526347828420217,3
289.39929328621906,24.760822004310075,21.183672241473477,3
289.4192946196413,24.42502863416172,18.8499621915813,3
289.43929595306355,26.087420901249406,21.81353563964983,3
289.45929728648576,23.854322982924895,20.385178702836946,3
289.479298619908,26.52893239124332,22.90686946576435,3
289.4992999533302,16.54167648773099,9.89627937115809,3
289.51930128675247,21.70397008463141,15.735695877879913,3
289.5393026201747,19.28332858624692,13.614881958723828,3
289.5593039535969,20.243211474120923,15.800919241403342,3
289.5793052870191,17.335736268773836,15.406752103218064,3
289.5993066204413,20.434087590708906,15.350736906140463,3
289.6193079538636,25.87264352653607,19.542122185162093,3
289.6393092872858,23.910194875964834,21.1585750284001,3
289.659310620708,28.058826766693258,21.91699544357817,3
289.67931195413024,30.53845710646675,25.875426006162936,3
289.6993132875525,29.23278183815749,26.806907394473907,3
289.7193146209747,31.01128547916145,27.200082407647894,3
289.73931595439694,27.322998193481286,26.027906135090554,3
289.75931728781916,35.20846006747496,29.182843624512465,3
289.77931862124143,33.03856123451722,30.495567143647616,3
289.79931995466364,36.46855011792657,35.41207299626646,3
289.81932128808586,38.752768135594586,37.988591259741305,3
289.8393226215081,42.93093738893333,44.058020545988,3
289.85932395493035,40.67646363867047,40.75268017570245,3
289.87932528835256,43.51812771297576,43.39631618436432,3
289.8993266217748,45.020582373196916,44.07823615432648,3
289.919327955197,46.70308686057444,41.87021881229748,3
289.9393292886192,47.28377618505674,46.070585743842834,3
289.9593306220415,53.18846192350364,51.03014968447744,3
289.9793319554637,54.60030797239078,52.07138176818215,3
289.9993332888859,58.08933273316088,56.3825954199315,3
290.0193346223081,59.45338121455096,58.70403901454324,3
290.0393359557304,61.05941795174603,59.44987661997728,3
290.0593372891526,66.84769950483565,64.61229827046827,3
290.0793386225748,67.18166954518796,64.23347268542446,3
290.09933995599704,66.05116708803035,62.47077025019651,3
290.1193412894193,63.57806331206079,59.68616022757079,3
290.1393426228415,63.775566106670475,65.03533766874118,3
290.15934395626374,70.74813355248715,66.58806456741696,3
290.17934528968595,72.3849242232515,70.66397674593699,3
290.19934662310817,76.99193223951582,72.41463396372747,3
290.21934795653044,82.48150559326703,78.02309567174126,3
290.23934928995266,80.9937408644444,78.70090806454193,3
290.25935062337487,85.67038890942918,81.31874157265159,3
290.2793519567971,85.33292576868043,80.16211765118159,3
290.29935329021936,85.236509726178,81.13530311741917,3
290.3193546236416,83.33636955103083,81.52138430653619,3
290.3393559570638,88.29674521369346,81.91825382460932,3
290.359357290486,83.2833598497171,79.02704116764843,3
290.3793586239083,85.52203548712521,84.24783634963893,3
290.3993599573305,92.68865694243642,88.55292192116714,3
290.4193612907527,89.10503174609917,84.2377615516298,3
290.4393626241749,100.26162104067052,94.88704645838536,3
290.4593639575972,93.23746292345399,87.92675652202877,3
290.4793652910194,95.90356870427146,88.87472243850752,3
290.4993666244416,94.87889652198054,87.59583141740876,3
290.51936795786384,90.12786125832235,84.12870840416244,3
290.53936929128605,85.47078737999814,80.53567973462651,3
290.5593706247083,87.00122906163281,79.52429371373889,3
290.57937195813054,88.6092089352114,80.92885615202378,3
290.59937329155275,91.13795154452085,83.63236369736308,3
290.61937462497497,89.94582102150567,82.66522116877796,3
290.63937595839724,89.57784855514949,84.32017763363305,3
290.65937729181945,88.67749054909008,81.95815304412926,3
290.67937862524167,91.06371235782457,80.18030885516592,3
290.6993799586639,84.27406398933815,74.7665558911836,3
290.71938129208615,80.65743335082689,71.32140987993888,3
290.73938262550837,79.44962711376108,70.94339297970006,3
290.7593839589306,79.3379226076168,70.87656388862906,3
290.7793852923528,82.5189265850206,73.62705704676338,3
290.799386625775,78.06765204510197,67.54847845985628,3
290.8193879591973,78.2717411228421,70.40632041856232,3
290.8393892926195,76.46801852785609,70.47482771187191,3
290.8593906260417,70.28991999811525,63.15599019282744,3
290.87939195946393,72.60471408641494,63.33384235028572,3
290.8993932928862,68.44393399369889,61.51337778832887,3
290.9193946263084,68.1490482894023,60.24201603151246,3
290.93939595973063,58.30346316443658,50.67849590019443,3
290.95939729315285,55.69412128733136,48.35112633148629,3
290.9793986265751,60.18857941020223,50.42615685276213,3
290.99939995999733,56.46726060218409,45.838469537044,3
291.01940129341955,58.182813829022436,48.01615219733976,3
291.03940262684176,56.61028360986293,47.73997063136571,3
291.05940396026404,55.66358319078334,45.484117730797315,3
291.07940529368625,51.39818819124689,42.90694934725569,3
291.09940662710846,44.51543456560832,36.63361697835564,3
291.1194079605307,40.18752137001319,33.62622376617553,3
291.1394092939529,40.720515544729125,32.851648505319545,3
291.15941062737517,37.38354745071782,28.929334861910746,3
291.1794119607974,38.499753361063874,30.064010516068592,3
291.1994132942196,34.44342532709736,27.46505734481768,3
291.2194146276418,37.67123151899318,28.98412143988802,3
291.2394159610641,34.757137339961496,27.184705834502257,3
291.2594172944863,32.482205042674465,24.109217537317193,3
291.2794186279085,31.857143048204605,23.33779580309282,3
291.2994199613307,28.567317381937578,22.09211925677369,3
291.319421294753,25.063987394327434,19.278178158112926,3
291.3394226281752,26.20391333383062,18.344173085435163,3
291.35942396159743,23.37487091904645,15.206823674683305,3
291.37942529501964,20.65344456533086,14.967474213942557,3
291.39942662844186,22.42984334929811,16.254773809775006,3
291.41942796186413,25.153716192106113,19.277799726538518,3
291.43942929528635,24.65140803342612,18.339852019119384,3
291.45943062870856,24.117329790793747,17.70248995775077,3
291.4794319621308,23.55801059630286,17.384085876739302,3
291.49943329555305,24.042013026925463,19.466374948337602,3
291.51943462897526,21.586363438021127,15.977811445064093,3
291.5394359623975,18.19903040591352,11.544903253122861,3
291.5594372958197,21.66997272787186,14.703298545680596,3
291.57943862924196,21.690845755480506,17.763501880796905,3
291.5994399626642,25.719289777747157,18.483691555573653,3
291.6194412960864,27.181959036405047,22.78922094043438,3
291.6394426295086,27.78149915219831,25.136397554562933,3
291.6594439629309,28.92171073517047,24.342301680128838,3
291.6794452963531,32.291401420135365,27.499582139600964,3
291.6994466297753,27.181228118050186,22.19819902189427,3
291.7194479631975,29.61796330537913,26.333433034658654,3
291.73944929661974,26.002793902713577,21.799158565868055,3
291.759450630042,32.434418972683076,31.02192376008546,3
291.7794519634642,30.538544079921333,28.15969894177748,3
291.79945329688644,35.782705876550196,33.05548127538904,3
291.81945463030866,37.66993713821114,34.6793785073031,3
291.8394559637309,41.32004003833158,39.3908116074969,3
291.85945729715314,44.40124221944928,42.69102401274117,3
291.87945863057536,44.70674187829478,43.83639948109582,3
291.8994599639976,43.9097117504216,42.04766112437342,3
291.91946129741984,47.02278820875807,42.852394939693276,3
291.93946263084206,48.10112919712313,45.86077324455673,3
291.9594639642643,52.952526471818146,51.06077184053501,3
291.9794652976865,55.160628314948966,52.18434954693755,3
291.9994666311087,59.027393309827936,56.55231113214286,3
292.019467964531,60.22925510985466,60.9718375401735,3
292.0394692979532,65.02442617337351,63.641524790742366,3
292.0594706313754,64.79561171774353,61.806863477394444,3
292.0794719647976,64.76525101063888,61.666856744602,3
292.0994732982199,67.8352066675659,67.86074335700503,3
292.1194746316421,70.00498489449782,66.35878821539107,3
292.1394759650643,68.27687165682161,67.34105545811528,3
292.15947729848654,64.7496112469946,62.580747909525584,3
292.1794786319088,72.50251425845471,69.71066258454769,3
292.199479965331,72.88300766229723,70.57610363097932,3
292.21948129875324,81.04213775093815,77.32819859673363,3
292.23948263217545,83.89252085892095,82.90605839507855,3
292.2594839655977,82.15029477604105,75.60451996878295,3
292.27948529901994,85.835246221928,81.66709112325046,3
292.29948663244215,84.52264875320677,82.74513557799914,3
292.31948796586437,88.43368995162749,83.78551725193395,3
292.3394892992866,86.97508378070312,81.44743127300116,3
292.35949063270886,88.83778009609031,83.1997378901,3
292.37949196613107,89.45496168610805,84.69698485351506,3
292.3994932995533,91.92387638711935,85.8063749630508,3
292.4194946329755,90.08361264470953,84.69805079667502,3
292.43949596639777,95.21587927005778,89.00837420545156,3
292.45949729982,96.27903596914607,88.57739777271932,3
292.4794986332422,91.78820169199923,87.2002169840231,3
292.4994999666644,95.7241392593685,89.42625538392393,3
292.5195013000867,92.11895771625517,84.46463031236688,3
292.5395026335089,90.7637375843503,84.15064320555146,3
292.5595039669311,84.2310910537564,79.7119888811454,3
292.57950530035333,92.20749618012074,83.5129566922601,3
292.59950663377555,88.81107799666744,81.51145894978684,3
292.6195079671978,90.16735277153133,83.19174038651803,3
292.63950930062003,92.37882394714413,85.86201615202206,3
292.65951063404225,82.58064824647458,76.47060965374828,3
292.67951196746446,89.68539413861663,82.60062003015378,3
292.69951330088674,83.7287832328633,77.10329762801193,3
292.71951463430895,78.88054292228455,72.05731173329977,3
292.73951596773117,76.37535752919793,70.33489104606547,3
292.7595173011534,75.50598173251326,68.2496280467074,3
292.77951863457565,77.0077060988814,70.78334143180686,3
292.79951996799787,70.9692685946585,65.86161214224327,3
292.8195213014201,78.79778013296865,70.31758107352218,3
292.8395226348423,73.77127340724631,64.30523325552588,3
292.85952396826457,67.24100627326604,59.309116719358755,3
292.8795253016868,73.28553552998947,63.90419240896018,3
292.899526635109,65.91671804766663,57.057984079843834,3
292.9195279685312,63.16197868480838,54.25526486600622,3
292.9395293019534,59.55101210467343,53.10720761478034,3
292.9595306353757,57.96520268613603,45.882930976359326,3
292.9795319687979,57.545264229267524,48.155101955200365,3
292.99953330222013,58.498147361470366,46.581432740898684,3
293.01953463564234,53.433168635374926,45.847680014633724,3
293.0395359690646,54.26370420059032,46.27572879260793,3
293.05953730248683,52.71120847104601,43.24481533396526,3
293.07953863590905,46.32957443703691,37.04325617916137,3
293.09953996933126,45.683232229271404,37.455454047540265,3
293.11954130275353,42.25743626453031,31.14217518159882,3
293.13954263617575,35.54929324257987,23.618895544056997,3
293.15954396959796,36.53954113592338,28.98926119981542,3
293.1795453030202,38.63611722963469,27.202839950906785,3
293.1995466364424,34.385954257301236,24.668921431643344,3
293.21954796986466,33.90856637237402,23.92318657175883,3
293.2395493032869,32.371697265174966,26.230135099272353,3
293.2595506367091,34.76809916634202,25.268643887514813,3
293.2795519701313,33.16943398907884,22.923395061006914,3
293.2995533035536,31.054576552354487,21.386297047087236,3
293.3195546369758,26.1853460585026,18.636825424888166,3
293.339555970398,27.874094928038136,20.41752159781348,3
293.3595573038202,24.30857384383914,15.80847353500646,3
293.3795586372425,23.531474550462022,17.68148730415382,3
293.3995599706647,24.93332232618914,17.838311057300587,3
293.4195613040869,28.016171100572997,22.18435783229482,3
293.43956263750914,26.16488379927519,19.019444775332378,3
293.4595639709314,26.725375314850595,21.77630898429094,3
293.4795653043536,23.145733757749184,16.4196519093098,3
293.49956663777584,20.614594645031715,15.685538746441297,3
293.51956797119806,16.87846709219384,12.28559058480982,3
293.5395693046203,22.949825079602366,16.65368644494293,3
293.55957063804254,22.845459078552267,18.96289130655253,3
293.57957197146476,21.348105528092066,16.41718028445747,3
293.599573304887,25.17806352864819,20.507694834521814,3
293.6195746383092,25.544011852359198,23.157996431711588,3
293.63957597173146,32.50676302535584,29.227115700807193,3
293.6595773051537,28.44783318502873,24.587738611158326,3
293.6795786385759,25.82230839091226,24.071019059028718,3
293.6995799719981,29.496183562024882,25.753793014964508,3
293.7195813054204,27.921921375069655,24.32844168281268,3
293.7395826388426,30.177267978091546,26.305457791901496,3
293.7595839722648,30.20214013062061,24.2839474828787,3
293.779585305687,34.416526136983805,29.23093710265351,3
293.79958663910924,34.16706594651451,32.1289115969595,3
293.8195879725315,43.81898669410782,40.02489320679204,3
293.8395893059537,41.17727381236592,38.71298266105412,3
293.85959063937594,44.48441168458553,39.057376216632385,3
293.87959197279815,43.918315402347844,42.50912270868424,3
293.8995933062204,48.2536638803822,46.84899533505033,3
293.91959463964264,47.67883913782985,45.19937348429042,3
293.93959597306485,54.05666444845115,49.16959598947144,3
293.95959730648707,53.63469628841444,51.0899618273517,3
293.97959863990934,53.32083659077194,50.640917014199694,3
293.99959997333156,54.038032079228046,51.353985272733986,3
294.01960130675377,60.35439962819141,57.71436514777222,3
294.039602640176,68.79243871530062,65.52030950958881,3
294.05960397359826,65.30731354239926,64.32524261193585,3
294.0796053070205,67.46581205895724,63.742384527635885,3
294.0996066404427,66.93365732337224,62.59566429420958,3
294.1196079738649,69.42140190934725,64.68245538478952,3
294.1396093072871,70.88138401183372,68.02054372974777,3
294.1596106407094,67.92445488824627,64.61887173679614,3
294.1796119741316,72.01360097632808,70.77537245474795,3
294.1996133075538,79.26555725840014,73.60806579607954,3
294.21961464097603,77.61273359445663,76.43417466201234,3
294.2396159743983,85.98386823565608,82.6756500483164,3
294.2596173078205,84.59799117627686,81.30291036607987,3
294.27961864124273,86.40281658632233,83.372770094362,3
294.29961997466495,87.57994115406616,83.89330529413881,3
294.3196213080872,88.88341479706035,83.89419176713925,3
294.33962264150944,85.23694906174485,82.46754998267654,3
294.35962397493165,84.74674262275964,80.55249259519695,3
294.37962530835387,88.92929223689973,85.62382409261497,3
294.3996266417761,89.10116197781966,84.26628290015552,3
294.41962797519835,93.07771613489275,87.23671892010327,3
294.43962930862057,96.39220483281281,92.52777447969456,3
294.4596306420428,95.04821049147621,88.56280657856216,3
294.479631975465,91.30759165284957,85.38672824309478,3
294.49963330888727,94.31219894692113,88.32473115179027,3
294.5196346423095,95.32245160534278,86.9646408840516,3
294.5396359757317,87.12154398753344,80.33712335613082,3
294.5596373091539,87.58464251483858,82.70437268126743,3
294.5796386425762,93.49585183051686,84.71935143206254,3
294.5996399759984,88.74768118180495,83.56324370174735,3
294.6196413094206,95.61688570722482,88.97407962016051,3
294.63964264284283,91.60129406475114,84.65845125944432,3
294.6596439762651,94.86493747968412,86.13407781713046,3
294.6796453096873,86.22767372884167,77.82125146227625,3
294.69964664310953,85.08159425831732,77.9358007161004,3
294.71964797653175,85.19604694710422,75.96534464375769,3
294.73964930995396,81.89182671922492,72.29607892623112,3
294.75965064337623,79.76293606738638,70.46541693916491,3
294.77965197679845,77.45394276856733,70.91901830779145,3
294.79965331022066,75.41340143572026,68.26549638125495,3
294.8196546436429,78.74561449137498,69.67376242282131,3
294.83965597706515,78.03518988929189,69.80688540610278,3
294.85965731048736,75.3515388586746,66.308907113626,3
294.8796586439096,69.84063883882024,59.93667776214855,3
294.8996599773318,67.5674362513308,60.1329417790783,3
294.91966131075407,64.18068018939283,56.07197232529017,3
294.9396626441763,58.86317012615525,46.58055661808054,3
294.9596639775985,61.05270283524011,49.951817749699124,3
294.9796653110207,59.676281026097264,51.41950106487274,3
294.9996666444429,56.19578243117093,47.17966911623156,3
295.0196679778652,55.37159665365517,46.362103815241085,3
295.0396693112874,57.33704538838526,50.86147007350787,3
295.0596706447096,54.1515220501597,46.67179340035714,3
295.07967197813184,50.49308240188807,40.349986342411704,3
295.0996733115541,50.674801552921025,40.273492228052916,3
295.1196746449763,39.528419925857776,32.01196899392106,3
295.13967597839854,39.07057811710135,33.51765242900755,3
295.15967731182076,39.68614841459666,32.46969611388135,3
295.17967864524303,38.36007847612968,31.96868090319583,3
295.19967997866524,39.10363718054174,28.123750561242275,3
295.21968131208746,35.08962468174368,28.26349291095619,3
295.2396826455097,30.50938993550548,26.45436124435186,3
295.25968397893195,36.469469358160026,29.955791681711435,3
295.27968531235416,33.26469273807872,25.00334457124722,3
295.2996866457764,28.631573998143878,21.77953008674432,3
295.3196879791986,24.40244998443702,15.544073338204699,3
295.3396893126208,20.938624431536034,13.324823954870308,3
295.3596906460431,22.156527384986006,14.197513673304268,3
295.3796919794653,22.016985210509407,17.577435553475556,3
295.3996933128875,27.651200136320195,20.965360788037312,3
295.4196946463097,25.09875590492617,19.991050174382558,3
295.439695979732,31.479683524517466,23.623117350353155,3
295.4596973131542,26.2963402848535,19.24808757062463,3
295.4796986465764,25.888143287682297,16.88256659125583,3
295.49969997999864,23.0555102010003,16.989282406081287,3
295.5197013134209,21.069064869383265,15.245642081041222,3
295.5397026468431,17.978440373243636,12.144798726409672,3
295.55970398026534,21.153904060700995,14.906223111658395,3
295.57970531368755,22.197973912259133,17.925109420368162,3
295.59970664710977,25.607493388710285,21.904417032277316,3
295.61970798053204,26.898482202906496,26.28151942994517,3
295.63970931395426,24.83276063309752,23.172123454126172,3
295.65971064737647,32.48247226104495,27.245290115473477,3
295.6797119807987,30.565913208223655,27.350625210499743,3
295.69971331422096,27.102009822598088,23.758376734047015,3
295.7197146476432,29.14852785666369,26.24644039222348,3
295.7397159810654,29.632899396979138,24.566894451919325,3
295.7597173144876,27.778339561930515,25.33577130669736,3
295.7797186479099,31.259290762696853,30.5138789805675,3
295.7997199813321,35.39120223571709,31.743155380700866,3
295.8197213147543,40.07144865200546,39.87868555443192,3
295.8397226481765,42.06754103119086,39.52053715802662,3
295.8597239815988,46.6006188749191,42.96032107086931,3
295.879725315021,44.54192633797926,42.24675491980563,3
295.8997266484432,41.987018537863854,39.14945246775483,3
295.91972798186544,46.08622789383212,44.8768664336715,3
295.93972931528765,49.92421522201403,47.42002572910803,3
295.9597306487099,50.11284408199126,49.64213436992618,3
295.97973198213214,51.14683417006504,50.42056540333552,3
295.99973331555435,54.224623143272844,53.7837164700469,3
296.01973464897657,59.152441688459504,56.02890552963406,3
296.03973598239884,61.170285798216845,58.77668203433704,3
296.05973731582105,69.0709746091631,65.39038603313351,3
296.07973864924327,64.55520350339509,64.71309142544314,3
296.0997399826655,70.10134030782177,67.6944386631633,3
296.11974131608775,70.55305654368267,68.88723584073875,3
296.13974264950997,69.40803789804623,66.4139875840034,3
296.1597439829322,72.19631634927934,70.47014038633768,3
296.1797453163544,72.84272402818578,66.06955976462216,3
296.1997466497766,76.89428242382112,74.96857227216574,3
296.2197479831989,81.85022417506663,76.39547870248686,3
296.2397493166211,80.112764428983,79.1224849374607,3
296.2597506500433,85.15747363594173,82.86354651317983,3
296.27975198346553,88.45326128454631,83.97233958516158,3
296.2997533168878,84.50595769177677,81.21218435669512,3
296.31975465031,83.98921083824862,79.84351461498316,3
296.33975598373223,88.63605833599696,83.30939873589213,3
296.35975731715445,86.55288214616357,79.32110048439428,3
296.3797586505767,85.3434231723144,80.29107361159555,3
296.39975998399893,85.17379529552991,79.45675343737017,3
296.41976131742115,90.98584804030261,87.55923202394435,3
296.43976265084336,98.54877842093195,90.75267103253773,3
296.45976398426563,94.28500098612145,90.35380768356198,3
296.47976531768785,91.09442952122838,86.390989671242,3
296.49976665111006,87.2115860021617,80.48189592412056,3
296.5197679845323,87.67508899549338,81.85893290862171,3
296.5397693179545,87.6935263000118,80.25101648164517,3
296.55977065137677,90.98205548824413,83.98748770624654,3
296.579771984799,87.36139226354616,80.37197063802289,3
296.5997733182212,87.12498533785993,82.5004709109467,3
296.6197746516434,89.46429052833216,83.84575371411833,3
296.6397759850657,91.11693437119183,83.1211224924525,3
296.6597773184879,92.24810480413873,84.32873536738653,3
296.6797786519101,88.20934632853896,80.52179795980064,3
296.6997799853323,82.03381246204273,75.80665240257167,3
296.7197813187546,84.51904510016544,74.25889254464782,3
296.7397826521768,79.03515454398554,72.96081338872933,3
296.75978398559903,81.50546415727617,72.66758046065583,3
296.77978531902124,79.94390286721283,70.51209475833947,3
296.79978665244346,79.59120599700313,69.24172782037576,3
296.81978798586573,79.51320190273249,71.1213717061935,3
296.83978931928795,82.82159641189065,70.32211780457922,3
296.85979065271016,74.92957632936542,65.56092770832174,3
296.8797919861324,72.05866549726109,62.729610280385664,3
296.89979331955465,66.91286050479044,60.22278946657006,3
296.91979465297686,65.58417221546912,55.08418784877165,3
296.9397959863991,61.165709713072594,50.66652203543052,3
296.9597973198213,57.0555762618902,49.40478882247077,3
296.97979865324356,55.12158437718298,45.60399581966815,3
296.9997999866658,54.2201218171555,44.616965842241,3
297.019801320088,61.136907245856214,51.630547607977995,3
297.0398026535102,55.93082638745668,44.51404839368703,3
297.0598039869325,57.24317388648715,46.00852454808824,3
297.0798053203547,51.589545522740444,43.761623781236814,3
297.0998066537769,48.74982802592472,40.53958623567305,3
297.1198079871991,41.7460512455655,34.35638063932434,3
297.13980932062134,38.678019622857065,28.70619083996384,3
297.1598106540436,35.91136040040756,25.994696014866243,3
297.1798119874658,39.72838993603223,31.779177366314762,3
297.19981332088804,38.10372960302305,30.421676869606678,3
297.21981465431026,36.995132250619214,28.423478123658317,3
297.2398159877325,32.180489107382314,24.15069514660112,3
297.25981732115474,34.18728983773652,24.82260337648322,3
297.27981865457696,31.113897165161962,21.788671753453464,3
297.2998199879992,31.231929754804487,23.449628199209585,3
297.31982132142144,26.870613178350858,19.077769900728594,3
297.33982265484366,22.718687911293372,15.003099642390486,3
297.3598239882659,21.185315365321067,15.327473607298861,3
297.3798253216881,22.026806290818218,14.350468942672594,3
297.3998266551103,27.244677707476114,19.677551703339464,3
297.4198279885326,20.073919532366208,15.12377070857739,3
297.4398293219548,24.01994152575566,18.301913656838554,3
297.459830655377,25.88906511778834,20.64201996713156,3
297.4798319887992,24.52887629530819,19.489738038431245,3
297.4998333222215,22.16503122075971,17.035690460484766,3
297.5198346556437,20.155596808826242,13.061120860478754,3
297.5398359890659,22.562460753523567,16.439109401451354,3
297.55983732248814,21.345717772612918,15.682265248717293,3
297.5798386559104,18.39360242318982,11.915891672012402,3
297.5998399893326,24.65737696215075,22.939511885013793,3
297.61984132275484,28.689637620942946,22.895659612614427,3
297.63984265617705,27.24666773091107,23.458114239321034,3
297.6598439895993,29.89588855632605,27.616047513683423,3
297.67984532302154,28.70038120793486,23.615167818456584,3
297.69984665644375,27.872360254786845,24.638888967342588,3
297.71984798986597,25.747746648635744,24.76806149018051,3
297.7398493232882,26.39479849229859,23.125994524587057,3
297.75985065671046,29.897766413847478,25.36907618652149,3
297.77985199013267,35.203558706075576,31.935297543096823,3
297.7998533235549,33.966341982474646,32.810156957903374,3
297.8198546569771,39.596032182648145,37.16707428387634,3
297.83985599039937,45.420441842240194,41.458391492974904,3
297.8598573238216,44.58451202366643,42.83251283633381,3
297.8798586572438,39.58465603472268,39.15902822671061,3
297.899859990666,42.59982004841771,42.170442543256236,3
297.9198613240883,44.242774069010345,41.133885491361276,3
297.9398626575105,46.825861642144275,44.0669968726295,3
297.9598639909327,51.455472931368675,47.78044053406039,3
297.97986532435493,50.39535565060163,48.661049500254094,3
297.99986665777715,59.01832943342958,54.42340241450234,3
298.0198679911994,63.72549264550149,60.214741973489694,3
298.03986932462163,62.90047143969306,61.49486178290021,3
298.05987065804385,66.06047146082659,64.0999386013732,3
298.07987199146606,70.62228147879738,66.45716760122276,3
298.09987332488834,67.43289306187164,63.686582577226815,3
298.11987465831055,67.4373956936765,64.05054405250806,3
298.13987599173277,70.84276435788153,67.69928661225518,3
298.159877325155,70.67330383501543,66.64937635834775,3
298.17987865857725,73.86450116878231,70.45131162439422,3
298.19987999199947,78.98168940185322,73.01582218604027,3
298.2198813254217,80.1082310035141,78.1309456673635,3
298.2398826588439,82.81613678130533,80.63856264978314,3
298.25988399226617,86.5758450255548,82.91948718546307,3
298.2798853256884,80.27838371607349,79.61270489291562,3
298.2998866591106,84.06814540804044,79.892673637355,3
298.3198879925328,84.15335317506766,79.28651353253726,3
298.339889325955,85.05965981196192,83.11127172675947,3
298.3598906593773,84.86454966893517,80.83924262390325,3
298.3798919927995,85.3949559105824,80.30789840284842,3
298.39989332622173,91.63450614805566,84.57768904303755,3
298.41989465964394,94.29502254331109,88.40039192711545,3
298.4398959930662,89.00052639283923,85.11343714733269,3
298.45989732648843,94.51566140294378,88.6578328916882,3
298.47989865991065,92.22220054698982,82.76338937150942,3
298.49989999333286,86.76436907904976,82.65360079557148,3
298.51990132675513,87.49654299744728,82.23283636287942,3
298.53990266017735,87.11427832484554,81.35612133515092,3
298.55990399359956,90.62363553134664,83.21194633154771,3
298.5799053270218,83.93912970065283,77.16983226666062,3
298.599906660444,91.95767443842625,84.5920415078105,3
298.61990799386626,87.72060044074564,80.27423818875441,3
298.6399093272885,90.94330879755486,82.58521733385813,3
298.6599106607107,90.93861123558415,84.08070106394763,3
298.6799119941329,87.19250069094558,78.19504775034318,3
298.6999133275552,82.77232692124288,76.74361419731332,3
298.7199146609774,78.94225339340457,71.30328153643983,3
298.7399159943996,81.36137610337629,73.27358553386235,3
298.7599173278218,78.45259649970015,69.23121053152624,3
298.7799186612441,78.9928076954689,69.93603482297438,3
298.7999199946663,78.9796217457958,70.80440760559787,3
298.8199213280885,77.41408155366152,70.58107296682553,3
298.83992266151074,77.24668613846738,68.58922188286826,3
298.859923994933,76.37670338457067,69.67391051072771,3
298.8799253283552,71.47607786447418,64.94031905743563,3
298.89992666177744,66.86340972782206,61.24682153692907,3
298.91992799519966,67.63091322083547,57.69768841327955,3
298.9399293286219,61.51180268438812,54.37618790701606,3
298.95993066204414,56.121325282040154,43.98617366446269,3
298.97993199546636,56.099177251644,48.07493217896148,3
298.9999333288886,56.594075462608046,47.36391167898307,3
299.0199346623108,56.72945114453363,46.321661259694466,3
299.03993599573306,52.59620097153634,44.62648631495267,3
299.0599373291553,53.068992482146,43.97436405129335,3
299.0799386625775,48.00607105398437,40.52432727858744,3
299.0999399959997,46.41341356849849,35.254629529439136,3
299.119941329422,36.28391697438872,26.320885298591953,3
299.1399426628442,36.21521367243845,29.683250612619595,3
299.1599439962664,37.97478486787974,27.982849182455364,3
299.1799453296886,32.74106628575511,25.20447954090324,3
299.19994666311084,35.34809028318611,25.76652682818794,3
299.2199479965331,38.080302601893024,27.25184057780959,3
299.2399493299553,34.737431318836826,26.14385624071119,3
299.25995066337754,33.049704151597304,26.30545534727728,3
299.27995199679975,31.271620382702025,23.697994449370604,3
299.299953330222,26.06442909335765,16.634114991860994,3
299.31995466364424,25.518071728723644,18.256185825717857,3
299.33995599706645,23.849736805339763,16.72690561956507,3
299.35995733048867,23.86797126194607,15.477363253812449,3
299.37995866391094,18.736222779046297,13.260368083709363,3
299.39995999733316,23.22682932684213,15.755077848286033,3
299.41996133075537,25.094912394508402,19.958265626188997,3
299.4399626641776,25.297132086058003,19.483114922919196,3
299.45996399759986,23.1980457805968,20.66037071274167,3
299.4799653310221,23.779337332823662,17.441150363867273,3
299.4999666644443,22.11451327082231,19.69437067409676,3
299.5199679978665,22.742763142927174,16.17436691089173,3
299.5399693312887,16.881663297067075,11.18961209471887,3
299.559970664711,17.779559624732713,14.762593942179441,3
299.5799719981332,23.38656886112061,17.38848657752184,3
299.5999733315554,21.921623044564917,17.91174202846579,3
299.61997466497763,26.20080692646635,23.176553962461348,3
299.6399759983999,27.072274747510885,23.63753356336486,3
299.6599773318221,29.71265860710109,25.608306135102364,3
299.67997866524433,30.527644847967323,25.531424251454037,3
299.69997999866655,32.25669987861946,28.627385831906473,3
299.7199813320888,31.35392548936936,29.162781642483207,3
299.73998266551104,25.542955500997564,22.02713599948009,3
299.75998399893325,28.796691235744678,27.396195993058917,3
299.77998533235547,34.927304142382006,31.616386261086333,3
299.7999866657777,36.55439190228544,37.293212299696066,3
299.81998799919995,41.05366536746083,37.94779889477839,3
299.83998933262217,45.8983794661199,38.936662995841665,3
299.8599906660444,43.701140753203745,39.21630239495152,3
299.8799919994666,48.31758906095117,44.518327303079545,3
299.89999333288887,44.650657815813744,43.00092798298071,3
299.9199946663111,48.04410307408854,45.80207337943294,3
299.9399959997333,51.98745192143532,49.475502219897145,3
299.9599973331555,50.20960653171519,50.78083581307234,3
299.9799986665778,50.99820276391576,48.46725680234884,3
300.0,57.30924868236658,54.84486855763147,3
